==5339== Memcheck, a memory error detector
==5339== Copyright (C) 2002-2017, and GNU GPL'd, by Julian Seward et al.
==5339== Using Valgrind-3.18.1 and LibVEX; rerun with -h for copyright info
==5339== Command: /mnt/c/Users/guido/AppData/Local/Temp/rustdom-pr54-abort-retention-e991d78927094e13876cb3cd1a13dacf/.tools/node-v24.20.0-linux-x64/bin/node --jitless --expose-gc tests/helpers/selection-native-memory.cjs control 1000
==5339== Parent PID: 4192
==5339== 
==5339== Warning: set address range perms: large range [0xa71b000, 0x1a72a000) (noaccess)
==5339== 
==5339== HEAP SUMMARY:
==5339==     in use at exit: 66,888 bytes in 425 blocks
==5339==   total heap usage: 344,958 allocs, 344,533 frees, 296,331,947 bytes allocated
==5339== 
==5339== 2 bytes in 1 blocks are possibly lost in loss record 1 of 425
==5339==    at 0x73E1899: malloc (in /mnt/c/Users/guido/ghq/projects/rustdom/.tools/valgrind/usr/libexec/valgrind/vgpreload_memcheck-amd64-linux.so)
==5339==    by 0x232478C2: _RNvXs0_NvMs_NtNtCs6i54tJFfzR_5alloc3ffi5c_strNtBa_7CString3newReNtB5_11SpecNewImpl13spec_new_impl (in /home/guido/rustdom-selection-validation-cQnQbx/dist/rustdom.node)
==5339==    by 0x231F177F: _RNvMs2_NtNtCs4QMHp0v7l6B_4napi9js_values15object_propertyNtB5_8Property14with_utf8_name (in /home/guido/rustdom-selection-validation-cQnQbx/dist/rustdom.node)
==5339==    by 0x2319D106: _RNvNvNvNvNtNtNtCs3Ir8cfnU9oH_7rustdom3dom16dom_rect_binding34___napi_impl_helper_NativeDomRect_238___napi_register__NativeDomRect_impl_521__18___CTOR_PRIVATE_REF14___ctor_private (in /home/guido/rustdom-selection-validation-cQnQbx/dist/rustdom.node)
==5339==    by 0x6B9F47D: call_init.part.0 (dl-init.c:70)
==5339==    by 0x6B9F567: call_init (dl-init.c:33)
==5339==    by 0x6B9F567: _dl_init (dl-init.c:117)
==5339==    by 0x78ADBB4: _dl_catch_exception (dl-error-skeleton.c:182)
==5339==    by 0x6BA6FF5: dl_open_worker (dl-open.c:808)
==5339==    by 0x6BA6FF5: dl_open_worker (dl-open.c:771)
==5339==    by 0x78ADB57: _dl_catch_exception (dl-error-skeleton.c:208)
==5339==    by 0x6BA734D: _dl_open (dl-open.c:883)
==5339==    by 0x77C95FB: dlopen_doit (dlopen.c:56)
==5339==    by 0x78ADB57: _dl_catch_exception (dl-error-skeleton.c:208)
==5339== 
==5339== 2 bytes in 1 blocks are possibly lost in loss record 2 of 425
==5339==    at 0x73E1899: malloc (in /mnt/c/Users/guido/ghq/projects/rustdom/.tools/valgrind/usr/libexec/valgrind/vgpreload_memcheck-amd64-linux.so)
==5339==    by 0x232478C2: _RNvXs0_NvMs_NtNtCs6i54tJFfzR_5alloc3ffi5c_strNtBa_7CString3newReNtB5_11SpecNewImpl13spec_new_impl (in /home/guido/rustdom-selection-validation-cQnQbx/dist/rustdom.node)
==5339==    by 0x231F177F: _RNvMs2_NtNtCs4QMHp0v7l6B_4napi9js_values15object_propertyNtB5_8Property14with_utf8_name (in /home/guido/rustdom-selection-validation-cQnQbx/dist/rustdom.node)
==5339==    by 0x2319D1A1: _RNvNvNvNvNtNtNtCs3Ir8cfnU9oH_7rustdom3dom16dom_rect_binding34___napi_impl_helper_NativeDomRect_238___napi_register__NativeDomRect_impl_521__18___CTOR_PRIVATE_REF14___ctor_private (in /home/guido/rustdom-selection-validation-cQnQbx/dist/rustdom.node)
==5339==    by 0x6B9F47D: call_init.part.0 (dl-init.c:70)
==5339==    by 0x6B9F567: call_init (dl-init.c:33)
==5339==    by 0x6B9F567: _dl_init (dl-init.c:117)
==5339==    by 0x78ADBB4: _dl_catch_exception (dl-error-skeleton.c:182)
==5339==    by 0x6BA6FF5: dl_open_worker (dl-open.c:808)
==5339==    by 0x6BA6FF5: dl_open_worker (dl-open.c:771)
==5339==    by 0x78ADB57: _dl_catch_exception (dl-error-skeleton.c:208)
==5339==    by 0x6BA734D: _dl_open (dl-open.c:883)
==5339==    by 0x77C95FB: dlopen_doit (dlopen.c:56)
==5339==    by 0x78ADB57: _dl_catch_exception (dl-error-skeleton.c:208)
==5339== 
==5339== 3 bytes in 1 blocks are possibly lost in loss record 3 of 425
==5339==    at 0x73E1899: malloc (in /mnt/c/Users/guido/ghq/projects/rustdom/.tools/valgrind/usr/libexec/valgrind/vgpreload_memcheck-amd64-linux.so)
==5339==    by 0x232478C2: _RNvXs0_NvMs_NtNtCs6i54tJFfzR_5alloc3ffi5c_strNtBa_7CString3newReNtB5_11SpecNewImpl13spec_new_impl (in /home/guido/rustdom-selection-validation-cQnQbx/dist/rustdom.node)
==5339==    by 0x231F177F: _RNvMs2_NtNtCs4QMHp0v7l6B_4napi9js_values15object_propertyNtB5_8Property14with_utf8_name (in /home/guido/rustdom-selection-validation-cQnQbx/dist/rustdom.node)
==5339==    by 0x231A277E: _RNvNvNvNvNtNtNtCs3Ir8cfnU9oH_7rustdom3dom19abort_state_binding37___napi_impl_helper_NativeAbortState_041___napi_register__NativeAbortState_impl_201__18___CTOR_PRIVATE_REF14___ctor_private (in /home/guido/rustdom-selection-validation-cQnQbx/dist/rustdom.node)
==5339==    by 0x6B9F47D: call_init.part.0 (dl-init.c:70)
==5339==    by 0x6B9F567: call_init (dl-init.c:33)
==5339==    by 0x6B9F567: _dl_init (dl-init.c:117)
==5339==    by 0x78ADBB4: _dl_catch_exception (dl-error-skeleton.c:182)
==5339==    by 0x6BA6FF5: dl_open_worker (dl-open.c:808)
==5339==    by 0x6BA6FF5: dl_open_worker (dl-open.c:771)
==5339==    by 0x78ADB57: _dl_catch_exception (dl-error-skeleton.c:208)
==5339==    by 0x6BA734D: _dl_open (dl-open.c:883)
==5339==    by 0x77C95FB: dlopen_doit (dlopen.c:56)
==5339==    by 0x78ADB57: _dl_catch_exception (dl-error-skeleton.c:208)
==5339== 
==5339== 4 bytes in 1 blocks are possibly lost in loss record 4 of 425
==5339==    at 0x73E1899: malloc (in /mnt/c/Users/guido/ghq/projects/rustdom/.tools/valgrind/usr/libexec/valgrind/vgpreload_memcheck-amd64-linux.so)
==5339==    by 0x232478C2: _RNvXs0_NvMs_NtNtCs6i54tJFfzR_5alloc3ffi5c_strNtBa_7CString3newReNtB5_11SpecNewImpl13spec_new_impl (in /home/guido/rustdom-selection-validation-cQnQbx/dist/rustdom.node)
==5339==    by 0x231F177F: _RNvMs2_NtNtCs4QMHp0v7l6B_4napi9js_values15object_propertyNtB5_8Property14with_utf8_name (in /home/guido/rustdom-selection-validation-cQnQbx/dist/rustdom.node)
==5339==    by 0x2319CF0A: _RNvNvNvNvNtNtNtCs3Ir8cfnU9oH_7rustdom3dom16dom_rect_binding34___napi_impl_helper_NativeDomRect_238___napi_register__NativeDomRect_impl_521__18___CTOR_PRIVATE_REF14___ctor_private (in /home/guido/rustdom-selection-validation-cQnQbx/dist/rustdom.node)
==5339==    by 0x6B9F47D: call_init.part.0 (dl-init.c:70)
==5339==    by 0x6B9F567: call_init (dl-init.c:33)
==5339==    by 0x6B9F567: _dl_init (dl-init.c:117)
==5339==    by 0x78ADBB4: _dl_catch_exception (dl-error-skeleton.c:182)
==5339==    by 0x6BA6FF5: dl_open_worker (dl-open.c:808)
==5339==    by 0x6BA6FF5: dl_open_worker (dl-open.c:771)
==5339==    by 0x78ADB57: _dl_catch_exception (dl-error-skeleton.c:208)
==5339==    by 0x6BA734D: _dl_open (dl-open.c:883)
==5339==    by 0x77C95FB: dlopen_doit (dlopen.c:56)
==5339==    by 0x78ADB57: _dl_catch_exception (dl-error-skeleton.c:208)
==5339== 
==5339== 4 bytes in 1 blocks are possibly lost in loss record 5 of 425
==5339==    at 0x73E1899: malloc (in /mnt/c/Users/guido/ghq/projects/rustdom/.tools/valgrind/usr/libexec/valgrind/vgpreload_memcheck-amd64-linux.so)
==5339==    by 0x232478C2: _RNvXs0_NvMs_NtNtCs6i54tJFfzR_5alloc3ffi5c_strNtBa_7CString3newReNtB5_11SpecNewImpl13spec_new_impl (in /home/guido/rustdom-selection-validation-cQnQbx/dist/rustdom.node)
==5339==    by 0x231F177F: _RNvMs2_NtNtCs4QMHp0v7l6B_4napi9js_values15object_propertyNtB5_8Property14with_utf8_name (in /home/guido/rustdom-selection-validation-cQnQbx/dist/rustdom.node)
==5339==    by 0x2319E57A: _RNvNvNvNvNtNtNtCs3Ir8cfnU9oH_7rustdom3dom17form_data_binding42___napi_impl_helper_NativeFormDataEntries_647___napi_register__NativeFormDataEntries_impl_1371__18___CTOR_PRIVATE_REF14___ctor_private (in /home/guido/rustdom-selection-validation-cQnQbx/dist/rustdom.node)
==5339==    by 0x6B9F47D: call_init.part.0 (dl-init.c:70)
==5339==    by 0x6B9F567: call_init (dl-init.c:33)
==5339==    by 0x6B9F567: _dl_init (dl-init.c:117)
==5339==    by 0x78ADBB4: _dl_catch_exception (dl-error-skeleton.c:182)
==5339==    by 0x6BA6FF5: dl_open_worker (dl-open.c:808)
==5339==    by 0x6BA6FF5: dl_open_worker (dl-open.c:771)
==5339==    by 0x78ADB57: _dl_catch_exception (dl-error-skeleton.c:208)
==5339==    by 0x6BA734D: _dl_open (dl-open.c:883)
==5339==    by 0x77C95FB: dlopen_doit (dlopen.c:56)
==5339==    by 0x78ADB57: _dl_catch_exception (dl-error-skeleton.c:208)
==5339== 
==5339== 4 bytes in 1 blocks are possibly lost in loss record 6 of 425
==5339==    at 0x73E1899: malloc (in /mnt/c/Users/guido/ghq/projects/rustdom/.tools/valgrind/usr/libexec/valgrind/vgpreload_memcheck-amd64-linux.so)
==5339==    by 0x232478C2: _RNvXs0_NvMs_NtNtCs6i54tJFfzR_5alloc3ffi5c_strNtBa_7CString3newReNtB5_11SpecNewImpl13spec_new_impl (in /home/guido/rustdom-selection-validation-cQnQbx/dist/rustdom.node)
==5339==    by 0x231F177F: _RNvMs2_NtNtCs4QMHp0v7l6B_4napi9js_values15object_propertyNtB5_8Property14with_utf8_name (in /home/guido/rustdom-selection-validation-cQnQbx/dist/rustdom.node)
==5339==    by 0x2319E786: _RNvNvNvNvNtNtNtCs3Ir8cfnU9oH_7rustdom3dom17form_data_binding42___napi_impl_helper_NativeFormDataEntries_647___napi_register__NativeFormDataEntries_impl_1371__18___CTOR_PRIVATE_REF14___ctor_private (in /home/guido/rustdom-selection-validation-cQnQbx/dist/rustdom.node)
==5339==    by 0x6B9F47D: call_init.part.0 (dl-init.c:70)
==5339==    by 0x6B9F567: call_init (dl-init.c:33)
==5339==    by 0x6B9F567: _dl_init (dl-init.c:117)
==5339==    by 0x78ADBB4: _dl_catch_exception (dl-error-skeleton.c:182)
==5339==    by 0x6BA6FF5: dl_open_worker (dl-open.c:808)
==5339==    by 0x6BA6FF5: dl_open_worker (dl-open.c:771)
==5339==    by 0x78ADB57: _dl_catch_exception (dl-error-skeleton.c:208)
==5339==    by 0x6BA734D: _dl_open (dl-open.c:883)
==5339==    by 0x77C95FB: dlopen_doit (dlopen.c:56)
==5339==    by 0x78ADB57: _dl_catch_exception (dl-error-skeleton.c:208)
==5339== 
==5339== 4 bytes in 1 blocks are possibly lost in loss record 7 of 425
==5339==    at 0x73E1899: malloc (in /mnt/c/Users/guido/ghq/projects/rustdom/.tools/valgrind/usr/libexec/valgrind/vgpreload_memcheck-amd64-linux.so)
==5339==    by 0x232478C2: _RNvXs0_NvMs_NtNtCs6i54tJFfzR_5alloc3ffi5c_strNtBa_7CString3newReNtB5_11SpecNewImpl13spec_new_impl (in /home/guido/rustdom-selection-validation-cQnQbx/dist/rustdom.node)
==5339==    by 0x231F177F: _RNvMs2_NtNtCs4QMHp0v7l6B_4napi9js_values15object_propertyNtB5_8Property14with_utf8_name (in /home/guido/rustdom-selection-validation-cQnQbx/dist/rustdom.node)
==5339==    by 0x2319E992: _RNvNvNvNvNtNtNtCs3Ir8cfnU9oH_7rustdom3dom17form_data_binding42___napi_impl_helper_NativeFormDataEntries_647___napi_register__NativeFormDataEntries_impl_1371__18___CTOR_PRIVATE_REF14___ctor_private (in /home/guido/rustdom-selection-validation-cQnQbx/dist/rustdom.node)
==5339==    by 0x6B9F47D: call_init.part.0 (dl-init.c:70)
==5339==    by 0x6B9F567: call_init (dl-init.c:33)
==5339==    by 0x6B9F567: _dl_init (dl-init.c:117)
==5339==    by 0x78ADBB4: _dl_catch_exception (dl-error-skeleton.c:182)
==5339==    by 0x6BA6FF5: dl_open_worker (dl-open.c:808)
==5339==    by 0x6BA6FF5: dl_open_worker (dl-open.c:771)
==5339==    by 0x78ADB57: _dl_catch_exception (dl-error-skeleton.c:208)
==5339==    by 0x6BA734D: _dl_open (dl-open.c:883)
==5339==    by 0x77C95FB: dlopen_doit (dlopen.c:56)
==5339==    by 0x78ADB57: _dl_catch_exception (dl-error-skeleton.c:208)
==5339== 
==5339== 4 bytes in 1 blocks are possibly lost in loss record 8 of 425
==5339==    at 0x73E1899: malloc (in /mnt/c/Users/guido/ghq/projects/rustdom/.tools/valgrind/usr/libexec/valgrind/vgpreload_memcheck-amd64-linux.so)
==5339==    by 0x232478C2: _RNvXs0_NvMs_NtNtCs6i54tJFfzR_5alloc3ffi5c_strNtBa_7CString3newReNtB5_11SpecNewImpl13spec_new_impl (in /home/guido/rustdom-selection-validation-cQnQbx/dist/rustdom.node)
==5339==    by 0x231F177F: _RNvMs2_NtNtCs4QMHp0v7l6B_4napi9js_values15object_propertyNtB5_8Property14with_utf8_name (in /home/guido/rustdom-selection-validation-cQnQbx/dist/rustdom.node)
==5339==    by 0x2319EB9E: _RNvNvNvNvNtNtNtCs3Ir8cfnU9oH_7rustdom3dom17form_data_binding42___napi_impl_helper_NativeFormDataEntries_647___napi_register__NativeFormDataEntries_impl_1371__18___CTOR_PRIVATE_REF14___ctor_private (in /home/guido/rustdom-selection-validation-cQnQbx/dist/rustdom.node)
==5339==    by 0x6B9F47D: call_init.part.0 (dl-init.c:70)
==5339==    by 0x6B9F567: call_init (dl-init.c:33)
==5339==    by 0x6B9F567: _dl_init (dl-init.c:117)
==5339==    by 0x78ADBB4: _dl_catch_exception (dl-error-skeleton.c:182)
==5339==    by 0x6BA6FF5: dl_open_worker (dl-open.c:808)
==5339==    by 0x6BA6FF5: dl_open_worker (dl-open.c:771)
==5339==    by 0x78ADB57: _dl_catch_exception (dl-error-skeleton.c:208)
==5339==    by 0x6BA734D: _dl_open (dl-open.c:883)
==5339==    by 0x77C95FB: dlopen_doit (dlopen.c:56)
==5339==    by 0x78ADB57: _dl_catch_exception (dl-error-skeleton.c:208)
==5339== 
==5339== 4 bytes in 1 blocks are possibly lost in loss record 9 of 425
==5339==    at 0x73E1899: malloc (in /mnt/c/Users/guido/ghq/projects/rustdom/.tools/valgrind/usr/libexec/valgrind/vgpreload_memcheck-amd64-linux.so)
==5339==    by 0x232478C2: _RNvXs0_NvMs_NtNtCs6i54tJFfzR_5alloc3ffi5c_strNtBa_7CString3newReNtB5_11SpecNewImpl13spec_new_impl (in /home/guido/rustdom-selection-validation-cQnQbx/dist/rustdom.node)
==5339==    by 0x231F177F: _RNvMs2_NtNtCs4QMHp0v7l6B_4napi9js_values15object_propertyNtB5_8Property14with_utf8_name (in /home/guido/rustdom-selection-validation-cQnQbx/dist/rustdom.node)
==5339==    by 0x231A128A: _RNvNvNvNvNtNtNtCs3Ir8cfnU9oH_7rustdom3dom18token_list_binding36___napi_impl_helper_NativeTokenSet_1540___napi_register__NativeTokenSet_impl_2661__18___CTOR_PRIVATE_REF14___ctor_private (in /home/guido/rustdom-selection-validation-cQnQbx/dist/rustdom.node)
==5339==    by 0x6B9F47D: call_init.part.0 (dl-init.c:70)
==5339==    by 0x6B9F567: call_init (dl-init.c:33)
==5339==    by 0x6B9F567: _dl_init (dl-init.c:117)
==5339==    by 0x78ADBB4: _dl_catch_exception (dl-error-skeleton.c:182)
==5339==    by 0x6BA6FF5: dl_open_worker (dl-open.c:808)
==5339==    by 0x6BA6FF5: dl_open_worker (dl-open.c:771)
==5339==    by 0x78ADB57: _dl_catch_exception (dl-error-skeleton.c:208)
==5339==    by 0x6BA734D: _dl_open (dl-open.c:883)
==5339==    by 0x77C95FB: dlopen_doit (dlopen.c:56)
==5339==    by 0x78ADB57: _dl_catch_exception (dl-error-skeleton.c:208)
==5339== 
==5339== 4 bytes in 1 blocks are possibly lost in loss record 10 of 425
==5339==    at 0x73E1899: malloc (in /mnt/c/Users/guido/ghq/projects/rustdom/.tools/valgrind/usr/libexec/valgrind/vgpreload_memcheck-amd64-linux.so)
==5339==    by 0x232478C2: _RNvXs0_NvMs_NtNtCs6i54tJFfzR_5alloc3ffi5c_strNtBa_7CString3newReNtB5_11SpecNewImpl13spec_new_impl (in /home/guido/rustdom-selection-validation-cQnQbx/dist/rustdom.node)
==5339==    by 0x231F177F: _RNvMs2_NtNtCs4QMHp0v7l6B_4napi9js_values15object_propertyNtB5_8Property14with_utf8_name (in /home/guido/rustdom-selection-validation-cQnQbx/dist/rustdom.node)
==5339==    by 0x231A93B0: _RNvNvNvNvNtNtNtCs3Ir8cfnU9oH_7rustdom3dom19range_state_binding33___napi_impl_helper_NativeRange_1137___napi_register__NativeRange_impl_2221__18___CTOR_PRIVATE_REF14___ctor_private (in /home/guido/rustdom-selection-validation-cQnQbx/dist/rustdom.node)
==5339==    by 0x6B9F47D: call_init.part.0 (dl-init.c:70)
==5339==    by 0x6B9F567: call_init (dl-init.c:33)
==5339==    by 0x6B9F567: _dl_init (dl-init.c:117)
==5339==    by 0x78ADBB4: _dl_catch_exception (dl-error-skeleton.c:182)
==5339==    by 0x6BA6FF5: dl_open_worker (dl-open.c:808)
==5339==    by 0x6BA6FF5: dl_open_worker (dl-open.c:771)
==5339==    by 0x78ADB57: _dl_catch_exception (dl-error-skeleton.c:208)
==5339==    by 0x6BA734D: _dl_open (dl-open.c:883)
==5339==    by 0x77C95FB: dlopen_doit (dlopen.c:56)
==5339==    by 0x78ADB57: _dl_catch_exception (dl-error-skeleton.c:208)
==5339== 
==5339== 4 bytes in 1 blocks are possibly lost in loss record 11 of 425
==5339==    at 0x73E1899: malloc (in /mnt/c/Users/guido/ghq/projects/rustdom/.tools/valgrind/usr/libexec/valgrind/vgpreload_memcheck-amd64-linux.so)
==5339==    by 0x232478C2: _RNvXs0_NvMs_NtNtCs6i54tJFfzR_5alloc3ffi5c_strNtBa_7CString3newReNtB5_11SpecNewImpl13spec_new_impl (in /home/guido/rustdom-selection-validation-cQnQbx/dist/rustdom.node)
==5339==    by 0x231F177F: _RNvMs2_NtNtCs4QMHp0v7l6B_4napi9js_values15object_propertyNtB5_8Property14with_utf8_name (in /home/guido/rustdom-selection-validation-cQnQbx/dist/rustdom.node)
==5339==    by 0x231ACB6E: _RNvNvNvNvNtNtNtCs3Ir8cfnU9oH_7rustdom3dom19web_storage_binding39___napi_impl_helper_NativeStorageArea_2043___napi_register__NativeStorageArea_impl_4761__18___CTOR_PRIVATE_REF14___ctor_private (in /home/guido/rustdom-selection-validation-cQnQbx/dist/rustdom.node)
==5339==    by 0x6B9F47D: call_init.part.0 (dl-init.c:70)
==5339==    by 0x6B9F567: call_init (dl-init.c:33)
==5339==    by 0x6B9F567: _dl_init (dl-init.c:117)
==5339==    by 0x78ADBB4: _dl_catch_exception (dl-error-skeleton.c:182)
==5339==    by 0x6BA6FF5: dl_open_worker (dl-open.c:808)
==5339==    by 0x6BA6FF5: dl_open_worker (dl-open.c:771)
==5339==    by 0x78ADB57: _dl_catch_exception (dl-error-skeleton.c:208)
==5339==    by 0x6BA734D: _dl_open (dl-open.c:883)
==5339==    by 0x77C95FB: dlopen_doit (dlopen.c:56)
==5339==    by 0x78ADB57: _dl_catch_exception (dl-error-skeleton.c:208)
==5339== 
==5339== 4 bytes in 1 blocks are possibly lost in loss record 12 of 425
==5339==    at 0x73E1899: malloc (in /mnt/c/Users/guido/ghq/projects/rustdom/.tools/valgrind/usr/libexec/valgrind/vgpreload_memcheck-amd64-linux.so)
==5339==    by 0x232478C2: _RNvXs0_NvMs_NtNtCs6i54tJFfzR_5alloc3ffi5c_strNtBa_7CString3newReNtB5_11SpecNewImpl13spec_new_impl (in /home/guido/rustdom-selection-validation-cQnQbx/dist/rustdom.node)
==5339==    by 0x231F177F: _RNvMs2_NtNtCs4QMHp0v7l6B_4napi9js_values15object_propertyNtB5_8Property14with_utf8_name (in /home/guido/rustdom-selection-validation-cQnQbx/dist/rustdom.node)
==5339==    by 0x231ACC74: _RNvNvNvNvNtNtNtCs3Ir8cfnU9oH_7rustdom3dom19web_storage_binding39___napi_impl_helper_NativeStorageArea_2043___napi_register__NativeStorageArea_impl_4761__18___CTOR_PRIVATE_REF14___ctor_private (in /home/guido/rustdom-selection-validation-cQnQbx/dist/rustdom.node)
==5339==    by 0x6B9F47D: call_init.part.0 (dl-init.c:70)
==5339==    by 0x6B9F567: call_init (dl-init.c:33)
==5339==    by 0x6B9F567: _dl_init (dl-init.c:117)
==5339==    by 0x78ADBB4: _dl_catch_exception (dl-error-skeleton.c:182)
==5339==    by 0x6BA6FF5: dl_open_worker (dl-open.c:808)
==5339==    by 0x6BA6FF5: dl_open_worker (dl-open.c:771)
==5339==    by 0x78ADB57: _dl_catch_exception (dl-error-skeleton.c:208)
==5339==    by 0x6BA734D: _dl_open (dl-open.c:883)
==5339==    by 0x77C95FB: dlopen_doit (dlopen.c:56)
==5339==    by 0x78ADB57: _dl_catch_exception (dl-error-skeleton.c:208)
==5339== 
==5339== 4 bytes in 1 blocks are possibly lost in loss record 13 of 425
==5339==    at 0x73E1899: malloc (in /mnt/c/Users/guido/ghq/projects/rustdom/.tools/valgrind/usr/libexec/valgrind/vgpreload_memcheck-amd64-linux.so)
==5339==    by 0x232478C2: _RNvXs0_NvMs_NtNtCs6i54tJFfzR_5alloc3ffi5c_strNtBa_7CString3newReNtB5_11SpecNewImpl13spec_new_impl (in /home/guido/rustdom-selection-validation-cQnQbx/dist/rustdom.node)
==5339==    by 0x231F177F: _RNvMs2_NtNtCs4QMHp0v7l6B_4napi9js_values15object_propertyNtB5_8Property14with_utf8_name (in /home/guido/rustdom-selection-validation-cQnQbx/dist/rustdom.node)
==5339==    by 0x231ACF86: _RNvNvNvNvNtNtNtCs3Ir8cfnU9oH_7rustdom3dom19web_storage_binding39___napi_impl_helper_NativeStorageArea_2043___napi_register__NativeStorageArea_impl_4761__18___CTOR_PRIVATE_REF14___ctor_private (in /home/guido/rustdom-selection-validation-cQnQbx/dist/rustdom.node)
==5339==    by 0x6B9F47D: call_init.part.0 (dl-init.c:70)
==5339==    by 0x6B9F567: call_init (dl-init.c:33)
==5339==    by 0x6B9F567: _dl_init (dl-init.c:117)
==5339==    by 0x78ADBB4: _dl_catch_exception (dl-error-skeleton.c:182)
==5339==    by 0x6BA6FF5: dl_open_worker (dl-open.c:808)
==5339==    by 0x6BA6FF5: dl_open_worker (dl-open.c:771)
==5339==    by 0x78ADB57: _dl_catch_exception (dl-error-skeleton.c:208)
==5339==    by 0x6BA734D: _dl_open (dl-open.c:883)
==5339==    by 0x77C95FB: dlopen_doit (dlopen.c:56)
==5339==    by 0x78ADB57: _dl_catch_exception (dl-error-skeleton.c:208)
==5339== 
==5339== 4 bytes in 1 blocks are possibly lost in loss record 14 of 425
==5339==    at 0x73E1899: malloc (in /mnt/c/Users/guido/ghq/projects/rustdom/.tools/valgrind/usr/libexec/valgrind/vgpreload_memcheck-amd64-linux.so)
==5339==    by 0x232478C2: _RNvXs0_NvMs_NtNtCs6i54tJFfzR_5alloc3ffi5c_strNtBa_7CString3newReNtB5_11SpecNewImpl13spec_new_impl (in /home/guido/rustdom-selection-validation-cQnQbx/dist/rustdom.node)
==5339==    by 0x231F177F: _RNvMs2_NtNtCs4QMHp0v7l6B_4napi9js_values15object_propertyNtB5_8Property14with_utf8_name (in /home/guido/rustdom-selection-validation-cQnQbx/dist/rustdom.node)
==5339==    by 0x231AEC2B: _RNvNvNvNvNtNtNtCs3Ir8cfnU9oH_7rustdom3dom23event_listeners_binding43___napi_impl_helper_NativeListenerRegistry_347___napi_register__NativeListenerRegistry_impl_691__18___CTOR_PRIVATE_REF14___ctor_private (in /home/guido/rustdom-selection-validation-cQnQbx/dist/rustdom.node)
==5339==    by 0x6B9F47D: call_init.part.0 (dl-init.c:70)
==5339==    by 0x6B9F567: call_init (dl-init.c:33)
==5339==    by 0x6B9F567: _dl_init (dl-init.c:117)
==5339==    by 0x78ADBB4: _dl_catch_exception (dl-error-skeleton.c:182)
==5339==    by 0x6BA6FF5: dl_open_worker (dl-open.c:808)
==5339==    by 0x6BA6FF5: dl_open_worker (dl-open.c:771)
==5339==    by 0x78ADB57: _dl_catch_exception (dl-error-skeleton.c:208)
==5339==    by 0x6BA734D: _dl_open (dl-open.c:883)
==5339==    by 0x77C95FB: dlopen_doit (dlopen.c:56)
==5339==    by 0x78ADB57: _dl_catch_exception (dl-error-skeleton.c:208)
==5339== 
==5339== 5 bytes in 1 blocks are possibly lost in loss record 15 of 425
==5339==    at 0x73E1899: malloc (in /mnt/c/Users/guido/ghq/projects/rustdom/.tools/valgrind/usr/libexec/valgrind/vgpreload_memcheck-amd64-linux.so)
==5339==    by 0x232478C2: _RNvXs0_NvMs_NtNtCs6i54tJFfzR_5alloc3ffi5c_strNtBa_7CString3newReNtB5_11SpecNewImpl13spec_new_impl (in /home/guido/rustdom-selection-validation-cQnQbx/dist/rustdom.node)
==5339==    by 0x231F177F: _RNvMs2_NtNtCs4QMHp0v7l6B_4napi9js_values15object_propertyNtB5_8Property14with_utf8_name (in /home/guido/rustdom-selection-validation-cQnQbx/dist/rustdom.node)
==5339==    by 0x2319CAF2: _RNvNvNvNvNtNtNtCs3Ir8cfnU9oH_7rustdom3dom16dom_rect_binding34___napi_impl_helper_NativeDomRect_238___napi_register__NativeDomRect_impl_521__18___CTOR_PRIVATE_REF14___ctor_private (in /home/guido/rustdom-selection-validation-cQnQbx/dist/rustdom.node)
==5339==    by 0x6B9F47D: call_init.part.0 (dl-init.c:70)
==5339==    by 0x6B9F567: call_init (dl-init.c:33)
==5339==    by 0x6B9F567: _dl_init (dl-init.c:117)
==5339==    by 0x78ADBB4: _dl_catch_exception (dl-error-skeleton.c:182)
==5339==    by 0x6BA6FF5: dl_open_worker (dl-open.c:808)
==5339==    by 0x6BA6FF5: dl_open_worker (dl-open.c:771)
==5339==    by 0x78ADB57: _dl_catch_exception (dl-error-skeleton.c:208)
==5339==    by 0x6BA734D: _dl_open (dl-open.c:883)
==5339==    by 0x77C95FB: dlopen_doit (dlopen.c:56)
==5339==    by 0x78ADB57: _dl_catch_exception (dl-error-skeleton.c:208)
==5339== 
==5339== 5 bytes in 1 blocks are possibly lost in loss record 16 of 425
==5339==    at 0x73E1899: malloc (in /mnt/c/Users/guido/ghq/projects/rustdom/.tools/valgrind/usr/libexec/valgrind/vgpreload_memcheck-amd64-linux.so)
==5339==    by 0x232478C2: _RNvXs0_NvMs_NtNtCs6i54tJFfzR_5alloc3ffi5c_strNtBa_7CString3newReNtB5_11SpecNewImpl13spec_new_impl (in /home/guido/rustdom-selection-validation-cQnQbx/dist/rustdom.node)
==5339==    by 0x231F177F: _RNvMs2_NtNtCs4QMHp0v7l6B_4napi9js_values15object_propertyNtB5_8Property14with_utf8_name (in /home/guido/rustdom-selection-validation-cQnQbx/dist/rustdom.node)
==5339==    by 0x2319E88C: _RNvNvNvNvNtNtNtCs3Ir8cfnU9oH_7rustdom3dom17form_data_binding42___napi_impl_helper_NativeFormDataEntries_647___napi_register__NativeFormDataEntries_impl_1371__18___CTOR_PRIVATE_REF14___ctor_private (in /home/guido/rustdom-selection-validation-cQnQbx/dist/rustdom.node)
==5339==    by 0x6B9F47D: call_init.part.0 (dl-init.c:70)
==5339==    by 0x6B9F567: call_init (dl-init.c:33)
==5339==    by 0x6B9F567: _dl_init (dl-init.c:117)
==5339==    by 0x78ADBB4: _dl_catch_exception (dl-error-skeleton.c:182)
==5339==    by 0x6BA6FF5: dl_open_worker (dl-open.c:808)
==5339==    by 0x6BA6FF5: dl_open_worker (dl-open.c:771)
==5339==    by 0x78ADB57: _dl_catch_exception (dl-error-skeleton.c:208)
==5339==    by 0x6BA734D: _dl_open (dl-open.c:883)
==5339==    by 0x77C95FB: dlopen_doit (dlopen.c:56)
==5339==    by 0x78ADB57: _dl_catch_exception (dl-error-skeleton.c:208)
==5339== 
==5339== 5 bytes in 1 blocks are possibly lost in loss record 17 of 425
==5339==    at 0x73E1899: malloc (in /mnt/c/Users/guido/ghq/projects/rustdom/.tools/valgrind/usr/libexec/valgrind/vgpreload_memcheck-amd64-linux.so)
==5339==    by 0x232478C2: _RNvXs0_NvMs_NtNtCs6i54tJFfzR_5alloc3ffi5c_strNtBa_7CString3newReNtB5_11SpecNewImpl13spec_new_impl (in /home/guido/rustdom-selection-validation-cQnQbx/dist/rustdom.node)
==5339==    by 0x231F177F: _RNvMs2_NtNtCs4QMHp0v7l6B_4napi9js_values15object_propertyNtB5_8Property14with_utf8_name (in /home/guido/rustdom-selection-validation-cQnQbx/dist/rustdom.node)
==5339==    by 0x231A137F: _RNvNvNvNvNtNtNtCs3Ir8cfnU9oH_7rustdom3dom18token_list_binding36___napi_impl_helper_NativeTokenSet_1540___napi_register__NativeTokenSet_impl_2661__18___CTOR_PRIVATE_REF14___ctor_private (in /home/guido/rustdom-selection-validation-cQnQbx/dist/rustdom.node)
==5339==    by 0x6B9F47D: call_init.part.0 (dl-init.c:70)
==5339==    by 0x6B9F567: call_init (dl-init.c:33)
==5339==    by 0x6B9F567: _dl_init (dl-init.c:117)
==5339==    by 0x78ADBB4: _dl_catch_exception (dl-error-skeleton.c:182)
==5339==    by 0x6BA6FF5: dl_open_worker (dl-open.c:808)
==5339==    by 0x6BA6FF5: dl_open_worker (dl-open.c:771)
==5339==    by 0x78ADB57: _dl_catch_exception (dl-error-skeleton.c:208)
==5339==    by 0x6BA734D: _dl_open (dl-open.c:883)
==5339==    by 0x77C95FB: dlopen_doit (dlopen.c:56)
==5339==    by 0x78ADB57: _dl_catch_exception (dl-error-skeleton.c:208)
==5339== 
==5339== 5 bytes in 1 blocks are possibly lost in loss record 18 of 425
==5339==    at 0x73E1899: malloc (in /mnt/c/Users/guido/ghq/projects/rustdom/.tools/valgrind/usr/libexec/valgrind/vgpreload_memcheck-amd64-linux.so)
==5339==    by 0x232478C2: _RNvXs0_NvMs_NtNtCs6i54tJFfzR_5alloc3ffi5c_strNtBa_7CString3newReNtB5_11SpecNewImpl13spec_new_impl (in /home/guido/rustdom-selection-validation-cQnQbx/dist/rustdom.node)
==5339==    by 0x231F177F: _RNvMs2_NtNtCs4QMHp0v7l6B_4napi9js_values15object_propertyNtB5_8Property14with_utf8_name (in /home/guido/rustdom-selection-validation-cQnQbx/dist/rustdom.node)
==5339==    by 0x231A46B6: _RNvNvNvNvNtNtNtCs3Ir8cfnU9oH_7rustdom3dom19event_state_binding37___napi_impl_helper_NativeEventState_442___napi_register__NativeEventState_impl_1041__18___CTOR_PRIVATE_REF14___ctor_private (in /home/guido/rustdom-selection-validation-cQnQbx/dist/rustdom.node)
==5339==    by 0x6B9F47D: call_init.part.0 (dl-init.c:70)
==5339==    by 0x6B9F567: call_init (dl-init.c:33)
==5339==    by 0x6B9F567: _dl_init (dl-init.c:117)
==5339==    by 0x78ADBB4: _dl_catch_exception (dl-error-skeleton.c:182)
==5339==    by 0x6BA6FF5: dl_open_worker (dl-open.c:808)
==5339==    by 0x6BA6FF5: dl_open_worker (dl-open.c:771)
==5339==    by 0x78ADB57: _dl_catch_exception (dl-error-skeleton.c:208)
==5339==    by 0x6BA734D: _dl_open (dl-open.c:883)
==5339==    by 0x77C95FB: dlopen_doit (dlopen.c:56)
==5339==    by 0x78ADB57: _dl_catch_exception (dl-error-skeleton.c:208)
==5339== 
==5339== 5 bytes in 1 blocks are possibly lost in loss record 19 of 425
==5339==    at 0x73E1899: malloc (in /mnt/c/Users/guido/ghq/projects/rustdom/.tools/valgrind/usr/libexec/valgrind/vgpreload_memcheck-amd64-linux.so)
==5339==    by 0x232478C2: _RNvXs0_NvMs_NtNtCs6i54tJFfzR_5alloc3ffi5c_strNtBa_7CString3newReNtB5_11SpecNewImpl13spec_new_impl (in /home/guido/rustdom-selection-validation-cQnQbx/dist/rustdom.node)
==5339==    by 0x231F177F: _RNvMs2_NtNtCs4QMHp0v7l6B_4napi9js_values15object_propertyNtB5_8Property14with_utf8_name (in /home/guido/rustdom-selection-validation-cQnQbx/dist/rustdom.node)
==5339==    by 0x231A92AA: _RNvNvNvNvNtNtNtCs3Ir8cfnU9oH_7rustdom3dom19range_state_binding33___napi_impl_helper_NativeRange_1137___napi_register__NativeRange_impl_2221__18___CTOR_PRIVATE_REF14___ctor_private (in /home/guido/rustdom-selection-validation-cQnQbx/dist/rustdom.node)
==5339==    by 0x6B9F47D: call_init.part.0 (dl-init.c:70)
==5339==    by 0x6B9F567: call_init (dl-init.c:33)
==5339==    by 0x6B9F567: _dl_init (dl-init.c:117)
==5339==    by 0x78ADBB4: _dl_catch_exception (dl-error-skeleton.c:182)
==5339==    by 0x6BA6FF5: dl_open_worker (dl-open.c:808)
==5339==    by 0x6BA6FF5: dl_open_worker (dl-open.c:771)
==5339==    by 0x78ADB57: _dl_catch_exception (dl-error-skeleton.c:208)
==5339==    by 0x6BA734D: _dl_open (dl-open.c:883)
==5339==    by 0x77C95FB: dlopen_doit (dlopen.c:56)
==5339==    by 0x78ADB57: _dl_catch_exception (dl-error-skeleton.c:208)
==5339== 
==5339== 5 bytes in 1 blocks are possibly lost in loss record 20 of 425
==5339==    at 0x73E1899: malloc (in /mnt/c/Users/guido/ghq/projects/rustdom/.tools/valgrind/usr/libexec/valgrind/vgpreload_memcheck-amd64-linux.so)
==5339==    by 0x232478C2: _RNvXs0_NvMs_NtNtCs6i54tJFfzR_5alloc3ffi5c_strNtBa_7CString3newReNtB5_11SpecNewImpl13spec_new_impl (in /home/guido/rustdom-selection-validation-cQnQbx/dist/rustdom.node)
==5339==    by 0x231F177F: _RNvMs2_NtNtCs4QMHp0v7l6B_4napi9js_values15object_propertyNtB5_8Property14with_utf8_name (in /home/guido/rustdom-selection-validation-cQnQbx/dist/rustdom.node)
==5339==    by 0x231AD08C: _RNvNvNvNvNtNtNtCs3Ir8cfnU9oH_7rustdom3dom19web_storage_binding39___napi_impl_helper_NativeStorageArea_2043___napi_register__NativeStorageArea_impl_4761__18___CTOR_PRIVATE_REF14___ctor_private (in /home/guido/rustdom-selection-validation-cQnQbx/dist/rustdom.node)
==5339==    by 0x6B9F47D: call_init.part.0 (dl-init.c:70)
==5339==    by 0x6B9F567: call_init (dl-init.c:33)
==5339==    by 0x6B9F567: _dl_init (dl-init.c:117)
==5339==    by 0x78ADBB4: _dl_catch_exception (dl-error-skeleton.c:182)
==5339==    by 0x6BA6FF5: dl_open_worker (dl-open.c:808)
==5339==    by 0x6BA6FF5: dl_open_worker (dl-open.c:771)
==5339==    by 0x78ADB57: _dl_catch_exception (dl-error-skeleton.c:208)
==5339==    by 0x6BA734D: _dl_open (dl-open.c:883)
==5339==    by 0x77C95FB: dlopen_doit (dlopen.c:56)
==5339==    by 0x78ADB57: _dl_catch_exception (dl-error-skeleton.c:208)
==5339== 
==5339== 5 bytes in 1 blocks are possibly lost in loss record 21 of 425
==5339==    at 0x73E1899: malloc (in /mnt/c/Users/guido/ghq/projects/rustdom/.tools/valgrind/usr/libexec/valgrind/vgpreload_memcheck-amd64-linux.so)
==5339==    by 0x232478C2: _RNvXs0_NvMs_NtNtCs6i54tJFfzR_5alloc3ffi5c_strNtBa_7CString3newReNtB5_11SpecNewImpl13spec_new_impl (in /home/guido/rustdom-selection-validation-cQnQbx/dist/rustdom.node)
==5339==    by 0x231F177F: _RNvMs2_NtNtCs4QMHp0v7l6B_4napi9js_values15object_propertyNtB5_8Property14with_utf8_name (in /home/guido/rustdom-selection-validation-cQnQbx/dist/rustdom.node)
==5339==    by 0x231AE0BA: _RNvNvNvNvNtNtNtCs3Ir8cfnU9oH_7rustdom3dom19web_storage_binding44___napi_impl_helper_NativeStorageKeyCursor_2148___napi_register__NativeStorageKeyCursor_impl_4791__18___CTOR_PRIVATE_REF14___ctor_private (in /home/guido/rustdom-selection-validation-cQnQbx/dist/rustdom.node)
==5339==    by 0x6B9F47D: call_init.part.0 (dl-init.c:70)
==5339==    by 0x6B9F567: call_init (dl-init.c:33)
==5339==    by 0x6B9F567: _dl_init (dl-init.c:117)
==5339==    by 0x78ADBB4: _dl_catch_exception (dl-error-skeleton.c:182)
==5339==    by 0x6BA6FF5: dl_open_worker (dl-open.c:808)
==5339==    by 0x6BA6FF5: dl_open_worker (dl-open.c:771)
==5339==    by 0x78ADB57: _dl_catch_exception (dl-error-skeleton.c:208)
==5339==    by 0x6BA734D: _dl_open (dl-open.c:883)
==5339==    by 0x77C95FB: dlopen_doit (dlopen.c:56)
==5339==    by 0x78ADB57: _dl_catch_exception (dl-error-skeleton.c:208)
==5339== 
==5339== 5 bytes in 1 blocks are possibly lost in loss record 22 of 425
==5339==    at 0x73E1899: malloc (in /mnt/c/Users/guido/ghq/projects/rustdom/.tools/valgrind/usr/libexec/valgrind/vgpreload_memcheck-amd64-linux.so)
==5339==    by 0x232478C2: _RNvXs0_NvMs_NtNtCs6i54tJFfzR_5alloc3ffi5c_strNtBa_7CString3newReNtB5_11SpecNewImpl13spec_new_impl (in /home/guido/rustdom-selection-validation-cQnQbx/dist/rustdom.node)
==5339==    by 0x231F177F: _RNvMs2_NtNtCs4QMHp0v7l6B_4napi9js_values15object_propertyNtB5_8Property14with_utf8_name (in /home/guido/rustdom-selection-validation-cQnQbx/dist/rustdom.node)
==5339==    by 0x231B080C: _RNvNvNvNvNtNtNtCs3Ir8cfnU9oH_7rustdom3dom23mutation_record_binding41___napi_impl_helper_NativeMutationRecord_746___napi_register__NativeMutationRecord_impl_1591__18___CTOR_PRIVATE_REF14___ctor_private (in /home/guido/rustdom-selection-validation-cQnQbx/dist/rustdom.node)
==5339==    by 0x6B9F47D: call_init.part.0 (dl-init.c:70)
==5339==    by 0x6B9F567: call_init (dl-init.c:33)
==5339==    by 0x6B9F567: _dl_init (dl-init.c:117)
==5339==    by 0x78ADBB4: _dl_catch_exception (dl-error-skeleton.c:182)
==5339==    by 0x6BA6FF5: dl_open_worker (dl-open.c:808)
==5339==    by 0x6BA6FF5: dl_open_worker (dl-open.c:771)
==5339==    by 0x78ADB57: _dl_catch_exception (dl-error-skeleton.c:208)
==5339==    by 0x6BA734D: _dl_open (dl-open.c:883)
==5339==    by 0x77C95FB: dlopen_doit (dlopen.c:56)
==5339==    by 0x78ADB57: _dl_catch_exception (dl-error-skeleton.c:208)
==5339== 
==5339== 5 bytes in 1 blocks are possibly lost in loss record 23 of 425
==5339==    at 0x73E1899: malloc (in /mnt/c/Users/guido/ghq/projects/rustdom/.tools/valgrind/usr/libexec/valgrind/vgpreload_memcheck-amd64-linux.so)
==5339==    by 0x232478C2: _RNvXs0_NvMs_NtNtCs6i54tJFfzR_5alloc3ffi5c_strNtBa_7CString3newReNtB5_11SpecNewImpl13spec_new_impl (in /home/guido/rustdom-selection-validation-cQnQbx/dist/rustdom.node)
==5339==    by 0x231F177F: _RNvMs2_NtNtCs4QMHp0v7l6B_4napi9js_values15object_propertyNtB5_8Property14with_utf8_name (in /home/guido/rustdom-selection-validation-cQnQbx/dist/rustdom.node)
==5339==    by 0x231B5A78: _RNvNvNvNvNtNtNtCs3Ir8cfnU9oH_7rustdom3xml7binding37___napi_impl_helper_NativeXmlParser_2241___napi_register__NativeXmlParser_impl_4941__18___CTOR_PRIVATE_REF14___ctor_private (in /home/guido/rustdom-selection-validation-cQnQbx/dist/rustdom.node)
==5339==    by 0x6B9F47D: call_init.part.0 (dl-init.c:70)
==5339==    by 0x6B9F567: call_init (dl-init.c:33)
==5339==    by 0x6B9F567: _dl_init (dl-init.c:117)
==5339==    by 0x78ADBB4: _dl_catch_exception (dl-error-skeleton.c:182)
==5339==    by 0x6BA6FF5: dl_open_worker (dl-open.c:808)
==5339==    by 0x6BA6FF5: dl_open_worker (dl-open.c:771)
==5339==    by 0x78ADB57: _dl_catch_exception (dl-error-skeleton.c:208)
==5339==    by 0x6BA734D: _dl_open (dl-open.c:883)
==5339==    by 0x77C95FB: dlopen_doit (dlopen.c:56)
==5339==    by 0x78ADB57: _dl_catch_exception (dl-error-skeleton.c:208)
==5339== 
==5339== 6 bytes in 1 blocks are possibly lost in loss record 24 of 425
==5339==    at 0x73E1899: malloc (in /mnt/c/Users/guido/ghq/projects/rustdom/.tools/valgrind/usr/libexec/valgrind/vgpreload_memcheck-amd64-linux.so)
==5339==    by 0x232478C2: _RNvXs0_NvMs_NtNtCs6i54tJFfzR_5alloc3ffi5c_strNtBa_7CString3newReNtB5_11SpecNewImpl13spec_new_impl (in /home/guido/rustdom-selection-validation-cQnQbx/dist/rustdom.node)
==5339==    by 0x231F177F: _RNvMs2_NtNtCs4QMHp0v7l6B_4napi9js_values15object_propertyNtB5_8Property14with_utf8_name (in /home/guido/rustdom-selection-validation-cQnQbx/dist/rustdom.node)
==5339==    by 0x2319CBF8: _RNvNvNvNvNtNtNtCs3Ir8cfnU9oH_7rustdom3dom16dom_rect_binding34___napi_impl_helper_NativeDomRect_238___napi_register__NativeDomRect_impl_521__18___CTOR_PRIVATE_REF14___ctor_private (in /home/guido/rustdom-selection-validation-cQnQbx/dist/rustdom.node)
==5339==    by 0x6B9F47D: call_init.part.0 (dl-init.c:70)
==5339==    by 0x6B9F567: call_init (dl-init.c:33)
==5339==    by 0x6B9F567: _dl_init (dl-init.c:117)
==5339==    by 0x78ADBB4: _dl_catch_exception (dl-error-skeleton.c:182)
==5339==    by 0x6BA6FF5: dl_open_worker (dl-open.c:808)
==5339==    by 0x6BA6FF5: dl_open_worker (dl-open.c:771)
==5339==    by 0x78ADB57: _dl_catch_exception (dl-error-skeleton.c:208)
==5339==    by 0x6BA734D: _dl_open (dl-open.c:883)
==5339==    by 0x77C95FB: dlopen_doit (dlopen.c:56)
==5339==    by 0x78ADB57: _dl_catch_exception (dl-error-skeleton.c:208)
==5339== 
==5339== 6 bytes in 1 blocks are possibly lost in loss record 25 of 425
==5339==    at 0x73E1899: malloc (in /mnt/c/Users/guido/ghq/projects/rustdom/.tools/valgrind/usr/libexec/valgrind/vgpreload_memcheck-amd64-linux.so)
==5339==    by 0x232478C2: _RNvXs0_NvMs_NtNtCs6i54tJFfzR_5alloc3ffi5c_strNtBa_7CString3newReNtB5_11SpecNewImpl13spec_new_impl (in /home/guido/rustdom-selection-validation-cQnQbx/dist/rustdom.node)
==5339==    by 0x231F177F: _RNvMs2_NtNtCs4QMHp0v7l6B_4napi9js_values15object_propertyNtB5_8Property14with_utf8_name (in /home/guido/rustdom-selection-validation-cQnQbx/dist/rustdom.node)
==5339==    by 0x2319D010: _RNvNvNvNvNtNtNtCs3Ir8cfnU9oH_7rustdom3dom16dom_rect_binding34___napi_impl_helper_NativeDomRect_238___napi_register__NativeDomRect_impl_521__18___CTOR_PRIVATE_REF14___ctor_private (in /home/guido/rustdom-selection-validation-cQnQbx/dist/rustdom.node)
==5339==    by 0x6B9F47D: call_init.part.0 (dl-init.c:70)
==5339==    by 0x6B9F567: call_init (dl-init.c:33)
==5339==    by 0x6B9F567: _dl_init (dl-init.c:117)
==5339==    by 0x78ADBB4: _dl_catch_exception (dl-error-skeleton.c:182)
==5339==    by 0x6BA6FF5: dl_open_worker (dl-open.c:808)
==5339==    by 0x6BA6FF5: dl_open_worker (dl-open.c:771)
==5339==    by 0x78ADB57: _dl_catch_exception (dl-error-skeleton.c:208)
==5339==    by 0x6BA734D: _dl_open (dl-open.c:883)
==5339==    by 0x77C95FB: dlopen_doit (dlopen.c:56)
==5339==    by 0x78ADB57: _dl_catch_exception (dl-error-skeleton.c:208)
==5339== 
==5339== 6 bytes in 1 blocks are possibly lost in loss record 26 of 425
==5339==    at 0x73E1899: malloc (in /mnt/c/Users/guido/ghq/projects/rustdom/.tools/valgrind/usr/libexec/valgrind/vgpreload_memcheck-amd64-linux.so)
==5339==    by 0x232478C2: _RNvXs0_NvMs_NtNtCs6i54tJFfzR_5alloc3ffi5c_strNtBa_7CString3newReNtB5_11SpecNewImpl13spec_new_impl (in /home/guido/rustdom-selection-validation-cQnQbx/dist/rustdom.node)
==5339==    by 0x231F177F: _RNvMs2_NtNtCs4QMHp0v7l6B_4napi9js_values15object_propertyNtB5_8Property14with_utf8_name (in /home/guido/rustdom-selection-validation-cQnQbx/dist/rustdom.node)
==5339==    by 0x231A749B: _RNvNvNvNvNtNtNtCs3Ir8cfnU9oH_7rustdom3dom19file_reader_binding42___napi_impl_helper_NativeFileReaderState_547___napi_register__NativeFileReaderState_impl_1151__18___CTOR_PRIVATE_REF14___ctor_private (in /home/guido/rustdom-selection-validation-cQnQbx/dist/rustdom.node)
==5339==    by 0x6B9F47D: call_init.part.0 (dl-init.c:70)
==5339==    by 0x6B9F567: call_init (dl-init.c:33)
==5339==    by 0x6B9F567: _dl_init (dl-init.c:117)
==5339==    by 0x78ADBB4: _dl_catch_exception (dl-error-skeleton.c:182)
==5339==    by 0x6BA6FF5: dl_open_worker (dl-open.c:808)
==5339==    by 0x6BA6FF5: dl_open_worker (dl-open.c:771)
==5339==    by 0x78ADB57: _dl_catch_exception (dl-error-skeleton.c:208)
==5339==    by 0x6BA734D: _dl_open (dl-open.c:883)
==5339==    by 0x77C95FB: dlopen_doit (dlopen.c:56)
==5339==    by 0x78ADB57: _dl_catch_exception (dl-error-skeleton.c:208)
==5339== 
==5339== 6 bytes in 1 blocks are possibly lost in loss record 27 of 425
==5339==    at 0x73E1899: malloc (in /mnt/c/Users/guido/ghq/projects/rustdom/.tools/valgrind/usr/libexec/valgrind/vgpreload_memcheck-amd64-linux.so)
==5339==    by 0x232478C2: _RNvXs0_NvMs_NtNtCs6i54tJFfzR_5alloc3ffi5c_strNtBa_7CString3newReNtB5_11SpecNewImpl13spec_new_impl (in /home/guido/rustdom-selection-validation-cQnQbx/dist/rustdom.node)
==5339==    by 0x231F177F: _RNvMs2_NtNtCs4QMHp0v7l6B_4napi9js_values15object_propertyNtB5_8Property14with_utf8_name (in /home/guido/rustdom-selection-validation-cQnQbx/dist/rustdom.node)
==5339==    by 0x231A758A: _RNvNvNvNvNtNtNtCs3Ir8cfnU9oH_7rustdom3dom19file_reader_binding42___napi_impl_helper_NativeFileReaderState_547___napi_register__NativeFileReaderState_impl_1151__18___CTOR_PRIVATE_REF14___ctor_private (in /home/guido/rustdom-selection-validation-cQnQbx/dist/rustdom.node)
==5339==    by 0x6B9F47D: call_init.part.0 (dl-init.c:70)
==5339==    by 0x6B9F567: call_init (dl-init.c:33)
==5339==    by 0x6B9F567: _dl_init (dl-init.c:117)
==5339==    by 0x78ADBB4: _dl_catch_exception (dl-error-skeleton.c:182)
==5339==    by 0x6BA6FF5: dl_open_worker (dl-open.c:808)
==5339==    by 0x6BA6FF5: dl_open_worker (dl-open.c:771)
==5339==    by 0x78ADB57: _dl_catch_exception (dl-error-skeleton.c:208)
==5339==    by 0x6BA734D: _dl_open (dl-open.c:883)
==5339==    by 0x77C95FB: dlopen_doit (dlopen.c:56)
==5339==    by 0x78ADB57: _dl_catch_exception (dl-error-skeleton.c:208)
==5339== 
==5339== 6 bytes in 1 blocks are possibly lost in loss record 28 of 425
==5339==    at 0x73E1899: malloc (in /mnt/c/Users/guido/ghq/projects/rustdom/.tools/valgrind/usr/libexec/valgrind/vgpreload_memcheck-amd64-linux.so)
==5339==    by 0x232478C2: _RNvXs0_NvMs_NtNtCs6i54tJFfzR_5alloc3ffi5c_strNtBa_7CString3newReNtB5_11SpecNewImpl13spec_new_impl (in /home/guido/rustdom-selection-validation-cQnQbx/dist/rustdom.node)
==5339==    by 0x231F177F: _RNvMs2_NtNtCs4QMHp0v7l6B_4napi9js_values15object_propertyNtB5_8Property14with_utf8_name (in /home/guido/rustdom-selection-validation-cQnQbx/dist/rustdom.node)
==5339==    by 0x231A9EF2: _RNvNvNvNvNtNtNtCs3Ir8cfnU9oH_7rustdom3dom19range_state_binding33___napi_impl_helper_NativeRange_1137___napi_register__NativeRange_impl_2221__18___CTOR_PRIVATE_REF14___ctor_private (in /home/guido/rustdom-selection-validation-cQnQbx/dist/rustdom.node)
==5339==    by 0x6B9F47D: call_init.part.0 (dl-init.c:70)
==5339==    by 0x6B9F567: call_init (dl-init.c:33)
==5339==    by 0x6B9F567: _dl_init (dl-init.c:117)
==5339==    by 0x78ADBB4: _dl_catch_exception (dl-error-skeleton.c:182)
==5339==    by 0x6BA6FF5: dl_open_worker (dl-open.c:808)
==5339==    by 0x6BA6FF5: dl_open_worker (dl-open.c:771)
==5339==    by 0x78ADB57: _dl_catch_exception (dl-error-skeleton.c:208)
==5339==    by 0x6BA734D: _dl_open (dl-open.c:883)
==5339==    by 0x77C95FB: dlopen_doit (dlopen.c:56)
==5339==    by 0x78ADB57: _dl_catch_exception (dl-error-skeleton.c:208)
==5339== 
==5339== 6 bytes in 1 blocks are possibly lost in loss record 29 of 425
==5339==    at 0x73E1899: malloc (in /mnt/c/Users/guido/ghq/projects/rustdom/.tools/valgrind/usr/libexec/valgrind/vgpreload_memcheck-amd64-linux.so)
==5339==    by 0x232478C2: _RNvXs0_NvMs_NtNtCs6i54tJFfzR_5alloc3ffi5c_strNtBa_7CString3newReNtB5_11SpecNewImpl13spec_new_impl (in /home/guido/rustdom-selection-validation-cQnQbx/dist/rustdom.node)
==5339==    by 0x231F177F: _RNvMs2_NtNtCs4QMHp0v7l6B_4napi9js_values15object_propertyNtB5_8Property14with_utf8_name (in /home/guido/rustdom-selection-validation-cQnQbx/dist/rustdom.node)
==5339==    by 0x231ABCD9: _RNvNvNvNvNtNtNtCs3Ir8cfnU9oH_7rustdom3dom19tree_cursor_binding37___napi_impl_helper_NativeTraversal_1841___napi_register__NativeTraversal_impl_4571__18___CTOR_PRIVATE_REF14___ctor_private (in /home/guido/rustdom-selection-validation-cQnQbx/dist/rustdom.node)
==5339==    by 0x6B9F47D: call_init.part.0 (dl-init.c:70)
==5339==    by 0x6B9F567: call_init (dl-init.c:33)
==5339==    by 0x6B9F567: _dl_init (dl-init.c:117)
==5339==    by 0x78ADBB4: _dl_catch_exception (dl-error-skeleton.c:182)
==5339==    by 0x6BA6FF5: dl_open_worker (dl-open.c:808)
==5339==    by 0x6BA6FF5: dl_open_worker (dl-open.c:771)
==5339==    by 0x78ADB57: _dl_catch_exception (dl-error-skeleton.c:208)
==5339==    by 0x6BA734D: _dl_open (dl-open.c:883)
==5339==    by 0x77C95FB: dlopen_doit (dlopen.c:56)
==5339==    by 0x78ADB57: _dl_catch_exception (dl-error-skeleton.c:208)
==5339== 
==5339== 6 bytes in 1 blocks are possibly lost in loss record 30 of 425
==5339==    at 0x73E1899: malloc (in /mnt/c/Users/guido/ghq/projects/rustdom/.tools/valgrind/usr/libexec/valgrind/vgpreload_memcheck-amd64-linux.so)
==5339==    by 0x232478C2: _RNvXs0_NvMs_NtNtCs6i54tJFfzR_5alloc3ffi5c_strNtBa_7CString3newReNtB5_11SpecNewImpl13spec_new_impl (in /home/guido/rustdom-selection-validation-cQnQbx/dist/rustdom.node)
==5339==    by 0x231F177F: _RNvMs2_NtNtCs4QMHp0v7l6B_4napi9js_values15object_propertyNtB5_8Property14with_utf8_name (in /home/guido/rustdom-selection-validation-cQnQbx/dist/rustdom.node)
==5339==    by 0x231AC85B: _RNvNvNvNvNtNtNtCs3Ir8cfnU9oH_7rustdom3dom19web_storage_binding39___napi_impl_helper_NativeStorageArea_2043___napi_register__NativeStorageArea_impl_4761__18___CTOR_PRIVATE_REF14___ctor_private (in /home/guido/rustdom-selection-validation-cQnQbx/dist/rustdom.node)
==5339==    by 0x6B9F47D: call_init.part.0 (dl-init.c:70)
==5339==    by 0x6B9F567: call_init (dl-init.c:33)
==5339==    by 0x6B9F567: _dl_init (dl-init.c:117)
==5339==    by 0x78ADBB4: _dl_catch_exception (dl-error-skeleton.c:182)
==5339==    by 0x6BA6FF5: dl_open_worker (dl-open.c:808)
==5339==    by 0x6BA6FF5: dl_open_worker (dl-open.c:771)
==5339==    by 0x78ADB57: _dl_catch_exception (dl-error-skeleton.c:208)
==5339==    by 0x6BA734D: _dl_open (dl-open.c:883)
==5339==    by 0x77C95FB: dlopen_doit (dlopen.c:56)
==5339==    by 0x78ADB57: _dl_catch_exception (dl-error-skeleton.c:208)
==5339== 
==5339== 6 bytes in 1 blocks are possibly lost in loss record 31 of 425
==5339==    at 0x73E1899: malloc (in /mnt/c/Users/guido/ghq/projects/rustdom/.tools/valgrind/usr/libexec/valgrind/vgpreload_memcheck-amd64-linux.so)
==5339==    by 0x232478C2: _RNvXs0_NvMs_NtNtCs6i54tJFfzR_5alloc3ffi5c_strNtBa_7CString3newReNtB5_11SpecNewImpl13spec_new_impl (in /home/guido/rustdom-selection-validation-cQnQbx/dist/rustdom.node)
==5339==    by 0x231F177F: _RNvMs2_NtNtCs4QMHp0v7l6B_4napi9js_values15object_propertyNtB5_8Property14with_utf8_name (in /home/guido/rustdom-selection-validation-cQnQbx/dist/rustdom.node)
==5339==    by 0x231AD23D: _RNvNvNvNvNtNtNtCs3Ir8cfnU9oH_7rustdom3dom19web_storage_binding39___napi_impl_helper_NativeStorageArea_2043___napi_register__NativeStorageArea_impl_4761__18___CTOR_PRIVATE_REF14___ctor_private (in /home/guido/rustdom-selection-validation-cQnQbx/dist/rustdom.node)
==5339==    by 0x6B9F47D: call_init.part.0 (dl-init.c:70)
==5339==    by 0x6B9F567: call_init (dl-init.c:33)
==5339==    by 0x6B9F567: _dl_init (dl-init.c:117)
==5339==    by 0x78ADBB4: _dl_catch_exception (dl-error-skeleton.c:182)
==5339==    by 0x6BA6FF5: dl_open_worker (dl-open.c:808)
==5339==    by 0x6BA6FF5: dl_open_worker (dl-open.c:771)
==5339==    by 0x78ADB57: _dl_catch_exception (dl-error-skeleton.c:208)
==5339==    by 0x6BA734D: _dl_open (dl-open.c:883)
==5339==    by 0x77C95FB: dlopen_doit (dlopen.c:56)
==5339==    by 0x78ADB57: _dl_catch_exception (dl-error-skeleton.c:208)
==5339== 
==5339== 6 bytes in 1 blocks are possibly lost in loss record 32 of 425
==5339==    at 0x73E1899: malloc (in /mnt/c/Users/guido/ghq/projects/rustdom/.tools/valgrind/usr/libexec/valgrind/vgpreload_memcheck-amd64-linux.so)
==5339==    by 0x232478C2: _RNvXs0_NvMs_NtNtCs6i54tJFfzR_5alloc3ffi5c_strNtBa_7CString3newReNtB5_11SpecNewImpl13spec_new_impl (in /home/guido/rustdom-selection-validation-cQnQbx/dist/rustdom.node)
==5339==    by 0x231F177F: _RNvMs2_NtNtCs4QMHp0v7l6B_4napi9js_values15object_propertyNtB5_8Property14with_utf8_name (in /home/guido/rustdom-selection-validation-cQnQbx/dist/rustdom.node)
==5339==    by 0x2318CF9B: _RNvNvNtNtNtCs3Ir8cfnU9oH_7rustdom3dom4tree32___napi_impl_helper_NativeTree_1736___napi_register__NativeTree_impl_44320___ctor_private_inner (in /home/guido/rustdom-selection-validation-cQnQbx/dist/rustdom.node)
==5339==    by 0x231B5535: _RNvNvNvNvNtNtNtCs3Ir8cfnU9oH_7rustdom3dom4tree32___napi_impl_helper_NativeTree_1736___napi_register__NativeTree_impl_4431__18___CTOR_PRIVATE_REF14___ctor_private (in /home/guido/rustdom-selection-validation-cQnQbx/dist/rustdom.node)
==5339==    by 0x6B9F47D: call_init.part.0 (dl-init.c:70)
==5339==    by 0x6B9F567: call_init (dl-init.c:33)
==5339==    by 0x6B9F567: _dl_init (dl-init.c:117)
==5339==    by 0x78ADBB4: _dl_catch_exception (dl-error-skeleton.c:182)
==5339==    by 0x6BA6FF5: dl_open_worker (dl-open.c:808)
==5339==    by 0x6BA6FF5: dl_open_worker (dl-open.c:771)
==5339==    by 0x78ADB57: _dl_catch_exception (dl-error-skeleton.c:208)
==5339==    by 0x6BA734D: _dl_open (dl-open.c:883)
==5339==    by 0x77C95FB: dlopen_doit (dlopen.c:56)
==5339== 
==5339== 6 bytes in 1 blocks are possibly lost in loss record 33 of 425
==5339==    at 0x73E1899: malloc (in /mnt/c/Users/guido/ghq/projects/rustdom/.tools/valgrind/usr/libexec/valgrind/vgpreload_memcheck-amd64-linux.so)
==5339==    by 0x232478C2: _RNvXs0_NvMs_NtNtCs6i54tJFfzR_5alloc3ffi5c_strNtBa_7CString3newReNtB5_11SpecNewImpl13spec_new_impl (in /home/guido/rustdom-selection-validation-cQnQbx/dist/rustdom.node)
==5339==    by 0x231F177F: _RNvMs2_NtNtCs4QMHp0v7l6B_4napi9js_values15object_propertyNtB5_8Property14with_utf8_name (in /home/guido/rustdom-selection-validation-cQnQbx/dist/rustdom.node)
==5339==    by 0x231B576B: _RNvNvNvNvNtNtNtCs3Ir8cfnU9oH_7rustdom3xml7binding37___napi_impl_helper_NativeXmlParser_2241___napi_register__NativeXmlParser_impl_4941__18___CTOR_PRIVATE_REF14___ctor_private (in /home/guido/rustdom-selection-validation-cQnQbx/dist/rustdom.node)
==5339==    by 0x6B9F47D: call_init.part.0 (dl-init.c:70)
==5339==    by 0x6B9F567: call_init (dl-init.c:33)
==5339==    by 0x6B9F567: _dl_init (dl-init.c:117)
==5339==    by 0x78ADBB4: _dl_catch_exception (dl-error-skeleton.c:182)
==5339==    by 0x6BA6FF5: dl_open_worker (dl-open.c:808)
==5339==    by 0x6BA6FF5: dl_open_worker (dl-open.c:771)
==5339==    by 0x78ADB57: _dl_catch_exception (dl-error-skeleton.c:208)
==5339==    by 0x6BA734D: _dl_open (dl-open.c:883)
==5339==    by 0x77C95FB: dlopen_doit (dlopen.c:56)
==5339==    by 0x78ADB57: _dl_catch_exception (dl-error-skeleton.c:208)
==5339== 
==5339== 7 bytes in 1 blocks are possibly lost in loss record 34 of 425
==5339==    at 0x73E1899: malloc (in /mnt/c/Users/guido/ghq/projects/rustdom/.tools/valgrind/usr/libexec/valgrind/vgpreload_memcheck-amd64-linux.so)
==5339==    by 0x232478C2: _RNvXs0_NvMs_NtNtCs6i54tJFfzR_5alloc3ffi5c_strNtBa_7CString3newReNtB5_11SpecNewImpl13spec_new_impl (in /home/guido/rustdom-selection-validation-cQnQbx/dist/rustdom.node)
==5339==    by 0x231F177F: _RNvMs2_NtNtCs4QMHp0v7l6B_4napi9js_values15object_propertyNtB5_8Property14with_utf8_name (in /home/guido/rustdom-selection-validation-cQnQbx/dist/rustdom.node)
==5339==    by 0x2319C80B: _RNvNvNvNvNtNtNtCs3Ir8cfnU9oH_7rustdom3dom16dom_rect_binding34___napi_impl_helper_NativeDomRect_238___napi_register__NativeDomRect_impl_521__18___CTOR_PRIVATE_REF14___ctor_private (in /home/guido/rustdom-selection-validation-cQnQbx/dist/rustdom.node)
==5339==    by 0x6B9F47D: call_init.part.0 (dl-init.c:70)
==5339==    by 0x6B9F567: call_init (dl-init.c:33)
==5339==    by 0x6B9F567: _dl_init (dl-init.c:117)
==5339==    by 0x78ADBB4: _dl_catch_exception (dl-error-skeleton.c:182)
==5339==    by 0x6BA6FF5: dl_open_worker (dl-open.c:808)
==5339==    by 0x6BA6FF5: dl_open_worker (dl-open.c:771)
==5339==    by 0x78ADB57: _dl_catch_exception (dl-error-skeleton.c:208)
==5339==    by 0x6BA734D: _dl_open (dl-open.c:883)
==5339==    by 0x77C95FB: dlopen_doit (dlopen.c:56)
==5339==    by 0x78ADB57: _dl_catch_exception (dl-error-skeleton.c:208)
==5339== 
==5339== 7 bytes in 1 blocks are possibly lost in loss record 35 of 425
==5339==    at 0x73E1899: malloc (in /mnt/c/Users/guido/ghq/projects/rustdom/.tools/valgrind/usr/libexec/valgrind/vgpreload_memcheck-amd64-linux.so)
==5339==    by 0x232478C2: _RNvXs0_NvMs_NtNtCs6i54tJFfzR_5alloc3ffi5c_strNtBa_7CString3newReNtB5_11SpecNewImpl13spec_new_impl (in /home/guido/rustdom-selection-validation-cQnQbx/dist/rustdom.node)
==5339==    by 0x231F177F: _RNvMs2_NtNtCs4QMHp0v7l6B_4napi9js_values15object_propertyNtB5_8Property14with_utf8_name (in /home/guido/rustdom-selection-validation-cQnQbx/dist/rustdom.node)
==5339==    by 0x2319C9FC: _RNvNvNvNvNtNtNtCs3Ir8cfnU9oH_7rustdom3dom16dom_rect_binding34___napi_impl_helper_NativeDomRect_238___napi_register__NativeDomRect_impl_521__18___CTOR_PRIVATE_REF14___ctor_private (in /home/guido/rustdom-selection-validation-cQnQbx/dist/rustdom.node)
==5339==    by 0x6B9F47D: call_init.part.0 (dl-init.c:70)
==5339==    by 0x6B9F567: call_init (dl-init.c:33)
==5339==    by 0x6B9F567: _dl_init (dl-init.c:117)
==5339==    by 0x78ADBB4: _dl_catch_exception (dl-error-skeleton.c:182)
==5339==    by 0x6BA6FF5: dl_open_worker (dl-open.c:808)
==5339==    by 0x6BA6FF5: dl_open_worker (dl-open.c:771)
==5339==    by 0x78ADB57: _dl_catch_exception (dl-error-skeleton.c:208)
==5339==    by 0x6BA734D: _dl_open (dl-open.c:883)
==5339==    by 0x77C95FB: dlopen_doit (dlopen.c:56)
==5339==    by 0x78ADB57: _dl_catch_exception (dl-error-skeleton.c:208)
==5339== 
==5339== 7 bytes in 1 blocks are possibly lost in loss record 36 of 425
==5339==    at 0x73E1899: malloc (in /mnt/c/Users/guido/ghq/projects/rustdom/.tools/valgrind/usr/libexec/valgrind/vgpreload_memcheck-amd64-linux.so)
==5339==    by 0x232478C2: _RNvXs0_NvMs_NtNtCs6i54tJFfzR_5alloc3ffi5c_strNtBa_7CString3newReNtB5_11SpecNewImpl13spec_new_impl (in /home/guido/rustdom-selection-validation-cQnQbx/dist/rustdom.node)
==5339==    by 0x231F177F: _RNvMs2_NtNtCs4QMHp0v7l6B_4napi9js_values15object_propertyNtB5_8Property14with_utf8_name (in /home/guido/rustdom-selection-validation-cQnQbx/dist/rustdom.node)
==5339==    by 0x2319DF6B: _RNvNvNvNvNtNtNtCs3Ir8cfnU9oH_7rustdom3dom17form_data_binding42___napi_impl_helper_NativeFormDataEntries_647___napi_register__NativeFormDataEntries_impl_1371__18___CTOR_PRIVATE_REF14___ctor_private (in /home/guido/rustdom-selection-validation-cQnQbx/dist/rustdom.node)
==5339==    by 0x6B9F47D: call_init.part.0 (dl-init.c:70)
==5339==    by 0x6B9F567: call_init (dl-init.c:33)
==5339==    by 0x6B9F567: _dl_init (dl-init.c:117)
==5339==    by 0x78ADBB4: _dl_catch_exception (dl-error-skeleton.c:182)
==5339==    by 0x6BA6FF5: dl_open_worker (dl-open.c:808)
==5339==    by 0x6BA6FF5: dl_open_worker (dl-open.c:771)
==5339==    by 0x78ADB57: _dl_catch_exception (dl-error-skeleton.c:208)
==5339==    by 0x6BA734D: _dl_open (dl-open.c:883)
==5339==    by 0x77C95FB: dlopen_doit (dlopen.c:56)
==5339==    by 0x78ADB57: _dl_catch_exception (dl-error-skeleton.c:208)
==5339== 
==5339== 7 bytes in 1 blocks are possibly lost in loss record 37 of 425
==5339==    at 0x73E1899: malloc (in /mnt/c/Users/guido/ghq/projects/rustdom/.tools/valgrind/usr/libexec/valgrind/vgpreload_memcheck-amd64-linux.so)
==5339==    by 0x232478C2: _RNvXs0_NvMs_NtNtCs6i54tJFfzR_5alloc3ffi5c_strNtBa_7CString3newReNtB5_11SpecNewImpl13spec_new_impl (in /home/guido/rustdom-selection-validation-cQnQbx/dist/rustdom.node)
==5339==    by 0x231F177F: _RNvMs2_NtNtCs4QMHp0v7l6B_4napi9js_values15object_propertyNtB5_8Property14with_utf8_name (in /home/guido/rustdom-selection-validation-cQnQbx/dist/rustdom.node)
==5339==    by 0x2319E05B: _RNvNvNvNvNtNtNtCs3Ir8cfnU9oH_7rustdom3dom17form_data_binding42___napi_impl_helper_NativeFormDataEntries_647___napi_register__NativeFormDataEntries_impl_1371__18___CTOR_PRIVATE_REF14___ctor_private (in /home/guido/rustdom-selection-validation-cQnQbx/dist/rustdom.node)
==5339==    by 0x6B9F47D: call_init.part.0 (dl-init.c:70)
==5339==    by 0x6B9F567: call_init (dl-init.c:33)
==5339==    by 0x6B9F567: _dl_init (dl-init.c:117)
==5339==    by 0x78ADBB4: _dl_catch_exception (dl-error-skeleton.c:182)
==5339==    by 0x6BA6FF5: dl_open_worker (dl-open.c:808)
==5339==    by 0x6BA6FF5: dl_open_worker (dl-open.c:771)
==5339==    by 0x78ADB57: _dl_catch_exception (dl-error-skeleton.c:208)
==5339==    by 0x6BA734D: _dl_open (dl-open.c:883)
==5339==    by 0x77C95FB: dlopen_doit (dlopen.c:56)
==5339==    by 0x78ADB57: _dl_catch_exception (dl-error-skeleton.c:208)
==5339== 
==5339== 7 bytes in 1 blocks are possibly lost in loss record 38 of 425
==5339==    at 0x73E1899: malloc (in /mnt/c/Users/guido/ghq/projects/rustdom/.tools/valgrind/usr/libexec/valgrind/vgpreload_memcheck-amd64-linux.so)
==5339==    by 0x232478C2: _RNvXs0_NvMs_NtNtCs6i54tJFfzR_5alloc3ffi5c_strNtBa_7CString3newReNtB5_11SpecNewImpl13spec_new_impl (in /home/guido/rustdom-selection-validation-cQnQbx/dist/rustdom.node)
==5339==    by 0x231F177F: _RNvMs2_NtNtCs4QMHp0v7l6B_4napi9js_values15object_propertyNtB5_8Property14with_utf8_name (in /home/guido/rustdom-selection-validation-cQnQbx/dist/rustdom.node)
==5339==    by 0x2319E268: _RNvNvNvNvNtNtNtCs3Ir8cfnU9oH_7rustdom3dom17form_data_binding42___napi_impl_helper_NativeFormDataEntries_647___napi_register__NativeFormDataEntries_impl_1371__18___CTOR_PRIVATE_REF14___ctor_private (in /home/guido/rustdom-selection-validation-cQnQbx/dist/rustdom.node)
==5339==    by 0x6B9F47D: call_init.part.0 (dl-init.c:70)
==5339==    by 0x6B9F567: call_init (dl-init.c:33)
==5339==    by 0x6B9F567: _dl_init (dl-init.c:117)
==5339==    by 0x78ADBB4: _dl_catch_exception (dl-error-skeleton.c:182)
==5339==    by 0x6BA6FF5: dl_open_worker (dl-open.c:808)
==5339==    by 0x6BA6FF5: dl_open_worker (dl-open.c:771)
==5339==    by 0x78ADB57: _dl_catch_exception (dl-error-skeleton.c:208)
==5339==    by 0x6BA734D: _dl_open (dl-open.c:883)
==5339==    by 0x77C95FB: dlopen_doit (dlopen.c:56)
==5339==    by 0x78ADB57: _dl_catch_exception (dl-error-skeleton.c:208)
==5339== 
==5339== 7 bytes in 1 blocks are possibly lost in loss record 39 of 425
==5339==    at 0x73E1899: malloc (in /mnt/c/Users/guido/ghq/projects/rustdom/.tools/valgrind/usr/libexec/valgrind/vgpreload_memcheck-amd64-linux.so)
==5339==    by 0x232478C2: _RNvXs0_NvMs_NtNtCs6i54tJFfzR_5alloc3ffi5c_strNtBa_7CString3newReNtB5_11SpecNewImpl13spec_new_impl (in /home/guido/rustdom-selection-validation-cQnQbx/dist/rustdom.node)
==5339==    by 0x231F177F: _RNvMs2_NtNtCs4QMHp0v7l6B_4napi9js_values15object_propertyNtB5_8Property14with_utf8_name (in /home/guido/rustdom-selection-validation-cQnQbx/dist/rustdom.node)
==5339==    by 0x2319E680: _RNvNvNvNvNtNtNtCs3Ir8cfnU9oH_7rustdom3dom17form_data_binding42___napi_impl_helper_NativeFormDataEntries_647___napi_register__NativeFormDataEntries_impl_1371__18___CTOR_PRIVATE_REF14___ctor_private (in /home/guido/rustdom-selection-validation-cQnQbx/dist/rustdom.node)
==5339==    by 0x6B9F47D: call_init.part.0 (dl-init.c:70)
==5339==    by 0x6B9F567: call_init (dl-init.c:33)
==5339==    by 0x6B9F567: _dl_init (dl-init.c:117)
==5339==    by 0x78ADBB4: _dl_catch_exception (dl-error-skeleton.c:182)
==5339==    by 0x6BA6FF5: dl_open_worker (dl-open.c:808)
==5339==    by 0x6BA6FF5: dl_open_worker (dl-open.c:771)
==5339==    by 0x78ADB57: _dl_catch_exception (dl-error-skeleton.c:208)
==5339==    by 0x6BA734D: _dl_open (dl-open.c:883)
==5339==    by 0x77C95FB: dlopen_doit (dlopen.c:56)
==5339==    by 0x78ADB57: _dl_catch_exception (dl-error-skeleton.c:208)
==5339== 
==5339== 7 bytes in 1 blocks are possibly lost in loss record 40 of 425
==5339==    at 0x73E1899: malloc (in /mnt/c/Users/guido/ghq/projects/rustdom/.tools/valgrind/usr/libexec/valgrind/vgpreload_memcheck-amd64-linux.so)
==5339==    by 0x232478C2: _RNvXs0_NvMs_NtNtCs6i54tJFfzR_5alloc3ffi5c_strNtBa_7CString3newReNtB5_11SpecNewImpl13spec_new_impl (in /home/guido/rustdom-selection-validation-cQnQbx/dist/rustdom.node)
==5339==    by 0x231F177F: _RNvMs2_NtNtCs4QMHp0v7l6B_4napi9js_values15object_propertyNtB5_8Property14with_utf8_name (in /home/guido/rustdom-selection-validation-cQnQbx/dist/rustdom.node)
==5339==    by 0x2319EA98: _RNvNvNvNvNtNtNtCs3Ir8cfnU9oH_7rustdom3dom17form_data_binding42___napi_impl_helper_NativeFormDataEntries_647___napi_register__NativeFormDataEntries_impl_1371__18___CTOR_PRIVATE_REF14___ctor_private (in /home/guido/rustdom-selection-validation-cQnQbx/dist/rustdom.node)
==5339==    by 0x6B9F47D: call_init.part.0 (dl-init.c:70)
==5339==    by 0x6B9F567: call_init (dl-init.c:33)
==5339==    by 0x6B9F567: _dl_init (dl-init.c:117)
==5339==    by 0x78ADBB4: _dl_catch_exception (dl-error-skeleton.c:182)
==5339==    by 0x6BA6FF5: dl_open_worker (dl-open.c:808)
==5339==    by 0x6BA6FF5: dl_open_worker (dl-open.c:771)
==5339==    by 0x78ADB57: _dl_catch_exception (dl-error-skeleton.c:208)
==5339==    by 0x6BA734D: _dl_open (dl-open.c:883)
==5339==    by 0x77C95FB: dlopen_doit (dlopen.c:56)
==5339==    by 0x78ADB57: _dl_catch_exception (dl-error-skeleton.c:208)
==5339== 
==5339== 7 bytes in 1 blocks are possibly lost in loss record 41 of 425
==5339==    at 0x73E1899: malloc (in /mnt/c/Users/guido/ghq/projects/rustdom/.tools/valgrind/usr/libexec/valgrind/vgpreload_memcheck-amd64-linux.so)
==5339==    by 0x232478C2: _RNvXs0_NvMs_NtNtCs6i54tJFfzR_5alloc3ffi5c_strNtBa_7CString3newReNtB5_11SpecNewImpl13spec_new_impl (in /home/guido/rustdom-selection-validation-cQnQbx/dist/rustdom.node)
==5339==    by 0x231F177F: _RNvMs2_NtNtCs4QMHp0v7l6B_4napi9js_values15object_propertyNtB5_8Property14with_utf8_name (in /home/guido/rustdom-selection-validation-cQnQbx/dist/rustdom.node)
==5339==    by 0x231A04EE: _RNvNvNvNvNtNtNtCs3Ir8cfnU9oH_7rustdom3dom17selection_binding42___napi_impl_helper_NativeSelectionState_1246___napi_register__NativeSelectionState_impl_2341__18___CTOR_PRIVATE_REF14___ctor_private (in /home/guido/rustdom-selection-validation-cQnQbx/dist/rustdom.node)
==5339==    by 0x6B9F47D: call_init.part.0 (dl-init.c:70)
==5339==    by 0x6B9F567: call_init (dl-init.c:33)
==5339==    by 0x6B9F567: _dl_init (dl-init.c:117)
==5339==    by 0x78ADBB4: _dl_catch_exception (dl-error-skeleton.c:182)
==5339==    by 0x6BA6FF5: dl_open_worker (dl-open.c:808)
==5339==    by 0x6BA6FF5: dl_open_worker (dl-open.c:771)
==5339==    by 0x78ADB57: _dl_catch_exception (dl-error-skeleton.c:208)
==5339==    by 0x6BA734D: _dl_open (dl-open.c:883)
==5339==    by 0x77C95FB: dlopen_doit (dlopen.c:56)
==5339==    by 0x78ADB57: _dl_catch_exception (dl-error-skeleton.c:208)
==5339== 
==5339== 7 bytes in 1 blocks are possibly lost in loss record 42 of 425
==5339==    at 0x73E1899: malloc (in /mnt/c/Users/guido/ghq/projects/rustdom/.tools/valgrind/usr/libexec/valgrind/vgpreload_memcheck-amd64-linux.so)
==5339==    by 0x232478C2: _RNvXs0_NvMs_NtNtCs6i54tJFfzR_5alloc3ffi5c_strNtBa_7CString3newReNtB5_11SpecNewImpl13spec_new_impl (in /home/guido/rustdom-selection-validation-cQnQbx/dist/rustdom.node)
==5339==    by 0x231F177F: _RNvMs2_NtNtCs4QMHp0v7l6B_4napi9js_values15object_propertyNtB5_8Property14with_utf8_name (in /home/guido/rustdom-selection-validation-cQnQbx/dist/rustdom.node)
==5339==    by 0x231A7896: _RNvNvNvNvNtNtNtCs3Ir8cfnU9oH_7rustdom3dom19file_reader_binding42___napi_impl_helper_NativeFileReaderState_547___napi_register__NativeFileReaderState_impl_1151__18___CTOR_PRIVATE_REF14___ctor_private (in /home/guido/rustdom-selection-validation-cQnQbx/dist/rustdom.node)
==5339==    by 0x6B9F47D: call_init.part.0 (dl-init.c:70)
==5339==    by 0x6B9F567: call_init (dl-init.c:33)
==5339==    by 0x6B9F567: _dl_init (dl-init.c:117)
==5339==    by 0x78ADBB4: _dl_catch_exception (dl-error-skeleton.c:182)
==5339==    by 0x6BA6FF5: dl_open_worker (dl-open.c:808)
==5339==    by 0x6BA6FF5: dl_open_worker (dl-open.c:771)
==5339==    by 0x78ADB57: _dl_catch_exception (dl-error-skeleton.c:208)
==5339==    by 0x6BA734D: _dl_open (dl-open.c:883)
==5339==    by 0x77C95FB: dlopen_doit (dlopen.c:56)
==5339==    by 0x78ADB57: _dl_catch_exception (dl-error-skeleton.c:208)
==5339== 
==5339== 7 bytes in 1 blocks are possibly lost in loss record 43 of 425
==5339==    at 0x73E1899: malloc (in /mnt/c/Users/guido/ghq/projects/rustdom/.tools/valgrind/usr/libexec/valgrind/vgpreload_memcheck-amd64-linux.so)
==5339==    by 0x232478C2: _RNvXs0_NvMs_NtNtCs6i54tJFfzR_5alloc3ffi5c_strNtBa_7CString3newReNtB5_11SpecNewImpl13spec_new_impl (in /home/guido/rustdom-selection-validation-cQnQbx/dist/rustdom.node)
==5339==    by 0x231F177F: _RNvMs2_NtNtCs4QMHp0v7l6B_4napi9js_values15object_propertyNtB5_8Property14with_utf8_name (in /home/guido/rustdom-selection-validation-cQnQbx/dist/rustdom.node)
==5339==    by 0x231A83CB: _RNvNvNvNvNtNtNtCs3Ir8cfnU9oH_7rustdom3dom19range_clone_binding37___napi_impl_helper_NativeRangeClone_942___napi_register__NativeRangeClone_impl_1851__18___CTOR_PRIVATE_REF14___ctor_private (in /home/guido/rustdom-selection-validation-cQnQbx/dist/rustdom.node)
==5339==    by 0x6B9F47D: call_init.part.0 (dl-init.c:70)
==5339==    by 0x6B9F567: call_init (dl-init.c:33)
==5339==    by 0x6B9F567: _dl_init (dl-init.c:117)
==5339==    by 0x78ADBB4: _dl_catch_exception (dl-error-skeleton.c:182)
==5339==    by 0x6BA6FF5: dl_open_worker (dl-open.c:808)
==5339==    by 0x6BA6FF5: dl_open_worker (dl-open.c:771)
==5339==    by 0x78ADB57: _dl_catch_exception (dl-error-skeleton.c:208)
==5339==    by 0x6BA734D: _dl_open (dl-open.c:883)
==5339==    by 0x77C95FB: dlopen_doit (dlopen.c:56)
==5339==    by 0x78ADB57: _dl_catch_exception (dl-error-skeleton.c:208)
==5339== 
==5339== 7 bytes in 1 blocks are possibly lost in loss record 44 of 425
==5339==    at 0x73E1899: malloc (in /mnt/c/Users/guido/ghq/projects/rustdom/.tools/valgrind/usr/libexec/valgrind/vgpreload_memcheck-amd64-linux.so)
==5339==    by 0x232478C2: _RNvXs0_NvMs_NtNtCs6i54tJFfzR_5alloc3ffi5c_strNtBa_7CString3newReNtB5_11SpecNewImpl13spec_new_impl (in /home/guido/rustdom-selection-validation-cQnQbx/dist/rustdom.node)
==5339==    by 0x231F177F: _RNvMs2_NtNtCs4QMHp0v7l6B_4napi9js_values15object_propertyNtB5_8Property14with_utf8_name (in /home/guido/rustdom-selection-validation-cQnQbx/dist/rustdom.node)
==5339==    by 0x231A9ADA: _RNvNvNvNvNtNtNtCs3Ir8cfnU9oH_7rustdom3dom19range_state_binding33___napi_impl_helper_NativeRange_1137___napi_register__NativeRange_impl_2221__18___CTOR_PRIVATE_REF14___ctor_private (in /home/guido/rustdom-selection-validation-cQnQbx/dist/rustdom.node)
==5339==    by 0x6B9F47D: call_init.part.0 (dl-init.c:70)
==5339==    by 0x6B9F567: call_init (dl-init.c:33)
==5339==    by 0x6B9F567: _dl_init (dl-init.c:117)
==5339==    by 0x78ADBB4: _dl_catch_exception (dl-error-skeleton.c:182)
==5339==    by 0x6BA6FF5: dl_open_worker (dl-open.c:808)
==5339==    by 0x6BA6FF5: dl_open_worker (dl-open.c:771)
==5339==    by 0x78ADB57: _dl_catch_exception (dl-error-skeleton.c:208)
==5339==    by 0x6BA734D: _dl_open (dl-open.c:883)
==5339==    by 0x77C95FB: dlopen_doit (dlopen.c:56)
==5339==    by 0x78ADB57: _dl_catch_exception (dl-error-skeleton.c:208)
==5339== 
==5339== 7 bytes in 1 blocks are possibly lost in loss record 45 of 425
==5339==    at 0x73E1899: malloc (in /mnt/c/Users/guido/ghq/projects/rustdom/.tools/valgrind/usr/libexec/valgrind/vgpreload_memcheck-amd64-linux.so)
==5339==    by 0x232478C2: _RNvXs0_NvMs_NtNtCs6i54tJFfzR_5alloc3ffi5c_strNtBa_7CString3newReNtB5_11SpecNewImpl13spec_new_impl (in /home/guido/rustdom-selection-validation-cQnQbx/dist/rustdom.node)
==5339==    by 0x231F177F: _RNvMs2_NtNtCs4QMHp0v7l6B_4napi9js_values15object_propertyNtB5_8Property14with_utf8_name (in /home/guido/rustdom-selection-validation-cQnQbx/dist/rustdom.node)
==5339==    by 0x231ABA0B: _RNvNvNvNvNtNtNtCs3Ir8cfnU9oH_7rustdom3dom19tree_cursor_binding37___napi_impl_helper_NativeTraversal_1841___napi_register__NativeTraversal_impl_4571__18___CTOR_PRIVATE_REF14___ctor_private (in /home/guido/rustdom-selection-validation-cQnQbx/dist/rustdom.node)
==5339==    by 0x6B9F47D: call_init.part.0 (dl-init.c:70)
==5339==    by 0x6B9F567: call_init (dl-init.c:33)
==5339==    by 0x6B9F567: _dl_init (dl-init.c:117)
==5339==    by 0x78ADBB4: _dl_catch_exception (dl-error-skeleton.c:182)
==5339==    by 0x6BA6FF5: dl_open_worker (dl-open.c:808)
==5339==    by 0x6BA6FF5: dl_open_worker (dl-open.c:771)
==5339==    by 0x78ADB57: _dl_catch_exception (dl-error-skeleton.c:208)
==5339==    by 0x6BA734D: _dl_open (dl-open.c:883)
==5339==    by 0x77C95FB: dlopen_doit (dlopen.c:56)
==5339==    by 0x78ADB57: _dl_catch_exception (dl-error-skeleton.c:208)
==5339== 
==5339== 7 bytes in 1 blocks are possibly lost in loss record 46 of 425
==5339==    at 0x73E1899: malloc (in /mnt/c/Users/guido/ghq/projects/rustdom/.tools/valgrind/usr/libexec/valgrind/vgpreload_memcheck-amd64-linux.so)
==5339==    by 0x232478C2: _RNvXs0_NvMs_NtNtCs6i54tJFfzR_5alloc3ffi5c_strNtBa_7CString3newReNtB5_11SpecNewImpl13spec_new_impl (in /home/guido/rustdom-selection-validation-cQnQbx/dist/rustdom.node)
==5339==    by 0x231F177F: _RNvMs2_NtNtCs4QMHp0v7l6B_4napi9js_values15object_propertyNtB5_8Property14with_utf8_name (in /home/guido/rustdom-selection-validation-cQnQbx/dist/rustdom.node)
==5339==    by 0x231ABAEA: _RNvNvNvNvNtNtNtCs3Ir8cfnU9oH_7rustdom3dom19tree_cursor_binding37___napi_impl_helper_NativeTraversal_1841___napi_register__NativeTraversal_impl_4571__18___CTOR_PRIVATE_REF14___ctor_private (in /home/guido/rustdom-selection-validation-cQnQbx/dist/rustdom.node)
==5339==    by 0x6B9F47D: call_init.part.0 (dl-init.c:70)
==5339==    by 0x6B9F567: call_init (dl-init.c:33)
==5339==    by 0x6B9F567: _dl_init (dl-init.c:117)
==5339==    by 0x78ADBB4: _dl_catch_exception (dl-error-skeleton.c:182)
==5339==    by 0x6BA6FF5: dl_open_worker (dl-open.c:808)
==5339==    by 0x6BA6FF5: dl_open_worker (dl-open.c:771)
==5339==    by 0x78ADB57: _dl_catch_exception (dl-error-skeleton.c:208)
==5339==    by 0x6BA734D: _dl_open (dl-open.c:883)
==5339==    by 0x77C95FB: dlopen_doit (dlopen.c:56)
==5339==    by 0x78ADB57: _dl_catch_exception (dl-error-skeleton.c:208)
==5339== 
==5339== 7 bytes in 1 blocks are possibly lost in loss record 47 of 425
==5339==    at 0x73E1899: malloc (in /mnt/c/Users/guido/ghq/projects/rustdom/.tools/valgrind/usr/libexec/valgrind/vgpreload_memcheck-amd64-linux.so)
==5339==    by 0x232478C2: _RNvXs0_NvMs_NtNtCs6i54tJFfzR_5alloc3ffi5c_strNtBa_7CString3newReNtB5_11SpecNewImpl13spec_new_impl (in /home/guido/rustdom-selection-validation-cQnQbx/dist/rustdom.node)
==5339==    by 0x231F177F: _RNvMs2_NtNtCs4QMHp0v7l6B_4napi9js_values15object_propertyNtB5_8Property14with_utf8_name (in /home/guido/rustdom-selection-validation-cQnQbx/dist/rustdom.node)
==5339==    by 0x231AC46A: _RNvNvNvNvNtNtNtCs3Ir8cfnU9oH_7rustdom3dom19tree_cursor_binding46___napi_impl_helper_NativeTraversalOperation_1950___napi_register__NativeTraversalOperation_impl_4591__18___CTOR_PRIVATE_REF14___ctor_private (in /home/guido/rustdom-selection-validation-cQnQbx/dist/rustdom.node)
==5339==    by 0x6B9F47D: call_init.part.0 (dl-init.c:70)
==5339==    by 0x6B9F567: call_init (dl-init.c:33)
==5339==    by 0x6B9F567: _dl_init (dl-init.c:117)
==5339==    by 0x78ADBB4: _dl_catch_exception (dl-error-skeleton.c:182)
==5339==    by 0x6BA6FF5: dl_open_worker (dl-open.c:808)
==5339==    by 0x6BA6FF5: dl_open_worker (dl-open.c:771)
==5339==    by 0x78ADB57: _dl_catch_exception (dl-error-skeleton.c:208)
==5339==    by 0x6BA734D: _dl_open (dl-open.c:883)
==5339==    by 0x77C95FB: dlopen_doit (dlopen.c:56)
==5339==    by 0x78ADB57: _dl_catch_exception (dl-error-skeleton.c:208)
==5339== 
==5339== 7 bytes in 1 blocks are possibly lost in loss record 48 of 425
==5339==    at 0x73E1899: malloc (in /mnt/c/Users/guido/ghq/projects/rustdom/.tools/valgrind/usr/libexec/valgrind/vgpreload_memcheck-amd64-linux.so)
==5339==    by 0x232478C2: _RNvXs0_NvMs_NtNtCs6i54tJFfzR_5alloc3ffi5c_strNtBa_7CString3newReNtB5_11SpecNewImpl13spec_new_impl (in /home/guido/rustdom-selection-validation-cQnQbx/dist/rustdom.node)
==5339==    by 0x231F177F: _RNvMs2_NtNtCs4QMHp0v7l6B_4napi9js_values15object_propertyNtB5_8Property14with_utf8_name (in /home/guido/rustdom-selection-validation-cQnQbx/dist/rustdom.node)
==5339==    by 0x231ACA68: _RNvNvNvNvNtNtNtCs3Ir8cfnU9oH_7rustdom3dom19web_storage_binding39___napi_impl_helper_NativeStorageArea_2043___napi_register__NativeStorageArea_impl_4761__18___CTOR_PRIVATE_REF14___ctor_private (in /home/guido/rustdom-selection-validation-cQnQbx/dist/rustdom.node)
==5339==    by 0x6B9F47D: call_init.part.0 (dl-init.c:70)
==5339==    by 0x6B9F567: call_init (dl-init.c:33)
==5339==    by 0x6B9F567: _dl_init (dl-init.c:117)
==5339==    by 0x78ADBB4: _dl_catch_exception (dl-error-skeleton.c:182)
==5339==    by 0x6BA6FF5: dl_open_worker (dl-open.c:808)
==5339==    by 0x6BA6FF5: dl_open_worker (dl-open.c:771)
==5339==    by 0x78ADB57: _dl_catch_exception (dl-error-skeleton.c:208)
==5339==    by 0x6BA734D: _dl_open (dl-open.c:883)
==5339==    by 0x77C95FB: dlopen_doit (dlopen.c:56)
==5339==    by 0x78ADB57: _dl_catch_exception (dl-error-skeleton.c:208)
==5339== 
==5339== 7 bytes in 1 blocks are possibly lost in loss record 49 of 425
==5339==    at 0x73E1899: malloc (in /mnt/c/Users/guido/ghq/projects/rustdom/.tools/valgrind/usr/libexec/valgrind/vgpreload_memcheck-amd64-linux.so)
==5339==    by 0x232478C2: _RNvXs0_NvMs_NtNtCs6i54tJFfzR_5alloc3ffi5c_strNtBa_7CString3newReNtB5_11SpecNewImpl13spec_new_impl (in /home/guido/rustdom-selection-validation-cQnQbx/dist/rustdom.node)
==5339==    by 0x231F177F: _RNvMs2_NtNtCs4QMHp0v7l6B_4napi9js_values15object_propertyNtB5_8Property14with_utf8_name (in /home/guido/rustdom-selection-validation-cQnQbx/dist/rustdom.node)
==5339==    by 0x231AE35B: _RNvNvNvNvNtNtNtCs3Ir8cfnU9oH_7rustdom3dom21range_extract_binding40___napi_impl_helper_NativeRangeExtract_1044___napi_register__NativeRangeExtract_impl_1931__18___CTOR_PRIVATE_REF14___ctor_private (in /home/guido/rustdom-selection-validation-cQnQbx/dist/rustdom.node)
==5339==    by 0x6B9F47D: call_init.part.0 (dl-init.c:70)
==5339==    by 0x6B9F567: call_init (dl-init.c:33)
==5339==    by 0x6B9F567: _dl_init (dl-init.c:117)
==5339==    by 0x78ADBB4: _dl_catch_exception (dl-error-skeleton.c:182)
==5339==    by 0x6BA6FF5: dl_open_worker (dl-open.c:808)
==5339==    by 0x6BA6FF5: dl_open_worker (dl-open.c:771)
==5339==    by 0x78ADB57: _dl_catch_exception (dl-error-skeleton.c:208)
==5339==    by 0x6BA734D: _dl_open (dl-open.c:883)
==5339==    by 0x77C95FB: dlopen_doit (dlopen.c:56)
==5339==    by 0x78ADB57: _dl_catch_exception (dl-error-skeleton.c:208)
==5339== 
==5339== 7 bytes in 1 blocks are possibly lost in loss record 50 of 425
==5339==    at 0x73E1899: malloc (in /mnt/c/Users/guido/ghq/projects/rustdom/.tools/valgrind/usr/libexec/valgrind/vgpreload_memcheck-amd64-linux.so)
==5339==    by 0x232478C2: _RNvXs0_NvMs_NtNtCs6i54tJFfzR_5alloc3ffi5c_strNtBa_7CString3newReNtB5_11SpecNewImpl13spec_new_impl (in /home/guido/rustdom-selection-validation-cQnQbx/dist/rustdom.node)
==5339==    by 0x231F177F: _RNvMs2_NtNtCs4QMHp0v7l6B_4napi9js_values15object_propertyNtB5_8Property14with_utf8_name (in /home/guido/rustdom-selection-validation-cQnQbx/dist/rustdom.node)
==5339==    by 0x231AF238: _RNvNvNvNvNtNtNtCs3Ir8cfnU9oH_7rustdom3dom23event_listeners_binding43___napi_impl_helper_NativeListenerRegistry_347___napi_register__NativeListenerRegistry_impl_691__18___CTOR_PRIVATE_REF14___ctor_private (in /home/guido/rustdom-selection-validation-cQnQbx/dist/rustdom.node)
==5339==    by 0x6B9F47D: call_init.part.0 (dl-init.c:70)
==5339==    by 0x6B9F567: call_init (dl-init.c:33)
==5339==    by 0x6B9F567: _dl_init (dl-init.c:117)
==5339==    by 0x78ADBB4: _dl_catch_exception (dl-error-skeleton.c:182)
==5339==    by 0x6BA6FF5: dl_open_worker (dl-open.c:808)
==5339==    by 0x6BA6FF5: dl_open_worker (dl-open.c:771)
==5339==    by 0x78ADB57: _dl_catch_exception (dl-error-skeleton.c:208)
==5339==    by 0x6BA734D: _dl_open (dl-open.c:883)
==5339==    by 0x77C95FB: dlopen_doit (dlopen.c:56)
==5339==    by 0x78ADB57: _dl_catch_exception (dl-error-skeleton.c:208)
==5339== 
==5339== 7 bytes in 1 blocks are possibly lost in loss record 51 of 425
==5339==    at 0x73E1899: malloc (in /mnt/c/Users/guido/ghq/projects/rustdom/.tools/valgrind/usr/libexec/valgrind/vgpreload_memcheck-amd64-linux.so)
==5339==    by 0x232478C2: _RNvXs0_NvMs_NtNtCs6i54tJFfzR_5alloc3ffi5c_strNtBa_7CString3newReNtB5_11SpecNewImpl13spec_new_impl (in /home/guido/rustdom-selection-validation-cQnQbx/dist/rustdom.node)
==5339==    by 0x231F177F: _RNvMs2_NtNtCs4QMHp0v7l6B_4napi9js_values15object_propertyNtB5_8Property14with_utf8_name (in /home/guido/rustdom-selection-validation-cQnQbx/dist/rustdom.node)
==5339==    by 0x231B0DD5: _RNvNvNvNvNtNtNtCs3Ir8cfnU9oH_7rustdom3dom23mutation_record_binding41___napi_impl_helper_NativeMutationRecord_746___napi_register__NativeMutationRecord_impl_1591__18___CTOR_PRIVATE_REF14___ctor_private (in /home/guido/rustdom-selection-validation-cQnQbx/dist/rustdom.node)
==5339==    by 0x6B9F47D: call_init.part.0 (dl-init.c:70)
==5339==    by 0x6B9F567: call_init (dl-init.c:33)
==5339==    by 0x6B9F567: _dl_init (dl-init.c:117)
==5339==    by 0x78ADBB4: _dl_catch_exception (dl-error-skeleton.c:182)
==5339==    by 0x6BA6FF5: dl_open_worker (dl-open.c:808)
==5339==    by 0x6BA6FF5: dl_open_worker (dl-open.c:771)
==5339==    by 0x78ADB57: _dl_catch_exception (dl-error-skeleton.c:208)
==5339==    by 0x6BA734D: _dl_open (dl-open.c:883)
==5339==    by 0x77C95FB: dlopen_doit (dlopen.c:56)
==5339==    by 0x78ADB57: _dl_catch_exception (dl-error-skeleton.c:208)
==5339== 
==5339== 7 bytes in 1 blocks are possibly lost in loss record 52 of 425
==5339==    at 0x73E1899: malloc (in /mnt/c/Users/guido/ghq/projects/rustdom/.tools/valgrind/usr/libexec/valgrind/vgpreload_memcheck-amd64-linux.so)
==5339==    by 0x232478C2: _RNvXs0_NvMs_NtNtCs6i54tJFfzR_5alloc3ffi5c_strNtBa_7CString3newReNtB5_11SpecNewImpl13spec_new_impl (in /home/guido/rustdom-selection-validation-cQnQbx/dist/rustdom.node)
==5339==    by 0x231F177F: _RNvMs2_NtNtCs4QMHp0v7l6B_4napi9js_values15object_propertyNtB5_8Property14with_utf8_name (in /home/guido/rustdom-selection-validation-cQnQbx/dist/rustdom.node)
==5339==    by 0x231B1BCB: _RNvNvNvNvNtNtNtCs3Ir8cfnU9oH_7rustdom3dom23slot_assignment_binding48___napi_impl_helper_NativeSlotAssignmentDriver_1352___napi_register__NativeSlotAssignmentDriver_impl_2471__18___CTOR_PRIVATE_REF14___ctor_private (in /home/guido/rustdom-selection-validation-cQnQbx/dist/rustdom.node)
==5339==    by 0x6B9F47D: call_init.part.0 (dl-init.c:70)
==5339==    by 0x6B9F567: call_init (dl-init.c:33)
==5339==    by 0x6B9F567: _dl_init (dl-init.c:117)
==5339==    by 0x78ADBB4: _dl_catch_exception (dl-error-skeleton.c:182)
==5339==    by 0x6BA6FF5: dl_open_worker (dl-open.c:808)
==5339==    by 0x6BA6FF5: dl_open_worker (dl-open.c:771)
==5339==    by 0x78ADB57: _dl_catch_exception (dl-error-skeleton.c:208)
==5339==    by 0x6BA734D: _dl_open (dl-open.c:883)
==5339==    by 0x77C95FB: dlopen_doit (dlopen.c:56)
==5339==    by 0x78ADB57: _dl_catch_exception (dl-error-skeleton.c:208)
==5339== 
==5339== 7 bytes in 1 blocks are possibly lost in loss record 53 of 425
==5339==    at 0x73E1899: malloc (in /mnt/c/Users/guido/ghq/projects/rustdom/.tools/valgrind/usr/libexec/valgrind/vgpreload_memcheck-amd64-linux.so)
==5339==    by 0x232478C2: _RNvXs0_NvMs_NtNtCs6i54tJFfzR_5alloc3ffi5c_strNtBa_7CString3newReNtB5_11SpecNewImpl13spec_new_impl (in /home/guido/rustdom-selection-validation-cQnQbx/dist/rustdom.node)
==5339==    by 0x231F177F: _RNvMs2_NtNtCs4QMHp0v7l6B_4napi9js_values15object_propertyNtB5_8Property14with_utf8_name (in /home/guido/rustdom-selection-validation-cQnQbx/dist/rustdom.node)
==5339==    by 0x231B249B: _RNvNvNvNvNtNtNtCs3Ir8cfnU9oH_7rustdom3dom25observer_delivery_binding43___napi_impl_helper_NativeObserverDelivery_848___napi_register__NativeObserverDelivery_impl_1721__18___CTOR_PRIVATE_REF14___ctor_private (in /home/guido/rustdom-selection-validation-cQnQbx/dist/rustdom.node)
==5339==    by 0x6B9F47D: call_init.part.0 (dl-init.c:70)
==5339==    by 0x6B9F567: call_init (dl-init.c:33)
==5339==    by 0x6B9F567: _dl_init (dl-init.c:117)
==5339==    by 0x78ADBB4: _dl_catch_exception (dl-error-skeleton.c:182)
==5339==    by 0x6BA6FF5: dl_open_worker (dl-open.c:808)
==5339==    by 0x6BA6FF5: dl_open_worker (dl-open.c:771)
==5339==    by 0x78ADB57: _dl_catch_exception (dl-error-skeleton.c:208)
==5339==    by 0x6BA734D: _dl_open (dl-open.c:883)
==5339==    by 0x77C95FB: dlopen_doit (dlopen.c:56)
==5339==    by 0x78ADB57: _dl_catch_exception (dl-error-skeleton.c:208)
==5339== 
==5339== 7 bytes in 1 blocks are possibly lost in loss record 54 of 425
==5339==    at 0x73E1899: malloc (in /mnt/c/Users/guido/ghq/projects/rustdom/.tools/valgrind/usr/libexec/valgrind/vgpreload_memcheck-amd64-linux.so)
==5339==    by 0x232478C2: _RNvXs0_NvMs_NtNtCs6i54tJFfzR_5alloc3ffi5c_strNtBa_7CString3newReNtB5_11SpecNewImpl13spec_new_impl (in /home/guido/rustdom-selection-validation-cQnQbx/dist/rustdom.node)
==5339==    by 0x231F177F: _RNvMs2_NtNtCs4QMHp0v7l6B_4napi9js_values15object_propertyNtB5_8Property14with_utf8_name (in /home/guido/rustdom-selection-validation-cQnQbx/dist/rustdom.node)
==5339==    by 0x23188BFE: _RNvNvNtNtNtCs3Ir8cfnU9oH_7rustdom3dom4tree32___napi_impl_helper_NativeTree_1736___napi_register__NativeTree_impl_44320___ctor_private_inner (in /home/guido/rustdom-selection-validation-cQnQbx/dist/rustdom.node)
==5339==    by 0x231B5535: _RNvNvNvNvNtNtNtCs3Ir8cfnU9oH_7rustdom3dom4tree32___napi_impl_helper_NativeTree_1736___napi_register__NativeTree_impl_4431__18___CTOR_PRIVATE_REF14___ctor_private (in /home/guido/rustdom-selection-validation-cQnQbx/dist/rustdom.node)
==5339==    by 0x6B9F47D: call_init.part.0 (dl-init.c:70)
==5339==    by 0x6B9F567: call_init (dl-init.c:33)
==5339==    by 0x6B9F567: _dl_init (dl-init.c:117)
==5339==    by 0x78ADBB4: _dl_catch_exception (dl-error-skeleton.c:182)
==5339==    by 0x6BA6FF5: dl_open_worker (dl-open.c:808)
==5339==    by 0x6BA6FF5: dl_open_worker (dl-open.c:771)
==5339==    by 0x78ADB57: _dl_catch_exception (dl-error-skeleton.c:208)
==5339==    by 0x6BA734D: _dl_open (dl-open.c:883)
==5339==    by 0x77C95FB: dlopen_doit (dlopen.c:56)
==5339== 
==5339== 7 bytes in 1 blocks are possibly lost in loss record 55 of 425
==5339==    at 0x73E1899: malloc (in /mnt/c/Users/guido/ghq/projects/rustdom/.tools/valgrind/usr/libexec/valgrind/vgpreload_memcheck-amd64-linux.so)
==5339==    by 0x232478C2: _RNvXs0_NvMs_NtNtCs6i54tJFfzR_5alloc3ffi5c_strNtBa_7CString3newReNtB5_11SpecNewImpl13spec_new_impl (in /home/guido/rustdom-selection-validation-cQnQbx/dist/rustdom.node)
==5339==    by 0x231F177F: _RNvMs2_NtNtCs4QMHp0v7l6B_4napi9js_values15object_propertyNtB5_8Property14with_utf8_name (in /home/guido/rustdom-selection-validation-cQnQbx/dist/rustdom.node)
==5339==    by 0x2318E519: _RNvNvNtNtNtCs3Ir8cfnU9oH_7rustdom3dom4tree32___napi_impl_helper_NativeTree_1736___napi_register__NativeTree_impl_44320___ctor_private_inner (in /home/guido/rustdom-selection-validation-cQnQbx/dist/rustdom.node)
==5339==    by 0x231B5535: _RNvNvNvNvNtNtNtCs3Ir8cfnU9oH_7rustdom3dom4tree32___napi_impl_helper_NativeTree_1736___napi_register__NativeTree_impl_4431__18___CTOR_PRIVATE_REF14___ctor_private (in /home/guido/rustdom-selection-validation-cQnQbx/dist/rustdom.node)
==5339==    by 0x6B9F47D: call_init.part.0 (dl-init.c:70)
==5339==    by 0x6B9F567: call_init (dl-init.c:33)
==5339==    by 0x6B9F567: _dl_init (dl-init.c:117)
==5339==    by 0x78ADBB4: _dl_catch_exception (dl-error-skeleton.c:182)
==5339==    by 0x6BA6FF5: dl_open_worker (dl-open.c:808)
==5339==    by 0x6BA6FF5: dl_open_worker (dl-open.c:771)
==5339==    by 0x78ADB57: _dl_catch_exception (dl-error-skeleton.c:208)
==5339==    by 0x6BA734D: _dl_open (dl-open.c:883)
==5339==    by 0x77C95FB: dlopen_doit (dlopen.c:56)
==5339== 
==5339== 8 bytes in 1 blocks are still reachable in loss record 56 of 425
==5339==    at 0x73E2013: operator new(unsigned long) (in /mnt/c/Users/guido/ghq/projects/rustdom/.tools/valgrind/usr/libexec/valgrind/vgpreload_memcheck-amd64-linux.so)
==5339==    by 0xD5A757: v8::internal::ThreadIsolation::Initialize(v8::ThreadIsolatedAllocator*) (in /mnt/c/Users/guido/AppData/Local/Temp/rustdom-pr54-abort-retention-e991d78927094e13876cb3cd1a13dacf/.tools/node-v24.20.0-linux-x64/bin/node)
==5339==    by 0x102CF76: v8::internal::V8::Initialize() (in /mnt/c/Users/guido/AppData/Local/Temp/rustdom-pr54-abort-retention-e991d78927094e13876cb3cd1a13dacf/.tools/node-v24.20.0-linux-x64/bin/node)
==5339==    by 0xC79C7D: v8::V8::Initialize(int) (in /mnt/c/Users/guido/AppData/Local/Temp/rustdom-pr54-abort-retention-e991d78927094e13876cb3cd1a13dacf/.tools/node-v24.20.0-linux-x64/bin/node)
==5339==    by 0x8C6C57: node::InitializeOncePerProcessInternal(std::vector<std::__cxx11::basic_string<char, std::char_traits<char>, std::allocator<char> >, std::allocator<std::__cxx11::basic_string<char, std::char_traits<char>, std::allocator<char> > > > const&, node::ProcessInitializationFlags::Flags) (in /mnt/c/Users/guido/AppData/Local/Temp/rustdom-pr54-abort-retention-e991d78927094e13876cb3cd1a13dacf/.tools/node-v24.20.0-linux-x64/bin/node)
==5339==    by 0x8C6F7B: node::Start(int, char**) (in /mnt/c/Users/guido/AppData/Local/Temp/rustdom-pr54-abort-retention-e991d78927094e13876cb3cd1a13dacf/.tools/node-v24.20.0-linux-x64/bin/node)
==5339==    by 0x7762D8F: (below main) (libc_start_call_main.h:58)
==5339== 
==5339== 8 bytes in 1 blocks are still reachable in loss record 57 of 425
==5339==    at 0x73E2013: operator new(unsigned long) (in /mnt/c/Users/guido/ghq/projects/rustdom/.tools/valgrind/usr/libexec/valgrind/vgpreload_memcheck-amd64-linux.so)
==5339==    by 0x19D6DAA: cppgc::internal::HeapRegistry::RegisterHeap(cppgc::internal::HeapBase&) (in /mnt/c/Users/guido/AppData/Local/Temp/rustdom-pr54-abort-retention-e991d78927094e13876cb3cd1a13dacf/.tools/node-v24.20.0-linux-x64/bin/node)
==5339==    by 0x19BF670: cppgc::internal::HeapBase::HeapBase(std::shared_ptr<cppgc::Platform>, std::vector<std::unique_ptr<cppgc::CustomSpaceBase, std::default_delete<cppgc::CustomSpaceBase> >, std::allocator<std::unique_ptr<cppgc::CustomSpaceBase, std::default_delete<cppgc::CustomSpaceBase> > > > const&, cppgc::Heap::StackSupport, cppgc::Heap::MarkingType, cppgc::Heap::SweepingType, cppgc::internal::GarbageCollector&) (in /mnt/c/Users/guido/AppData/Local/Temp/rustdom-pr54-abort-retention-e991d78927094e13876cb3cd1a13dacf/.tools/node-v24.20.0-linux-x64/bin/node)
==5339==    by 0xE90E3A: v8::CppHeap::Create(v8::Platform*, v8::CppHeapCreateParams const&) (in /mnt/c/Users/guido/AppData/Local/Temp/rustdom-pr54-abort-retention-e991d78927094e13876cb3cd1a13dacf/.tools/node-v24.20.0-linux-x64/bin/node)
==5339==    by 0x807D2A: node::NewIsolate(v8::Isolate::CreateParams*, uv_loop_s*, node::MultiIsolatePlatform*, node::SnapshotData const*, node::IsolateSettings const&) (in /mnt/c/Users/guido/AppData/Local/Temp/rustdom-pr54-abort-retention-e991d78927094e13876cb3cd1a13dacf/.tools/node-v24.20.0-linux-x64/bin/node)
==5339==    by 0x989AB8: node::NodeMainInstance::NodeMainInstance(node::SnapshotData const*, uv_loop_s*, node::MultiIsolatePlatform*, std::vector<std::__cxx11::basic_string<char, std::char_traits<char>, std::allocator<char> >, std::allocator<std::__cxx11::basic_string<char, std::char_traits<char>, std::allocator<char> > > > const&, std::vector<std::__cxx11::basic_string<char, std::char_traits<char>, std::allocator<char> >, std::allocator<std::__cxx11::basic_string<char, std::char_traits<char>, std::allocator<char> > > > const&) (in /mnt/c/Users/guido/AppData/Local/Temp/rustdom-pr54-abort-retention-e991d78927094e13876cb3cd1a13dacf/.tools/node-v24.20.0-linux-x64/bin/node)
==5339==    by 0x8C7198: node::Start(int, char**) (in /mnt/c/Users/guido/AppData/Local/Temp/rustdom-pr54-abort-retention-e991d78927094e13876cb3cd1a13dacf/.tools/node-v24.20.0-linux-x64/bin/node)
==5339==    by 0x7762D8F: (below main) (libc_start_call_main.h:58)
==5339== 
==5339== 8 bytes in 1 blocks are possibly lost in loss record 58 of 425
==5339==    at 0x73E1899: malloc (in /mnt/c/Users/guido/ghq/projects/rustdom/.tools/valgrind/usr/libexec/valgrind/vgpreload_memcheck-amd64-linux.so)
==5339==    by 0x232478C2: _RNvXs0_NvMs_NtNtCs6i54tJFfzR_5alloc3ffi5c_strNtBa_7CString3newReNtB5_11SpecNewImpl13spec_new_impl (in /home/guido/rustdom-selection-validation-cQnQbx/dist/rustdom.node)
==5339==    by 0x231F177F: _RNvMs2_NtNtCs4QMHp0v7l6B_4napi9js_values15object_propertyNtB5_8Property14with_utf8_name (in /home/guido/rustdom-selection-validation-cQnQbx/dist/rustdom.node)
==5339==    by 0x2319BEE7: _RNvNvNvNvNtNtNtCs3Ir8cfnU9oH_7rustdom3dom12blob_binding39___napi_impl_helper_NativeBlobMetadata_143___napi_register__NativeBlobMetadata_impl_301__18___CTOR_PRIVATE_REF14___ctor_private (in /home/guido/rustdom-selection-validation-cQnQbx/dist/rustdom.node)
==5339==    by 0x6B9F47D: call_init.part.0 (dl-init.c:70)
==5339==    by 0x6B9F567: call_init (dl-init.c:33)
==5339==    by 0x6B9F567: _dl_init (dl-init.c:117)
==5339==    by 0x78ADBB4: _dl_catch_exception (dl-error-skeleton.c:182)
==5339==    by 0x6BA6FF5: dl_open_worker (dl-open.c:808)
==5339==    by 0x6BA6FF5: dl_open_worker (dl-open.c:771)
==5339==    by 0x78ADB57: _dl_catch_exception (dl-error-skeleton.c:208)
==5339==    by 0x6BA734D: _dl_open (dl-open.c:883)
==5339==    by 0x77C95FB: dlopen_doit (dlopen.c:56)
==5339==    by 0x78ADB57: _dl_catch_exception (dl-error-skeleton.c:208)
==5339== 
==5339== 8 bytes in 1 blocks are possibly lost in loss record 59 of 425
==5339==    at 0x73E1899: malloc (in /mnt/c/Users/guido/ghq/projects/rustdom/.tools/valgrind/usr/libexec/valgrind/vgpreload_memcheck-amd64-linux.so)
==5339==    by 0x232478C2: _RNvXs0_NvMs_NtNtCs6i54tJFfzR_5alloc3ffi5c_strNtBa_7CString3newReNtB5_11SpecNewImpl13spec_new_impl (in /home/guido/rustdom-selection-validation-cQnQbx/dist/rustdom.node)
==5339==    by 0x231F177F: _RNvMs2_NtNtCs4QMHp0v7l6B_4napi9js_values15object_propertyNtB5_8Property14with_utf8_name (in /home/guido/rustdom-selection-validation-cQnQbx/dist/rustdom.node)
==5339==    by 0x2319E36E: _RNvNvNvNvNtNtNtCs3Ir8cfnU9oH_7rustdom3dom17form_data_binding42___napi_impl_helper_NativeFormDataEntries_647___napi_register__NativeFormDataEntries_impl_1371__18___CTOR_PRIVATE_REF14___ctor_private (in /home/guido/rustdom-selection-validation-cQnQbx/dist/rustdom.node)
==5339==    by 0x6B9F47D: call_init.part.0 (dl-init.c:70)
==5339==    by 0x6B9F567: call_init (dl-init.c:33)
==5339==    by 0x6B9F567: _dl_init (dl-init.c:117)
==5339==    by 0x78ADBB4: _dl_catch_exception (dl-error-skeleton.c:182)
==5339==    by 0x6BA6FF5: dl_open_worker (dl-open.c:808)
==5339==    by 0x6BA6FF5: dl_open_worker (dl-open.c:771)
==5339==    by 0x78ADB57: _dl_catch_exception (dl-error-skeleton.c:208)
==5339==    by 0x6BA734D: _dl_open (dl-open.c:883)
==5339==    by 0x77C95FB: dlopen_doit (dlopen.c:56)
==5339==    by 0x78ADB57: _dl_catch_exception (dl-error-skeleton.c:208)
==5339== 
==5339== 8 bytes in 1 blocks are possibly lost in loss record 60 of 425
==5339==    at 0x73E1899: malloc (in /mnt/c/Users/guido/ghq/projects/rustdom/.tools/valgrind/usr/libexec/valgrind/vgpreload_memcheck-amd64-linux.so)
==5339==    by 0x232478C2: _RNvXs0_NvMs_NtNtCs6i54tJFfzR_5alloc3ffi5c_strNtBa_7CString3newReNtB5_11SpecNewImpl13spec_new_impl (in /home/guido/rustdom-selection-validation-cQnQbx/dist/rustdom.node)
==5339==    by 0x231F177F: _RNvMs2_NtNtCs4QMHp0v7l6B_4napi9js_values15object_propertyNtB5_8Property14with_utf8_name (in /home/guido/rustdom-selection-validation-cQnQbx/dist/rustdom.node)
==5339==    by 0x2319E474: _RNvNvNvNvNtNtNtCs3Ir8cfnU9oH_7rustdom3dom17form_data_binding42___napi_impl_helper_NativeFormDataEntries_647___napi_register__NativeFormDataEntries_impl_1371__18___CTOR_PRIVATE_REF14___ctor_private (in /home/guido/rustdom-selection-validation-cQnQbx/dist/rustdom.node)
==5339==    by 0x6B9F47D: call_init.part.0 (dl-init.c:70)
==5339==    by 0x6B9F567: call_init (dl-init.c:33)
==5339==    by 0x6B9F567: _dl_init (dl-init.c:117)
==5339==    by 0x78ADBB4: _dl_catch_exception (dl-error-skeleton.c:182)
==5339==    by 0x6BA6FF5: dl_open_worker (dl-open.c:808)
==5339==    by 0x6BA6FF5: dl_open_worker (dl-open.c:771)
==5339==    by 0x78ADB57: _dl_catch_exception (dl-error-skeleton.c:208)
==5339==    by 0x6BA734D: _dl_open (dl-open.c:883)
==5339==    by 0x77C95FB: dlopen_doit (dlopen.c:56)
==5339==    by 0x78ADB57: _dl_catch_exception (dl-error-skeleton.c:208)
==5339== 
==5339== 8 bytes in 1 blocks are possibly lost in loss record 61 of 425
==5339==    at 0x73E1899: malloc (in /mnt/c/Users/guido/ghq/projects/rustdom/.tools/valgrind/usr/libexec/valgrind/vgpreload_memcheck-amd64-linux.so)
==5339==    by 0x232478C2: _RNvXs0_NvMs_NtNtCs6i54tJFfzR_5alloc3ffi5c_strNtBa_7CString3newReNtB5_11SpecNewImpl13spec_new_impl (in /home/guido/rustdom-selection-validation-cQnQbx/dist/rustdom.node)
==5339==    by 0x231F177F: _RNvMs2_NtNtCs4QMHp0v7l6B_4napi9js_values15object_propertyNtB5_8Property14with_utf8_name (in /home/guido/rustdom-selection-validation-cQnQbx/dist/rustdom.node)
==5339==    by 0x231A142C: _RNvNvNvNvNtNtNtCs3Ir8cfnU9oH_7rustdom3dom18token_list_binding36___napi_impl_helper_NativeTokenSet_1540___napi_register__NativeTokenSet_impl_2661__18___CTOR_PRIVATE_REF14___ctor_private (in /home/guido/rustdom-selection-validation-cQnQbx/dist/rustdom.node)
==5339==    by 0x6B9F47D: call_init.part.0 (dl-init.c:70)
==5339==    by 0x6B9F567: call_init (dl-init.c:33)
==5339==    by 0x6B9F567: _dl_init (dl-init.c:117)
==5339==    by 0x78ADBB4: _dl_catch_exception (dl-error-skeleton.c:182)
==5339==    by 0x6BA6FF5: dl_open_worker (dl-open.c:808)
==5339==    by 0x6BA6FF5: dl_open_worker (dl-open.c:771)
==5339==    by 0x78ADB57: _dl_catch_exception (dl-error-skeleton.c:208)
==5339==    by 0x6BA734D: _dl_open (dl-open.c:883)
==5339==    by 0x77C95FB: dlopen_doit (dlopen.c:56)
==5339==    by 0x78ADB57: _dl_catch_exception (dl-error-skeleton.c:208)
==5339== 
==5339== 8 bytes in 1 blocks are possibly lost in loss record 62 of 425
==5339==    at 0x73E1899: malloc (in /mnt/c/Users/guido/ghq/projects/rustdom/.tools/valgrind/usr/libexec/valgrind/vgpreload_memcheck-amd64-linux.so)
==5339==    by 0x232478C2: _RNvXs0_NvMs_NtNtCs6i54tJFfzR_5alloc3ffi5c_strNtBa_7CString3newReNtB5_11SpecNewImpl13spec_new_impl (in /home/guido/rustdom-selection-validation-cQnQbx/dist/rustdom.node)
==5339==    by 0x231F177F: _RNvMs2_NtNtCs4QMHp0v7l6B_4napi9js_values15object_propertyNtB5_8Property14with_utf8_name (in /home/guido/rustdom-selection-validation-cQnQbx/dist/rustdom.node)
==5339==    by 0x231A208B: _RNvNvNvNvNtNtNtCs3Ir8cfnU9oH_7rustdom3dom19abort_state_binding37___napi_impl_helper_NativeAbortState_041___napi_register__NativeAbortState_impl_201__18___CTOR_PRIVATE_REF14___ctor_private (in /home/guido/rustdom-selection-validation-cQnQbx/dist/rustdom.node)
==5339==    by 0x6B9F47D: call_init.part.0 (dl-init.c:70)
==5339==    by 0x6B9F567: call_init (dl-init.c:33)
==5339==    by 0x6B9F567: _dl_init (dl-init.c:117)
==5339==    by 0x78ADBB4: _dl_catch_exception (dl-error-skeleton.c:182)
==5339==    by 0x6BA6FF5: dl_open_worker (dl-open.c:808)
==5339==    by 0x6BA6FF5: dl_open_worker (dl-open.c:771)
==5339==    by 0x78ADB57: _dl_catch_exception (dl-error-skeleton.c:208)
==5339==    by 0x6BA734D: _dl_open (dl-open.c:883)
==5339==    by 0x77C95FB: dlopen_doit (dlopen.c:56)
==5339==    by 0x78ADB57: _dl_catch_exception (dl-error-skeleton.c:208)
==5339== 
==5339== 8 bytes in 1 blocks are possibly lost in loss record 63 of 425
==5339==    at 0x73E1899: malloc (in /mnt/c/Users/guido/ghq/projects/rustdom/.tools/valgrind/usr/libexec/valgrind/vgpreload_memcheck-amd64-linux.so)
==5339==    by 0x232478C2: _RNvXs0_NvMs_NtNtCs6i54tJFfzR_5alloc3ffi5c_strNtBa_7CString3newReNtB5_11SpecNewImpl13spec_new_impl (in /home/guido/rustdom-selection-validation-cQnQbx/dist/rustdom.node)
==5339==    by 0x231F177F: _RNvMs2_NtNtCs4QMHp0v7l6B_4napi9js_values15object_propertyNtB5_8Property14with_utf8_name (in /home/guido/rustdom-selection-validation-cQnQbx/dist/rustdom.node)
==5339==    by 0x231A50F2: _RNvNvNvNvNtNtNtCs3Ir8cfnU9oH_7rustdom3dom19event_state_binding37___napi_impl_helper_NativeEventState_442___napi_register__NativeEventState_impl_1041__18___CTOR_PRIVATE_REF14___ctor_private (in /home/guido/rustdom-selection-validation-cQnQbx/dist/rustdom.node)
==5339==    by 0x6B9F47D: call_init.part.0 (dl-init.c:70)
==5339==    by 0x6B9F567: call_init (dl-init.c:33)
==5339==    by 0x6B9F567: _dl_init (dl-init.c:117)
==5339==    by 0x78ADBB4: _dl_catch_exception (dl-error-skeleton.c:182)
==5339==    by 0x6BA6FF5: dl_open_worker (dl-open.c:808)
==5339==    by 0x6BA6FF5: dl_open_worker (dl-open.c:771)
==5339==    by 0x78ADB57: _dl_catch_exception (dl-error-skeleton.c:208)
==5339==    by 0x6BA734D: _dl_open (dl-open.c:883)
==5339==    by 0x77C95FB: dlopen_doit (dlopen.c:56)
==5339==    by 0x78ADB57: _dl_catch_exception (dl-error-skeleton.c:208)
==5339== 
==5339== 8 bytes in 1 blocks are possibly lost in loss record 64 of 425
==5339==    at 0x73E1899: malloc (in /mnt/c/Users/guido/ghq/projects/rustdom/.tools/valgrind/usr/libexec/valgrind/vgpreload_memcheck-amd64-linux.so)
==5339==    by 0x232478C2: _RNvXs0_NvMs_NtNtCs6i54tJFfzR_5alloc3ffi5c_strNtBa_7CString3newReNtB5_11SpecNewImpl13spec_new_impl (in /home/guido/rustdom-selection-validation-cQnQbx/dist/rustdom.node)
==5339==    by 0x231F177F: _RNvMs2_NtNtCs4QMHp0v7l6B_4napi9js_values15object_propertyNtB5_8Property14with_utf8_name (in /home/guido/rustdom-selection-validation-cQnQbx/dist/rustdom.node)
==5339==    by 0x231ABBE0: _RNvNvNvNvNtNtNtCs3Ir8cfnU9oH_7rustdom3dom19tree_cursor_binding37___napi_impl_helper_NativeTraversal_1841___napi_register__NativeTraversal_impl_4571__18___CTOR_PRIVATE_REF14___ctor_private (in /home/guido/rustdom-selection-validation-cQnQbx/dist/rustdom.node)
==5339==    by 0x6B9F47D: call_init.part.0 (dl-init.c:70)
==5339==    by 0x6B9F567: call_init (dl-init.c:33)
==5339==    by 0x6B9F567: _dl_init (dl-init.c:117)
==5339==    by 0x78ADBB4: _dl_catch_exception (dl-error-skeleton.c:182)
==5339==    by 0x6BA6FF5: dl_open_worker (dl-open.c:808)
==5339==    by 0x6BA6FF5: dl_open_worker (dl-open.c:771)
==5339==    by 0x78ADB57: _dl_catch_exception (dl-error-skeleton.c:208)
==5339==    by 0x6BA734D: _dl_open (dl-open.c:883)
==5339==    by 0x77C95FB: dlopen_doit (dlopen.c:56)
==5339==    by 0x78ADB57: _dl_catch_exception (dl-error-skeleton.c:208)
==5339== 
==5339== 8 bytes in 1 blocks are possibly lost in loss record 65 of 425
==5339==    at 0x73E1899: malloc (in /mnt/c/Users/guido/ghq/projects/rustdom/.tools/valgrind/usr/libexec/valgrind/vgpreload_memcheck-amd64-linux.so)
==5339==    by 0x232478C2: _RNvXs0_NvMs_NtNtCs6i54tJFfzR_5alloc3ffi5c_strNtBa_7CString3newReNtB5_11SpecNewImpl13spec_new_impl (in /home/guido/rustdom-selection-validation-cQnQbx/dist/rustdom.node)
==5339==    by 0x231F177F: _RNvMs2_NtNtCs4QMHp0v7l6B_4napi9js_values15object_propertyNtB5_8Property14with_utf8_name (in /home/guido/rustdom-selection-validation-cQnQbx/dist/rustdom.node)
==5339==    by 0x231ACE80: _RNvNvNvNvNtNtNtCs3Ir8cfnU9oH_7rustdom3dom19web_storage_binding39___napi_impl_helper_NativeStorageArea_2043___napi_register__NativeStorageArea_impl_4761__18___CTOR_PRIVATE_REF14___ctor_private (in /home/guido/rustdom-selection-validation-cQnQbx/dist/rustdom.node)
==5339==    by 0x6B9F47D: call_init.part.0 (dl-init.c:70)
==5339==    by 0x6B9F567: call_init (dl-init.c:33)
==5339==    by 0x6B9F567: _dl_init (dl-init.c:117)
==5339==    by 0x78ADBB4: _dl_catch_exception (dl-error-skeleton.c:182)
==5339==    by 0x6BA6FF5: dl_open_worker (dl-open.c:808)
==5339==    by 0x6BA6FF5: dl_open_worker (dl-open.c:771)
==5339==    by 0x78ADB57: _dl_catch_exception (dl-error-skeleton.c:208)
==5339==    by 0x6BA734D: _dl_open (dl-open.c:883)
==5339==    by 0x77C95FB: dlopen_doit (dlopen.c:56)
==5339==    by 0x78ADB57: _dl_catch_exception (dl-error-skeleton.c:208)
==5339== 
==5339== 8 bytes in 1 blocks are possibly lost in loss record 66 of 425
==5339==    at 0x73E1899: malloc (in /mnt/c/Users/guido/ghq/projects/rustdom/.tools/valgrind/usr/libexec/valgrind/vgpreload_memcheck-amd64-linux.so)
==5339==    by 0x232478C2: _RNvXs0_NvMs_NtNtCs6i54tJFfzR_5alloc3ffi5c_strNtBa_7CString3newReNtB5_11SpecNewImpl13spec_new_impl (in /home/guido/rustdom-selection-validation-cQnQbx/dist/rustdom.node)
==5339==    by 0x231F177F: _RNvMs2_NtNtCs4QMHp0v7l6B_4napi9js_values15object_propertyNtB5_8Property14with_utf8_name (in /home/guido/rustdom-selection-validation-cQnQbx/dist/rustdom.node)
==5339==    by 0x2318CD8F: _RNvNvNtNtNtCs3Ir8cfnU9oH_7rustdom3dom4tree32___napi_impl_helper_NativeTree_1736___napi_register__NativeTree_impl_44320___ctor_private_inner (in /home/guido/rustdom-selection-validation-cQnQbx/dist/rustdom.node)
==5339==    by 0x231B5535: _RNvNvNvNvNtNtNtCs3Ir8cfnU9oH_7rustdom3dom4tree32___napi_impl_helper_NativeTree_1736___napi_register__NativeTree_impl_4431__18___CTOR_PRIVATE_REF14___ctor_private (in /home/guido/rustdom-selection-validation-cQnQbx/dist/rustdom.node)
==5339==    by 0x6B9F47D: call_init.part.0 (dl-init.c:70)
==5339==    by 0x6B9F567: call_init (dl-init.c:33)
==5339==    by 0x6B9F567: _dl_init (dl-init.c:117)
==5339==    by 0x78ADBB4: _dl_catch_exception (dl-error-skeleton.c:182)
==5339==    by 0x6BA6FF5: dl_open_worker (dl-open.c:808)
==5339==    by 0x6BA6FF5: dl_open_worker (dl-open.c:771)
==5339==    by 0x78ADB57: _dl_catch_exception (dl-error-skeleton.c:208)
==5339==    by 0x6BA734D: _dl_open (dl-open.c:883)
==5339==    by 0x77C95FB: dlopen_doit (dlopen.c:56)
==5339== 
==5339== 8 bytes in 1 blocks are possibly lost in loss record 67 of 425
==5339==    at 0x73E1899: malloc (in /mnt/c/Users/guido/ghq/projects/rustdom/.tools/valgrind/usr/libexec/valgrind/vgpreload_memcheck-amd64-linux.so)
==5339==    by 0x232478C2: _RNvXs0_NvMs_NtNtCs6i54tJFfzR_5alloc3ffi5c_strNtBa_7CString3newReNtB5_11SpecNewImpl13spec_new_impl (in /home/guido/rustdom-selection-validation-cQnQbx/dist/rustdom.node)
==5339==    by 0x231F177F: _RNvMs2_NtNtCs4QMHp0v7l6B_4napi9js_values15object_propertyNtB5_8Property14with_utf8_name (in /home/guido/rustdom-selection-validation-cQnQbx/dist/rustdom.node)
==5339==    by 0x2318E30D: _RNvNvNtNtNtCs3Ir8cfnU9oH_7rustdom3dom4tree32___napi_impl_helper_NativeTree_1736___napi_register__NativeTree_impl_44320___ctor_private_inner (in /home/guido/rustdom-selection-validation-cQnQbx/dist/rustdom.node)
==5339==    by 0x231B5535: _RNvNvNvNvNtNtNtCs3Ir8cfnU9oH_7rustdom3dom4tree32___napi_impl_helper_NativeTree_1736___napi_register__NativeTree_impl_4431__18___CTOR_PRIVATE_REF14___ctor_private (in /home/guido/rustdom-selection-validation-cQnQbx/dist/rustdom.node)
==5339==    by 0x6B9F47D: call_init.part.0 (dl-init.c:70)
==5339==    by 0x6B9F567: call_init (dl-init.c:33)
==5339==    by 0x6B9F567: _dl_init (dl-init.c:117)
==5339==    by 0x78ADBB4: _dl_catch_exception (dl-error-skeleton.c:182)
==5339==    by 0x6BA6FF5: dl_open_worker (dl-open.c:808)
==5339==    by 0x6BA6FF5: dl_open_worker (dl-open.c:771)
==5339==    by 0x78ADB57: _dl_catch_exception (dl-error-skeleton.c:208)
==5339==    by 0x6BA734D: _dl_open (dl-open.c:883)
==5339==    by 0x77C95FB: dlopen_doit (dlopen.c:56)
==5339== 
==5339== 8 bytes in 1 blocks are possibly lost in loss record 68 of 425
==5339==    at 0x73E1899: malloc (in /mnt/c/Users/guido/ghq/projects/rustdom/.tools/valgrind/usr/libexec/valgrind/vgpreload_memcheck-amd64-linux.so)
==5339==    by 0x232478C2: _RNvXs0_NvMs_NtNtCs6i54tJFfzR_5alloc3ffi5c_strNtBa_7CString3newReNtB5_11SpecNewImpl13spec_new_impl (in /home/guido/rustdom-selection-validation-cQnQbx/dist/rustdom.node)
==5339==    by 0x231F177F: _RNvMs2_NtNtCs4QMHp0v7l6B_4napi9js_values15object_propertyNtB5_8Property14with_utf8_name (in /home/guido/rustdom-selection-validation-cQnQbx/dist/rustdom.node)
==5339==    by 0x2318F267: _RNvNvNtNtNtCs3Ir8cfnU9oH_7rustdom3dom4tree32___napi_impl_helper_NativeTree_1736___napi_register__NativeTree_impl_44320___ctor_private_inner (in /home/guido/rustdom-selection-validation-cQnQbx/dist/rustdom.node)
==5339==    by 0x231B5535: _RNvNvNvNvNtNtNtCs3Ir8cfnU9oH_7rustdom3dom4tree32___napi_impl_helper_NativeTree_1736___napi_register__NativeTree_impl_4431__18___CTOR_PRIVATE_REF14___ctor_private (in /home/guido/rustdom-selection-validation-cQnQbx/dist/rustdom.node)
==5339==    by 0x6B9F47D: call_init.part.0 (dl-init.c:70)
==5339==    by 0x6B9F567: call_init (dl-init.c:33)
==5339==    by 0x6B9F567: _dl_init (dl-init.c:117)
==5339==    by 0x78ADBB4: _dl_catch_exception (dl-error-skeleton.c:182)
==5339==    by 0x6BA6FF5: dl_open_worker (dl-open.c:808)
==5339==    by 0x6BA6FF5: dl_open_worker (dl-open.c:771)
==5339==    by 0x78ADB57: _dl_catch_exception (dl-error-skeleton.c:208)
==5339==    by 0x6BA734D: _dl_open (dl-open.c:883)
==5339==    by 0x77C95FB: dlopen_doit (dlopen.c:56)
==5339== 
==5339== 9 bytes in 1 blocks are possibly lost in loss record 69 of 425
==5339==    at 0x73E1899: malloc (in /mnt/c/Users/guido/ghq/projects/rustdom/.tools/valgrind/usr/libexec/valgrind/vgpreload_memcheck-amd64-linux.so)
==5339==    by 0x232478C2: _RNvXs0_NvMs_NtNtCs6i54tJFfzR_5alloc3ffi5c_strNtBa_7CString3newReNtB5_11SpecNewImpl13spec_new_impl (in /home/guido/rustdom-selection-validation-cQnQbx/dist/rustdom.node)
==5339==    by 0x231F177F: _RNvMs2_NtNtCs4QMHp0v7l6B_4napi9js_values15object_propertyNtB5_8Property14with_utf8_name (in /home/guido/rustdom-selection-validation-cQnQbx/dist/rustdom.node)
==5339==    by 0x2319BBEC: _RNvNvNvNvNtNtNtCs3Ir8cfnU9oH_7rustdom3dom12blob_binding39___napi_impl_helper_NativeBlobMetadata_143___napi_register__NativeBlobMetadata_impl_301__18___CTOR_PRIVATE_REF14___ctor_private (in /home/guido/rustdom-selection-validation-cQnQbx/dist/rustdom.node)
==5339==    by 0x6B9F47D: call_init.part.0 (dl-init.c:70)
==5339==    by 0x6B9F567: call_init (dl-init.c:33)
==5339==    by 0x6B9F567: _dl_init (dl-init.c:117)
==5339==    by 0x78ADBB4: _dl_catch_exception (dl-error-skeleton.c:182)
==5339==    by 0x6BA6FF5: dl_open_worker (dl-open.c:808)
==5339==    by 0x6BA6FF5: dl_open_worker (dl-open.c:771)
==5339==    by 0x78ADB57: _dl_catch_exception (dl-error-skeleton.c:208)
==5339==    by 0x6BA734D: _dl_open (dl-open.c:883)
==5339==    by 0x77C95FB: dlopen_doit (dlopen.c:56)
==5339==    by 0x78ADB57: _dl_catch_exception (dl-error-skeleton.c:208)
==5339== 
==5339== 9 bytes in 1 blocks are possibly lost in loss record 70 of 425
==5339==    at 0x73E1899: malloc (in /mnt/c/Users/guido/ghq/projects/rustdom/.tools/valgrind/usr/libexec/valgrind/vgpreload_memcheck-amd64-linux.so)
==5339==    by 0x232478C2: _RNvXs0_NvMs_NtNtCs6i54tJFfzR_5alloc3ffi5c_strNtBa_7CString3newReNtB5_11SpecNewImpl13spec_new_impl (in /home/guido/rustdom-selection-validation-cQnQbx/dist/rustdom.node)
==5339==    by 0x231F177F: _RNvMs2_NtNtCs4QMHp0v7l6B_4napi9js_values15object_propertyNtB5_8Property14with_utf8_name (in /home/guido/rustdom-selection-validation-cQnQbx/dist/rustdom.node)
==5339==    by 0x2319BDE2: _RNvNvNvNvNtNtNtCs3Ir8cfnU9oH_7rustdom3dom12blob_binding39___napi_impl_helper_NativeBlobMetadata_143___napi_register__NativeBlobMetadata_impl_301__18___CTOR_PRIVATE_REF14___ctor_private (in /home/guido/rustdom-selection-validation-cQnQbx/dist/rustdom.node)
==5339==    by 0x6B9F47D: call_init.part.0 (dl-init.c:70)
==5339==    by 0x6B9F567: call_init (dl-init.c:33)
==5339==    by 0x6B9F567: _dl_init (dl-init.c:117)
==5339==    by 0x78ADBB4: _dl_catch_exception (dl-error-skeleton.c:182)
==5339==    by 0x6BA6FF5: dl_open_worker (dl-open.c:808)
==5339==    by 0x6BA6FF5: dl_open_worker (dl-open.c:771)
==5339==    by 0x78ADB57: _dl_catch_exception (dl-error-skeleton.c:208)
==5339==    by 0x6BA734D: _dl_open (dl-open.c:883)
==5339==    by 0x77C95FB: dlopen_doit (dlopen.c:56)
==5339==    by 0x78ADB57: _dl_catch_exception (dl-error-skeleton.c:208)
==5339== 
==5339== 9 bytes in 1 blocks are possibly lost in loss record 71 of 425
==5339==    at 0x73E1899: malloc (in /mnt/c/Users/guido/ghq/projects/rustdom/.tools/valgrind/usr/libexec/valgrind/vgpreload_memcheck-amd64-linux.so)
==5339==    by 0x232478C2: _RNvXs0_NvMs_NtNtCs6i54tJFfzR_5alloc3ffi5c_strNtBa_7CString3newReNtB5_11SpecNewImpl13spec_new_impl (in /home/guido/rustdom-selection-validation-cQnQbx/dist/rustdom.node)
==5339==    by 0x231F177F: _RNvMs2_NtNtCs4QMHp0v7l6B_4napi9js_values15object_propertyNtB5_8Property14with_utf8_name (in /home/guido/rustdom-selection-validation-cQnQbx/dist/rustdom.node)
==5339==    by 0x2319CCFE: _RNvNvNvNvNtNtNtCs3Ir8cfnU9oH_7rustdom3dom16dom_rect_binding34___napi_impl_helper_NativeDomRect_238___napi_register__NativeDomRect_impl_521__18___CTOR_PRIVATE_REF14___ctor_private (in /home/guido/rustdom-selection-validation-cQnQbx/dist/rustdom.node)
==5339==    by 0x6B9F47D: call_init.part.0 (dl-init.c:70)
==5339==    by 0x6B9F567: call_init (dl-init.c:33)
==5339==    by 0x6B9F567: _dl_init (dl-init.c:117)
==5339==    by 0x78ADBB4: _dl_catch_exception (dl-error-skeleton.c:182)
==5339==    by 0x6BA6FF5: dl_open_worker (dl-open.c:808)
==5339==    by 0x6BA6FF5: dl_open_worker (dl-open.c:771)
==5339==    by 0x78ADB57: _dl_catch_exception (dl-error-skeleton.c:208)
==5339==    by 0x6BA734D: _dl_open (dl-open.c:883)
==5339==    by 0x77C95FB: dlopen_doit (dlopen.c:56)
==5339==    by 0x78ADB57: _dl_catch_exception (dl-error-skeleton.c:208)
==5339== 
==5339== 9 bytes in 1 blocks are possibly lost in loss record 72 of 425
==5339==    at 0x73E1899: malloc (in /mnt/c/Users/guido/ghq/projects/rustdom/.tools/valgrind/usr/libexec/valgrind/vgpreload_memcheck-amd64-linux.so)
==5339==    by 0x232478C2: _RNvXs0_NvMs_NtNtCs6i54tJFfzR_5alloc3ffi5c_strNtBa_7CString3newReNtB5_11SpecNewImpl13spec_new_impl (in /home/guido/rustdom-selection-validation-cQnQbx/dist/rustdom.node)
==5339==    by 0x231F177F: _RNvMs2_NtNtCs4QMHp0v7l6B_4napi9js_values15object_propertyNtB5_8Property14with_utf8_name (in /home/guido/rustdom-selection-validation-cQnQbx/dist/rustdom.node)
==5339==    by 0x2319ECA4: _RNvNvNvNvNtNtNtCs3Ir8cfnU9oH_7rustdom3dom17form_data_binding42___napi_impl_helper_NativeFormDataEntries_647___napi_register__NativeFormDataEntries_impl_1371__18___CTOR_PRIVATE_REF14___ctor_private (in /home/guido/rustdom-selection-validation-cQnQbx/dist/rustdom.node)
==5339==    by 0x6B9F47D: call_init.part.0 (dl-init.c:70)
==5339==    by 0x6B9F567: call_init (dl-init.c:33)
==5339==    by 0x6B9F567: _dl_init (dl-init.c:117)
==5339==    by 0x78ADBB4: _dl_catch_exception (dl-error-skeleton.c:182)
==5339==    by 0x6BA6FF5: dl_open_worker (dl-open.c:808)
==5339==    by 0x6BA6FF5: dl_open_worker (dl-open.c:771)
==5339==    by 0x78ADB57: _dl_catch_exception (dl-error-skeleton.c:208)
==5339==    by 0x6BA734D: _dl_open (dl-open.c:883)
==5339==    by 0x77C95FB: dlopen_doit (dlopen.c:56)
==5339==    by 0x78ADB57: _dl_catch_exception (dl-error-skeleton.c:208)
==5339== 
==5339== 9 bytes in 1 blocks are possibly lost in loss record 73 of 425
==5339==    at 0x73E1899: malloc (in /mnt/c/Users/guido/ghq/projects/rustdom/.tools/valgrind/usr/libexec/valgrind/vgpreload_memcheck-amd64-linux.so)
==5339==    by 0x232478C2: _RNvXs0_NvMs_NtNtCs6i54tJFfzR_5alloc3ffi5c_strNtBa_7CString3newReNtB5_11SpecNewImpl13spec_new_impl (in /home/guido/rustdom-selection-validation-cQnQbx/dist/rustdom.node)
==5339==    by 0x231F177F: _RNvMs2_NtNtCs4QMHp0v7l6B_4napi9js_values15object_propertyNtB5_8Property14with_utf8_name (in /home/guido/rustdom-selection-validation-cQnQbx/dist/rustdom.node)
==5339==    by 0x231A02F2: _RNvNvNvNvNtNtNtCs3Ir8cfnU9oH_7rustdom3dom17selection_binding42___napi_impl_helper_NativeSelectionState_1246___napi_register__NativeSelectionState_impl_2341__18___CTOR_PRIVATE_REF14___ctor_private (in /home/guido/rustdom-selection-validation-cQnQbx/dist/rustdom.node)
==5339==    by 0x6B9F47D: call_init.part.0 (dl-init.c:70)
==5339==    by 0x6B9F567: call_init (dl-init.c:33)
==5339==    by 0x6B9F567: _dl_init (dl-init.c:117)
==5339==    by 0x78ADBB4: _dl_catch_exception (dl-error-skeleton.c:182)
==5339==    by 0x6BA6FF5: dl_open_worker (dl-open.c:808)
==5339==    by 0x6BA6FF5: dl_open_worker (dl-open.c:771)
==5339==    by 0x78ADB57: _dl_catch_exception (dl-error-skeleton.c:208)
==5339==    by 0x6BA734D: _dl_open (dl-open.c:883)
==5339==    by 0x77C95FB: dlopen_doit (dlopen.c:56)
==5339==    by 0x78ADB57: _dl_catch_exception (dl-error-skeleton.c:208)
==5339== 
==5339== 9 bytes in 1 blocks are possibly lost in loss record 74 of 425
==5339==    at 0x73E1899: malloc (in /mnt/c/Users/guido/ghq/projects/rustdom/.tools/valgrind/usr/libexec/valgrind/vgpreload_memcheck-amd64-linux.so)
==5339==    by 0x232478C2: _RNvXs0_NvMs_NtNtCs6i54tJFfzR_5alloc3ffi5c_strNtBa_7CString3newReNtB5_11SpecNewImpl13spec_new_impl (in /home/guido/rustdom-selection-validation-cQnQbx/dist/rustdom.node)
==5339==    by 0x231F177F: _RNvMs2_NtNtCs4QMHp0v7l6B_4napi9js_values15object_propertyNtB5_8Property14with_utf8_name (in /home/guido/rustdom-selection-validation-cQnQbx/dist/rustdom.node)
==5339==    by 0x231A119B: _RNvNvNvNvNtNtNtCs3Ir8cfnU9oH_7rustdom3dom18token_list_binding36___napi_impl_helper_NativeTokenSet_1540___napi_register__NativeTokenSet_impl_2661__18___CTOR_PRIVATE_REF14___ctor_private (in /home/guido/rustdom-selection-validation-cQnQbx/dist/rustdom.node)
==5339==    by 0x6B9F47D: call_init.part.0 (dl-init.c:70)
==5339==    by 0x6B9F567: call_init (dl-init.c:33)
==5339==    by 0x6B9F567: _dl_init (dl-init.c:117)
==5339==    by 0x78ADBB4: _dl_catch_exception (dl-error-skeleton.c:182)
==5339==    by 0x6BA6FF5: dl_open_worker (dl-open.c:808)
==5339==    by 0x6BA6FF5: dl_open_worker (dl-open.c:771)
==5339==    by 0x78ADB57: _dl_catch_exception (dl-error-skeleton.c:208)
==5339==    by 0x6BA734D: _dl_open (dl-open.c:883)
==5339==    by 0x77C95FB: dlopen_doit (dlopen.c:56)
==5339==    by 0x78ADB57: _dl_catch_exception (dl-error-skeleton.c:208)
==5339== 
==5339== 9 bytes in 1 blocks are possibly lost in loss record 75 of 425
==5339==    at 0x73E1899: malloc (in /mnt/c/Users/guido/ghq/projects/rustdom/.tools/valgrind/usr/libexec/valgrind/vgpreload_memcheck-amd64-linux.so)
==5339==    by 0x232478C2: _RNvXs0_NvMs_NtNtCs6i54tJFfzR_5alloc3ffi5c_strNtBa_7CString3newReNtB5_11SpecNewImpl13spec_new_impl (in /home/guido/rustdom-selection-validation-cQnQbx/dist/rustdom.node)
==5339==    by 0x231F177F: _RNvMs2_NtNtCs4QMHp0v7l6B_4napi9js_values15object_propertyNtB5_8Property14with_utf8_name (in /home/guido/rustdom-selection-validation-cQnQbx/dist/rustdom.node)
==5339==    by 0x231A1B97: _RNvNvNvNvNtNtNtCs3Ir8cfnU9oH_7rustdom3dom18token_list_binding37___napi_impl_helper_NativeTokenList_1441___napi_register__NativeTokenList_impl_2611__18___CTOR_PRIVATE_REF14___ctor_private (in /home/guido/rustdom-selection-validation-cQnQbx/dist/rustdom.node)
==5339==    by 0x6B9F47D: call_init.part.0 (dl-init.c:70)
==5339==    by 0x6B9F567: call_init (dl-init.c:33)
==5339==    by 0x6B9F567: _dl_init (dl-init.c:117)
==5339==    by 0x78ADBB4: _dl_catch_exception (dl-error-skeleton.c:182)
==5339==    by 0x6BA6FF5: dl_open_worker (dl-open.c:808)
==5339==    by 0x6BA6FF5: dl_open_worker (dl-open.c:771)
==5339==    by 0x78ADB57: _dl_catch_exception (dl-error-skeleton.c:208)
==5339==    by 0x6BA734D: _dl_open (dl-open.c:883)
==5339==    by 0x77C95FB: dlopen_doit (dlopen.c:56)
==5339==    by 0x78ADB57: _dl_catch_exception (dl-error-skeleton.c:208)
==5339== 
==5339== 9 bytes in 1 blocks are possibly lost in loss record 76 of 425
==5339==    at 0x73E1899: malloc (in /mnt/c/Users/guido/ghq/projects/rustdom/.tools/valgrind/usr/libexec/valgrind/vgpreload_memcheck-amd64-linux.so)
==5339==    by 0x232478C2: _RNvXs0_NvMs_NtNtCs6i54tJFfzR_5alloc3ffi5c_strNtBa_7CString3newReNtB5_11SpecNewImpl13spec_new_impl (in /home/guido/rustdom-selection-validation-cQnQbx/dist/rustdom.node)
==5339==    by 0x231F177F: _RNvMs2_NtNtCs4QMHp0v7l6B_4napi9js_values15object_propertyNtB5_8Property14with_utf8_name (in /home/guido/rustdom-selection-validation-cQnQbx/dist/rustdom.node)
==5339==    by 0x231A84BA: _RNvNvNvNvNtNtNtCs3Ir8cfnU9oH_7rustdom3dom19range_clone_binding37___napi_impl_helper_NativeRangeClone_942___napi_register__NativeRangeClone_impl_1851__18___CTOR_PRIVATE_REF14___ctor_private (in /home/guido/rustdom-selection-validation-cQnQbx/dist/rustdom.node)
==5339==    by 0x6B9F47D: call_init.part.0 (dl-init.c:70)
==5339==    by 0x6B9F567: call_init (dl-init.c:33)
==5339==    by 0x6B9F567: _dl_init (dl-init.c:117)
==5339==    by 0x78ADBB4: _dl_catch_exception (dl-error-skeleton.c:182)
==5339==    by 0x6BA6FF5: dl_open_worker (dl-open.c:808)
==5339==    by 0x6BA6FF5: dl_open_worker (dl-open.c:771)
==5339==    by 0x78ADB57: _dl_catch_exception (dl-error-skeleton.c:208)
==5339==    by 0x6BA734D: _dl_open (dl-open.c:883)
==5339==    by 0x77C95FB: dlopen_doit (dlopen.c:56)
==5339==    by 0x78ADB57: _dl_catch_exception (dl-error-skeleton.c:208)
==5339== 
==5339== 9 bytes in 1 blocks are possibly lost in loss record 77 of 425
==5339==    at 0x73E1899: malloc (in /mnt/c/Users/guido/ghq/projects/rustdom/.tools/valgrind/usr/libexec/valgrind/vgpreload_memcheck-amd64-linux.so)
==5339==    by 0x232478C2: _RNvXs0_NvMs_NtNtCs6i54tJFfzR_5alloc3ffi5c_strNtBa_7CString3newReNtB5_11SpecNewImpl13spec_new_impl (in /home/guido/rustdom-selection-validation-cQnQbx/dist/rustdom.node)
==5339==    by 0x231F177F: _RNvMs2_NtNtCs4QMHp0v7l6B_4napi9js_values15object_propertyNtB5_8Property14with_utf8_name (in /home/guido/rustdom-selection-validation-cQnQbx/dist/rustdom.node)
==5339==    by 0x231A9BE0: _RNvNvNvNvNtNtNtCs3Ir8cfnU9oH_7rustdom3dom19range_state_binding33___napi_impl_helper_NativeRange_1137___napi_register__NativeRange_impl_2221__18___CTOR_PRIVATE_REF14___ctor_private (in /home/guido/rustdom-selection-validation-cQnQbx/dist/rustdom.node)
==5339==    by 0x6B9F47D: call_init.part.0 (dl-init.c:70)
==5339==    by 0x6B9F567: call_init (dl-init.c:33)
==5339==    by 0x6B9F567: _dl_init (dl-init.c:117)
==5339==    by 0x78ADBB4: _dl_catch_exception (dl-error-skeleton.c:182)
==5339==    by 0x6BA6FF5: dl_open_worker (dl-open.c:808)
==5339==    by 0x6BA6FF5: dl_open_worker (dl-open.c:771)
==5339==    by 0x78ADB57: _dl_catch_exception (dl-error-skeleton.c:208)
==5339==    by 0x6BA734D: _dl_open (dl-open.c:883)
==5339==    by 0x77C95FB: dlopen_doit (dlopen.c:56)
==5339==    by 0x78ADB57: _dl_catch_exception (dl-error-skeleton.c:208)
==5339== 
==5339== 9 bytes in 1 blocks are possibly lost in loss record 78 of 425
==5339==    at 0x73E1899: malloc (in /mnt/c/Users/guido/ghq/projects/rustdom/.tools/valgrind/usr/libexec/valgrind/vgpreload_memcheck-amd64-linux.so)
==5339==    by 0x232478C2: _RNvXs0_NvMs_NtNtCs6i54tJFfzR_5alloc3ffi5c_strNtBa_7CString3newReNtB5_11SpecNewImpl13spec_new_impl (in /home/guido/rustdom-selection-validation-cQnQbx/dist/rustdom.node)
==5339==    by 0x231F177F: _RNvMs2_NtNtCs4QMHp0v7l6B_4napi9js_values15object_propertyNtB5_8Property14with_utf8_name (in /home/guido/rustdom-selection-validation-cQnQbx/dist/rustdom.node)
==5339==    by 0x231AC76B: _RNvNvNvNvNtNtNtCs3Ir8cfnU9oH_7rustdom3dom19web_storage_binding39___napi_impl_helper_NativeStorageArea_2043___napi_register__NativeStorageArea_impl_4761__18___CTOR_PRIVATE_REF14___ctor_private (in /home/guido/rustdom-selection-validation-cQnQbx/dist/rustdom.node)
==5339==    by 0x6B9F47D: call_init.part.0 (dl-init.c:70)
==5339==    by 0x6B9F567: call_init (dl-init.c:33)
==5339==    by 0x6B9F567: _dl_init (dl-init.c:117)
==5339==    by 0x78ADBB4: _dl_catch_exception (dl-error-skeleton.c:182)
==5339==    by 0x6BA6FF5: dl_open_worker (dl-open.c:808)
==5339==    by 0x6BA6FF5: dl_open_worker (dl-open.c:771)
==5339==    by 0x78ADB57: _dl_catch_exception (dl-error-skeleton.c:208)
==5339==    by 0x6BA734D: _dl_open (dl-open.c:883)
==5339==    by 0x77C95FB: dlopen_doit (dlopen.c:56)
==5339==    by 0x78ADB57: _dl_catch_exception (dl-error-skeleton.c:208)
==5339== 
==5339== 9 bytes in 1 blocks are possibly lost in loss record 79 of 425
==5339==    at 0x73E1899: malloc (in /mnt/c/Users/guido/ghq/projects/rustdom/.tools/valgrind/usr/libexec/valgrind/vgpreload_memcheck-amd64-linux.so)
==5339==    by 0x232478C2: _RNvXs0_NvMs_NtNtCs6i54tJFfzR_5alloc3ffi5c_strNtBa_7CString3newReNtB5_11SpecNewImpl13spec_new_impl (in /home/guido/rustdom-selection-validation-cQnQbx/dist/rustdom.node)
==5339==    by 0x231F177F: _RNvMs2_NtNtCs4QMHp0v7l6B_4napi9js_values15object_propertyNtB5_8Property14with_utf8_name (in /home/guido/rustdom-selection-validation-cQnQbx/dist/rustdom.node)
==5339==    by 0x231AE44A: _RNvNvNvNvNtNtNtCs3Ir8cfnU9oH_7rustdom3dom21range_extract_binding40___napi_impl_helper_NativeRangeExtract_1044___napi_register__NativeRangeExtract_impl_1931__18___CTOR_PRIVATE_REF14___ctor_private (in /home/guido/rustdom-selection-validation-cQnQbx/dist/rustdom.node)
==5339==    by 0x6B9F47D: call_init.part.0 (dl-init.c:70)
==5339==    by 0x6B9F567: call_init (dl-init.c:33)
==5339==    by 0x6B9F567: _dl_init (dl-init.c:117)
==5339==    by 0x78ADBB4: _dl_catch_exception (dl-error-skeleton.c:182)
==5339==    by 0x6BA6FF5: dl_open_worker (dl-open.c:808)
==5339==    by 0x6BA6FF5: dl_open_worker (dl-open.c:771)
==5339==    by 0x78ADB57: _dl_catch_exception (dl-error-skeleton.c:208)
==5339==    by 0x6BA734D: _dl_open (dl-open.c:883)
==5339==    by 0x77C95FB: dlopen_doit (dlopen.c:56)
==5339==    by 0x78ADB57: _dl_catch_exception (dl-error-skeleton.c:208)
==5339== 
==5339== 9 bytes in 1 blocks are possibly lost in loss record 80 of 425
==5339==    at 0x73E1899: malloc (in /mnt/c/Users/guido/ghq/projects/rustdom/.tools/valgrind/usr/libexec/valgrind/vgpreload_memcheck-amd64-linux.so)
==5339==    by 0x232478C2: _RNvXs0_NvMs_NtNtCs6i54tJFfzR_5alloc3ffi5c_strNtBa_7CString3newReNtB5_11SpecNewImpl13spec_new_impl (in /home/guido/rustdom-selection-validation-cQnQbx/dist/rustdom.node)
==5339==    by 0x231F177F: _RNvMs2_NtNtCs4QMHp0v7l6B_4napi9js_values15object_propertyNtB5_8Property14with_utf8_name (in /home/guido/rustdom-selection-validation-cQnQbx/dist/rustdom.node)
==5339==    by 0x231AF33E: _RNvNvNvNvNtNtNtCs3Ir8cfnU9oH_7rustdom3dom23event_listeners_binding43___napi_impl_helper_NativeListenerRegistry_347___napi_register__NativeListenerRegistry_impl_691__18___CTOR_PRIVATE_REF14___ctor_private (in /home/guido/rustdom-selection-validation-cQnQbx/dist/rustdom.node)
==5339==    by 0x6B9F47D: call_init.part.0 (dl-init.c:70)
==5339==    by 0x6B9F567: call_init (dl-init.c:33)
==5339==    by 0x6B9F567: _dl_init (dl-init.c:117)
==5339==    by 0x78ADBB4: _dl_catch_exception (dl-error-skeleton.c:182)
==5339==    by 0x6BA6FF5: dl_open_worker (dl-open.c:808)
==5339==    by 0x6BA6FF5: dl_open_worker (dl-open.c:771)
==5339==    by 0x78ADB57: _dl_catch_exception (dl-error-skeleton.c:208)
==5339==    by 0x6BA734D: _dl_open (dl-open.c:883)
==5339==    by 0x77C95FB: dlopen_doit (dlopen.c:56)
==5339==    by 0x78ADB57: _dl_catch_exception (dl-error-skeleton.c:208)
==5339== 
==5339== 9 bytes in 1 blocks are possibly lost in loss record 81 of 425
==5339==    at 0x73E1899: malloc (in /mnt/c/Users/guido/ghq/projects/rustdom/.tools/valgrind/usr/libexec/valgrind/vgpreload_memcheck-amd64-linux.so)
==5339==    by 0x232478C2: _RNvXs0_NvMs_NtNtCs6i54tJFfzR_5alloc3ffi5c_strNtBa_7CString3newReNtB5_11SpecNewImpl13spec_new_impl (in /home/guido/rustdom-selection-validation-cQnQbx/dist/rustdom.node)
==5339==    by 0x231F177F: _RNvMs2_NtNtCs4QMHp0v7l6B_4napi9js_values15object_propertyNtB5_8Property14with_utf8_name (in /home/guido/rustdom-selection-validation-cQnQbx/dist/rustdom.node)
==5339==    by 0x231B0A18: _RNvNvNvNvNtNtNtCs3Ir8cfnU9oH_7rustdom3dom23mutation_record_binding41___napi_impl_helper_NativeMutationRecord_746___napi_register__NativeMutationRecord_impl_1591__18___CTOR_PRIVATE_REF14___ctor_private (in /home/guido/rustdom-selection-validation-cQnQbx/dist/rustdom.node)
==5339==    by 0x6B9F47D: call_init.part.0 (dl-init.c:70)
==5339==    by 0x6B9F567: call_init (dl-init.c:33)
==5339==    by 0x6B9F567: _dl_init (dl-init.c:117)
==5339==    by 0x78ADBB4: _dl_catch_exception (dl-error-skeleton.c:182)
==5339==    by 0x6BA6FF5: dl_open_worker (dl-open.c:808)
==5339==    by 0x6BA6FF5: dl_open_worker (dl-open.c:771)
==5339==    by 0x78ADB57: _dl_catch_exception (dl-error-skeleton.c:208)
==5339==    by 0x6BA734D: _dl_open (dl-open.c:883)
==5339==    by 0x77C95FB: dlopen_doit (dlopen.c:56)
==5339==    by 0x78ADB57: _dl_catch_exception (dl-error-skeleton.c:208)
==5339== 
==5339== 9 bytes in 1 blocks are possibly lost in loss record 82 of 425
==5339==    at 0x73E1899: malloc (in /mnt/c/Users/guido/ghq/projects/rustdom/.tools/valgrind/usr/libexec/valgrind/vgpreload_memcheck-amd64-linux.so)
==5339==    by 0x232478C2: _RNvXs0_NvMs_NtNtCs6i54tJFfzR_5alloc3ffi5c_strNtBa_7CString3newReNtB5_11SpecNewImpl13spec_new_impl (in /home/guido/rustdom-selection-validation-cQnQbx/dist/rustdom.node)
==5339==    by 0x231F177F: _RNvMs2_NtNtCs4QMHp0v7l6B_4napi9js_values15object_propertyNtB5_8Property14with_utf8_name (in /home/guido/rustdom-selection-validation-cQnQbx/dist/rustdom.node)
==5339==    by 0x231B1CBA: _RNvNvNvNvNtNtNtCs3Ir8cfnU9oH_7rustdom3dom23slot_assignment_binding48___napi_impl_helper_NativeSlotAssignmentDriver_1352___napi_register__NativeSlotAssignmentDriver_impl_2471__18___CTOR_PRIVATE_REF14___ctor_private (in /home/guido/rustdom-selection-validation-cQnQbx/dist/rustdom.node)
==5339==    by 0x6B9F47D: call_init.part.0 (dl-init.c:70)
==5339==    by 0x6B9F567: call_init (dl-init.c:33)
==5339==    by 0x6B9F567: _dl_init (dl-init.c:117)
==5339==    by 0x78ADBB4: _dl_catch_exception (dl-error-skeleton.c:182)
==5339==    by 0x6BA6FF5: dl_open_worker (dl-open.c:808)
==5339==    by 0x6BA6FF5: dl_open_worker (dl-open.c:771)
==5339==    by 0x78ADB57: _dl_catch_exception (dl-error-skeleton.c:208)
==5339==    by 0x6BA734D: _dl_open (dl-open.c:883)
==5339==    by 0x77C95FB: dlopen_doit (dlopen.c:56)
==5339==    by 0x78ADB57: _dl_catch_exception (dl-error-skeleton.c:208)
==5339== 
==5339== 9 bytes in 1 blocks are possibly lost in loss record 83 of 425
==5339==    at 0x73E1899: malloc (in /mnt/c/Users/guido/ghq/projects/rustdom/.tools/valgrind/usr/libexec/valgrind/vgpreload_memcheck-amd64-linux.so)
==5339==    by 0x232478C2: _RNvXs0_NvMs_NtNtCs6i54tJFfzR_5alloc3ffi5c_strNtBa_7CString3newReNtB5_11SpecNewImpl13spec_new_impl (in /home/guido/rustdom-selection-validation-cQnQbx/dist/rustdom.node)
==5339==    by 0x231F177F: _RNvMs2_NtNtCs4QMHp0v7l6B_4napi9js_values15object_propertyNtB5_8Property14with_utf8_name (in /home/guido/rustdom-selection-validation-cQnQbx/dist/rustdom.node)
==5339==    by 0x231B258B: _RNvNvNvNvNtNtNtCs3Ir8cfnU9oH_7rustdom3dom25observer_delivery_binding43___napi_impl_helper_NativeObserverDelivery_848___napi_register__NativeObserverDelivery_impl_1721__18___CTOR_PRIVATE_REF14___ctor_private (in /home/guido/rustdom-selection-validation-cQnQbx/dist/rustdom.node)
==5339==    by 0x6B9F47D: call_init.part.0 (dl-init.c:70)
==5339==    by 0x6B9F567: call_init (dl-init.c:33)
==5339==    by 0x6B9F567: _dl_init (dl-init.c:117)
==5339==    by 0x78ADBB4: _dl_catch_exception (dl-error-skeleton.c:182)
==5339==    by 0x6BA6FF5: dl_open_worker (dl-open.c:808)
==5339==    by 0x6BA6FF5: dl_open_worker (dl-open.c:771)
==5339==    by 0x78ADB57: _dl_catch_exception (dl-error-skeleton.c:208)
==5339==    by 0x6BA734D: _dl_open (dl-open.c:883)
==5339==    by 0x77C95FB: dlopen_doit (dlopen.c:56)
==5339==    by 0x78ADB57: _dl_catch_exception (dl-error-skeleton.c:208)
==5339== 
==5339== 9 bytes in 1 blocks are possibly lost in loss record 84 of 425
==5339==    at 0x73E1899: malloc (in /mnt/c/Users/guido/ghq/projects/rustdom/.tools/valgrind/usr/libexec/valgrind/vgpreload_memcheck-amd64-linux.so)
==5339==    by 0x232478C2: _RNvXs0_NvMs_NtNtCs6i54tJFfzR_5alloc3ffi5c_strNtBa_7CString3newReNtB5_11SpecNewImpl13spec_new_impl (in /home/guido/rustdom-selection-validation-cQnQbx/dist/rustdom.node)
==5339==    by 0x231F177F: _RNvMs2_NtNtCs4QMHp0v7l6B_4napi9js_values15object_propertyNtB5_8Property14with_utf8_name (in /home/guido/rustdom-selection-validation-cQnQbx/dist/rustdom.node)
==5339==    by 0x23188A18: _RNvNvNtNtNtCs3Ir8cfnU9oH_7rustdom3dom4tree32___napi_impl_helper_NativeTree_1736___napi_register__NativeTree_impl_44320___ctor_private_inner (in /home/guido/rustdom-selection-validation-cQnQbx/dist/rustdom.node)
==5339==    by 0x231B5535: _RNvNvNvNvNtNtNtCs3Ir8cfnU9oH_7rustdom3dom4tree32___napi_impl_helper_NativeTree_1736___napi_register__NativeTree_impl_4431__18___CTOR_PRIVATE_REF14___ctor_private (in /home/guido/rustdom-selection-validation-cQnQbx/dist/rustdom.node)
==5339==    by 0x6B9F47D: call_init.part.0 (dl-init.c:70)
==5339==    by 0x6B9F567: call_init (dl-init.c:33)
==5339==    by 0x6B9F567: _dl_init (dl-init.c:117)
==5339==    by 0x78ADBB4: _dl_catch_exception (dl-error-skeleton.c:182)
==5339==    by 0x6BA6FF5: dl_open_worker (dl-open.c:808)
==5339==    by 0x6BA6FF5: dl_open_worker (dl-open.c:771)
==5339==    by 0x78ADB57: _dl_catch_exception (dl-error-skeleton.c:208)
==5339==    by 0x6BA734D: _dl_open (dl-open.c:883)
==5339==    by 0x77C95FB: dlopen_doit (dlopen.c:56)
==5339== 
==5339== 9 bytes in 1 blocks are possibly lost in loss record 85 of 425
==5339==    at 0x73E1899: malloc (in /mnt/c/Users/guido/ghq/projects/rustdom/.tools/valgrind/usr/libexec/valgrind/vgpreload_memcheck-amd64-linux.so)
==5339==    by 0x232478C2: _RNvXs0_NvMs_NtNtCs6i54tJFfzR_5alloc3ffi5c_strNtBa_7CString3newReNtB5_11SpecNewImpl13spec_new_impl (in /home/guido/rustdom-selection-validation-cQnQbx/dist/rustdom.node)
==5339==    by 0x231F177F: _RNvMs2_NtNtCs4QMHp0v7l6B_4napi9js_values15object_propertyNtB5_8Property14with_utf8_name (in /home/guido/rustdom-selection-validation-cQnQbx/dist/rustdom.node)
==5339==    by 0x2318A9BD: _RNvNvNtNtNtCs3Ir8cfnU9oH_7rustdom3dom4tree32___napi_impl_helper_NativeTree_1736___napi_register__NativeTree_impl_44320___ctor_private_inner (in /home/guido/rustdom-selection-validation-cQnQbx/dist/rustdom.node)
==5339==    by 0x231B5535: _RNvNvNvNvNtNtNtCs3Ir8cfnU9oH_7rustdom3dom4tree32___napi_impl_helper_NativeTree_1736___napi_register__NativeTree_impl_4431__18___CTOR_PRIVATE_REF14___ctor_private (in /home/guido/rustdom-selection-validation-cQnQbx/dist/rustdom.node)
==5339==    by 0x6B9F47D: call_init.part.0 (dl-init.c:70)
==5339==    by 0x6B9F567: call_init (dl-init.c:33)
==5339==    by 0x6B9F567: _dl_init (dl-init.c:117)
==5339==    by 0x78ADBB4: _dl_catch_exception (dl-error-skeleton.c:182)
==5339==    by 0x6BA6FF5: dl_open_worker (dl-open.c:808)
==5339==    by 0x6BA6FF5: dl_open_worker (dl-open.c:771)
==5339==    by 0x78ADB57: _dl_catch_exception (dl-error-skeleton.c:208)
==5339==    by 0x6BA734D: _dl_open (dl-open.c:883)
==5339==    by 0x77C95FB: dlopen_doit (dlopen.c:56)
==5339== 
==5339== 9 bytes in 1 blocks are possibly lost in loss record 86 of 425
==5339==    at 0x73E1899: malloc (in /mnt/c/Users/guido/ghq/projects/rustdom/.tools/valgrind/usr/libexec/valgrind/vgpreload_memcheck-amd64-linux.so)
==5339==    by 0x232478C2: _RNvXs0_NvMs_NtNtCs6i54tJFfzR_5alloc3ffi5c_strNtBa_7CString3newReNtB5_11SpecNewImpl13spec_new_impl (in /home/guido/rustdom-selection-validation-cQnQbx/dist/rustdom.node)
==5339==    by 0x231F177F: _RNvMs2_NtNtCs4QMHp0v7l6B_4napi9js_values15object_propertyNtB5_8Property14with_utf8_name (in /home/guido/rustdom-selection-validation-cQnQbx/dist/rustdom.node)
==5339==    by 0x2318ADD5: _RNvNvNtNtNtCs3Ir8cfnU9oH_7rustdom3dom4tree32___napi_impl_helper_NativeTree_1736___napi_register__NativeTree_impl_44320___ctor_private_inner (in /home/guido/rustdom-selection-validation-cQnQbx/dist/rustdom.node)
==5339==    by 0x231B5535: _RNvNvNvNvNtNtNtCs3Ir8cfnU9oH_7rustdom3dom4tree32___napi_impl_helper_NativeTree_1736___napi_register__NativeTree_impl_4431__18___CTOR_PRIVATE_REF14___ctor_private (in /home/guido/rustdom-selection-validation-cQnQbx/dist/rustdom.node)
==5339==    by 0x6B9F47D: call_init.part.0 (dl-init.c:70)
==5339==    by 0x6B9F567: call_init (dl-init.c:33)
==5339==    by 0x6B9F567: _dl_init (dl-init.c:117)
==5339==    by 0x78ADBB4: _dl_catch_exception (dl-error-skeleton.c:182)
==5339==    by 0x6BA6FF5: dl_open_worker (dl-open.c:808)
==5339==    by 0x6BA6FF5: dl_open_worker (dl-open.c:771)
==5339==    by 0x78ADB57: _dl_catch_exception (dl-error-skeleton.c:208)
==5339==    by 0x6BA734D: _dl_open (dl-open.c:883)
==5339==    by 0x77C95FB: dlopen_doit (dlopen.c:56)
==5339== 
==5339== 9 bytes in 1 blocks are possibly lost in loss record 87 of 425
==5339==    at 0x73E1899: malloc (in /mnt/c/Users/guido/ghq/projects/rustdom/.tools/valgrind/usr/libexec/valgrind/vgpreload_memcheck-amd64-linux.so)
==5339==    by 0x232478C2: _RNvXs0_NvMs_NtNtCs6i54tJFfzR_5alloc3ffi5c_strNtBa_7CString3newReNtB5_11SpecNewImpl13spec_new_impl (in /home/guido/rustdom-selection-validation-cQnQbx/dist/rustdom.node)
==5339==    by 0x231F177F: _RNvMs2_NtNtCs4QMHp0v7l6B_4napi9js_values15object_propertyNtB5_8Property14with_utf8_name (in /home/guido/rustdom-selection-validation-cQnQbx/dist/rustdom.node)
==5339==    by 0x2318C24D: _RNvNvNtNtNtCs3Ir8cfnU9oH_7rustdom3dom4tree32___napi_impl_helper_NativeTree_1736___napi_register__NativeTree_impl_44320___ctor_private_inner (in /home/guido/rustdom-selection-validation-cQnQbx/dist/rustdom.node)
==5339==    by 0x231B5535: _RNvNvNvNvNtNtNtCs3Ir8cfnU9oH_7rustdom3dom4tree32___napi_impl_helper_NativeTree_1736___napi_register__NativeTree_impl_4431__18___CTOR_PRIVATE_REF14___ctor_private (in /home/guido/rustdom-selection-validation-cQnQbx/dist/rustdom.node)
==5339==    by 0x6B9F47D: call_init.part.0 (dl-init.c:70)
==5339==    by 0x6B9F567: call_init (dl-init.c:33)
==5339==    by 0x6B9F567: _dl_init (dl-init.c:117)
==5339==    by 0x78ADBB4: _dl_catch_exception (dl-error-skeleton.c:182)
==5339==    by 0x6BA6FF5: dl_open_worker (dl-open.c:808)
==5339==    by 0x6BA6FF5: dl_open_worker (dl-open.c:771)
==5339==    by 0x78ADB57: _dl_catch_exception (dl-error-skeleton.c:208)
==5339==    by 0x6BA734D: _dl_open (dl-open.c:883)
==5339==    by 0x77C95FB: dlopen_doit (dlopen.c:56)
==5339== 
==5339== 9 bytes in 1 blocks are possibly lost in loss record 88 of 425
==5339==    at 0x73E1899: malloc (in /mnt/c/Users/guido/ghq/projects/rustdom/.tools/valgrind/usr/libexec/valgrind/vgpreload_memcheck-amd64-linux.so)
==5339==    by 0x232478C2: _RNvXs0_NvMs_NtNtCs6i54tJFfzR_5alloc3ffi5c_strNtBa_7CString3newReNtB5_11SpecNewImpl13spec_new_impl (in /home/guido/rustdom-selection-validation-cQnQbx/dist/rustdom.node)
==5339==    by 0x231F177F: _RNvMs2_NtNtCs4QMHp0v7l6B_4napi9js_values15object_propertyNtB5_8Property14with_utf8_name (in /home/guido/rustdom-selection-validation-cQnQbx/dist/rustdom.node)
==5339==    by 0x2318EB3D: _RNvNvNtNtNtCs3Ir8cfnU9oH_7rustdom3dom4tree32___napi_impl_helper_NativeTree_1736___napi_register__NativeTree_impl_44320___ctor_private_inner (in /home/guido/rustdom-selection-validation-cQnQbx/dist/rustdom.node)
==5339==    by 0x231B5535: _RNvNvNvNvNtNtNtCs3Ir8cfnU9oH_7rustdom3dom4tree32___napi_impl_helper_NativeTree_1736___napi_register__NativeTree_impl_4431__18___CTOR_PRIVATE_REF14___ctor_private (in /home/guido/rustdom-selection-validation-cQnQbx/dist/rustdom.node)
==5339==    by 0x6B9F47D: call_init.part.0 (dl-init.c:70)
==5339==    by 0x6B9F567: call_init (dl-init.c:33)
==5339==    by 0x6B9F567: _dl_init (dl-init.c:117)
==5339==    by 0x78ADBB4: _dl_catch_exception (dl-error-skeleton.c:182)
==5339==    by 0x6BA6FF5: dl_open_worker (dl-open.c:808)
==5339==    by 0x6BA6FF5: dl_open_worker (dl-open.c:771)
==5339==    by 0x78ADB57: _dl_catch_exception (dl-error-skeleton.c:208)
==5339==    by 0x6BA734D: _dl_open (dl-open.c:883)
==5339==    by 0x77C95FB: dlopen_doit (dlopen.c:56)
==5339== 
==5339== 9 bytes in 1 blocks are possibly lost in loss record 89 of 425
==5339==    at 0x73E1899: malloc (in /mnt/c/Users/guido/ghq/projects/rustdom/.tools/valgrind/usr/libexec/valgrind/vgpreload_memcheck-amd64-linux.so)
==5339==    by 0x232478C2: _RNvXs0_NvMs_NtNtCs6i54tJFfzR_5alloc3ffi5c_strNtBa_7CString3newReNtB5_11SpecNewImpl13spec_new_impl (in /home/guido/rustdom-selection-validation-cQnQbx/dist/rustdom.node)
==5339==    by 0x231F177F: _RNvMs2_NtNtCs4QMHp0v7l6B_4napi9js_values15object_propertyNtB5_8Property14with_utf8_name (in /home/guido/rustdom-selection-validation-cQnQbx/dist/rustdom.node)
==5339==    by 0x2318EC43: _RNvNvNtNtNtCs3Ir8cfnU9oH_7rustdom3dom4tree32___napi_impl_helper_NativeTree_1736___napi_register__NativeTree_impl_44320___ctor_private_inner (in /home/guido/rustdom-selection-validation-cQnQbx/dist/rustdom.node)
==5339==    by 0x231B5535: _RNvNvNvNvNtNtNtCs3Ir8cfnU9oH_7rustdom3dom4tree32___napi_impl_helper_NativeTree_1736___napi_register__NativeTree_impl_4431__18___CTOR_PRIVATE_REF14___ctor_private (in /home/guido/rustdom-selection-validation-cQnQbx/dist/rustdom.node)
==5339==    by 0x6B9F47D: call_init.part.0 (dl-init.c:70)
==5339==    by 0x6B9F567: call_init (dl-init.c:33)
==5339==    by 0x6B9F567: _dl_init (dl-init.c:117)
==5339==    by 0x78ADBB4: _dl_catch_exception (dl-error-skeleton.c:182)
==5339==    by 0x6BA6FF5: dl_open_worker (dl-open.c:808)
==5339==    by 0x6BA6FF5: dl_open_worker (dl-open.c:771)
==5339==    by 0x78ADB57: _dl_catch_exception (dl-error-skeleton.c:208)
==5339==    by 0x6BA734D: _dl_open (dl-open.c:883)
==5339==    by 0x77C95FB: dlopen_doit (dlopen.c:56)
==5339== 
==5339== 10 bytes in 1 blocks are possibly lost in loss record 90 of 425
==5339==    at 0x73E1899: malloc (in /mnt/c/Users/guido/ghq/projects/rustdom/.tools/valgrind/usr/libexec/valgrind/vgpreload_memcheck-amd64-linux.so)
==5339==    by 0x232478C2: _RNvXs0_NvMs_NtNtCs6i54tJFfzR_5alloc3ffi5c_strNtBa_7CString3newReNtB5_11SpecNewImpl13spec_new_impl (in /home/guido/rustdom-selection-validation-cQnQbx/dist/rustdom.node)
==5339==    by 0x231F177F: _RNvMs2_NtNtCs4QMHp0v7l6B_4napi9js_values15object_propertyNtB5_8Property14with_utf8_name (in /home/guido/rustdom-selection-validation-cQnQbx/dist/rustdom.node)
==5339==    by 0x231A00EB: _RNvNvNvNvNtNtNtCs3Ir8cfnU9oH_7rustdom3dom17selection_binding42___napi_impl_helper_NativeSelectionState_1246___napi_register__NativeSelectionState_impl_2341__18___CTOR_PRIVATE_REF14___ctor_private (in /home/guido/rustdom-selection-validation-cQnQbx/dist/rustdom.node)
==5339==    by 0x6B9F47D: call_init.part.0 (dl-init.c:70)
==5339==    by 0x6B9F567: call_init (dl-init.c:33)
==5339==    by 0x6B9F567: _dl_init (dl-init.c:117)
==5339==    by 0x78ADBB4: _dl_catch_exception (dl-error-skeleton.c:182)
==5339==    by 0x6BA6FF5: dl_open_worker (dl-open.c:808)
==5339==    by 0x6BA6FF5: dl_open_worker (dl-open.c:771)
==5339==    by 0x78ADB57: _dl_catch_exception (dl-error-skeleton.c:208)
==5339==    by 0x6BA734D: _dl_open (dl-open.c:883)
==5339==    by 0x77C95FB: dlopen_doit (dlopen.c:56)
==5339==    by 0x78ADB57: _dl_catch_exception (dl-error-skeleton.c:208)
==5339== 
==5339== 10 bytes in 1 blocks are possibly lost in loss record 91 of 425
==5339==    at 0x73E1899: malloc (in /mnt/c/Users/guido/ghq/projects/rustdom/.tools/valgrind/usr/libexec/valgrind/vgpreload_memcheck-amd64-linux.so)
==5339==    by 0x232478C2: _RNvXs0_NvMs_NtNtCs6i54tJFfzR_5alloc3ffi5c_strNtBa_7CString3newReNtB5_11SpecNewImpl13spec_new_impl (in /home/guido/rustdom-selection-validation-cQnQbx/dist/rustdom.node)
==5339==    by 0x231F177F: _RNvMs2_NtNtCs4QMHp0v7l6B_4napi9js_values15object_propertyNtB5_8Property14with_utf8_name (in /home/guido/rustdom-selection-validation-cQnQbx/dist/rustdom.node)
==5339==    by 0x231A03F8: _RNvNvNvNvNtNtNtCs3Ir8cfnU9oH_7rustdom3dom17selection_binding42___napi_impl_helper_NativeSelectionState_1246___napi_register__NativeSelectionState_impl_2341__18___CTOR_PRIVATE_REF14___ctor_private (in /home/guido/rustdom-selection-validation-cQnQbx/dist/rustdom.node)
==5339==    by 0x6B9F47D: call_init.part.0 (dl-init.c:70)
==5339==    by 0x6B9F567: call_init (dl-init.c:33)
==5339==    by 0x6B9F567: _dl_init (dl-init.c:117)
==5339==    by 0x78ADBB4: _dl_catch_exception (dl-error-skeleton.c:182)
==5339==    by 0x6BA6FF5: dl_open_worker (dl-open.c:808)
==5339==    by 0x6BA6FF5: dl_open_worker (dl-open.c:771)
==5339==    by 0x78ADB57: _dl_catch_exception (dl-error-skeleton.c:208)
==5339==    by 0x6BA734D: _dl_open (dl-open.c:883)
==5339==    by 0x77C95FB: dlopen_doit (dlopen.c:56)
==5339==    by 0x78ADB57: _dl_catch_exception (dl-error-skeleton.c:208)
==5339== 
==5339== 10 bytes in 1 blocks are possibly lost in loss record 92 of 425
==5339==    at 0x73E1899: malloc (in /mnt/c/Users/guido/ghq/projects/rustdom/.tools/valgrind/usr/libexec/valgrind/vgpreload_memcheck-amd64-linux.so)
==5339==    by 0x232478C2: _RNvXs0_NvMs_NtNtCs6i54tJFfzR_5alloc3ffi5c_strNtBa_7CString3newReNtB5_11SpecNewImpl13spec_new_impl (in /home/guido/rustdom-selection-validation-cQnQbx/dist/rustdom.node)
==5339==    by 0x231F177F: _RNvMs2_NtNtCs4QMHp0v7l6B_4napi9js_values15object_propertyNtB5_8Property14with_utf8_name (in /home/guido/rustdom-selection-validation-cQnQbx/dist/rustdom.node)
==5339==    by 0x231A247C: _RNvNvNvNvNtNtNtCs3Ir8cfnU9oH_7rustdom3dom19abort_state_binding37___napi_impl_helper_NativeAbortState_041___napi_register__NativeAbortState_impl_201__18___CTOR_PRIVATE_REF14___ctor_private (in /home/guido/rustdom-selection-validation-cQnQbx/dist/rustdom.node)
==5339==    by 0x6B9F47D: call_init.part.0 (dl-init.c:70)
==5339==    by 0x6B9F567: call_init (dl-init.c:33)
==5339==    by 0x6B9F567: _dl_init (dl-init.c:117)
==5339==    by 0x78ADBB4: _dl_catch_exception (dl-error-skeleton.c:182)
==5339==    by 0x6BA6FF5: dl_open_worker (dl-open.c:808)
==5339==    by 0x6BA6FF5: dl_open_worker (dl-open.c:771)
==5339==    by 0x78ADB57: _dl_catch_exception (dl-error-skeleton.c:208)
==5339==    by 0x6BA734D: _dl_open (dl-open.c:883)
==5339==    by 0x77C95FB: dlopen_doit (dlopen.c:56)
==5339==    by 0x78ADB57: _dl_catch_exception (dl-error-skeleton.c:208)
==5339== 
==5339== 10 bytes in 1 blocks are possibly lost in loss record 93 of 425
==5339==    at 0x73E1899: malloc (in /mnt/c/Users/guido/ghq/projects/rustdom/.tools/valgrind/usr/libexec/valgrind/vgpreload_memcheck-amd64-linux.so)
==5339==    by 0x232478C2: _RNvXs0_NvMs_NtNtCs6i54tJFfzR_5alloc3ffi5c_strNtBa_7CString3newReNtB5_11SpecNewImpl13spec_new_impl (in /home/guido/rustdom-selection-validation-cQnQbx/dist/rustdom.node)
==5339==    by 0x231F177F: _RNvMs2_NtNtCs4QMHp0v7l6B_4napi9js_values15object_propertyNtB5_8Property14with_utf8_name (in /home/guido/rustdom-selection-validation-cQnQbx/dist/rustdom.node)
==5339==    by 0x231A2C9C: _RNvNvNvNvNtNtNtCs3Ir8cfnU9oH_7rustdom3dom19abort_state_binding37___napi_impl_helper_NativeAbortState_041___napi_register__NativeAbortState_impl_201__18___CTOR_PRIVATE_REF14___ctor_private (in /home/guido/rustdom-selection-validation-cQnQbx/dist/rustdom.node)
==5339==    by 0x6B9F47D: call_init.part.0 (dl-init.c:70)
==5339==    by 0x6B9F567: call_init (dl-init.c:33)
==5339==    by 0x6B9F567: _dl_init (dl-init.c:117)
==5339==    by 0x78ADBB4: _dl_catch_exception (dl-error-skeleton.c:182)
==5339==    by 0x6BA6FF5: dl_open_worker (dl-open.c:808)
==5339==    by 0x6BA6FF5: dl_open_worker (dl-open.c:771)
==5339==    by 0x78ADB57: _dl_catch_exception (dl-error-skeleton.c:208)
==5339==    by 0x6BA734D: _dl_open (dl-open.c:883)
==5339==    by 0x77C95FB: dlopen_doit (dlopen.c:56)
==5339==    by 0x78ADB57: _dl_catch_exception (dl-error-skeleton.c:208)
==5339== 
==5339== 10 bytes in 1 blocks are possibly lost in loss record 94 of 425
==5339==    at 0x73E1899: malloc (in /mnt/c/Users/guido/ghq/projects/rustdom/.tools/valgrind/usr/libexec/valgrind/vgpreload_memcheck-amd64-linux.so)
==5339==    by 0x232478C2: _RNvXs0_NvMs_NtNtCs6i54tJFfzR_5alloc3ffi5c_strNtBa_7CString3newReNtB5_11SpecNewImpl13spec_new_impl (in /home/guido/rustdom-selection-validation-cQnQbx/dist/rustdom.node)
==5339==    by 0x231F177F: _RNvMs2_NtNtCs4QMHp0v7l6B_4napi9js_values15object_propertyNtB5_8Property14with_utf8_name (in /home/guido/rustdom-selection-validation-cQnQbx/dist/rustdom.node)
==5339==    by 0x231A43B4: _RNvNvNvNvNtNtNtCs3Ir8cfnU9oH_7rustdom3dom19event_state_binding37___napi_impl_helper_NativeEventState_442___napi_register__NativeEventState_impl_1041__18___CTOR_PRIVATE_REF14___ctor_private (in /home/guido/rustdom-selection-validation-cQnQbx/dist/rustdom.node)
==5339==    by 0x6B9F47D: call_init.part.0 (dl-init.c:70)
==5339==    by 0x6B9F567: call_init (dl-init.c:33)
==5339==    by 0x6B9F567: _dl_init (dl-init.c:117)
==5339==    by 0x78ADBB4: _dl_catch_exception (dl-error-skeleton.c:182)
==5339==    by 0x6BA6FF5: dl_open_worker (dl-open.c:808)
==5339==    by 0x6BA6FF5: dl_open_worker (dl-open.c:771)
==5339==    by 0x78ADB57: _dl_catch_exception (dl-error-skeleton.c:208)
==5339==    by 0x6BA734D: _dl_open (dl-open.c:883)
==5339==    by 0x77C95FB: dlopen_doit (dlopen.c:56)
==5339==    by 0x78ADB57: _dl_catch_exception (dl-error-skeleton.c:208)
==5339== 
==5339== 10 bytes in 1 blocks are possibly lost in loss record 95 of 425
==5339==    at 0x73E1899: malloc (in /mnt/c/Users/guido/ghq/projects/rustdom/.tools/valgrind/usr/libexec/valgrind/vgpreload_memcheck-amd64-linux.so)
==5339==    by 0x232478C2: _RNvXs0_NvMs_NtNtCs6i54tJFfzR_5alloc3ffi5c_strNtBa_7CString3newReNtB5_11SpecNewImpl13spec_new_impl (in /home/guido/rustdom-selection-validation-cQnQbx/dist/rustdom.node)
==5339==    by 0x231F177F: _RNvMs2_NtNtCs4QMHp0v7l6B_4napi9js_values15object_propertyNtB5_8Property14with_utf8_name (in /home/guido/rustdom-selection-validation-cQnQbx/dist/rustdom.node)
==5339==    by 0x231A5610: _RNvNvNvNvNtNtNtCs3Ir8cfnU9oH_7rustdom3dom19event_state_binding37___napi_impl_helper_NativeEventState_442___napi_register__NativeEventState_impl_1041__18___CTOR_PRIVATE_REF14___ctor_private (in /home/guido/rustdom-selection-validation-cQnQbx/dist/rustdom.node)
==5339==    by 0x6B9F47D: call_init.part.0 (dl-init.c:70)
==5339==    by 0x6B9F567: call_init (dl-init.c:33)
==5339==    by 0x6B9F567: _dl_init (dl-init.c:117)
==5339==    by 0x78ADBB4: _dl_catch_exception (dl-error-skeleton.c:182)
==5339==    by 0x6BA6FF5: dl_open_worker (dl-open.c:808)
==5339==    by 0x6BA6FF5: dl_open_worker (dl-open.c:771)
==5339==    by 0x78ADB57: _dl_catch_exception (dl-error-skeleton.c:208)
==5339==    by 0x6BA734D: _dl_open (dl-open.c:883)
==5339==    by 0x77C95FB: dlopen_doit (dlopen.c:56)
==5339==    by 0x78ADB57: _dl_catch_exception (dl-error-skeleton.c:208)
==5339== 
==5339== 10 bytes in 1 blocks are possibly lost in loss record 96 of 425
==5339==    at 0x73E1899: malloc (in /mnt/c/Users/guido/ghq/projects/rustdom/.tools/valgrind/usr/libexec/valgrind/vgpreload_memcheck-amd64-linux.so)
==5339==    by 0x232478C2: _RNvXs0_NvMs_NtNtCs6i54tJFfzR_5alloc3ffi5c_strNtBa_7CString3newReNtB5_11SpecNewImpl13spec_new_impl (in /home/guido/rustdom-selection-validation-cQnQbx/dist/rustdom.node)
==5339==    by 0x231F177F: _RNvMs2_NtNtCs4QMHp0v7l6B_4napi9js_values15object_propertyNtB5_8Property14with_utf8_name (in /home/guido/rustdom-selection-validation-cQnQbx/dist/rustdom.node)
==5339==    by 0x231A908D: _RNvNvNvNvNtNtNtCs3Ir8cfnU9oH_7rustdom3dom19range_state_binding33___napi_impl_helper_NativeRange_1137___napi_register__NativeRange_impl_2221__18___CTOR_PRIVATE_REF14___ctor_private (in /home/guido/rustdom-selection-validation-cQnQbx/dist/rustdom.node)
==5339==    by 0x6B9F47D: call_init.part.0 (dl-init.c:70)
==5339==    by 0x6B9F567: call_init (dl-init.c:33)
==5339==    by 0x6B9F567: _dl_init (dl-init.c:117)
==5339==    by 0x78ADBB4: _dl_catch_exception (dl-error-skeleton.c:182)
==5339==    by 0x6BA6FF5: dl_open_worker (dl-open.c:808)
==5339==    by 0x6BA6FF5: dl_open_worker (dl-open.c:771)
==5339==    by 0x78ADB57: _dl_catch_exception (dl-error-skeleton.c:208)
==5339==    by 0x6BA734D: _dl_open (dl-open.c:883)
==5339==    by 0x77C95FB: dlopen_doit (dlopen.c:56)
==5339==    by 0x78ADB57: _dl_catch_exception (dl-error-skeleton.c:208)
==5339== 
==5339== 10 bytes in 1 blocks are possibly lost in loss record 97 of 425
==5339==    at 0x73E1899: malloc (in /mnt/c/Users/guido/ghq/projects/rustdom/.tools/valgrind/usr/libexec/valgrind/vgpreload_memcheck-amd64-linux.so)
==5339==    by 0x232478C2: _RNvXs0_NvMs_NtNtCs6i54tJFfzR_5alloc3ffi5c_strNtBa_7CString3newReNtB5_11SpecNewImpl13spec_new_impl (in /home/guido/rustdom-selection-validation-cQnQbx/dist/rustdom.node)
==5339==    by 0x231F177F: _RNvMs2_NtNtCs4QMHp0v7l6B_4napi9js_values15object_propertyNtB5_8Property14with_utf8_name (in /home/guido/rustdom-selection-validation-cQnQbx/dist/rustdom.node)
==5339==    by 0x231A94B6: _RNvNvNvNvNtNtNtCs3Ir8cfnU9oH_7rustdom3dom19range_state_binding33___napi_impl_helper_NativeRange_1137___napi_register__NativeRange_impl_2221__18___CTOR_PRIVATE_REF14___ctor_private (in /home/guido/rustdom-selection-validation-cQnQbx/dist/rustdom.node)
==5339==    by 0x6B9F47D: call_init.part.0 (dl-init.c:70)
==5339==    by 0x6B9F567: call_init (dl-init.c:33)
==5339==    by 0x6B9F567: _dl_init (dl-init.c:117)
==5339==    by 0x78ADBB4: _dl_catch_exception (dl-error-skeleton.c:182)
==5339==    by 0x6BA6FF5: dl_open_worker (dl-open.c:808)
==5339==    by 0x6BA6FF5: dl_open_worker (dl-open.c:771)
==5339==    by 0x78ADB57: _dl_catch_exception (dl-error-skeleton.c:208)
==5339==    by 0x6BA734D: _dl_open (dl-open.c:883)
==5339==    by 0x77C95FB: dlopen_doit (dlopen.c:56)
==5339==    by 0x78ADB57: _dl_catch_exception (dl-error-skeleton.c:208)
==5339== 
==5339== 10 bytes in 1 blocks are possibly lost in loss record 98 of 425
==5339==    at 0x73E1899: malloc (in /mnt/c/Users/guido/ghq/projects/rustdom/.tools/valgrind/usr/libexec/valgrind/vgpreload_memcheck-amd64-linux.so)
==5339==    by 0x232478C2: _RNvXs0_NvMs_NtNtCs6i54tJFfzR_5alloc3ffi5c_strNtBa_7CString3newReNtB5_11SpecNewImpl13spec_new_impl (in /home/guido/rustdom-selection-validation-cQnQbx/dist/rustdom.node)
==5339==    by 0x231F177F: _RNvMs2_NtNtCs4QMHp0v7l6B_4napi9js_values15object_propertyNtB5_8Property14with_utf8_name (in /home/guido/rustdom-selection-validation-cQnQbx/dist/rustdom.node)
==5339==    by 0x231ACD7A: _RNvNvNvNvNtNtNtCs3Ir8cfnU9oH_7rustdom3dom19web_storage_binding39___napi_impl_helper_NativeStorageArea_2043___napi_register__NativeStorageArea_impl_4761__18___CTOR_PRIVATE_REF14___ctor_private (in /home/guido/rustdom-selection-validation-cQnQbx/dist/rustdom.node)
==5339==    by 0x6B9F47D: call_init.part.0 (dl-init.c:70)
==5339==    by 0x6B9F567: call_init (dl-init.c:33)
==5339==    by 0x6B9F567: _dl_init (dl-init.c:117)
==5339==    by 0x78ADBB4: _dl_catch_exception (dl-error-skeleton.c:182)
==5339==    by 0x6BA6FF5: dl_open_worker (dl-open.c:808)
==5339==    by 0x6BA6FF5: dl_open_worker (dl-open.c:771)
==5339==    by 0x78ADB57: _dl_catch_exception (dl-error-skeleton.c:208)
==5339==    by 0x6BA734D: _dl_open (dl-open.c:883)
==5339==    by 0x77C95FB: dlopen_doit (dlopen.c:56)
==5339==    by 0x78ADB57: _dl_catch_exception (dl-error-skeleton.c:208)
==5339== 
==5339== 10 bytes in 1 blocks are possibly lost in loss record 99 of 425
==5339==    at 0x73E1899: malloc (in /mnt/c/Users/guido/ghq/projects/rustdom/.tools/valgrind/usr/libexec/valgrind/vgpreload_memcheck-amd64-linux.so)
==5339==    by 0x232478C2: _RNvXs0_NvMs_NtNtCs6i54tJFfzR_5alloc3ffi5c_strNtBa_7CString3newReNtB5_11SpecNewImpl13spec_new_impl (in /home/guido/rustdom-selection-validation-cQnQbx/dist/rustdom.node)
==5339==    by 0x231F177F: _RNvMs2_NtNtCs4QMHp0v7l6B_4napi9js_values15object_propertyNtB5_8Property14with_utf8_name (in /home/guido/rustdom-selection-validation-cQnQbx/dist/rustdom.node)
==5339==    by 0x2318A6AB: _RNvNvNtNtNtCs3Ir8cfnU9oH_7rustdom3dom4tree32___napi_impl_helper_NativeTree_1736___napi_register__NativeTree_impl_44320___ctor_private_inner (in /home/guido/rustdom-selection-validation-cQnQbx/dist/rustdom.node)
==5339==    by 0x231B5535: _RNvNvNvNvNtNtNtCs3Ir8cfnU9oH_7rustdom3dom4tree32___napi_impl_helper_NativeTree_1736___napi_register__NativeTree_impl_4431__18___CTOR_PRIVATE_REF14___ctor_private (in /home/guido/rustdom-selection-validation-cQnQbx/dist/rustdom.node)
==5339==    by 0x6B9F47D: call_init.part.0 (dl-init.c:70)
==5339==    by 0x6B9F567: call_init (dl-init.c:33)
==5339==    by 0x6B9F567: _dl_init (dl-init.c:117)
==5339==    by 0x78ADBB4: _dl_catch_exception (dl-error-skeleton.c:182)
==5339==    by 0x6BA6FF5: dl_open_worker (dl-open.c:808)
==5339==    by 0x6BA6FF5: dl_open_worker (dl-open.c:771)
==5339==    by 0x78ADB57: _dl_catch_exception (dl-error-skeleton.c:208)
==5339==    by 0x6BA734D: _dl_open (dl-open.c:883)
==5339==    by 0x77C95FB: dlopen_doit (dlopen.c:56)
==5339== 
==5339== 10 bytes in 1 blocks are possibly lost in loss record 100 of 425
==5339==    at 0x73E1899: malloc (in /mnt/c/Users/guido/ghq/projects/rustdom/.tools/valgrind/usr/libexec/valgrind/vgpreload_memcheck-amd64-linux.so)
==5339==    by 0x232478C2: _RNvXs0_NvMs_NtNtCs6i54tJFfzR_5alloc3ffi5c_strNtBa_7CString3newReNtB5_11SpecNewImpl13spec_new_impl (in /home/guido/rustdom-selection-validation-cQnQbx/dist/rustdom.node)
==5339==    by 0x231F177F: _RNvMs2_NtNtCs4QMHp0v7l6B_4napi9js_values15object_propertyNtB5_8Property14with_utf8_name (in /home/guido/rustdom-selection-validation-cQnQbx/dist/rustdom.node)
==5339==    by 0x2318C353: _RNvNvNtNtNtCs3Ir8cfnU9oH_7rustdom3dom4tree32___napi_impl_helper_NativeTree_1736___napi_register__NativeTree_impl_44320___ctor_private_inner (in /home/guido/rustdom-selection-validation-cQnQbx/dist/rustdom.node)
==5339==    by 0x231B5535: _RNvNvNvNvNtNtNtCs3Ir8cfnU9oH_7rustdom3dom4tree32___napi_impl_helper_NativeTree_1736___napi_register__NativeTree_impl_4431__18___CTOR_PRIVATE_REF14___ctor_private (in /home/guido/rustdom-selection-validation-cQnQbx/dist/rustdom.node)
==5339==    by 0x6B9F47D: call_init.part.0 (dl-init.c:70)
==5339==    by 0x6B9F567: call_init (dl-init.c:33)
==5339==    by 0x6B9F567: _dl_init (dl-init.c:117)
==5339==    by 0x78ADBB4: _dl_catch_exception (dl-error-skeleton.c:182)
==5339==    by 0x6BA6FF5: dl_open_worker (dl-open.c:808)
==5339==    by 0x6BA6FF5: dl_open_worker (dl-open.c:771)
==5339==    by 0x78ADB57: _dl_catch_exception (dl-error-skeleton.c:208)
==5339==    by 0x6BA734D: _dl_open (dl-open.c:883)
==5339==    by 0x77C95FB: dlopen_doit (dlopen.c:56)
==5339== 
==5339== 10 bytes in 1 blocks are possibly lost in loss record 101 of 425
==5339==    at 0x73E1899: malloc (in /mnt/c/Users/guido/ghq/projects/rustdom/.tools/valgrind/usr/libexec/valgrind/vgpreload_memcheck-amd64-linux.so)
==5339==    by 0x232478C2: _RNvXs0_NvMs_NtNtCs6i54tJFfzR_5alloc3ffi5c_strNtBa_7CString3newReNtB5_11SpecNewImpl13spec_new_impl (in /home/guido/rustdom-selection-validation-cQnQbx/dist/rustdom.node)
==5339==    by 0x231F177F: _RNvMs2_NtNtCs4QMHp0v7l6B_4napi9js_values15object_propertyNtB5_8Property14with_utf8_name (in /home/guido/rustdom-selection-validation-cQnQbx/dist/rustdom.node)
==5339==    by 0x2318E101: _RNvNvNtNtNtCs3Ir8cfnU9oH_7rustdom3dom4tree32___napi_impl_helper_NativeTree_1736___napi_register__NativeTree_impl_44320___ctor_private_inner (in /home/guido/rustdom-selection-validation-cQnQbx/dist/rustdom.node)
==5339==    by 0x231B5535: _RNvNvNvNvNtNtNtCs3Ir8cfnU9oH_7rustdom3dom4tree32___napi_impl_helper_NativeTree_1736___napi_register__NativeTree_impl_4431__18___CTOR_PRIVATE_REF14___ctor_private (in /home/guido/rustdom-selection-validation-cQnQbx/dist/rustdom.node)
==5339==    by 0x6B9F47D: call_init.part.0 (dl-init.c:70)
==5339==    by 0x6B9F567: call_init (dl-init.c:33)
==5339==    by 0x6B9F567: _dl_init (dl-init.c:117)
==5339==    by 0x78ADBB4: _dl_catch_exception (dl-error-skeleton.c:182)
==5339==    by 0x6BA6FF5: dl_open_worker (dl-open.c:808)
==5339==    by 0x6BA6FF5: dl_open_worker (dl-open.c:771)
==5339==    by 0x78ADB57: _dl_catch_exception (dl-error-skeleton.c:208)
==5339==    by 0x6BA734D: _dl_open (dl-open.c:883)
==5339==    by 0x77C95FB: dlopen_doit (dlopen.c:56)
==5339== 
==5339== 10 bytes in 1 blocks are possibly lost in loss record 102 of 425
==5339==    at 0x73E1899: malloc (in /mnt/c/Users/guido/ghq/projects/rustdom/.tools/valgrind/usr/libexec/valgrind/vgpreload_memcheck-amd64-linux.so)
==5339==    by 0x232478C2: _RNvXs0_NvMs_NtNtCs6i54tJFfzR_5alloc3ffi5c_strNtBa_7CString3newReNtB5_11SpecNewImpl13spec_new_impl (in /home/guido/rustdom-selection-validation-cQnQbx/dist/rustdom.node)
==5339==    by 0x231F177F: _RNvMs2_NtNtCs4QMHp0v7l6B_4napi9js_values15object_propertyNtB5_8Property14with_utf8_name (in /home/guido/rustdom-selection-validation-cQnQbx/dist/rustdom.node)
==5339==    by 0x23190FBA: _RNvNvNtNtNtCs3Ir8cfnU9oH_7rustdom3dom4tree32___napi_impl_helper_NativeTree_1736___napi_register__NativeTree_impl_44320___ctor_private_inner (in /home/guido/rustdom-selection-validation-cQnQbx/dist/rustdom.node)
==5339==    by 0x231B5535: _RNvNvNvNvNtNtNtCs3Ir8cfnU9oH_7rustdom3dom4tree32___napi_impl_helper_NativeTree_1736___napi_register__NativeTree_impl_4431__18___CTOR_PRIVATE_REF14___ctor_private (in /home/guido/rustdom-selection-validation-cQnQbx/dist/rustdom.node)
==5339==    by 0x6B9F47D: call_init.part.0 (dl-init.c:70)
==5339==    by 0x6B9F567: call_init (dl-init.c:33)
==5339==    by 0x6B9F567: _dl_init (dl-init.c:117)
==5339==    by 0x78ADBB4: _dl_catch_exception (dl-error-skeleton.c:182)
==5339==    by 0x6BA6FF5: dl_open_worker (dl-open.c:808)
==5339==    by 0x6BA6FF5: dl_open_worker (dl-open.c:771)
==5339==    by 0x78ADB57: _dl_catch_exception (dl-error-skeleton.c:208)
==5339==    by 0x6BA734D: _dl_open (dl-open.c:883)
==5339==    by 0x77C95FB: dlopen_doit (dlopen.c:56)
==5339== 
==5339== 10 bytes in 1 blocks are possibly lost in loss record 103 of 425
==5339==    at 0x73E1899: malloc (in /mnt/c/Users/guido/ghq/projects/rustdom/.tools/valgrind/usr/libexec/valgrind/vgpreload_memcheck-amd64-linux.so)
==5339==    by 0x232478C2: _RNvXs0_NvMs_NtNtCs6i54tJFfzR_5alloc3ffi5c_strNtBa_7CString3newReNtB5_11SpecNewImpl13spec_new_impl (in /home/guido/rustdom-selection-validation-cQnQbx/dist/rustdom.node)
==5339==    by 0x231F177F: _RNvMs2_NtNtCs4QMHp0v7l6B_4napi9js_values15object_propertyNtB5_8Property14with_utf8_name (in /home/guido/rustdom-selection-validation-cQnQbx/dist/rustdom.node)
==5339==    by 0x231B5C84: _RNvNvNvNvNtNtNtCs3Ir8cfnU9oH_7rustdom3xml7binding37___napi_impl_helper_NativeXmlParser_2241___napi_register__NativeXmlParser_impl_4941__18___CTOR_PRIVATE_REF14___ctor_private (in /home/guido/rustdom-selection-validation-cQnQbx/dist/rustdom.node)
==5339==    by 0x6B9F47D: call_init.part.0 (dl-init.c:70)
==5339==    by 0x6B9F567: call_init (dl-init.c:33)
==5339==    by 0x6B9F567: _dl_init (dl-init.c:117)
==5339==    by 0x78ADBB4: _dl_catch_exception (dl-error-skeleton.c:182)
==5339==    by 0x6BA6FF5: dl_open_worker (dl-open.c:808)
==5339==    by 0x6BA6FF5: dl_open_worker (dl-open.c:771)
==5339==    by 0x78ADB57: _dl_catch_exception (dl-error-skeleton.c:208)
==5339==    by 0x6BA734D: _dl_open (dl-open.c:883)
==5339==    by 0x77C95FB: dlopen_doit (dlopen.c:56)
==5339==    by 0x78ADB57: _dl_catch_exception (dl-error-skeleton.c:208)
==5339== 
==5339== 11 bytes in 1 blocks are still reachable in loss record 104 of 425
==5339==    at 0x73E1899: malloc (in /mnt/c/Users/guido/ghq/projects/rustdom/.tools/valgrind/usr/libexec/valgrind/vgpreload_memcheck-amd64-linux.so)
==5339==    by 0x26DEC47: init_entry(char const*, char const*, UErrorCode*) (in /mnt/c/Users/guido/AppData/Local/Temp/rustdom-pr54-abort-retention-e991d78927094e13876cb3cd1a13dacf/.tools/node-v24.20.0-linux-x64/bin/node)
==5339==    by 0x26DFA7A: ures_openDirectFillIn_78 (in /mnt/c/Users/guido/AppData/Local/Temp/rustdom-pr54-abort-retention-e991d78927094e13876cb3cd1a13dacf/.tools/node-v24.20.0-linux-x64/bin/node)
==5339==    by 0x20ABD70: icu_78::TimeZone::getTZDataVersion(UErrorCode&) (in /mnt/c/Users/guido/AppData/Local/Temp/rustdom-pr54-abort-retention-e991d78927094e13876cb3cd1a13dacf/.tools/node-v24.20.0-linux-x64/bin/node)
==5339==    by 0x99B4CD: node::Metadata::Versions::InitializeIntlVersions() (in /mnt/c/Users/guido/AppData/Local/Temp/rustdom-pr54-abort-retention-e991d78927094e13876cb3cd1a13dacf/.tools/node-v24.20.0-linux-x64/bin/node)
==5339==    by 0x8C3FB9: node::InitializeNodeWithArgsInternal(std::vector<std::__cxx11::basic_string<char, std::char_traits<char>, std::allocator<char> >, std::allocator<std::__cxx11::basic_string<char, std::char_traits<char>, std::allocator<char> > > >*, std::vector<std::__cxx11::basic_string<char, std::char_traits<char>, std::allocator<char> >, std::allocator<std::__cxx11::basic_string<char, std::char_traits<char>, std::allocator<char> > > >*, std::vector<std::__cxx11::basic_string<char, std::char_traits<char>, std::allocator<char> >, std::allocator<std::__cxx11::basic_string<char, std::char_traits<char>, std::allocator<char> > > >*, node::ProcessInitializationFlags::Flags) (in /mnt/c/Users/guido/AppData/Local/Temp/rustdom-pr54-abort-retention-e991d78927094e13876cb3cd1a13dacf/.tools/node-v24.20.0-linux-x64/bin/node)
==5339==    by 0x8C61BE: node::InitializeOncePerProcessInternal(std::vector<std::__cxx11::basic_string<char, std::char_traits<char>, std::allocator<char> >, std::allocator<std::__cxx11::basic_string<char, std::char_traits<char>, std::allocator<char> > > > const&, node::ProcessInitializationFlags::Flags) (in /mnt/c/Users/guido/AppData/Local/Temp/rustdom-pr54-abort-retention-e991d78927094e13876cb3cd1a13dacf/.tools/node-v24.20.0-linux-x64/bin/node)
==5339==    by 0x8C6F7B: node::Start(int, char**) (in /mnt/c/Users/guido/AppData/Local/Temp/rustdom-pr54-abort-retention-e991d78927094e13876cb3cd1a13dacf/.tools/node-v24.20.0-linux-x64/bin/node)
==5339==    by 0x7762D8F: (below main) (libc_start_call_main.h:58)
==5339== 
==5339== 11 bytes in 1 blocks are possibly lost in loss record 105 of 425
==5339==    at 0x73E1899: malloc (in /mnt/c/Users/guido/ghq/projects/rustdom/.tools/valgrind/usr/libexec/valgrind/vgpreload_memcheck-amd64-linux.so)
==5339==    by 0x232478C2: _RNvXs0_NvMs_NtNtCs6i54tJFfzR_5alloc3ffi5c_strNtBa_7CString3newReNtB5_11SpecNewImpl13spec_new_impl (in /home/guido/rustdom-selection-validation-cQnQbx/dist/rustdom.node)
==5339==    by 0x231F177F: _RNvMs2_NtNtCs4QMHp0v7l6B_4napi9js_values15object_propertyNtB5_8Property14with_utf8_name (in /home/guido/rustdom-selection-validation-cQnQbx/dist/rustdom.node)
==5339==    by 0x2319BF94: _RNvNvNvNvNtNtNtCs3Ir8cfnU9oH_7rustdom3dom12blob_binding39___napi_impl_helper_NativeBlobMetadata_143___napi_register__NativeBlobMetadata_impl_301__18___CTOR_PRIVATE_REF14___ctor_private (in /home/guido/rustdom-selection-validation-cQnQbx/dist/rustdom.node)
==5339==    by 0x6B9F47D: call_init.part.0 (dl-init.c:70)
==5339==    by 0x6B9F567: call_init (dl-init.c:33)
==5339==    by 0x6B9F567: _dl_init (dl-init.c:117)
==5339==    by 0x78ADBB4: _dl_catch_exception (dl-error-skeleton.c:182)
==5339==    by 0x6BA6FF5: dl_open_worker (dl-open.c:808)
==5339==    by 0x6BA6FF5: dl_open_worker (dl-open.c:771)
==5339==    by 0x78ADB57: _dl_catch_exception (dl-error-skeleton.c:208)
==5339==    by 0x6BA734D: _dl_open (dl-open.c:883)
==5339==    by 0x77C95FB: dlopen_doit (dlopen.c:56)
==5339==    by 0x78ADB57: _dl_catch_exception (dl-error-skeleton.c:208)
==5339== 
==5339== 11 bytes in 1 blocks are possibly lost in loss record 106 of 425
==5339==    at 0x73E1899: malloc (in /mnt/c/Users/guido/ghq/projects/rustdom/.tools/valgrind/usr/libexec/valgrind/vgpreload_memcheck-amd64-linux.so)
==5339==    by 0x232478C2: _RNvXs0_NvMs_NtNtCs6i54tJFfzR_5alloc3ffi5c_strNtBa_7CString3newReNtB5_11SpecNewImpl13spec_new_impl (in /home/guido/rustdom-selection-validation-cQnQbx/dist/rustdom.node)
==5339==    by 0x231F177F: _RNvMs2_NtNtCs4QMHp0v7l6B_4napi9js_values15object_propertyNtB5_8Property14with_utf8_name (in /home/guido/rustdom-selection-validation-cQnQbx/dist/rustdom.node)
==5339==    by 0x2319CE04: _RNvNvNvNvNtNtNtCs3Ir8cfnU9oH_7rustdom3dom16dom_rect_binding34___napi_impl_helper_NativeDomRect_238___napi_register__NativeDomRect_impl_521__18___CTOR_PRIVATE_REF14___ctor_private (in /home/guido/rustdom-selection-validation-cQnQbx/dist/rustdom.node)
==5339==    by 0x6B9F47D: call_init.part.0 (dl-init.c:70)
==5339==    by 0x6B9F567: call_init (dl-init.c:33)
==5339==    by 0x6B9F567: _dl_init (dl-init.c:117)
==5339==    by 0x78ADBB4: _dl_catch_exception (dl-error-skeleton.c:182)
==5339==    by 0x6BA6FF5: dl_open_worker (dl-open.c:808)
==5339==    by 0x6BA6FF5: dl_open_worker (dl-open.c:771)
==5339==    by 0x78ADB57: _dl_catch_exception (dl-error-skeleton.c:208)
==5339==    by 0x6BA734D: _dl_open (dl-open.c:883)
==5339==    by 0x77C95FB: dlopen_doit (dlopen.c:56)
==5339==    by 0x78ADB57: _dl_catch_exception (dl-error-skeleton.c:208)
==5339== 
==5339== 11 bytes in 1 blocks are possibly lost in loss record 107 of 425
==5339==    at 0x73E1899: malloc (in /mnt/c/Users/guido/ghq/projects/rustdom/.tools/valgrind/usr/libexec/valgrind/vgpreload_memcheck-amd64-linux.so)
==5339==    by 0x232478C2: _RNvXs0_NvMs_NtNtCs6i54tJFfzR_5alloc3ffi5c_strNtBa_7CString3newReNtB5_11SpecNewImpl13spec_new_impl (in /home/guido/rustdom-selection-validation-cQnQbx/dist/rustdom.node)
==5339==    by 0x231F177F: _RNvMs2_NtNtCs4QMHp0v7l6B_4napi9js_values15object_propertyNtB5_8Property14with_utf8_name (in /home/guido/rustdom-selection-validation-cQnQbx/dist/rustdom.node)
==5339==    by 0x2319ED4F: _RNvNvNvNvNtNtNtCs3Ir8cfnU9oH_7rustdom3dom17form_data_binding42___napi_impl_helper_NativeFormDataEntries_647___napi_register__NativeFormDataEntries_impl_1371__18___CTOR_PRIVATE_REF14___ctor_private (in /home/guido/rustdom-selection-validation-cQnQbx/dist/rustdom.node)
==5339==    by 0x6B9F47D: call_init.part.0 (dl-init.c:70)
==5339==    by 0x6B9F567: call_init (dl-init.c:33)
==5339==    by 0x6B9F567: _dl_init (dl-init.c:117)
==5339==    by 0x78ADBB4: _dl_catch_exception (dl-error-skeleton.c:182)
==5339==    by 0x6BA6FF5: dl_open_worker (dl-open.c:808)
==5339==    by 0x6BA6FF5: dl_open_worker (dl-open.c:771)
==5339==    by 0x78ADB57: _dl_catch_exception (dl-error-skeleton.c:208)
==5339==    by 0x6BA734D: _dl_open (dl-open.c:883)
==5339==    by 0x77C95FB: dlopen_doit (dlopen.c:56)
==5339==    by 0x78ADB57: _dl_catch_exception (dl-error-skeleton.c:208)
==5339== 
==5339== 11 bytes in 1 blocks are possibly lost in loss record 108 of 425
==5339==    at 0x73E1899: malloc (in /mnt/c/Users/guido/ghq/projects/rustdom/.tools/valgrind/usr/libexec/valgrind/vgpreload_memcheck-amd64-linux.so)
==5339==    by 0x232478C2: _RNvXs0_NvMs_NtNtCs6i54tJFfzR_5alloc3ffi5c_strNtBa_7CString3newReNtB5_11SpecNewImpl13spec_new_impl (in /home/guido/rustdom-selection-validation-cQnQbx/dist/rustdom.node)
==5339==    by 0x231F177F: _RNvMs2_NtNtCs4QMHp0v7l6B_4napi9js_values15object_propertyNtB5_8Property14with_utf8_name (in /home/guido/rustdom-selection-validation-cQnQbx/dist/rustdom.node)
==5339==    by 0x231A069F: _RNvNvNvNvNtNtNtCs3Ir8cfnU9oH_7rustdom3dom17selection_binding42___napi_impl_helper_NativeSelectionState_1246___napi_register__NativeSelectionState_impl_2341__18___CTOR_PRIVATE_REF14___ctor_private (in /home/guido/rustdom-selection-validation-cQnQbx/dist/rustdom.node)
==5339==    by 0x6B9F47D: call_init.part.0 (dl-init.c:70)
==5339==    by 0x6B9F567: call_init (dl-init.c:33)
==5339==    by 0x6B9F567: _dl_init (dl-init.c:117)
==5339==    by 0x78ADBB4: _dl_catch_exception (dl-error-skeleton.c:182)
==5339==    by 0x6BA6FF5: dl_open_worker (dl-open.c:808)
==5339==    by 0x6BA6FF5: dl_open_worker (dl-open.c:771)
==5339==    by 0x78ADB57: _dl_catch_exception (dl-error-skeleton.c:208)
==5339==    by 0x6BA734D: _dl_open (dl-open.c:883)
==5339==    by 0x77C95FB: dlopen_doit (dlopen.c:56)
==5339==    by 0x78ADB57: _dl_catch_exception (dl-error-skeleton.c:208)
==5339== 
==5339== 11 bytes in 1 blocks are possibly lost in loss record 109 of 425
==5339==    at 0x73E1899: malloc (in /mnt/c/Users/guido/ghq/projects/rustdom/.tools/valgrind/usr/libexec/valgrind/vgpreload_memcheck-amd64-linux.so)
==5339==    by 0x232478C2: _RNvXs0_NvMs_NtNtCs6i54tJFfzR_5alloc3ffi5c_strNtBa_7CString3newReNtB5_11SpecNewImpl13spec_new_impl (in /home/guido/rustdom-selection-validation-cQnQbx/dist/rustdom.node)
==5339==    by 0x231F177F: _RNvMs2_NtNtCs4QMHp0v7l6B_4napi9js_values15object_propertyNtB5_8Property14with_utf8_name (in /home/guido/rustdom-selection-validation-cQnQbx/dist/rustdom.node)
==5339==    by 0x231A1A0B: _RNvNvNvNvNtNtNtCs3Ir8cfnU9oH_7rustdom3dom18token_list_binding37___napi_impl_helper_NativeTokenList_1441___napi_register__NativeTokenList_impl_2611__18___CTOR_PRIVATE_REF14___ctor_private (in /home/guido/rustdom-selection-validation-cQnQbx/dist/rustdom.node)
==5339==    by 0x6B9F47D: call_init.part.0 (dl-init.c:70)
==5339==    by 0x6B9F567: call_init (dl-init.c:33)
==5339==    by 0x6B9F567: _dl_init (dl-init.c:117)
==5339==    by 0x78ADBB4: _dl_catch_exception (dl-error-skeleton.c:182)
==5339==    by 0x6BA6FF5: dl_open_worker (dl-open.c:808)
==5339==    by 0x6BA6FF5: dl_open_worker (dl-open.c:771)
==5339==    by 0x78ADB57: _dl_catch_exception (dl-error-skeleton.c:208)
==5339==    by 0x6BA734D: _dl_open (dl-open.c:883)
==5339==    by 0x77C95FB: dlopen_doit (dlopen.c:56)
==5339==    by 0x78ADB57: _dl_catch_exception (dl-error-skeleton.c:208)
==5339== 
==5339== 11 bytes in 1 blocks are possibly lost in loss record 110 of 425
==5339==    at 0x73E1899: malloc (in /mnt/c/Users/guido/ghq/projects/rustdom/.tools/valgrind/usr/libexec/valgrind/vgpreload_memcheck-amd64-linux.so)
==5339==    by 0x232478C2: _RNvXs0_NvMs_NtNtCs6i54tJFfzR_5alloc3ffi5c_strNtBa_7CString3newReNtB5_11SpecNewImpl13spec_new_impl (in /home/guido/rustdom-selection-validation-cQnQbx/dist/rustdom.node)
==5339==    by 0x231F177F: _RNvMs2_NtNtCs4QMHp0v7l6B_4napi9js_values15object_propertyNtB5_8Property14with_utf8_name (in /home/guido/rustdom-selection-validation-cQnQbx/dist/rustdom.node)
==5339==    by 0x231A1AFF: _RNvNvNvNvNtNtNtCs3Ir8cfnU9oH_7rustdom3dom18token_list_binding37___napi_impl_helper_NativeTokenList_1441___napi_register__NativeTokenList_impl_2611__18___CTOR_PRIVATE_REF14___ctor_private (in /home/guido/rustdom-selection-validation-cQnQbx/dist/rustdom.node)
==5339==    by 0x6B9F47D: call_init.part.0 (dl-init.c:70)
==5339==    by 0x6B9F567: call_init (dl-init.c:33)
==5339==    by 0x6B9F567: _dl_init (dl-init.c:117)
==5339==    by 0x78ADBB4: _dl_catch_exception (dl-error-skeleton.c:182)
==5339==    by 0x6BA6FF5: dl_open_worker (dl-open.c:808)
==5339==    by 0x6BA6FF5: dl_open_worker (dl-open.c:771)
==5339==    by 0x78ADB57: _dl_catch_exception (dl-error-skeleton.c:208)
==5339==    by 0x6BA734D: _dl_open (dl-open.c:883)
==5339==    by 0x77C95FB: dlopen_doit (dlopen.c:56)
==5339==    by 0x78ADB57: _dl_catch_exception (dl-error-skeleton.c:208)
==5339== 
==5339== 11 bytes in 1 blocks are possibly lost in loss record 111 of 425
==5339==    at 0x73E1899: malloc (in /mnt/c/Users/guido/ghq/projects/rustdom/.tools/valgrind/usr/libexec/valgrind/vgpreload_memcheck-amd64-linux.so)
==5339==    by 0x232478C2: _RNvXs0_NvMs_NtNtCs6i54tJFfzR_5alloc3ffi5c_strNtBa_7CString3newReNtB5_11SpecNewImpl13spec_new_impl (in /home/guido/rustdom-selection-validation-cQnQbx/dist/rustdom.node)
==5339==    by 0x231F177F: _RNvMs2_NtNtCs4QMHp0v7l6B_4napi9js_values15object_propertyNtB5_8Property14with_utf8_name (in /home/guido/rustdom-selection-validation-cQnQbx/dist/rustdom.node)
==5339==    by 0x231A2D47: _RNvNvNvNvNtNtNtCs3Ir8cfnU9oH_7rustdom3dom19abort_state_binding37___napi_impl_helper_NativeAbortState_041___napi_register__NativeAbortState_impl_201__18___CTOR_PRIVATE_REF14___ctor_private (in /home/guido/rustdom-selection-validation-cQnQbx/dist/rustdom.node)
==5339==    by 0x6B9F47D: call_init.part.0 (dl-init.c:70)
==5339==    by 0x6B9F567: call_init (dl-init.c:33)
==5339==    by 0x6B9F567: _dl_init (dl-init.c:117)
==5339==    by 0x78ADBB4: _dl_catch_exception (dl-error-skeleton.c:182)
==5339==    by 0x6BA6FF5: dl_open_worker (dl-open.c:808)
==5339==    by 0x6BA6FF5: dl_open_worker (dl-open.c:771)
==5339==    by 0x78ADB57: _dl_catch_exception (dl-error-skeleton.c:208)
==5339==    by 0x6BA734D: _dl_open (dl-open.c:883)
==5339==    by 0x77C95FB: dlopen_doit (dlopen.c:56)
==5339==    by 0x78ADB57: _dl_catch_exception (dl-error-skeleton.c:208)
==5339== 
==5339== 11 bytes in 1 blocks are possibly lost in loss record 112 of 425
==5339==    at 0x73E1899: malloc (in /mnt/c/Users/guido/ghq/projects/rustdom/.tools/valgrind/usr/libexec/valgrind/vgpreload_memcheck-amd64-linux.so)
==5339==    by 0x232478C2: _RNvXs0_NvMs_NtNtCs6i54tJFfzR_5alloc3ffi5c_strNtBa_7CString3newReNtB5_11SpecNewImpl13spec_new_impl (in /home/guido/rustdom-selection-validation-cQnQbx/dist/rustdom.node)
==5339==    by 0x231F177F: _RNvMs2_NtNtCs4QMHp0v7l6B_4napi9js_values15object_propertyNtB5_8Property14with_utf8_name (in /home/guido/rustdom-selection-validation-cQnQbx/dist/rustdom.node)
==5339==    by 0x231A3FAB: _RNvNvNvNvNtNtNtCs3Ir8cfnU9oH_7rustdom3dom19event_state_binding37___napi_impl_helper_NativeEventState_442___napi_register__NativeEventState_impl_1041__18___CTOR_PRIVATE_REF14___ctor_private (in /home/guido/rustdom-selection-validation-cQnQbx/dist/rustdom.node)
==5339==    by 0x6B9F47D: call_init.part.0 (dl-init.c:70)
==5339==    by 0x6B9F567: call_init (dl-init.c:33)
==5339==    by 0x6B9F567: _dl_init (dl-init.c:117)
==5339==    by 0x78ADBB4: _dl_catch_exception (dl-error-skeleton.c:182)
==5339==    by 0x6BA6FF5: dl_open_worker (dl-open.c:808)
==5339==    by 0x6BA6FF5: dl_open_worker (dl-open.c:771)
==5339==    by 0x78ADB57: _dl_catch_exception (dl-error-skeleton.c:208)
==5339==    by 0x6BA734D: _dl_open (dl-open.c:883)
==5339==    by 0x77C95FB: dlopen_doit (dlopen.c:56)
==5339==    by 0x78ADB57: _dl_catch_exception (dl-error-skeleton.c:208)
==5339== 
==5339== 11 bytes in 1 blocks are possibly lost in loss record 113 of 425
==5339==    at 0x73E1899: malloc (in /mnt/c/Users/guido/ghq/projects/rustdom/.tools/valgrind/usr/libexec/valgrind/vgpreload_memcheck-amd64-linux.so)
==5339==    by 0x232478C2: _RNvXs0_NvMs_NtNtCs6i54tJFfzR_5alloc3ffi5c_strNtBa_7CString3newReNtB5_11SpecNewImpl13spec_new_impl (in /home/guido/rustdom-selection-validation-cQnQbx/dist/rustdom.node)
==5339==    by 0x231F177F: _RNvMs2_NtNtCs4QMHp0v7l6B_4napi9js_values15object_propertyNtB5_8Property14with_utf8_name (in /home/guido/rustdom-selection-validation-cQnQbx/dist/rustdom.node)
==5339==    by 0x231A42BE: _RNvNvNvNvNtNtNtCs3Ir8cfnU9oH_7rustdom3dom19event_state_binding37___napi_impl_helper_NativeEventState_442___napi_register__NativeEventState_impl_1041__18___CTOR_PRIVATE_REF14___ctor_private (in /home/guido/rustdom-selection-validation-cQnQbx/dist/rustdom.node)
==5339==    by 0x6B9F47D: call_init.part.0 (dl-init.c:70)
==5339==    by 0x6B9F567: call_init (dl-init.c:33)
==5339==    by 0x6B9F567: _dl_init (dl-init.c:117)
==5339==    by 0x78ADBB4: _dl_catch_exception (dl-error-skeleton.c:182)
==5339==    by 0x6BA6FF5: dl_open_worker (dl-open.c:808)
==5339==    by 0x6BA6FF5: dl_open_worker (dl-open.c:771)
==5339==    by 0x78ADB57: _dl_catch_exception (dl-error-skeleton.c:208)
==5339==    by 0x6BA734D: _dl_open (dl-open.c:883)
==5339==    by 0x77C95FB: dlopen_doit (dlopen.c:56)
==5339==    by 0x78ADB57: _dl_catch_exception (dl-error-skeleton.c:208)
==5339== 
==5339== 11 bytes in 1 blocks are possibly lost in loss record 114 of 425
==5339==    at 0x73E1899: malloc (in /mnt/c/Users/guido/ghq/projects/rustdom/.tools/valgrind/usr/libexec/valgrind/vgpreload_memcheck-amd64-linux.so)
==5339==    by 0x232478C2: _RNvXs0_NvMs_NtNtCs6i54tJFfzR_5alloc3ffi5c_strNtBa_7CString3newReNtB5_11SpecNewImpl13spec_new_impl (in /home/guido/rustdom-selection-validation-cQnQbx/dist/rustdom.node)
==5339==    by 0x231F177F: _RNvMs2_NtNtCs4QMHp0v7l6B_4napi9js_values15object_propertyNtB5_8Property14with_utf8_name (in /home/guido/rustdom-selection-validation-cQnQbx/dist/rustdom.node)
==5339==    by 0x231A47BC: _RNvNvNvNvNtNtNtCs3Ir8cfnU9oH_7rustdom3dom19event_state_binding37___napi_impl_helper_NativeEventState_442___napi_register__NativeEventState_impl_1041__18___CTOR_PRIVATE_REF14___ctor_private (in /home/guido/rustdom-selection-validation-cQnQbx/dist/rustdom.node)
==5339==    by 0x6B9F47D: call_init.part.0 (dl-init.c:70)
==5339==    by 0x6B9F567: call_init (dl-init.c:33)
==5339==    by 0x6B9F567: _dl_init (dl-init.c:117)
==5339==    by 0x78ADBB4: _dl_catch_exception (dl-error-skeleton.c:182)
==5339==    by 0x6BA6FF5: dl_open_worker (dl-open.c:808)
==5339==    by 0x6BA6FF5: dl_open_worker (dl-open.c:771)
==5339==    by 0x78ADB57: _dl_catch_exception (dl-error-skeleton.c:208)
==5339==    by 0x6BA734D: _dl_open (dl-open.c:883)
==5339==    by 0x77C95FB: dlopen_doit (dlopen.c:56)
==5339==    by 0x78ADB57: _dl_catch_exception (dl-error-skeleton.c:208)
==5339== 
==5339== 11 bytes in 1 blocks are possibly lost in loss record 115 of 425
==5339==    at 0x73E1899: malloc (in /mnt/c/Users/guido/ghq/projects/rustdom/.tools/valgrind/usr/libexec/valgrind/vgpreload_memcheck-amd64-linux.so)
==5339==    by 0x232478C2: _RNvXs0_NvMs_NtNtCs6i54tJFfzR_5alloc3ffi5c_strNtBa_7CString3newReNtB5_11SpecNewImpl13spec_new_impl (in /home/guido/rustdom-selection-validation-cQnQbx/dist/rustdom.node)
==5339==    by 0x231F177F: _RNvMs2_NtNtCs4QMHp0v7l6B_4napi9js_values15object_propertyNtB5_8Property14with_utf8_name (in /home/guido/rustdom-selection-validation-cQnQbx/dist/rustdom.node)
==5339==    by 0x231A4BD4: _RNvNvNvNvNtNtNtCs3Ir8cfnU9oH_7rustdom3dom19event_state_binding37___napi_impl_helper_NativeEventState_442___napi_register__NativeEventState_impl_1041__18___CTOR_PRIVATE_REF14___ctor_private (in /home/guido/rustdom-selection-validation-cQnQbx/dist/rustdom.node)
==5339==    by 0x6B9F47D: call_init.part.0 (dl-init.c:70)
==5339==    by 0x6B9F567: call_init (dl-init.c:33)
==5339==    by 0x6B9F567: _dl_init (dl-init.c:117)
==5339==    by 0x78ADBB4: _dl_catch_exception (dl-error-skeleton.c:182)
==5339==    by 0x6BA6FF5: dl_open_worker (dl-open.c:808)
==5339==    by 0x6BA6FF5: dl_open_worker (dl-open.c:771)
==5339==    by 0x78ADB57: _dl_catch_exception (dl-error-skeleton.c:208)
==5339==    by 0x6BA734D: _dl_open (dl-open.c:883)
==5339==    by 0x77C95FB: dlopen_doit (dlopen.c:56)
==5339==    by 0x78ADB57: _dl_catch_exception (dl-error-skeleton.c:208)
==5339== 
==5339== 11 bytes in 1 blocks are possibly lost in loss record 116 of 425
==5339==    at 0x73E1899: malloc (in /mnt/c/Users/guido/ghq/projects/rustdom/.tools/valgrind/usr/libexec/valgrind/vgpreload_memcheck-amd64-linux.so)
==5339==    by 0x232478C2: _RNvXs0_NvMs_NtNtCs6i54tJFfzR_5alloc3ffi5c_strNtBa_7CString3newReNtB5_11SpecNewImpl13spec_new_impl (in /home/guido/rustdom-selection-validation-cQnQbx/dist/rustdom.node)
==5339==    by 0x231F177F: _RNvMs2_NtNtCs4QMHp0v7l6B_4napi9js_values15object_propertyNtB5_8Property14with_utf8_name (in /home/guido/rustdom-selection-validation-cQnQbx/dist/rustdom.node)
==5339==    by 0x231A52FE: _RNvNvNvNvNtNtNtCs3Ir8cfnU9oH_7rustdom3dom19event_state_binding37___napi_impl_helper_NativeEventState_442___napi_register__NativeEventState_impl_1041__18___CTOR_PRIVATE_REF14___ctor_private (in /home/guido/rustdom-selection-validation-cQnQbx/dist/rustdom.node)
==5339==    by 0x6B9F47D: call_init.part.0 (dl-init.c:70)
==5339==    by 0x6B9F567: call_init (dl-init.c:33)
==5339==    by 0x6B9F567: _dl_init (dl-init.c:117)
==5339==    by 0x78ADBB4: _dl_catch_exception (dl-error-skeleton.c:182)
==5339==    by 0x6BA6FF5: dl_open_worker (dl-open.c:808)
==5339==    by 0x6BA6FF5: dl_open_worker (dl-open.c:771)
==5339==    by 0x78ADB57: _dl_catch_exception (dl-error-skeleton.c:208)
==5339==    by 0x6BA734D: _dl_open (dl-open.c:883)
==5339==    by 0x77C95FB: dlopen_doit (dlopen.c:56)
==5339==    by 0x78ADB57: _dl_catch_exception (dl-error-skeleton.c:208)
==5339== 
==5339== 11 bytes in 1 blocks are possibly lost in loss record 117 of 425
==5339==    at 0x73E1899: malloc (in /mnt/c/Users/guido/ghq/projects/rustdom/.tools/valgrind/usr/libexec/valgrind/vgpreload_memcheck-amd64-linux.so)
==5339==    by 0x232478C2: _RNvXs0_NvMs_NtNtCs6i54tJFfzR_5alloc3ffi5c_strNtBa_7CString3newReNtB5_11SpecNewImpl13spec_new_impl (in /home/guido/rustdom-selection-validation-cQnQbx/dist/rustdom.node)
==5339==    by 0x231F177F: _RNvMs2_NtNtCs4QMHp0v7l6B_4napi9js_values15object_propertyNtB5_8Property14with_utf8_name (in /home/guido/rustdom-selection-validation-cQnQbx/dist/rustdom.node)
==5339==    by 0x231A7790: _RNvNvNvNvNtNtNtCs3Ir8cfnU9oH_7rustdom3dom19file_reader_binding42___napi_impl_helper_NativeFileReaderState_547___napi_register__NativeFileReaderState_impl_1151__18___CTOR_PRIVATE_REF14___ctor_private (in /home/guido/rustdom-selection-validation-cQnQbx/dist/rustdom.node)
==5339==    by 0x6B9F47D: call_init.part.0 (dl-init.c:70)
==5339==    by 0x6B9F567: call_init (dl-init.c:33)
==5339==    by 0x6B9F567: _dl_init (dl-init.c:117)
==5339==    by 0x78ADBB4: _dl_catch_exception (dl-error-skeleton.c:182)
==5339==    by 0x6BA6FF5: dl_open_worker (dl-open.c:808)
==5339==    by 0x6BA6FF5: dl_open_worker (dl-open.c:771)
==5339==    by 0x78ADB57: _dl_catch_exception (dl-error-skeleton.c:208)
==5339==    by 0x6BA734D: _dl_open (dl-open.c:883)
==5339==    by 0x77C95FB: dlopen_doit (dlopen.c:56)
==5339==    by 0x78ADB57: _dl_catch_exception (dl-error-skeleton.c:208)
==5339== 
==5339== 11 bytes in 1 blocks are possibly lost in loss record 118 of 425
==5339==    at 0x73E1899: malloc (in /mnt/c/Users/guido/ghq/projects/rustdom/.tools/valgrind/usr/libexec/valgrind/vgpreload_memcheck-amd64-linux.so)
==5339==    by 0x232478C2: _RNvXs0_NvMs_NtNtCs6i54tJFfzR_5alloc3ffi5c_strNtBa_7CString3newReNtB5_11SpecNewImpl13spec_new_impl (in /home/guido/rustdom-selection-validation-cQnQbx/dist/rustdom.node)
==5339==    by 0x231F177F: _RNvMs2_NtNtCs4QMHp0v7l6B_4napi9js_values15object_propertyNtB5_8Property14with_utf8_name (in /home/guido/rustdom-selection-validation-cQnQbx/dist/rustdom.node)
==5339==    by 0x231A799C: _RNvNvNvNvNtNtNtCs3Ir8cfnU9oH_7rustdom3dom19file_reader_binding42___napi_impl_helper_NativeFileReaderState_547___napi_register__NativeFileReaderState_impl_1151__18___CTOR_PRIVATE_REF14___ctor_private (in /home/guido/rustdom-selection-validation-cQnQbx/dist/rustdom.node)
==5339==    by 0x6B9F47D: call_init.part.0 (dl-init.c:70)
==5339==    by 0x6B9F567: call_init (dl-init.c:33)
==5339==    by 0x6B9F567: _dl_init (dl-init.c:117)
==5339==    by 0x78ADBB4: _dl_catch_exception (dl-error-skeleton.c:182)
==5339==    by 0x6BA6FF5: dl_open_worker (dl-open.c:808)
==5339==    by 0x6BA6FF5: dl_open_worker (dl-open.c:771)
==5339==    by 0x78ADB57: _dl_catch_exception (dl-error-skeleton.c:208)
==5339==    by 0x6BA734D: _dl_open (dl-open.c:883)
==5339==    by 0x77C95FB: dlopen_doit (dlopen.c:56)
==5339==    by 0x78ADB57: _dl_catch_exception (dl-error-skeleton.c:208)
==5339== 
==5339== 11 bytes in 1 blocks are possibly lost in loss record 119 of 425
==5339==    at 0x73E1899: malloc (in /mnt/c/Users/guido/ghq/projects/rustdom/.tools/valgrind/usr/libexec/valgrind/vgpreload_memcheck-amd64-linux.so)
==5339==    by 0x232478C2: _RNvXs0_NvMs_NtNtCs6i54tJFfzR_5alloc3ffi5c_strNtBa_7CString3newReNtB5_11SpecNewImpl13spec_new_impl (in /home/guido/rustdom-selection-validation-cQnQbx/dist/rustdom.node)
==5339==    by 0x231F177F: _RNvMs2_NtNtCs4QMHp0v7l6B_4napi9js_values15object_propertyNtB5_8Property14with_utf8_name (in /home/guido/rustdom-selection-validation-cQnQbx/dist/rustdom.node)
==5339==    by 0x231A7A47: _RNvNvNvNvNtNtNtCs3Ir8cfnU9oH_7rustdom3dom19file_reader_binding42___napi_impl_helper_NativeFileReaderState_547___napi_register__NativeFileReaderState_impl_1151__18___CTOR_PRIVATE_REF14___ctor_private (in /home/guido/rustdom-selection-validation-cQnQbx/dist/rustdom.node)
==5339==    by 0x6B9F47D: call_init.part.0 (dl-init.c:70)
==5339==    by 0x6B9F567: call_init (dl-init.c:33)
==5339==    by 0x6B9F567: _dl_init (dl-init.c:117)
==5339==    by 0x78ADBB4: _dl_catch_exception (dl-error-skeleton.c:182)
==5339==    by 0x6BA6FF5: dl_open_worker (dl-open.c:808)
==5339==    by 0x6BA6FF5: dl_open_worker (dl-open.c:771)
==5339==    by 0x78ADB57: _dl_catch_exception (dl-error-skeleton.c:208)
==5339==    by 0x6BA734D: _dl_open (dl-open.c:883)
==5339==    by 0x77C95FB: dlopen_doit (dlopen.c:56)
==5339==    by 0x78ADB57: _dl_catch_exception (dl-error-skeleton.c:208)
==5339== 
==5339== 11 bytes in 1 blocks are possibly lost in loss record 120 of 425
==5339==    at 0x73E1899: malloc (in /mnt/c/Users/guido/ghq/projects/rustdom/.tools/valgrind/usr/libexec/valgrind/vgpreload_memcheck-amd64-linux.so)
==5339==    by 0x232478C2: _RNvXs0_NvMs_NtNtCs6i54tJFfzR_5alloc3ffi5c_strNtBa_7CString3newReNtB5_11SpecNewImpl13spec_new_impl (in /home/guido/rustdom-selection-validation-cQnQbx/dist/rustdom.node)
==5339==    by 0x231F177F: _RNvMs2_NtNtCs4QMHp0v7l6B_4napi9js_values15object_propertyNtB5_8Property14with_utf8_name (in /home/guido/rustdom-selection-validation-cQnQbx/dist/rustdom.node)
==5339==    by 0x231A866B: _RNvNvNvNvNtNtNtCs3Ir8cfnU9oH_7rustdom3dom19range_clone_binding37___napi_impl_helper_NativeRangeClone_942___napi_register__NativeRangeClone_impl_1851__18___CTOR_PRIVATE_REF14___ctor_private (in /home/guido/rustdom-selection-validation-cQnQbx/dist/rustdom.node)
==5339==    by 0x6B9F47D: call_init.part.0 (dl-init.c:70)
==5339==    by 0x6B9F567: call_init (dl-init.c:33)
==5339==    by 0x6B9F567: _dl_init (dl-init.c:117)
==5339==    by 0x78ADBB4: _dl_catch_exception (dl-error-skeleton.c:182)
==5339==    by 0x6BA6FF5: dl_open_worker (dl-open.c:808)
==5339==    by 0x6BA6FF5: dl_open_worker (dl-open.c:771)
==5339==    by 0x78ADB57: _dl_catch_exception (dl-error-skeleton.c:208)
==5339==    by 0x6BA734D: _dl_open (dl-open.c:883)
==5339==    by 0x77C95FB: dlopen_doit (dlopen.c:56)
==5339==    by 0x78ADB57: _dl_catch_exception (dl-error-skeleton.c:208)
==5339== 
==5339== 11 bytes in 1 blocks are possibly lost in loss record 121 of 425
==5339==    at 0x73E1899: malloc (in /mnt/c/Users/guido/ghq/projects/rustdom/.tools/valgrind/usr/libexec/valgrind/vgpreload_memcheck-amd64-linux.so)
==5339==    by 0x232478C2: _RNvXs0_NvMs_NtNtCs6i54tJFfzR_5alloc3ffi5c_strNtBa_7CString3newReNtB5_11SpecNewImpl13spec_new_impl (in /home/guido/rustdom-selection-validation-cQnQbx/dist/rustdom.node)
==5339==    by 0x231F177F: _RNvMs2_NtNtCs4QMHp0v7l6B_4napi9js_values15object_propertyNtB5_8Property14with_utf8_name (in /home/guido/rustdom-selection-validation-cQnQbx/dist/rustdom.node)
==5339==    by 0x231A95BC: _RNvNvNvNvNtNtNtCs3Ir8cfnU9oH_7rustdom3dom19range_state_binding33___napi_impl_helper_NativeRange_1137___napi_register__NativeRange_impl_2221__18___CTOR_PRIVATE_REF14___ctor_private (in /home/guido/rustdom-selection-validation-cQnQbx/dist/rustdom.node)
==5339==    by 0x6B9F47D: call_init.part.0 (dl-init.c:70)
==5339==    by 0x6B9F567: call_init (dl-init.c:33)
==5339==    by 0x6B9F567: _dl_init (dl-init.c:117)
==5339==    by 0x78ADBB4: _dl_catch_exception (dl-error-skeleton.c:182)
==5339==    by 0x6BA6FF5: dl_open_worker (dl-open.c:808)
==5339==    by 0x6BA6FF5: dl_open_worker (dl-open.c:771)
==5339==    by 0x78ADB57: _dl_catch_exception (dl-error-skeleton.c:208)
==5339==    by 0x6BA734D: _dl_open (dl-open.c:883)
==5339==    by 0x77C95FB: dlopen_doit (dlopen.c:56)
==5339==    by 0x78ADB57: _dl_catch_exception (dl-error-skeleton.c:208)
==5339== 
==5339== 11 bytes in 1 blocks are possibly lost in loss record 122 of 425
==5339==    at 0x73E1899: malloc (in /mnt/c/Users/guido/ghq/projects/rustdom/.tools/valgrind/usr/libexec/valgrind/vgpreload_memcheck-amd64-linux.so)
==5339==    by 0x232478C2: _RNvXs0_NvMs_NtNtCs6i54tJFfzR_5alloc3ffi5c_strNtBa_7CString3newReNtB5_11SpecNewImpl13spec_new_impl (in /home/guido/rustdom-selection-validation-cQnQbx/dist/rustdom.node)
==5339==    by 0x231F177F: _RNvMs2_NtNtCs4QMHp0v7l6B_4napi9js_values15object_propertyNtB5_8Property14with_utf8_name (in /home/guido/rustdom-selection-validation-cQnQbx/dist/rustdom.node)
==5339==    by 0x231AA0A3: _RNvNvNvNvNtNtNtCs3Ir8cfnU9oH_7rustdom3dom19range_state_binding33___napi_impl_helper_NativeRange_1137___napi_register__NativeRange_impl_2221__18___CTOR_PRIVATE_REF14___ctor_private (in /home/guido/rustdom-selection-validation-cQnQbx/dist/rustdom.node)
==5339==    by 0x6B9F47D: call_init.part.0 (dl-init.c:70)
==5339==    by 0x6B9F567: call_init (dl-init.c:33)
==5339==    by 0x6B9F567: _dl_init (dl-init.c:117)
==5339==    by 0x78ADBB4: _dl_catch_exception (dl-error-skeleton.c:182)
==5339==    by 0x6BA6FF5: dl_open_worker (dl-open.c:808)
==5339==    by 0x6BA6FF5: dl_open_worker (dl-open.c:771)
==5339==    by 0x78ADB57: _dl_catch_exception (dl-error-skeleton.c:208)
==5339==    by 0x6BA734D: _dl_open (dl-open.c:883)
==5339==    by 0x77C95FB: dlopen_doit (dlopen.c:56)
==5339==    by 0x78ADB57: _dl_catch_exception (dl-error-skeleton.c:208)
==5339== 
==5339== 11 bytes in 1 blocks are possibly lost in loss record 123 of 425
==5339==    at 0x73E1899: malloc (in /mnt/c/Users/guido/ghq/projects/rustdom/.tools/valgrind/usr/libexec/valgrind/vgpreload_memcheck-amd64-linux.so)
==5339==    by 0x232478C2: _RNvXs0_NvMs_NtNtCs6i54tJFfzR_5alloc3ffi5c_strNtBa_7CString3newReNtB5_11SpecNewImpl13spec_new_impl (in /home/guido/rustdom-selection-validation-cQnQbx/dist/rustdom.node)
==5339==    by 0x231F177F: _RNvMs2_NtNtCs4QMHp0v7l6B_4napi9js_values15object_propertyNtB5_8Property14with_utf8_name (in /home/guido/rustdom-selection-validation-cQnQbx/dist/rustdom.node)
==5339==    by 0x231ABD81: _RNvNvNvNvNtNtNtCs3Ir8cfnU9oH_7rustdom3dom19tree_cursor_binding37___napi_impl_helper_NativeTraversal_1841___napi_register__NativeTraversal_impl_4571__18___CTOR_PRIVATE_REF14___ctor_private (in /home/guido/rustdom-selection-validation-cQnQbx/dist/rustdom.node)
==5339==    by 0x6B9F47D: call_init.part.0 (dl-init.c:70)
==5339==    by 0x6B9F567: call_init (dl-init.c:33)
==5339==    by 0x6B9F567: _dl_init (dl-init.c:117)
==5339==    by 0x78ADBB4: _dl_catch_exception (dl-error-skeleton.c:182)
==5339==    by 0x6BA6FF5: dl_open_worker (dl-open.c:808)
==5339==    by 0x6BA6FF5: dl_open_worker (dl-open.c:771)
==5339==    by 0x78ADB57: _dl_catch_exception (dl-error-skeleton.c:208)
==5339==    by 0x6BA734D: _dl_open (dl-open.c:883)
==5339==    by 0x77C95FB: dlopen_doit (dlopen.c:56)
==5339==    by 0x78ADB57: _dl_catch_exception (dl-error-skeleton.c:208)
==5339== 
==5339== 11 bytes in 1 blocks are possibly lost in loss record 124 of 425
==5339==    at 0x73E1899: malloc (in /mnt/c/Users/guido/ghq/projects/rustdom/.tools/valgrind/usr/libexec/valgrind/vgpreload_memcheck-amd64-linux.so)
==5339==    by 0x232478C2: _RNvXs0_NvMs_NtNtCs6i54tJFfzR_5alloc3ffi5c_strNtBa_7CString3newReNtB5_11SpecNewImpl13spec_new_impl (in /home/guido/rustdom-selection-validation-cQnQbx/dist/rustdom.node)
==5339==    by 0x231F177F: _RNvMs2_NtNtCs4QMHp0v7l6B_4napi9js_values15object_propertyNtB5_8Property14with_utf8_name (in /home/guido/rustdom-selection-validation-cQnQbx/dist/rustdom.node)
==5339==    by 0x231AD192: _RNvNvNvNvNtNtNtCs3Ir8cfnU9oH_7rustdom3dom19web_storage_binding39___napi_impl_helper_NativeStorageArea_2043___napi_register__NativeStorageArea_impl_4761__18___CTOR_PRIVATE_REF14___ctor_private (in /home/guido/rustdom-selection-validation-cQnQbx/dist/rustdom.node)
==5339==    by 0x6B9F47D: call_init.part.0 (dl-init.c:70)
==5339==    by 0x6B9F567: call_init (dl-init.c:33)
==5339==    by 0x6B9F567: _dl_init (dl-init.c:117)
==5339==    by 0x78ADBB4: _dl_catch_exception (dl-error-skeleton.c:182)
==5339==    by 0x6BA6FF5: dl_open_worker (dl-open.c:808)
==5339==    by 0x6BA6FF5: dl_open_worker (dl-open.c:771)
==5339==    by 0x78ADB57: _dl_catch_exception (dl-error-skeleton.c:208)
==5339==    by 0x6BA734D: _dl_open (dl-open.c:883)
==5339==    by 0x77C95FB: dlopen_doit (dlopen.c:56)
==5339==    by 0x78ADB57: _dl_catch_exception (dl-error-skeleton.c:208)
==5339== 
==5339== 11 bytes in 1 blocks are possibly lost in loss record 125 of 425
==5339==    at 0x73E1899: malloc (in /mnt/c/Users/guido/ghq/projects/rustdom/.tools/valgrind/usr/libexec/valgrind/vgpreload_memcheck-amd64-linux.so)
==5339==    by 0x232478C2: _RNvXs0_NvMs_NtNtCs6i54tJFfzR_5alloc3ffi5c_strNtBa_7CString3newReNtB5_11SpecNewImpl13spec_new_impl (in /home/guido/rustdom-selection-validation-cQnQbx/dist/rustdom.node)
==5339==    by 0x231F177F: _RNvMs2_NtNtCs4QMHp0v7l6B_4napi9js_values15object_propertyNtB5_8Property14with_utf8_name (in /home/guido/rustdom-selection-validation-cQnQbx/dist/rustdom.node)
==5339==    by 0x231AE5FB: _RNvNvNvNvNtNtNtCs3Ir8cfnU9oH_7rustdom3dom21range_extract_binding40___napi_impl_helper_NativeRangeExtract_1044___napi_register__NativeRangeExtract_impl_1931__18___CTOR_PRIVATE_REF14___ctor_private (in /home/guido/rustdom-selection-validation-cQnQbx/dist/rustdom.node)
==5339==    by 0x6B9F47D: call_init.part.0 (dl-init.c:70)
==5339==    by 0x6B9F567: call_init (dl-init.c:33)
==5339==    by 0x6B9F567: _dl_init (dl-init.c:117)
==5339==    by 0x78ADBB4: _dl_catch_exception (dl-error-skeleton.c:182)
==5339==    by 0x6BA6FF5: dl_open_worker (dl-open.c:808)
==5339==    by 0x6BA6FF5: dl_open_worker (dl-open.c:771)
==5339==    by 0x78ADB57: _dl_catch_exception (dl-error-skeleton.c:208)
==5339==    by 0x6BA734D: _dl_open (dl-open.c:883)
==5339==    by 0x77C95FB: dlopen_doit (dlopen.c:56)
==5339==    by 0x78ADB57: _dl_catch_exception (dl-error-skeleton.c:208)
==5339== 
==5339== 11 bytes in 1 blocks are possibly lost in loss record 126 of 425
==5339==    at 0x73E1899: malloc (in /mnt/c/Users/guido/ghq/projects/rustdom/.tools/valgrind/usr/libexec/valgrind/vgpreload_memcheck-amd64-linux.so)
==5339==    by 0x232478C2: _RNvXs0_NvMs_NtNtCs6i54tJFfzR_5alloc3ffi5c_strNtBa_7CString3newReNtB5_11SpecNewImpl13spec_new_impl (in /home/guido/rustdom-selection-validation-cQnQbx/dist/rustdom.node)
==5339==    by 0x231F177F: _RNvMs2_NtNtCs4QMHp0v7l6B_4napi9js_values15object_propertyNtB5_8Property14with_utf8_name (in /home/guido/rustdom-selection-validation-cQnQbx/dist/rustdom.node)
==5339==    by 0x231AF54A: _RNvNvNvNvNtNtNtCs3Ir8cfnU9oH_7rustdom3dom23event_listeners_binding43___napi_impl_helper_NativeListenerRegistry_347___napi_register__NativeListenerRegistry_impl_691__18___CTOR_PRIVATE_REF14___ctor_private (in /home/guido/rustdom-selection-validation-cQnQbx/dist/rustdom.node)
==5339==    by 0x6B9F47D: call_init.part.0 (dl-init.c:70)
==5339==    by 0x6B9F567: call_init (dl-init.c:33)
==5339==    by 0x6B9F567: _dl_init (dl-init.c:117)
==5339==    by 0x78ADBB4: _dl_catch_exception (dl-error-skeleton.c:182)
==5339==    by 0x6BA6FF5: dl_open_worker (dl-open.c:808)
==5339==    by 0x6BA6FF5: dl_open_worker (dl-open.c:771)
==5339==    by 0x78ADB57: _dl_catch_exception (dl-error-skeleton.c:208)
==5339==    by 0x6BA734D: _dl_open (dl-open.c:883)
==5339==    by 0x77C95FB: dlopen_doit (dlopen.c:56)
==5339==    by 0x78ADB57: _dl_catch_exception (dl-error-skeleton.c:208)
==5339== 
==5339== 11 bytes in 1 blocks are possibly lost in loss record 127 of 425
==5339==    at 0x73E1899: malloc (in /mnt/c/Users/guido/ghq/projects/rustdom/.tools/valgrind/usr/libexec/valgrind/vgpreload_memcheck-amd64-linux.so)
==5339==    by 0x232478C2: _RNvXs0_NvMs_NtNtCs6i54tJFfzR_5alloc3ffi5c_strNtBa_7CString3newReNtB5_11SpecNewImpl13spec_new_impl (in /home/guido/rustdom-selection-validation-cQnQbx/dist/rustdom.node)
==5339==    by 0x231F177F: _RNvMs2_NtNtCs4QMHp0v7l6B_4napi9js_values15object_propertyNtB5_8Property14with_utf8_name (in /home/guido/rustdom-selection-validation-cQnQbx/dist/rustdom.node)
==5339==    by 0x231B040B: _RNvNvNvNvNtNtNtCs3Ir8cfnU9oH_7rustdom3dom23mutation_record_binding41___napi_impl_helper_NativeMutationRecord_746___napi_register__NativeMutationRecord_impl_1591__18___CTOR_PRIVATE_REF14___ctor_private (in /home/guido/rustdom-selection-validation-cQnQbx/dist/rustdom.node)
==5339==    by 0x6B9F47D: call_init.part.0 (dl-init.c:70)
==5339==    by 0x6B9F567: call_init (dl-init.c:33)
==5339==    by 0x6B9F567: _dl_init (dl-init.c:117)
==5339==    by 0x78ADBB4: _dl_catch_exception (dl-error-skeleton.c:182)
==5339==    by 0x6BA6FF5: dl_open_worker (dl-open.c:808)
==5339==    by 0x6BA6FF5: dl_open_worker (dl-open.c:771)
==5339==    by 0x78ADB57: _dl_catch_exception (dl-error-skeleton.c:208)
==5339==    by 0x6BA734D: _dl_open (dl-open.c:883)
==5339==    by 0x77C95FB: dlopen_doit (dlopen.c:56)
==5339==    by 0x78ADB57: _dl_catch_exception (dl-error-skeleton.c:208)
==5339== 
==5339== 11 bytes in 1 blocks are possibly lost in loss record 128 of 425
==5339==    at 0x73E1899: malloc (in /mnt/c/Users/guido/ghq/projects/rustdom/.tools/valgrind/usr/libexec/valgrind/vgpreload_memcheck-amd64-linux.so)
==5339==    by 0x232478C2: _RNvXs0_NvMs_NtNtCs6i54tJFfzR_5alloc3ffi5c_strNtBa_7CString3newReNtB5_11SpecNewImpl13spec_new_impl (in /home/guido/rustdom-selection-validation-cQnQbx/dist/rustdom.node)
==5339==    by 0x231F177F: _RNvMs2_NtNtCs4QMHp0v7l6B_4napi9js_values15object_propertyNtB5_8Property14with_utf8_name (in /home/guido/rustdom-selection-validation-cQnQbx/dist/rustdom.node)
==5339==    by 0x231B0D2A: _RNvNvNvNvNtNtNtCs3Ir8cfnU9oH_7rustdom3dom23mutation_record_binding41___napi_impl_helper_NativeMutationRecord_746___napi_register__NativeMutationRecord_impl_1591__18___CTOR_PRIVATE_REF14___ctor_private (in /home/guido/rustdom-selection-validation-cQnQbx/dist/rustdom.node)
==5339==    by 0x6B9F47D: call_init.part.0 (dl-init.c:70)
==5339==    by 0x6B9F567: call_init (dl-init.c:33)
==5339==    by 0x6B9F567: _dl_init (dl-init.c:117)
==5339==    by 0x78ADBB4: _dl_catch_exception (dl-error-skeleton.c:182)
==5339==    by 0x6BA6FF5: dl_open_worker (dl-open.c:808)
==5339==    by 0x6BA6FF5: dl_open_worker (dl-open.c:771)
==5339==    by 0x78ADB57: _dl_catch_exception (dl-error-skeleton.c:208)
==5339==    by 0x6BA734D: _dl_open (dl-open.c:883)
==5339==    by 0x77C95FB: dlopen_doit (dlopen.c:56)
==5339==    by 0x78ADB57: _dl_catch_exception (dl-error-skeleton.c:208)
==5339== 
==5339== 11 bytes in 1 blocks are possibly lost in loss record 129 of 425
==5339==    at 0x73E1899: malloc (in /mnt/c/Users/guido/ghq/projects/rustdom/.tools/valgrind/usr/libexec/valgrind/vgpreload_memcheck-amd64-linux.so)
==5339==    by 0x232478C2: _RNvXs0_NvMs_NtNtCs6i54tJFfzR_5alloc3ffi5c_strNtBa_7CString3newReNtB5_11SpecNewImpl13spec_new_impl (in /home/guido/rustdom-selection-validation-cQnQbx/dist/rustdom.node)
==5339==    by 0x231F177F: _RNvMs2_NtNtCs4QMHp0v7l6B_4napi9js_values15object_propertyNtB5_8Property14with_utf8_name (in /home/guido/rustdom-selection-validation-cQnQbx/dist/rustdom.node)
==5339==    by 0x231B1E6B: _RNvNvNvNvNtNtNtCs3Ir8cfnU9oH_7rustdom3dom23slot_assignment_binding48___napi_impl_helper_NativeSlotAssignmentDriver_1352___napi_register__NativeSlotAssignmentDriver_impl_2471__18___CTOR_PRIVATE_REF14___ctor_private (in /home/guido/rustdom-selection-validation-cQnQbx/dist/rustdom.node)
==5339==    by 0x6B9F47D: call_init.part.0 (dl-init.c:70)
==5339==    by 0x6B9F567: call_init (dl-init.c:33)
==5339==    by 0x6B9F567: _dl_init (dl-init.c:117)
==5339==    by 0x78ADBB4: _dl_catch_exception (dl-error-skeleton.c:182)
==5339==    by 0x6BA6FF5: dl_open_worker (dl-open.c:808)
==5339==    by 0x6BA6FF5: dl_open_worker (dl-open.c:771)
==5339==    by 0x78ADB57: _dl_catch_exception (dl-error-skeleton.c:208)
==5339==    by 0x6BA734D: _dl_open (dl-open.c:883)
==5339==    by 0x77C95FB: dlopen_doit (dlopen.c:56)
==5339==    by 0x78ADB57: _dl_catch_exception (dl-error-skeleton.c:208)
==5339== 
==5339== 11 bytes in 1 blocks are possibly lost in loss record 130 of 425
==5339==    at 0x73E1899: malloc (in /mnt/c/Users/guido/ghq/projects/rustdom/.tools/valgrind/usr/libexec/valgrind/vgpreload_memcheck-amd64-linux.so)
==5339==    by 0x232478C2: _RNvXs0_NvMs_NtNtCs6i54tJFfzR_5alloc3ffi5c_strNtBa_7CString3newReNtB5_11SpecNewImpl13spec_new_impl (in /home/guido/rustdom-selection-validation-cQnQbx/dist/rustdom.node)
==5339==    by 0x231F177F: _RNvMs2_NtNtCs4QMHp0v7l6B_4napi9js_values15object_propertyNtB5_8Property14with_utf8_name (in /home/guido/rustdom-selection-validation-cQnQbx/dist/rustdom.node)
==5339==    by 0x231B2944: _RNvNvNvNvNtNtNtCs3Ir8cfnU9oH_7rustdom3dom25observer_delivery_binding43___napi_impl_helper_NativeObserverDelivery_848___napi_register__NativeObserverDelivery_impl_1721__18___CTOR_PRIVATE_REF14___ctor_private (in /home/guido/rustdom-selection-validation-cQnQbx/dist/rustdom.node)
==5339==    by 0x6B9F47D: call_init.part.0 (dl-init.c:70)
==5339==    by 0x6B9F567: call_init (dl-init.c:33)
==5339==    by 0x6B9F567: _dl_init (dl-init.c:117)
==5339==    by 0x78ADBB4: _dl_catch_exception (dl-error-skeleton.c:182)
==5339==    by 0x6BA6FF5: dl_open_worker (dl-open.c:808)
==5339==    by 0x6BA6FF5: dl_open_worker (dl-open.c:771)
==5339==    by 0x78ADB57: _dl_catch_exception (dl-error-skeleton.c:208)
==5339==    by 0x6BA734D: _dl_open (dl-open.c:883)
==5339==    by 0x77C95FB: dlopen_doit (dlopen.c:56)
==5339==    by 0x78ADB57: _dl_catch_exception (dl-error-skeleton.c:208)
==5339== 
==5339== 11 bytes in 1 blocks are possibly lost in loss record 131 of 425
==5339==    at 0x73E1899: malloc (in /mnt/c/Users/guido/ghq/projects/rustdom/.tools/valgrind/usr/libexec/valgrind/vgpreload_memcheck-amd64-linux.so)
==5339==    by 0x232478C2: _RNvXs0_NvMs_NtNtCs6i54tJFfzR_5alloc3ffi5c_strNtBa_7CString3newReNtB5_11SpecNewImpl13spec_new_impl (in /home/guido/rustdom-selection-validation-cQnQbx/dist/rustdom.node)
==5339==    by 0x231F177F: _RNvMs2_NtNtCs4QMHp0v7l6B_4napi9js_values15object_propertyNtB5_8Property14with_utf8_name (in /home/guido/rustdom-selection-validation-cQnQbx/dist/rustdom.node)
==5339==    by 0x2318C147: _RNvNvNtNtNtCs3Ir8cfnU9oH_7rustdom3dom4tree32___napi_impl_helper_NativeTree_1736___napi_register__NativeTree_impl_44320___ctor_private_inner (in /home/guido/rustdom-selection-validation-cQnQbx/dist/rustdom.node)
==5339==    by 0x231B5535: _RNvNvNvNvNtNtNtCs3Ir8cfnU9oH_7rustdom3dom4tree32___napi_impl_helper_NativeTree_1736___napi_register__NativeTree_impl_4431__18___CTOR_PRIVATE_REF14___ctor_private (in /home/guido/rustdom-selection-validation-cQnQbx/dist/rustdom.node)
==5339==    by 0x6B9F47D: call_init.part.0 (dl-init.c:70)
==5339==    by 0x6B9F567: call_init (dl-init.c:33)
==5339==    by 0x6B9F567: _dl_init (dl-init.c:117)
==5339==    by 0x78ADBB4: _dl_catch_exception (dl-error-skeleton.c:182)
==5339==    by 0x6BA6FF5: dl_open_worker (dl-open.c:808)
==5339==    by 0x6BA6FF5: dl_open_worker (dl-open.c:771)
==5339==    by 0x78ADB57: _dl_catch_exception (dl-error-skeleton.c:208)
==5339==    by 0x6BA734D: _dl_open (dl-open.c:883)
==5339==    by 0x77C95FB: dlopen_doit (dlopen.c:56)
==5339== 
==5339== 11 bytes in 1 blocks are possibly lost in loss record 132 of 425
==5339==    at 0x73E1899: malloc (in /mnt/c/Users/guido/ghq/projects/rustdom/.tools/valgrind/usr/libexec/valgrind/vgpreload_memcheck-amd64-linux.so)
==5339==    by 0x232478C2: _RNvXs0_NvMs_NtNtCs6i54tJFfzR_5alloc3ffi5c_strNtBa_7CString3newReNtB5_11SpecNewImpl13spec_new_impl (in /home/guido/rustdom-selection-validation-cQnQbx/dist/rustdom.node)
==5339==    by 0x231F177F: _RNvMs2_NtNtCs4QMHp0v7l6B_4napi9js_values15object_propertyNtB5_8Property14with_utf8_name (in /home/guido/rustdom-selection-validation-cQnQbx/dist/rustdom.node)
==5339==    by 0x231908EB: _RNvNvNtNtNtCs3Ir8cfnU9oH_7rustdom3dom4tree32___napi_impl_helper_NativeTree_1736___napi_register__NativeTree_impl_44320___ctor_private_inner (in /home/guido/rustdom-selection-validation-cQnQbx/dist/rustdom.node)
==5339==    by 0x231B5535: _RNvNvNvNvNtNtNtCs3Ir8cfnU9oH_7rustdom3dom4tree32___napi_impl_helper_NativeTree_1736___napi_register__NativeTree_impl_4431__18___CTOR_PRIVATE_REF14___ctor_private (in /home/guido/rustdom-selection-validation-cQnQbx/dist/rustdom.node)
==5339==    by 0x6B9F47D: call_init.part.0 (dl-init.c:70)
==5339==    by 0x6B9F567: call_init (dl-init.c:33)
==5339==    by 0x6B9F567: _dl_init (dl-init.c:117)
==5339==    by 0x78ADBB4: _dl_catch_exception (dl-error-skeleton.c:182)
==5339==    by 0x6BA6FF5: dl_open_worker (dl-open.c:808)
==5339==    by 0x6BA6FF5: dl_open_worker (dl-open.c:771)
==5339==    by 0x78ADB57: _dl_catch_exception (dl-error-skeleton.c:208)
==5339==    by 0x6BA734D: _dl_open (dl-open.c:883)
==5339==    by 0x77C95FB: dlopen_doit (dlopen.c:56)
==5339== 
==5339== 11 bytes in 1 blocks are possibly lost in loss record 133 of 425
==5339==    at 0x73E1899: malloc (in /mnt/c/Users/guido/ghq/projects/rustdom/.tools/valgrind/usr/libexec/valgrind/vgpreload_memcheck-amd64-linux.so)
==5339==    by 0x232478C2: _RNvXs0_NvMs_NtNtCs6i54tJFfzR_5alloc3ffi5c_strNtBa_7CString3newReNtB5_11SpecNewImpl13spec_new_impl (in /home/guido/rustdom-selection-validation-cQnQbx/dist/rustdom.node)
==5339==    by 0x231F177F: _RNvMs2_NtNtCs4QMHp0v7l6B_4napi9js_values15object_propertyNtB5_8Property14with_utf8_name (in /home/guido/rustdom-selection-validation-cQnQbx/dist/rustdom.node)
==5339==    by 0x231B5D2F: _RNvNvNvNvNtNtNtCs3Ir8cfnU9oH_7rustdom3xml7binding37___napi_impl_helper_NativeXmlParser_2241___napi_register__NativeXmlParser_impl_4941__18___CTOR_PRIVATE_REF14___ctor_private (in /home/guido/rustdom-selection-validation-cQnQbx/dist/rustdom.node)
==5339==    by 0x6B9F47D: call_init.part.0 (dl-init.c:70)
==5339==    by 0x6B9F567: call_init (dl-init.c:33)
==5339==    by 0x6B9F567: _dl_init (dl-init.c:117)
==5339==    by 0x78ADBB4: _dl_catch_exception (dl-error-skeleton.c:182)
==5339==    by 0x6BA6FF5: dl_open_worker (dl-open.c:808)
==5339==    by 0x6BA6FF5: dl_open_worker (dl-open.c:771)
==5339==    by 0x78ADB57: _dl_catch_exception (dl-error-skeleton.c:208)
==5339==    by 0x6BA734D: _dl_open (dl-open.c:883)
==5339==    by 0x77C95FB: dlopen_doit (dlopen.c:56)
==5339==    by 0x78ADB57: _dl_catch_exception (dl-error-skeleton.c:208)
==5339== 
==5339== 12 bytes in 1 blocks are still reachable in loss record 134 of 425
==5339==    at 0x73E1899: malloc (in /mnt/c/Users/guido/ghq/projects/rustdom/.tools/valgrind/usr/libexec/valgrind/vgpreload_memcheck-amd64-linux.so)
==5339==    by 0x26DEC47: init_entry(char const*, char const*, UErrorCode*) (in /mnt/c/Users/guido/AppData/Local/Temp/rustdom-pr54-abort-retention-e991d78927094e13876cb3cd1a13dacf/.tools/node-v24.20.0-linux-x64/bin/node)
==5339==    by 0x26DF719: ures_openDirect_78 (in /mnt/c/Users/guido/AppData/Local/Temp/rustdom-pr54-abort-retention-e991d78927094e13876cb3cd1a13dacf/.tools/node-v24.20.0-linux-x64/bin/node)
==5339==    by 0x21B2D8D: icu_78::ZoneMeta::getCanonicalCLDRID(icu_78::UnicodeString const&, UErrorCode&) (in /mnt/c/Users/guido/AppData/Local/Temp/rustdom-pr54-abort-retention-e991d78927094e13876cb3cd1a13dacf/.tools/node-v24.20.0-linux-x64/bin/node)
==5339==    by 0x2116C0A: icu_78::OlsonTimeZone::OlsonTimeZone(UResourceBundle const*, UResourceBundle const*, icu_78::UnicodeString const&, UErrorCode&) (in /mnt/c/Users/guido/AppData/Local/Temp/rustdom-pr54-abort-retention-e991d78927094e13876cb3cd1a13dacf/.tools/node-v24.20.0-linux-x64/bin/node)
==5339==    by 0x20A8599: icu_78::(anonymous namespace)::createSystemTimeZone(icu_78::UnicodeString const&, UErrorCode&) [clone .part.0] (in /mnt/c/Users/guido/AppData/Local/Temp/rustdom-pr54-abort-retention-e991d78927094e13876cb3cd1a13dacf/.tools/node-v24.20.0-linux-x64/bin/node)
==5339==    by 0x20A8D11: icu_78::TimeZone::detectHostTimeZone() (in /mnt/c/Users/guido/AppData/Local/Temp/rustdom-pr54-abort-retention-e991d78927094e13876cb3cd1a13dacf/.tools/node-v24.20.0-linux-x64/bin/node)
==5339==    by 0x20A8F04: icu_78::TimeZone::createDefault() (in /mnt/c/Users/guido/AppData/Local/Temp/rustdom-pr54-abort-retention-e991d78927094e13876cb3cd1a13dacf/.tools/node-v24.20.0-linux-x64/bin/node)
==5339==    by 0x11420B9: v8::internal::ICUTimezoneCache::LocalTimeOffset(double, bool) (in /mnt/c/Users/guido/AppData/Local/Temp/rustdom-pr54-abort-retention-e991d78927094e13876cb3cd1a13dacf/.tools/node-v24.20.0-linux-x64/bin/node)
==5339==    by 0xD66BC7: v8::internal::DateCache::GetLocalOffsetFromOS(long, bool) (in /mnt/c/Users/guido/AppData/Local/Temp/rustdom-pr54-abort-retention-e991d78927094e13876cb3cd1a13dacf/.tools/node-v24.20.0-linux-x64/bin/node)
==5339==    by 0xD67A35: v8::internal::DateCache::LocalOffsetInMs(long, bool) [clone .part.0] (in /mnt/c/Users/guido/AppData/Local/Temp/rustdom-pr54-abort-retention-e991d78927094e13876cb3cd1a13dacf/.tools/node-v24.20.0-linux-x64/bin/node)
==5339==    by 0x11B0925: v8::internal::JSDate::DoGetField(v8::internal::Isolate*, v8::internal::JSDate::FieldIndex) (in /mnt/c/Users/guido/AppData/Local/Temp/rustdom-pr54-abort-retention-e991d78927094e13876cb3cd1a13dacf/.tools/node-v24.20.0-linux-x64/bin/node)
==5339== 
==5339== 12 bytes in 1 blocks are possibly lost in loss record 135 of 425
==5339==    at 0x73E1899: malloc (in /mnt/c/Users/guido/ghq/projects/rustdom/.tools/valgrind/usr/libexec/valgrind/vgpreload_memcheck-amd64-linux.so)
==5339==    by 0x232478C2: _RNvXs0_NvMs_NtNtCs6i54tJFfzR_5alloc3ffi5c_strNtBa_7CString3newReNtB5_11SpecNewImpl13spec_new_impl (in /home/guido/rustdom-selection-validation-cQnQbx/dist/rustdom.node)
==5339==    by 0x231F177F: _RNvMs2_NtNtCs4QMHp0v7l6B_4napi9js_values15object_propertyNtB5_8Property14with_utf8_name (in /home/guido/rustdom-selection-validation-cQnQbx/dist/rustdom.node)
==5339==    by 0x2319BAEB: _RNvNvNvNvNtNtNtCs3Ir8cfnU9oH_7rustdom3dom12blob_binding39___napi_impl_helper_NativeBlobMetadata_143___napi_register__NativeBlobMetadata_impl_301__18___CTOR_PRIVATE_REF14___ctor_private (in /home/guido/rustdom-selection-validation-cQnQbx/dist/rustdom.node)
==5339==    by 0x6B9F47D: call_init.part.0 (dl-init.c:70)
==5339==    by 0x6B9F567: call_init (dl-init.c:33)
==5339==    by 0x6B9F567: _dl_init (dl-init.c:117)
==5339==    by 0x78ADBB4: _dl_catch_exception (dl-error-skeleton.c:182)
==5339==    by 0x6BA6FF5: dl_open_worker (dl-open.c:808)
==5339==    by 0x6BA6FF5: dl_open_worker (dl-open.c:771)
==5339==    by 0x78ADB57: _dl_catch_exception (dl-error-skeleton.c:208)
==5339==    by 0x6BA734D: _dl_open (dl-open.c:883)
==5339==    by 0x77C95FB: dlopen_doit (dlopen.c:56)
==5339==    by 0x78ADB57: _dl_catch_exception (dl-error-skeleton.c:208)
==5339== 
==5339== 12 bytes in 1 blocks are possibly lost in loss record 136 of 425
==5339==    at 0x73E1899: malloc (in /mnt/c/Users/guido/ghq/projects/rustdom/.tools/valgrind/usr/libexec/valgrind/vgpreload_memcheck-amd64-linux.so)
==5339==    by 0x232478C2: _RNvXs0_NvMs_NtNtCs6i54tJFfzR_5alloc3ffi5c_strNtBa_7CString3newReNtB5_11SpecNewImpl13spec_new_impl (in /home/guido/rustdom-selection-validation-cQnQbx/dist/rustdom.node)
==5339==    by 0x231F177F: _RNvMs2_NtNtCs4QMHp0v7l6B_4napi9js_values15object_propertyNtB5_8Property14with_utf8_name (in /home/guido/rustdom-selection-validation-cQnQbx/dist/rustdom.node)
==5339==    by 0x2319C8FB: _RNvNvNvNvNtNtNtCs3Ir8cfnU9oH_7rustdom3dom16dom_rect_binding34___napi_impl_helper_NativeDomRect_238___napi_register__NativeDomRect_impl_521__18___CTOR_PRIVATE_REF14___ctor_private (in /home/guido/rustdom-selection-validation-cQnQbx/dist/rustdom.node)
==5339==    by 0x6B9F47D: call_init.part.0 (dl-init.c:70)
==5339==    by 0x6B9F567: call_init (dl-init.c:33)
==5339==    by 0x6B9F567: _dl_init (dl-init.c:117)
==5339==    by 0x78ADBB4: _dl_catch_exception (dl-error-skeleton.c:182)
==5339==    by 0x6BA6FF5: dl_open_worker (dl-open.c:808)
==5339==    by 0x6BA6FF5: dl_open_worker (dl-open.c:771)
==5339==    by 0x78ADB57: _dl_catch_exception (dl-error-skeleton.c:208)
==5339==    by 0x6BA734D: _dl_open (dl-open.c:883)
==5339==    by 0x77C95FB: dlopen_doit (dlopen.c:56)
==5339==    by 0x78ADB57: _dl_catch_exception (dl-error-skeleton.c:208)
==5339== 
==5339== 12 bytes in 1 blocks are possibly lost in loss record 137 of 425
==5339==    at 0x73E1899: malloc (in /mnt/c/Users/guido/ghq/projects/rustdom/.tools/valgrind/usr/libexec/valgrind/vgpreload_memcheck-amd64-linux.so)
==5339==    by 0x232478C2: _RNvXs0_NvMs_NtNtCs6i54tJFfzR_5alloc3ffi5c_strNtBa_7CString3newReNtB5_11SpecNewImpl13spec_new_impl (in /home/guido/rustdom-selection-validation-cQnQbx/dist/rustdom.node)
==5339==    by 0x231F177F: _RNvMs2_NtNtCs4QMHp0v7l6B_4napi9js_values15object_propertyNtB5_8Property14with_utf8_name (in /home/guido/rustdom-selection-validation-cQnQbx/dist/rustdom.node)
==5339==    by 0x2319E151: _RNvNvNvNvNtNtNtCs3Ir8cfnU9oH_7rustdom3dom17form_data_binding42___napi_impl_helper_NativeFormDataEntries_647___napi_register__NativeFormDataEntries_impl_1371__18___CTOR_PRIVATE_REF14___ctor_private (in /home/guido/rustdom-selection-validation-cQnQbx/dist/rustdom.node)
==5339==    by 0x6B9F47D: call_init.part.0 (dl-init.c:70)
==5339==    by 0x6B9F567: call_init (dl-init.c:33)
==5339==    by 0x6B9F567: _dl_init (dl-init.c:117)
==5339==    by 0x78ADBB4: _dl_catch_exception (dl-error-skeleton.c:182)
==5339==    by 0x6BA6FF5: dl_open_worker (dl-open.c:808)
==5339==    by 0x6BA6FF5: dl_open_worker (dl-open.c:771)
==5339==    by 0x78ADB57: _dl_catch_exception (dl-error-skeleton.c:208)
==5339==    by 0x6BA734D: _dl_open (dl-open.c:883)
==5339==    by 0x77C95FB: dlopen_doit (dlopen.c:56)
==5339==    by 0x78ADB57: _dl_catch_exception (dl-error-skeleton.c:208)
==5339== 
==5339== 12 bytes in 1 blocks are possibly lost in loss record 138 of 425
==5339==    at 0x73E1899: malloc (in /mnt/c/Users/guido/ghq/projects/rustdom/.tools/valgrind/usr/libexec/valgrind/vgpreload_memcheck-amd64-linux.so)
==5339==    by 0x232478C2: _RNvXs0_NvMs_NtNtCs6i54tJFfzR_5alloc3ffi5c_strNtBa_7CString3newReNtB5_11SpecNewImpl13spec_new_impl (in /home/guido/rustdom-selection-validation-cQnQbx/dist/rustdom.node)
==5339==    by 0x231F177F: _RNvMs2_NtNtCs4QMHp0v7l6B_4napi9js_values15object_propertyNtB5_8Property14with_utf8_name (in /home/guido/rustdom-selection-validation-cQnQbx/dist/rustdom.node)
==5339==    by 0x231A01E1: _RNvNvNvNvNtNtNtCs3Ir8cfnU9oH_7rustdom3dom17selection_binding42___napi_impl_helper_NativeSelectionState_1246___napi_register__NativeSelectionState_impl_2341__18___CTOR_PRIVATE_REF14___ctor_private (in /home/guido/rustdom-selection-validation-cQnQbx/dist/rustdom.node)
==5339==    by 0x6B9F47D: call_init.part.0 (dl-init.c:70)
==5339==    by 0x6B9F567: call_init (dl-init.c:33)
==5339==    by 0x6B9F567: _dl_init (dl-init.c:117)
==5339==    by 0x78ADBB4: _dl_catch_exception (dl-error-skeleton.c:182)
==5339==    by 0x6BA6FF5: dl_open_worker (dl-open.c:808)
==5339==    by 0x6BA6FF5: dl_open_worker (dl-open.c:771)
==5339==    by 0x78ADB57: _dl_catch_exception (dl-error-skeleton.c:208)
==5339==    by 0x6BA734D: _dl_open (dl-open.c:883)
==5339==    by 0x77C95FB: dlopen_doit (dlopen.c:56)
==5339==    by 0x78ADB57: _dl_catch_exception (dl-error-skeleton.c:208)
==5339== 
==5339== 12 bytes in 1 blocks are possibly lost in loss record 139 of 425
==5339==    at 0x73E1899: malloc (in /mnt/c/Users/guido/ghq/projects/rustdom/.tools/valgrind/usr/libexec/valgrind/vgpreload_memcheck-amd64-linux.so)
==5339==    by 0x232478C2: _RNvXs0_NvMs_NtNtCs6i54tJFfzR_5alloc3ffi5c_strNtBa_7CString3newReNtB5_11SpecNewImpl13spec_new_impl (in /home/guido/rustdom-selection-validation-cQnQbx/dist/rustdom.node)
==5339==    by 0x231F177F: _RNvMs2_NtNtCs4QMHp0v7l6B_4napi9js_values15object_propertyNtB5_8Property14with_utf8_name (in /home/guido/rustdom-selection-validation-cQnQbx/dist/rustdom.node)
==5339==    by 0x231A2365: _RNvNvNvNvNtNtNtCs3Ir8cfnU9oH_7rustdom3dom19abort_state_binding37___napi_impl_helper_NativeAbortState_041___napi_register__NativeAbortState_impl_201__18___CTOR_PRIVATE_REF14___ctor_private (in /home/guido/rustdom-selection-validation-cQnQbx/dist/rustdom.node)
==5339==    by 0x6B9F47D: call_init.part.0 (dl-init.c:70)
==5339==    by 0x6B9F567: call_init (dl-init.c:33)
==5339==    by 0x6B9F567: _dl_init (dl-init.c:117)
==5339==    by 0x78ADBB4: _dl_catch_exception (dl-error-skeleton.c:182)
==5339==    by 0x6BA6FF5: dl_open_worker (dl-open.c:808)
==5339==    by 0x6BA6FF5: dl_open_worker (dl-open.c:771)
==5339==    by 0x78ADB57: _dl_catch_exception (dl-error-skeleton.c:208)
==5339==    by 0x6BA734D: _dl_open (dl-open.c:883)
==5339==    by 0x77C95FB: dlopen_doit (dlopen.c:56)
==5339==    by 0x78ADB57: _dl_catch_exception (dl-error-skeleton.c:208)
==5339== 
==5339== 12 bytes in 1 blocks are possibly lost in loss record 140 of 425
==5339==    at 0x73E1899: malloc (in /mnt/c/Users/guido/ghq/projects/rustdom/.tools/valgrind/usr/libexec/valgrind/vgpreload_memcheck-amd64-linux.so)
==5339==    by 0x232478C2: _RNvXs0_NvMs_NtNtCs6i54tJFfzR_5alloc3ffi5c_strNtBa_7CString3newReNtB5_11SpecNewImpl13spec_new_impl (in /home/guido/rustdom-selection-validation-cQnQbx/dist/rustdom.node)
==5339==    by 0x231F177F: _RNvMs2_NtNtCs4QMHp0v7l6B_4napi9js_values15object_propertyNtB5_8Property14with_utf8_name (in /home/guido/rustdom-selection-validation-cQnQbx/dist/rustdom.node)
==5339==    by 0x231A41A7: _RNvNvNvNvNtNtNtCs3Ir8cfnU9oH_7rustdom3dom19event_state_binding37___napi_impl_helper_NativeEventState_442___napi_register__NativeEventState_impl_1041__18___CTOR_PRIVATE_REF14___ctor_private (in /home/guido/rustdom-selection-validation-cQnQbx/dist/rustdom.node)
==5339==    by 0x6B9F47D: call_init.part.0 (dl-init.c:70)
==5339==    by 0x6B9F567: call_init (dl-init.c:33)
==5339==    by 0x6B9F567: _dl_init (dl-init.c:117)
==5339==    by 0x78ADBB4: _dl_catch_exception (dl-error-skeleton.c:182)
==5339==    by 0x6BA6FF5: dl_open_worker (dl-open.c:808)
==5339==    by 0x6BA6FF5: dl_open_worker (dl-open.c:771)
==5339==    by 0x78ADB57: _dl_catch_exception (dl-error-skeleton.c:208)
==5339==    by 0x6BA734D: _dl_open (dl-open.c:883)
==5339==    by 0x77C95FB: dlopen_doit (dlopen.c:56)
==5339==    by 0x78ADB57: _dl_catch_exception (dl-error-skeleton.c:208)
==5339== 
==5339== 12 bytes in 1 blocks are possibly lost in loss record 141 of 425
==5339==    at 0x73E1899: malloc (in /mnt/c/Users/guido/ghq/projects/rustdom/.tools/valgrind/usr/libexec/valgrind/vgpreload_memcheck-amd64-linux.so)
==5339==    by 0x232478C2: _RNvXs0_NvMs_NtNtCs6i54tJFfzR_5alloc3ffi5c_strNtBa_7CString3newReNtB5_11SpecNewImpl13spec_new_impl (in /home/guido/rustdom-selection-validation-cQnQbx/dist/rustdom.node)
==5339==    by 0x231F177F: _RNvMs2_NtNtCs4QMHp0v7l6B_4napi9js_values15object_propertyNtB5_8Property14with_utf8_name (in /home/guido/rustdom-selection-validation-cQnQbx/dist/rustdom.node)
==5339==    by 0x231A4EE6: _RNvNvNvNvNtNtNtCs3Ir8cfnU9oH_7rustdom3dom19event_state_binding37___napi_impl_helper_NativeEventState_442___napi_register__NativeEventState_impl_1041__18___CTOR_PRIVATE_REF14___ctor_private (in /home/guido/rustdom-selection-validation-cQnQbx/dist/rustdom.node)
==5339==    by 0x6B9F47D: call_init.part.0 (dl-init.c:70)
==5339==    by 0x6B9F567: call_init (dl-init.c:33)
==5339==    by 0x6B9F567: _dl_init (dl-init.c:117)
==5339==    by 0x78ADBB4: _dl_catch_exception (dl-error-skeleton.c:182)
==5339==    by 0x6BA6FF5: dl_open_worker (dl-open.c:808)
==5339==    by 0x6BA6FF5: dl_open_worker (dl-open.c:771)
==5339==    by 0x78ADB57: _dl_catch_exception (dl-error-skeleton.c:208)
==5339==    by 0x6BA734D: _dl_open (dl-open.c:883)
==5339==    by 0x77C95FB: dlopen_doit (dlopen.c:56)
==5339==    by 0x78ADB57: _dl_catch_exception (dl-error-skeleton.c:208)
==5339== 
==5339== 12 bytes in 1 blocks are possibly lost in loss record 142 of 425
==5339==    at 0x73E1899: malloc (in /mnt/c/Users/guido/ghq/projects/rustdom/.tools/valgrind/usr/libexec/valgrind/vgpreload_memcheck-amd64-linux.so)
==5339==    by 0x232478C2: _RNvXs0_NvMs_NtNtCs6i54tJFfzR_5alloc3ffi5c_strNtBa_7CString3newReNtB5_11SpecNewImpl13spec_new_impl (in /home/guido/rustdom-selection-validation-cQnQbx/dist/rustdom.node)
==5339==    by 0x231F177F: _RNvMs2_NtNtCs4QMHp0v7l6B_4napi9js_values15object_propertyNtB5_8Property14with_utf8_name (in /home/guido/rustdom-selection-validation-cQnQbx/dist/rustdom.node)
==5339==    by 0x231A7680: _RNvNvNvNvNtNtNtCs3Ir8cfnU9oH_7rustdom3dom19file_reader_binding42___napi_impl_helper_NativeFileReaderState_547___napi_register__NativeFileReaderState_impl_1151__18___CTOR_PRIVATE_REF14___ctor_private (in /home/guido/rustdom-selection-validation-cQnQbx/dist/rustdom.node)
==5339==    by 0x6B9F47D: call_init.part.0 (dl-init.c:70)
==5339==    by 0x6B9F567: call_init (dl-init.c:33)
==5339==    by 0x6B9F567: _dl_init (dl-init.c:117)
==5339==    by 0x78ADBB4: _dl_catch_exception (dl-error-skeleton.c:182)
==5339==    by 0x6BA6FF5: dl_open_worker (dl-open.c:808)
==5339==    by 0x6BA6FF5: dl_open_worker (dl-open.c:771)
==5339==    by 0x78ADB57: _dl_catch_exception (dl-error-skeleton.c:208)
==5339==    by 0x6BA734D: _dl_open (dl-open.c:883)
==5339==    by 0x77C95FB: dlopen_doit (dlopen.c:56)
==5339==    by 0x78ADB57: _dl_catch_exception (dl-error-skeleton.c:208)
==5339== 
==5339== 12 bytes in 1 blocks are possibly lost in loss record 143 of 425
==5339==    at 0x73E1899: malloc (in /mnt/c/Users/guido/ghq/projects/rustdom/.tools/valgrind/usr/libexec/valgrind/vgpreload_memcheck-amd64-linux.so)
==5339==    by 0x232478C2: _RNvXs0_NvMs_NtNtCs6i54tJFfzR_5alloc3ffi5c_strNtBa_7CString3newReNtB5_11SpecNewImpl13spec_new_impl (in /home/guido/rustdom-selection-validation-cQnQbx/dist/rustdom.node)
==5339==    by 0x231F177F: _RNvMs2_NtNtCs4QMHp0v7l6B_4napi9js_values15object_propertyNtB5_8Property14with_utf8_name (in /home/guido/rustdom-selection-validation-cQnQbx/dist/rustdom.node)
==5339==    by 0x231A85C2: _RNvNvNvNvNtNtNtCs3Ir8cfnU9oH_7rustdom3dom19range_clone_binding37___napi_impl_helper_NativeRangeClone_942___napi_register__NativeRangeClone_impl_1851__18___CTOR_PRIVATE_REF14___ctor_private (in /home/guido/rustdom-selection-validation-cQnQbx/dist/rustdom.node)
==5339==    by 0x6B9F47D: call_init.part.0 (dl-init.c:70)
==5339==    by 0x6B9F567: call_init (dl-init.c:33)
==5339==    by 0x6B9F567: _dl_init (dl-init.c:117)
==5339==    by 0x78ADBB4: _dl_catch_exception (dl-error-skeleton.c:182)
==5339==    by 0x6BA6FF5: dl_open_worker (dl-open.c:808)
==5339==    by 0x6BA6FF5: dl_open_worker (dl-open.c:771)
==5339==    by 0x78ADB57: _dl_catch_exception (dl-error-skeleton.c:208)
==5339==    by 0x6BA734D: _dl_open (dl-open.c:883)
==5339==    by 0x77C95FB: dlopen_doit (dlopen.c:56)
==5339==    by 0x78ADB57: _dl_catch_exception (dl-error-skeleton.c:208)
==5339== 
==5339== 12 bytes in 1 blocks are possibly lost in loss record 144 of 425
==5339==    at 0x73E1899: malloc (in /mnt/c/Users/guido/ghq/projects/rustdom/.tools/valgrind/usr/libexec/valgrind/vgpreload_memcheck-amd64-linux.so)
==5339==    by 0x232478C2: _RNvXs0_NvMs_NtNtCs6i54tJFfzR_5alloc3ffi5c_strNtBa_7CString3newReNtB5_11SpecNewImpl13spec_new_impl (in /home/guido/rustdom-selection-validation-cQnQbx/dist/rustdom.node)
==5339==    by 0x231F177F: _RNvMs2_NtNtCs4QMHp0v7l6B_4napi9js_values15object_propertyNtB5_8Property14with_utf8_name (in /home/guido/rustdom-selection-validation-cQnQbx/dist/rustdom.node)
==5339==    by 0x231A9193: _RNvNvNvNvNtNtNtCs3Ir8cfnU9oH_7rustdom3dom19range_state_binding33___napi_impl_helper_NativeRange_1137___napi_register__NativeRange_impl_2221__18___CTOR_PRIVATE_REF14___ctor_private (in /home/guido/rustdom-selection-validation-cQnQbx/dist/rustdom.node)
==5339==    by 0x6B9F47D: call_init.part.0 (dl-init.c:70)
==5339==    by 0x6B9F567: call_init (dl-init.c:33)
==5339==    by 0x6B9F567: _dl_init (dl-init.c:117)
==5339==    by 0x78ADBB4: _dl_catch_exception (dl-error-skeleton.c:182)
==5339==    by 0x6BA6FF5: dl_open_worker (dl-open.c:808)
==5339==    by 0x6BA6FF5: dl_open_worker (dl-open.c:771)
==5339==    by 0x78ADB57: _dl_catch_exception (dl-error-skeleton.c:208)
==5339==    by 0x6BA734D: _dl_open (dl-open.c:883)
==5339==    by 0x77C95FB: dlopen_doit (dlopen.c:56)
==5339==    by 0x78ADB57: _dl_catch_exception (dl-error-skeleton.c:208)
==5339== 
==5339== 12 bytes in 1 blocks are possibly lost in loss record 145 of 425
==5339==    at 0x73E1899: malloc (in /mnt/c/Users/guido/ghq/projects/rustdom/.tools/valgrind/usr/libexec/valgrind/vgpreload_memcheck-amd64-linux.so)
==5339==    by 0x232478C2: _RNvXs0_NvMs_NtNtCs6i54tJFfzR_5alloc3ffi5c_strNtBa_7CString3newReNtB5_11SpecNewImpl13spec_new_impl (in /home/guido/rustdom-selection-validation-cQnQbx/dist/rustdom.node)
==5339==    by 0x231F177F: _RNvMs2_NtNtCs4QMHp0v7l6B_4napi9js_values15object_propertyNtB5_8Property14with_utf8_name (in /home/guido/rustdom-selection-validation-cQnQbx/dist/rustdom.node)
==5339==    by 0x231A9FF8: _RNvNvNvNvNtNtNtCs3Ir8cfnU9oH_7rustdom3dom19range_state_binding33___napi_impl_helper_NativeRange_1137___napi_register__NativeRange_impl_2221__18___CTOR_PRIVATE_REF14___ctor_private (in /home/guido/rustdom-selection-validation-cQnQbx/dist/rustdom.node)
==5339==    by 0x6B9F47D: call_init.part.0 (dl-init.c:70)
==5339==    by 0x6B9F567: call_init (dl-init.c:33)
==5339==    by 0x6B9F567: _dl_init (dl-init.c:117)
==5339==    by 0x78ADBB4: _dl_catch_exception (dl-error-skeleton.c:182)
==5339==    by 0x6BA6FF5: dl_open_worker (dl-open.c:808)
==5339==    by 0x6BA6FF5: dl_open_worker (dl-open.c:771)
==5339==    by 0x78ADB57: _dl_catch_exception (dl-error-skeleton.c:208)
==5339==    by 0x6BA734D: _dl_open (dl-open.c:883)
==5339==    by 0x77C95FB: dlopen_doit (dlopen.c:56)
==5339==    by 0x78ADB57: _dl_catch_exception (dl-error-skeleton.c:208)
==5339== 
==5339== 12 bytes in 1 blocks are possibly lost in loss record 146 of 425
==5339==    at 0x73E1899: malloc (in /mnt/c/Users/guido/ghq/projects/rustdom/.tools/valgrind/usr/libexec/valgrind/vgpreload_memcheck-amd64-linux.so)
==5339==    by 0x232478C2: _RNvXs0_NvMs_NtNtCs6i54tJFfzR_5alloc3ffi5c_strNtBa_7CString3newReNtB5_11SpecNewImpl13spec_new_impl (in /home/guido/rustdom-selection-validation-cQnQbx/dist/rustdom.node)
==5339==    by 0x231F177F: _RNvMs2_NtNtCs4QMHp0v7l6B_4napi9js_values15object_propertyNtB5_8Property14with_utf8_name (in /home/guido/rustdom-selection-validation-cQnQbx/dist/rustdom.node)
==5339==    by 0x231AC951: _RNvNvNvNvNtNtNtCs3Ir8cfnU9oH_7rustdom3dom19web_storage_binding39___napi_impl_helper_NativeStorageArea_2043___napi_register__NativeStorageArea_impl_4761__18___CTOR_PRIVATE_REF14___ctor_private (in /home/guido/rustdom-selection-validation-cQnQbx/dist/rustdom.node)
==5339==    by 0x6B9F47D: call_init.part.0 (dl-init.c:70)
==5339==    by 0x6B9F567: call_init (dl-init.c:33)
==5339==    by 0x6B9F567: _dl_init (dl-init.c:117)
==5339==    by 0x78ADBB4: _dl_catch_exception (dl-error-skeleton.c:182)
==5339==    by 0x6BA6FF5: dl_open_worker (dl-open.c:808)
==5339==    by 0x6BA6FF5: dl_open_worker (dl-open.c:771)
==5339==    by 0x78ADB57: _dl_catch_exception (dl-error-skeleton.c:208)
==5339==    by 0x6BA734D: _dl_open (dl-open.c:883)
==5339==    by 0x77C95FB: dlopen_doit (dlopen.c:56)
==5339==    by 0x78ADB57: _dl_catch_exception (dl-error-skeleton.c:208)
==5339== 
==5339== 12 bytes in 1 blocks are possibly lost in loss record 147 of 425
==5339==    at 0x73E1899: malloc (in /mnt/c/Users/guido/ghq/projects/rustdom/.tools/valgrind/usr/libexec/valgrind/vgpreload_memcheck-amd64-linux.so)
==5339==    by 0x232478C2: _RNvXs0_NvMs_NtNtCs6i54tJFfzR_5alloc3ffi5c_strNtBa_7CString3newReNtB5_11SpecNewImpl13spec_new_impl (in /home/guido/rustdom-selection-validation-cQnQbx/dist/rustdom.node)
==5339==    by 0x231F177F: _RNvMs2_NtNtCs4QMHp0v7l6B_4napi9js_values15object_propertyNtB5_8Property14with_utf8_name (in /home/guido/rustdom-selection-validation-cQnQbx/dist/rustdom.node)
==5339==    by 0x231AE552: _RNvNvNvNvNtNtNtCs3Ir8cfnU9oH_7rustdom3dom21range_extract_binding40___napi_impl_helper_NativeRangeExtract_1044___napi_register__NativeRangeExtract_impl_1931__18___CTOR_PRIVATE_REF14___ctor_private (in /home/guido/rustdom-selection-validation-cQnQbx/dist/rustdom.node)
==5339==    by 0x6B9F47D: call_init.part.0 (dl-init.c:70)
==5339==    by 0x6B9F567: call_init (dl-init.c:33)
==5339==    by 0x6B9F567: _dl_init (dl-init.c:117)
==5339==    by 0x78ADBB4: _dl_catch_exception (dl-error-skeleton.c:182)
==5339==    by 0x6BA6FF5: dl_open_worker (dl-open.c:808)
==5339==    by 0x6BA6FF5: dl_open_worker (dl-open.c:771)
==5339==    by 0x78ADB57: _dl_catch_exception (dl-error-skeleton.c:208)
==5339==    by 0x6BA734D: _dl_open (dl-open.c:883)
==5339==    by 0x77C95FB: dlopen_doit (dlopen.c:56)
==5339==    by 0x78ADB57: _dl_catch_exception (dl-error-skeleton.c:208)
==5339== 
==5339== 12 bytes in 1 blocks are possibly lost in loss record 148 of 425
==5339==    at 0x73E1899: malloc (in /mnt/c/Users/guido/ghq/projects/rustdom/.tools/valgrind/usr/libexec/valgrind/vgpreload_memcheck-amd64-linux.so)
==5339==    by 0x232478C2: _RNvXs0_NvMs_NtNtCs6i54tJFfzR_5alloc3ffi5c_strNtBa_7CString3newReNtB5_11SpecNewImpl13spec_new_impl (in /home/guido/rustdom-selection-validation-cQnQbx/dist/rustdom.node)
==5339==    by 0x231F177F: _RNvMs2_NtNtCs4QMHp0v7l6B_4napi9js_values15object_propertyNtB5_8Property14with_utf8_name (in /home/guido/rustdom-selection-validation-cQnQbx/dist/rustdom.node)
==5339==    by 0x231AED1A: _RNvNvNvNvNtNtNtCs3Ir8cfnU9oH_7rustdom3dom23event_listeners_binding43___napi_impl_helper_NativeListenerRegistry_347___napi_register__NativeListenerRegistry_impl_691__18___CTOR_PRIVATE_REF14___ctor_private (in /home/guido/rustdom-selection-validation-cQnQbx/dist/rustdom.node)
==5339==    by 0x6B9F47D: call_init.part.0 (dl-init.c:70)
==5339==    by 0x6B9F567: call_init (dl-init.c:33)
==5339==    by 0x6B9F567: _dl_init (dl-init.c:117)
==5339==    by 0x78ADBB4: _dl_catch_exception (dl-error-skeleton.c:182)
==5339==    by 0x6BA6FF5: dl_open_worker (dl-open.c:808)
==5339==    by 0x6BA6FF5: dl_open_worker (dl-open.c:771)
==5339==    by 0x78ADB57: _dl_catch_exception (dl-error-skeleton.c:208)
==5339==    by 0x6BA734D: _dl_open (dl-open.c:883)
==5339==    by 0x77C95FB: dlopen_doit (dlopen.c:56)
==5339==    by 0x78ADB57: _dl_catch_exception (dl-error-skeleton.c:208)
==5339== 
==5339== 12 bytes in 1 blocks are possibly lost in loss record 149 of 425
==5339==    at 0x73E1899: malloc (in /mnt/c/Users/guido/ghq/projects/rustdom/.tools/valgrind/usr/libexec/valgrind/vgpreload_memcheck-amd64-linux.so)
==5339==    by 0x232478C2: _RNvXs0_NvMs_NtNtCs6i54tJFfzR_5alloc3ffi5c_strNtBa_7CString3newReNtB5_11SpecNewImpl13spec_new_impl (in /home/guido/rustdom-selection-validation-cQnQbx/dist/rustdom.node)
==5339==    by 0x231F177F: _RNvMs2_NtNtCs4QMHp0v7l6B_4napi9js_values15object_propertyNtB5_8Property14with_utf8_name (in /home/guido/rustdom-selection-validation-cQnQbx/dist/rustdom.node)
==5339==    by 0x231AEE21: _RNvNvNvNvNtNtNtCs3Ir8cfnU9oH_7rustdom3dom23event_listeners_binding43___napi_impl_helper_NativeListenerRegistry_347___napi_register__NativeListenerRegistry_impl_691__18___CTOR_PRIVATE_REF14___ctor_private (in /home/guido/rustdom-selection-validation-cQnQbx/dist/rustdom.node)
==5339==    by 0x6B9F47D: call_init.part.0 (dl-init.c:70)
==5339==    by 0x6B9F567: call_init (dl-init.c:33)
==5339==    by 0x6B9F567: _dl_init (dl-init.c:117)
==5339==    by 0x78ADBB4: _dl_catch_exception (dl-error-skeleton.c:182)
==5339==    by 0x6BA6FF5: dl_open_worker (dl-open.c:808)
==5339==    by 0x6BA6FF5: dl_open_worker (dl-open.c:771)
==5339==    by 0x78ADB57: _dl_catch_exception (dl-error-skeleton.c:208)
==5339==    by 0x6BA734D: _dl_open (dl-open.c:883)
==5339==    by 0x77C95FB: dlopen_doit (dlopen.c:56)
==5339==    by 0x78ADB57: _dl_catch_exception (dl-error-skeleton.c:208)
==5339== 
==5339== 12 bytes in 1 blocks are possibly lost in loss record 150 of 425
==5339==    at 0x73E1899: malloc (in /mnt/c/Users/guido/ghq/projects/rustdom/.tools/valgrind/usr/libexec/valgrind/vgpreload_memcheck-amd64-linux.so)
==5339==    by 0x232478C2: _RNvXs0_NvMs_NtNtCs6i54tJFfzR_5alloc3ffi5c_strNtBa_7CString3newReNtB5_11SpecNewImpl13spec_new_impl (in /home/guido/rustdom-selection-validation-cQnQbx/dist/rustdom.node)
==5339==    by 0x231F177F: _RNvMs2_NtNtCs4QMHp0v7l6B_4napi9js_values15object_propertyNtB5_8Property14with_utf8_name (in /home/guido/rustdom-selection-validation-cQnQbx/dist/rustdom.node)
==5339==    by 0x231B06F5: _RNvNvNvNvNtNtNtCs3Ir8cfnU9oH_7rustdom3dom23mutation_record_binding41___napi_impl_helper_NativeMutationRecord_746___napi_register__NativeMutationRecord_impl_1591__18___CTOR_PRIVATE_REF14___ctor_private (in /home/guido/rustdom-selection-validation-cQnQbx/dist/rustdom.node)
==5339==    by 0x6B9F47D: call_init.part.0 (dl-init.c:70)
==5339==    by 0x6B9F567: call_init (dl-init.c:33)
==5339==    by 0x6B9F567: _dl_init (dl-init.c:117)
==5339==    by 0x78ADBB4: _dl_catch_exception (dl-error-skeleton.c:182)
==5339==    by 0x6BA6FF5: dl_open_worker (dl-open.c:808)
==5339==    by 0x6BA6FF5: dl_open_worker (dl-open.c:771)
==5339==    by 0x78ADB57: _dl_catch_exception (dl-error-skeleton.c:208)
==5339==    by 0x6BA734D: _dl_open (dl-open.c:883)
==5339==    by 0x77C95FB: dlopen_doit (dlopen.c:56)
==5339==    by 0x78ADB57: _dl_catch_exception (dl-error-skeleton.c:208)
==5339== 
==5339== 12 bytes in 1 blocks are possibly lost in loss record 151 of 425
==5339==    at 0x73E1899: malloc (in /mnt/c/Users/guido/ghq/projects/rustdom/.tools/valgrind/usr/libexec/valgrind/vgpreload_memcheck-amd64-linux.so)
==5339==    by 0x232478C2: _RNvXs0_NvMs_NtNtCs6i54tJFfzR_5alloc3ffi5c_strNtBa_7CString3newReNtB5_11SpecNewImpl13spec_new_impl (in /home/guido/rustdom-selection-validation-cQnQbx/dist/rustdom.node)
==5339==    by 0x231F177F: _RNvMs2_NtNtCs4QMHp0v7l6B_4napi9js_values15object_propertyNtB5_8Property14with_utf8_name (in /home/guido/rustdom-selection-validation-cQnQbx/dist/rustdom.node)
==5339==    by 0x231B0912: _RNvNvNvNvNtNtNtCs3Ir8cfnU9oH_7rustdom3dom23mutation_record_binding41___napi_impl_helper_NativeMutationRecord_746___napi_register__NativeMutationRecord_impl_1591__18___CTOR_PRIVATE_REF14___ctor_private (in /home/guido/rustdom-selection-validation-cQnQbx/dist/rustdom.node)
==5339==    by 0x6B9F47D: call_init.part.0 (dl-init.c:70)
==5339==    by 0x6B9F567: call_init (dl-init.c:33)
==5339==    by 0x6B9F567: _dl_init (dl-init.c:117)
==5339==    by 0x78ADBB4: _dl_catch_exception (dl-error-skeleton.c:182)
==5339==    by 0x6BA6FF5: dl_open_worker (dl-open.c:808)
==5339==    by 0x6BA6FF5: dl_open_worker (dl-open.c:771)
==5339==    by 0x78ADB57: _dl_catch_exception (dl-error-skeleton.c:208)
==5339==    by 0x6BA734D: _dl_open (dl-open.c:883)
==5339==    by 0x77C95FB: dlopen_doit (dlopen.c:56)
==5339==    by 0x78ADB57: _dl_catch_exception (dl-error-skeleton.c:208)
==5339== 
==5339== 12 bytes in 1 blocks are possibly lost in loss record 152 of 425
==5339==    at 0x73E1899: malloc (in /mnt/c/Users/guido/ghq/projects/rustdom/.tools/valgrind/usr/libexec/valgrind/vgpreload_memcheck-amd64-linux.so)
==5339==    by 0x232478C2: _RNvXs0_NvMs_NtNtCs6i54tJFfzR_5alloc3ffi5c_strNtBa_7CString3newReNtB5_11SpecNewImpl13spec_new_impl (in /home/guido/rustdom-selection-validation-cQnQbx/dist/rustdom.node)
==5339==    by 0x231F177F: _RNvMs2_NtNtCs4QMHp0v7l6B_4napi9js_values15object_propertyNtB5_8Property14with_utf8_name (in /home/guido/rustdom-selection-validation-cQnQbx/dist/rustdom.node)
==5339==    by 0x231B1DC2: _RNvNvNvNvNtNtNtCs3Ir8cfnU9oH_7rustdom3dom23slot_assignment_binding48___napi_impl_helper_NativeSlotAssignmentDriver_1352___napi_register__NativeSlotAssignmentDriver_impl_2471__18___CTOR_PRIVATE_REF14___ctor_private (in /home/guido/rustdom-selection-validation-cQnQbx/dist/rustdom.node)
==5339==    by 0x6B9F47D: call_init.part.0 (dl-init.c:70)
==5339==    by 0x6B9F567: call_init (dl-init.c:33)
==5339==    by 0x6B9F567: _dl_init (dl-init.c:117)
==5339==    by 0x78ADBB4: _dl_catch_exception (dl-error-skeleton.c:182)
==5339==    by 0x6BA6FF5: dl_open_worker (dl-open.c:808)
==5339==    by 0x6BA6FF5: dl_open_worker (dl-open.c:771)
==5339==    by 0x78ADB57: _dl_catch_exception (dl-error-skeleton.c:208)
==5339==    by 0x6BA734D: _dl_open (dl-open.c:883)
==5339==    by 0x77C95FB: dlopen_doit (dlopen.c:56)
==5339==    by 0x78ADB57: _dl_catch_exception (dl-error-skeleton.c:208)
==5339== 
==5339== 12 bytes in 1 blocks are possibly lost in loss record 153 of 425
==5339==    at 0x73E1899: malloc (in /mnt/c/Users/guido/ghq/projects/rustdom/.tools/valgrind/usr/libexec/valgrind/vgpreload_memcheck-amd64-linux.so)
==5339==    by 0x232478C2: _RNvXs0_NvMs_NtNtCs6i54tJFfzR_5alloc3ffi5c_strNtBa_7CString3newReNtB5_11SpecNewImpl13spec_new_impl (in /home/guido/rustdom-selection-validation-cQnQbx/dist/rustdom.node)
==5339==    by 0x231F177F: _RNvMs2_NtNtCs4QMHp0v7l6B_4napi9js_values15object_propertyNtB5_8Property14with_utf8_name (in /home/guido/rustdom-selection-validation-cQnQbx/dist/rustdom.node)
==5339==    by 0x231B2681: _RNvNvNvNvNtNtNtCs3Ir8cfnU9oH_7rustdom3dom25observer_delivery_binding43___napi_impl_helper_NativeObserverDelivery_848___napi_register__NativeObserverDelivery_impl_1721__18___CTOR_PRIVATE_REF14___ctor_private (in /home/guido/rustdom-selection-validation-cQnQbx/dist/rustdom.node)
==5339==    by 0x6B9F47D: call_init.part.0 (dl-init.c:70)
==5339==    by 0x6B9F567: call_init (dl-init.c:33)
==5339==    by 0x6B9F567: _dl_init (dl-init.c:117)
==5339==    by 0x78ADBB4: _dl_catch_exception (dl-error-skeleton.c:182)
==5339==    by 0x6BA6FF5: dl_open_worker (dl-open.c:808)
==5339==    by 0x6BA6FF5: dl_open_worker (dl-open.c:771)
==5339==    by 0x78ADB57: _dl_catch_exception (dl-error-skeleton.c:208)
==5339==    by 0x6BA734D: _dl_open (dl-open.c:883)
==5339==    by 0x77C95FB: dlopen_doit (dlopen.c:56)
==5339==    by 0x78ADB57: _dl_catch_exception (dl-error-skeleton.c:208)
==5339== 
==5339== 12 bytes in 1 blocks are possibly lost in loss record 154 of 425
==5339==    at 0x73E1899: malloc (in /mnt/c/Users/guido/ghq/projects/rustdom/.tools/valgrind/usr/libexec/valgrind/vgpreload_memcheck-amd64-linux.so)
==5339==    by 0x232478C2: _RNvXs0_NvMs_NtNtCs6i54tJFfzR_5alloc3ffi5c_strNtBa_7CString3newReNtB5_11SpecNewImpl13spec_new_impl (in /home/guido/rustdom-selection-validation-cQnQbx/dist/rustdom.node)
==5339==    by 0x231F177F: _RNvMs2_NtNtCs4QMHp0v7l6B_4napi9js_values15object_propertyNtB5_8Property14with_utf8_name (in /home/guido/rustdom-selection-validation-cQnQbx/dist/rustdom.node)
==5339==    by 0x23188F10: _RNvNvNtNtNtCs3Ir8cfnU9oH_7rustdom3dom4tree32___napi_impl_helper_NativeTree_1736___napi_register__NativeTree_impl_44320___ctor_private_inner (in /home/guido/rustdom-selection-validation-cQnQbx/dist/rustdom.node)
==5339==    by 0x231B5535: _RNvNvNvNvNtNtNtCs3Ir8cfnU9oH_7rustdom3dom4tree32___napi_impl_helper_NativeTree_1736___napi_register__NativeTree_impl_4431__18___CTOR_PRIVATE_REF14___ctor_private (in /home/guido/rustdom-selection-validation-cQnQbx/dist/rustdom.node)
==5339==    by 0x6B9F47D: call_init.part.0 (dl-init.c:70)
==5339==    by 0x6B9F567: call_init (dl-init.c:33)
==5339==    by 0x6B9F567: _dl_init (dl-init.c:117)
==5339==    by 0x78ADBB4: _dl_catch_exception (dl-error-skeleton.c:182)
==5339==    by 0x6BA6FF5: dl_open_worker (dl-open.c:808)
==5339==    by 0x6BA6FF5: dl_open_worker (dl-open.c:771)
==5339==    by 0x78ADB57: _dl_catch_exception (dl-error-skeleton.c:208)
==5339==    by 0x6BA734D: _dl_open (dl-open.c:883)
==5339==    by 0x77C95FB: dlopen_doit (dlopen.c:56)
==5339== 
==5339== 12 bytes in 1 blocks are possibly lost in loss record 155 of 425
==5339==    at 0x73E1899: malloc (in /mnt/c/Users/guido/ghq/projects/rustdom/.tools/valgrind/usr/libexec/valgrind/vgpreload_memcheck-amd64-linux.so)
==5339==    by 0x232478C2: _RNvXs0_NvMs_NtNtCs6i54tJFfzR_5alloc3ffi5c_strNtBa_7CString3newReNtB5_11SpecNewImpl13spec_new_impl (in /home/guido/rustdom-selection-validation-cQnQbx/dist/rustdom.node)
==5339==    by 0x231F177F: _RNvMs2_NtNtCs4QMHp0v7l6B_4napi9js_values15object_propertyNtB5_8Property14with_utf8_name (in /home/guido/rustdom-selection-validation-cQnQbx/dist/rustdom.node)
==5339==    by 0x23189F70: _RNvNvNtNtNtCs3Ir8cfnU9oH_7rustdom3dom4tree32___napi_impl_helper_NativeTree_1736___napi_register__NativeTree_impl_44320___ctor_private_inner (in /home/guido/rustdom-selection-validation-cQnQbx/dist/rustdom.node)
==5339==    by 0x231B5535: _RNvNvNvNvNtNtNtCs3Ir8cfnU9oH_7rustdom3dom4tree32___napi_impl_helper_NativeTree_1736___napi_register__NativeTree_impl_4431__18___CTOR_PRIVATE_REF14___ctor_private (in /home/guido/rustdom-selection-validation-cQnQbx/dist/rustdom.node)
==5339==    by 0x6B9F47D: call_init.part.0 (dl-init.c:70)
==5339==    by 0x6B9F567: call_init (dl-init.c:33)
==5339==    by 0x6B9F567: _dl_init (dl-init.c:117)
==5339==    by 0x78ADBB4: _dl_catch_exception (dl-error-skeleton.c:182)
==5339==    by 0x6BA6FF5: dl_open_worker (dl-open.c:808)
==5339==    by 0x6BA6FF5: dl_open_worker (dl-open.c:771)
==5339==    by 0x78ADB57: _dl_catch_exception (dl-error-skeleton.c:208)
==5339==    by 0x6BA734D: _dl_open (dl-open.c:883)
==5339==    by 0x77C95FB: dlopen_doit (dlopen.c:56)
==5339== 
==5339== 12 bytes in 1 blocks are possibly lost in loss record 156 of 425
==5339==    at 0x73E1899: malloc (in /mnt/c/Users/guido/ghq/projects/rustdom/.tools/valgrind/usr/libexec/valgrind/vgpreload_memcheck-amd64-linux.so)
==5339==    by 0x232478C2: _RNvXs0_NvMs_NtNtCs6i54tJFfzR_5alloc3ffi5c_strNtBa_7CString3newReNtB5_11SpecNewImpl13spec_new_impl (in /home/guido/rustdom-selection-validation-cQnQbx/dist/rustdom.node)
==5339==    by 0x231F177F: _RNvMs2_NtNtCs4QMHp0v7l6B_4napi9js_values15object_propertyNtB5_8Property14with_utf8_name (in /home/guido/rustdom-selection-validation-cQnQbx/dist/rustdom.node)
==5339==    by 0x2318A293: _RNvNvNtNtNtCs3Ir8cfnU9oH_7rustdom3dom4tree32___napi_impl_helper_NativeTree_1736___napi_register__NativeTree_impl_44320___ctor_private_inner (in /home/guido/rustdom-selection-validation-cQnQbx/dist/rustdom.node)
==5339==    by 0x231B5535: _RNvNvNvNvNtNtNtCs3Ir8cfnU9oH_7rustdom3dom4tree32___napi_impl_helper_NativeTree_1736___napi_register__NativeTree_impl_4431__18___CTOR_PRIVATE_REF14___ctor_private (in /home/guido/rustdom-selection-validation-cQnQbx/dist/rustdom.node)
==5339==    by 0x6B9F47D: call_init.part.0 (dl-init.c:70)
==5339==    by 0x6B9F567: call_init (dl-init.c:33)
==5339==    by 0x6B9F567: _dl_init (dl-init.c:117)
==5339==    by 0x78ADBB4: _dl_catch_exception (dl-error-skeleton.c:182)
==5339==    by 0x6BA6FF5: dl_open_worker (dl-open.c:808)
==5339==    by 0x6BA6FF5: dl_open_worker (dl-open.c:771)
==5339==    by 0x78ADB57: _dl_catch_exception (dl-error-skeleton.c:208)
==5339==    by 0x6BA734D: _dl_open (dl-open.c:883)
==5339==    by 0x77C95FB: dlopen_doit (dlopen.c:56)
==5339== 
==5339== 12 bytes in 1 blocks are possibly lost in loss record 157 of 425
==5339==    at 0x73E1899: malloc (in /mnt/c/Users/guido/ghq/projects/rustdom/.tools/valgrind/usr/libexec/valgrind/vgpreload_memcheck-amd64-linux.so)
==5339==    by 0x232478C2: _RNvXs0_NvMs_NtNtCs6i54tJFfzR_5alloc3ffi5c_strNtBa_7CString3newReNtB5_11SpecNewImpl13spec_new_impl (in /home/guido/rustdom-selection-validation-cQnQbx/dist/rustdom.node)
==5339==    by 0x231F177F: _RNvMs2_NtNtCs4QMHp0v7l6B_4napi9js_values15object_propertyNtB5_8Property14with_utf8_name (in /home/guido/rustdom-selection-validation-cQnQbx/dist/rustdom.node)
==5339==    by 0x2318A7B1: _RNvNvNtNtNtCs3Ir8cfnU9oH_7rustdom3dom4tree32___napi_impl_helper_NativeTree_1736___napi_register__NativeTree_impl_44320___ctor_private_inner (in /home/guido/rustdom-selection-validation-cQnQbx/dist/rustdom.node)
==5339==    by 0x231B5535: _RNvNvNvNvNtNtNtCs3Ir8cfnU9oH_7rustdom3dom4tree32___napi_impl_helper_NativeTree_1736___napi_register__NativeTree_impl_4431__18___CTOR_PRIVATE_REF14___ctor_private (in /home/guido/rustdom-selection-validation-cQnQbx/dist/rustdom.node)
==5339==    by 0x6B9F47D: call_init.part.0 (dl-init.c:70)
==5339==    by 0x6B9F567: call_init (dl-init.c:33)
==5339==    by 0x6B9F567: _dl_init (dl-init.c:117)
==5339==    by 0x78ADBB4: _dl_catch_exception (dl-error-skeleton.c:182)
==5339==    by 0x6BA6FF5: dl_open_worker (dl-open.c:808)
==5339==    by 0x6BA6FF5: dl_open_worker (dl-open.c:771)
==5339==    by 0x78ADB57: _dl_catch_exception (dl-error-skeleton.c:208)
==5339==    by 0x6BA734D: _dl_open (dl-open.c:883)
==5339==    by 0x77C95FB: dlopen_doit (dlopen.c:56)
==5339== 
==5339== 12 bytes in 1 blocks are possibly lost in loss record 158 of 425
==5339==    at 0x73E1899: malloc (in /mnt/c/Users/guido/ghq/projects/rustdom/.tools/valgrind/usr/libexec/valgrind/vgpreload_memcheck-amd64-linux.so)
==5339==    by 0x232478C2: _RNvXs0_NvMs_NtNtCs6i54tJFfzR_5alloc3ffi5c_strNtBa_7CString3newReNtB5_11SpecNewImpl13spec_new_impl (in /home/guido/rustdom-selection-validation-cQnQbx/dist/rustdom.node)
==5339==    by 0x231F177F: _RNvMs2_NtNtCs4QMHp0v7l6B_4napi9js_values15object_propertyNtB5_8Property14with_utf8_name (in /home/guido/rustdom-selection-validation-cQnQbx/dist/rustdom.node)
==5339==    by 0x2318AAC3: _RNvNvNtNtNtCs3Ir8cfnU9oH_7rustdom3dom4tree32___napi_impl_helper_NativeTree_1736___napi_register__NativeTree_impl_44320___ctor_private_inner (in /home/guido/rustdom-selection-validation-cQnQbx/dist/rustdom.node)
==5339==    by 0x231B5535: _RNvNvNvNvNtNtNtCs3Ir8cfnU9oH_7rustdom3dom4tree32___napi_impl_helper_NativeTree_1736___napi_register__NativeTree_impl_4431__18___CTOR_PRIVATE_REF14___ctor_private (in /home/guido/rustdom-selection-validation-cQnQbx/dist/rustdom.node)
==5339==    by 0x6B9F47D: call_init.part.0 (dl-init.c:70)
==5339==    by 0x6B9F567: call_init (dl-init.c:33)
==5339==    by 0x6B9F567: _dl_init (dl-init.c:117)
==5339==    by 0x78ADBB4: _dl_catch_exception (dl-error-skeleton.c:182)
==5339==    by 0x6BA6FF5: dl_open_worker (dl-open.c:808)
==5339==    by 0x6BA6FF5: dl_open_worker (dl-open.c:771)
==5339==    by 0x78ADB57: _dl_catch_exception (dl-error-skeleton.c:208)
==5339==    by 0x6BA734D: _dl_open (dl-open.c:883)
==5339==    by 0x77C95FB: dlopen_doit (dlopen.c:56)
==5339== 
==5339== 12 bytes in 1 blocks are possibly lost in loss record 159 of 425
==5339==    at 0x73E1899: malloc (in /mnt/c/Users/guido/ghq/projects/rustdom/.tools/valgrind/usr/libexec/valgrind/vgpreload_memcheck-amd64-linux.so)
==5339==    by 0x232478C2: _RNvXs0_NvMs_NtNtCs6i54tJFfzR_5alloc3ffi5c_strNtBa_7CString3newReNtB5_11SpecNewImpl13spec_new_impl (in /home/guido/rustdom-selection-validation-cQnQbx/dist/rustdom.node)
==5339==    by 0x231F177F: _RNvMs2_NtNtCs4QMHp0v7l6B_4napi9js_values15object_propertyNtB5_8Property14with_utf8_name (in /home/guido/rustdom-selection-validation-cQnQbx/dist/rustdom.node)
==5339==    by 0x2318B70B: _RNvNvNtNtNtCs3Ir8cfnU9oH_7rustdom3dom4tree32___napi_impl_helper_NativeTree_1736___napi_register__NativeTree_impl_44320___ctor_private_inner (in /home/guido/rustdom-selection-validation-cQnQbx/dist/rustdom.node)
==5339==    by 0x231B5535: _RNvNvNvNvNtNtNtCs3Ir8cfnU9oH_7rustdom3dom4tree32___napi_impl_helper_NativeTree_1736___napi_register__NativeTree_impl_4431__18___CTOR_PRIVATE_REF14___ctor_private (in /home/guido/rustdom-selection-validation-cQnQbx/dist/rustdom.node)
==5339==    by 0x6B9F47D: call_init.part.0 (dl-init.c:70)
==5339==    by 0x6B9F567: call_init (dl-init.c:33)
==5339==    by 0x6B9F567: _dl_init (dl-init.c:117)
==5339==    by 0x78ADBB4: _dl_catch_exception (dl-error-skeleton.c:182)
==5339==    by 0x6BA6FF5: dl_open_worker (dl-open.c:808)
==5339==    by 0x6BA6FF5: dl_open_worker (dl-open.c:771)
==5339==    by 0x78ADB57: _dl_catch_exception (dl-error-skeleton.c:208)
==5339==    by 0x6BA734D: _dl_open (dl-open.c:883)
==5339==    by 0x77C95FB: dlopen_doit (dlopen.c:56)
==5339== 
==5339== 12 bytes in 1 blocks are possibly lost in loss record 160 of 425
==5339==    at 0x73E1899: malloc (in /mnt/c/Users/guido/ghq/projects/rustdom/.tools/valgrind/usr/libexec/valgrind/vgpreload_memcheck-amd64-linux.so)
==5339==    by 0x232478C2: _RNvXs0_NvMs_NtNtCs6i54tJFfzR_5alloc3ffi5c_strNtBa_7CString3newReNtB5_11SpecNewImpl13spec_new_impl (in /home/guido/rustdom-selection-validation-cQnQbx/dist/rustdom.node)
==5339==    by 0x231F177F: _RNvMs2_NtNtCs4QMHp0v7l6B_4napi9js_values15object_propertyNtB5_8Property14with_utf8_name (in /home/guido/rustdom-selection-validation-cQnQbx/dist/rustdom.node)
==5339==    by 0x2318BB23: _RNvNvNtNtNtCs3Ir8cfnU9oH_7rustdom3dom4tree32___napi_impl_helper_NativeTree_1736___napi_register__NativeTree_impl_44320___ctor_private_inner (in /home/guido/rustdom-selection-validation-cQnQbx/dist/rustdom.node)
==5339==    by 0x231B5535: _RNvNvNvNvNtNtNtCs3Ir8cfnU9oH_7rustdom3dom4tree32___napi_impl_helper_NativeTree_1736___napi_register__NativeTree_impl_4431__18___CTOR_PRIVATE_REF14___ctor_private (in /home/guido/rustdom-selection-validation-cQnQbx/dist/rustdom.node)
==5339==    by 0x6B9F47D: call_init.part.0 (dl-init.c:70)
==5339==    by 0x6B9F567: call_init (dl-init.c:33)
==5339==    by 0x6B9F567: _dl_init (dl-init.c:117)
==5339==    by 0x78ADBB4: _dl_catch_exception (dl-error-skeleton.c:182)
==5339==    by 0x6BA6FF5: dl_open_worker (dl-open.c:808)
==5339==    by 0x6BA6FF5: dl_open_worker (dl-open.c:771)
==5339==    by 0x78ADB57: _dl_catch_exception (dl-error-skeleton.c:208)
==5339==    by 0x6BA734D: _dl_open (dl-open.c:883)
==5339==    by 0x77C95FB: dlopen_doit (dlopen.c:56)
==5339== 
==5339== 12 bytes in 1 blocks are possibly lost in loss record 161 of 425
==5339==    at 0x73E1899: malloc (in /mnt/c/Users/guido/ghq/projects/rustdom/.tools/valgrind/usr/libexec/valgrind/vgpreload_memcheck-amd64-linux.so)
==5339==    by 0x232478C2: _RNvXs0_NvMs_NtNtCs6i54tJFfzR_5alloc3ffi5c_strNtBa_7CString3newReNtB5_11SpecNewImpl13spec_new_impl (in /home/guido/rustdom-selection-validation-cQnQbx/dist/rustdom.node)
==5339==    by 0x231F177F: _RNvMs2_NtNtCs4QMHp0v7l6B_4napi9js_values15object_propertyNtB5_8Property14with_utf8_name (in /home/guido/rustdom-selection-validation-cQnQbx/dist/rustdom.node)
==5339==    by 0x2318F991: _RNvNvNtNtNtCs3Ir8cfnU9oH_7rustdom3dom4tree32___napi_impl_helper_NativeTree_1736___napi_register__NativeTree_impl_44320___ctor_private_inner (in /home/guido/rustdom-selection-validation-cQnQbx/dist/rustdom.node)
==5339==    by 0x231B5535: _RNvNvNvNvNtNtNtCs3Ir8cfnU9oH_7rustdom3dom4tree32___napi_impl_helper_NativeTree_1736___napi_register__NativeTree_impl_4431__18___CTOR_PRIVATE_REF14___ctor_private (in /home/guido/rustdom-selection-validation-cQnQbx/dist/rustdom.node)
==5339==    by 0x6B9F47D: call_init.part.0 (dl-init.c:70)
==5339==    by 0x6B9F567: call_init (dl-init.c:33)
==5339==    by 0x6B9F567: _dl_init (dl-init.c:117)
==5339==    by 0x78ADBB4: _dl_catch_exception (dl-error-skeleton.c:182)
==5339==    by 0x6BA6FF5: dl_open_worker (dl-open.c:808)
==5339==    by 0x6BA6FF5: dl_open_worker (dl-open.c:771)
==5339==    by 0x78ADB57: _dl_catch_exception (dl-error-skeleton.c:208)
==5339==    by 0x6BA734D: _dl_open (dl-open.c:883)
==5339==    by 0x77C95FB: dlopen_doit (dlopen.c:56)
==5339== 
==5339== 12 bytes in 1 blocks are possibly lost in loss record 162 of 425
==5339==    at 0x73E1899: malloc (in /mnt/c/Users/guido/ghq/projects/rustdom/.tools/valgrind/usr/libexec/valgrind/vgpreload_memcheck-amd64-linux.so)
==5339==    by 0x232478C2: _RNvXs0_NvMs_NtNtCs6i54tJFfzR_5alloc3ffi5c_strNtBa_7CString3newReNtB5_11SpecNewImpl13spec_new_impl (in /home/guido/rustdom-selection-validation-cQnQbx/dist/rustdom.node)
==5339==    by 0x231F177F: _RNvMs2_NtNtCs4QMHp0v7l6B_4napi9js_values15object_propertyNtB5_8Property14with_utf8_name (in /home/guido/rustdom-selection-validation-cQnQbx/dist/rustdom.node)
==5339==    by 0x23190D03: _RNvNvNtNtNtCs3Ir8cfnU9oH_7rustdom3dom4tree32___napi_impl_helper_NativeTree_1736___napi_register__NativeTree_impl_44320___ctor_private_inner (in /home/guido/rustdom-selection-validation-cQnQbx/dist/rustdom.node)
==5339==    by 0x231B5535: _RNvNvNvNvNtNtNtCs3Ir8cfnU9oH_7rustdom3dom4tree32___napi_impl_helper_NativeTree_1736___napi_register__NativeTree_impl_4431__18___CTOR_PRIVATE_REF14___ctor_private (in /home/guido/rustdom-selection-validation-cQnQbx/dist/rustdom.node)
==5339==    by 0x6B9F47D: call_init.part.0 (dl-init.c:70)
==5339==    by 0x6B9F567: call_init (dl-init.c:33)
==5339==    by 0x6B9F567: _dl_init (dl-init.c:117)
==5339==    by 0x78ADBB4: _dl_catch_exception (dl-error-skeleton.c:182)
==5339==    by 0x6BA6FF5: dl_open_worker (dl-open.c:808)
==5339==    by 0x6BA6FF5: dl_open_worker (dl-open.c:771)
==5339==    by 0x78ADB57: _dl_catch_exception (dl-error-skeleton.c:208)
==5339==    by 0x6BA734D: _dl_open (dl-open.c:883)
==5339==    by 0x77C95FB: dlopen_doit (dlopen.c:56)
==5339== 
==5339== 12 bytes in 1 blocks are possibly lost in loss record 163 of 425
==5339==    at 0x73E1899: malloc (in /mnt/c/Users/guido/ghq/projects/rustdom/.tools/valgrind/usr/libexec/valgrind/vgpreload_memcheck-amd64-linux.so)
==5339==    by 0x232478C2: _RNvXs0_NvMs_NtNtCs6i54tJFfzR_5alloc3ffi5c_strNtBa_7CString3newReNtB5_11SpecNewImpl13spec_new_impl (in /home/guido/rustdom-selection-validation-cQnQbx/dist/rustdom.node)
==5339==    by 0x231F177F: _RNvMs2_NtNtCs4QMHp0v7l6B_4napi9js_values15object_propertyNtB5_8Property14with_utf8_name (in /home/guido/rustdom-selection-validation-cQnQbx/dist/rustdom.node)
==5339==    by 0x231B5861: _RNvNvNvNvNtNtNtCs3Ir8cfnU9oH_7rustdom3xml7binding37___napi_impl_helper_NativeXmlParser_2241___napi_register__NativeXmlParser_impl_4941__18___CTOR_PRIVATE_REF14___ctor_private (in /home/guido/rustdom-selection-validation-cQnQbx/dist/rustdom.node)
==5339==    by 0x6B9F47D: call_init.part.0 (dl-init.c:70)
==5339==    by 0x6B9F567: call_init (dl-init.c:33)
==5339==    by 0x6B9F567: _dl_init (dl-init.c:117)
==5339==    by 0x78ADBB4: _dl_catch_exception (dl-error-skeleton.c:182)
==5339==    by 0x6BA6FF5: dl_open_worker (dl-open.c:808)
==5339==    by 0x6BA6FF5: dl_open_worker (dl-open.c:771)
==5339==    by 0x78ADB57: _dl_catch_exception (dl-error-skeleton.c:208)
==5339==    by 0x6BA734D: _dl_open (dl-open.c:883)
==5339==    by 0x77C95FB: dlopen_doit (dlopen.c:56)
==5339==    by 0x78ADB57: _dl_catch_exception (dl-error-skeleton.c:208)
==5339== 
==5339== 13 bytes in 1 blocks are possibly lost in loss record 164 of 425
==5339==    at 0x73E1899: malloc (in /mnt/c/Users/guido/ghq/projects/rustdom/.tools/valgrind/usr/libexec/valgrind/vgpreload_memcheck-amd64-linux.so)
==5339==    by 0x232478C2: _RNvXs0_NvMs_NtNtCs6i54tJFfzR_5alloc3ffi5c_strNtBa_7CString3newReNtB5_11SpecNewImpl13spec_new_impl (in /home/guido/rustdom-selection-validation-cQnQbx/dist/rustdom.node)
==5339==    by 0x231F177F: _RNvMs2_NtNtCs4QMHp0v7l6B_4napi9js_values15object_propertyNtB5_8Property14with_utf8_name (in /home/guido/rustdom-selection-validation-cQnQbx/dist/rustdom.node)
==5339==    by 0x2319BCDC: _RNvNvNvNvNtNtNtCs3Ir8cfnU9oH_7rustdom3dom12blob_binding39___napi_impl_helper_NativeBlobMetadata_143___napi_register__NativeBlobMetadata_impl_301__18___CTOR_PRIVATE_REF14___ctor_private (in /home/guido/rustdom-selection-validation-cQnQbx/dist/rustdom.node)
==5339==    by 0x6B9F47D: call_init.part.0 (dl-init.c:70)
==5339==    by 0x6B9F567: call_init (dl-init.c:33)
==5339==    by 0x6B9F567: _dl_init (dl-init.c:117)
==5339==    by 0x78ADBB4: _dl_catch_exception (dl-error-skeleton.c:182)
==5339==    by 0x6BA6FF5: dl_open_worker (dl-open.c:808)
==5339==    by 0x6BA6FF5: dl_open_worker (dl-open.c:771)
==5339==    by 0x78ADB57: _dl_catch_exception (dl-error-skeleton.c:208)
==5339==    by 0x6BA734D: _dl_open (dl-open.c:883)
==5339==    by 0x77C95FB: dlopen_doit (dlopen.c:56)
==5339==    by 0x78ADB57: _dl_catch_exception (dl-error-skeleton.c:208)
==5339== 
==5339== 13 bytes in 1 blocks are possibly lost in loss record 165 of 425
==5339==    at 0x73E1899: malloc (in /mnt/c/Users/guido/ghq/projects/rustdom/.tools/valgrind/usr/libexec/valgrind/vgpreload_memcheck-amd64-linux.so)
==5339==    by 0x232478C2: _RNvXs0_NvMs_NtNtCs6i54tJFfzR_5alloc3ffi5c_strNtBa_7CString3newReNtB5_11SpecNewImpl13spec_new_impl (in /home/guido/rustdom-selection-validation-cQnQbx/dist/rustdom.node)
==5339==    by 0x231F177F: _RNvMs2_NtNtCs4QMHp0v7l6B_4napi9js_values15object_propertyNtB5_8Property14with_utf8_name (in /home/guido/rustdom-selection-validation-cQnQbx/dist/rustdom.node)
==5339==    by 0x231A216A: _RNvNvNvNvNtNtNtCs3Ir8cfnU9oH_7rustdom3dom19abort_state_binding37___napi_impl_helper_NativeAbortState_041___napi_register__NativeAbortState_impl_201__18___CTOR_PRIVATE_REF14___ctor_private (in /home/guido/rustdom-selection-validation-cQnQbx/dist/rustdom.node)
==5339==    by 0x6B9F47D: call_init.part.0 (dl-init.c:70)
==5339==    by 0x6B9F567: call_init (dl-init.c:33)
==5339==    by 0x6B9F567: _dl_init (dl-init.c:117)
==5339==    by 0x78ADBB4: _dl_catch_exception (dl-error-skeleton.c:182)
==5339==    by 0x6BA6FF5: dl_open_worker (dl-open.c:808)
==5339==    by 0x6BA6FF5: dl_open_worker (dl-open.c:771)
==5339==    by 0x78ADB57: _dl_catch_exception (dl-error-skeleton.c:208)
==5339==    by 0x6BA734D: _dl_open (dl-open.c:883)
==5339==    by 0x77C95FB: dlopen_doit (dlopen.c:56)
==5339==    by 0x78ADB57: _dl_catch_exception (dl-error-skeleton.c:208)
==5339== 
==5339== 13 bytes in 1 blocks are possibly lost in loss record 166 of 425
==5339==    at 0x73E1899: malloc (in /mnt/c/Users/guido/ghq/projects/rustdom/.tools/valgrind/usr/libexec/valgrind/vgpreload_memcheck-amd64-linux.so)
==5339==    by 0x232478C2: _RNvXs0_NvMs_NtNtCs6i54tJFfzR_5alloc3ffi5c_strNtBa_7CString3newReNtB5_11SpecNewImpl13spec_new_impl (in /home/guido/rustdom-selection-validation-cQnQbx/dist/rustdom.node)
==5339==    by 0x231F177F: _RNvMs2_NtNtCs4QMHp0v7l6B_4napi9js_values15object_propertyNtB5_8Property14with_utf8_name (in /home/guido/rustdom-selection-validation-cQnQbx/dist/rustdom.node)
==5339==    by 0x231A4ACE: _RNvNvNvNvNtNtNtCs3Ir8cfnU9oH_7rustdom3dom19event_state_binding37___napi_impl_helper_NativeEventState_442___napi_register__NativeEventState_impl_1041__18___CTOR_PRIVATE_REF14___ctor_private (in /home/guido/rustdom-selection-validation-cQnQbx/dist/rustdom.node)
==5339==    by 0x6B9F47D: call_init.part.0 (dl-init.c:70)
==5339==    by 0x6B9F567: call_init (dl-init.c:33)
==5339==    by 0x6B9F567: _dl_init (dl-init.c:117)
==5339==    by 0x78ADBB4: _dl_catch_exception (dl-error-skeleton.c:182)
==5339==    by 0x6BA6FF5: dl_open_worker (dl-open.c:808)
==5339==    by 0x6BA6FF5: dl_open_worker (dl-open.c:771)
==5339==    by 0x78ADB57: _dl_catch_exception (dl-error-skeleton.c:208)
==5339==    by 0x6BA734D: _dl_open (dl-open.c:883)
==5339==    by 0x77C95FB: dlopen_doit (dlopen.c:56)
==5339==    by 0x78ADB57: _dl_catch_exception (dl-error-skeleton.c:208)
==5339== 
==5339== 13 bytes in 1 blocks are possibly lost in loss record 167 of 425
==5339==    at 0x73E1899: malloc (in /mnt/c/Users/guido/ghq/projects/rustdom/.tools/valgrind/usr/libexec/valgrind/vgpreload_memcheck-amd64-linux.so)
==5339==    by 0x232478C2: _RNvXs0_NvMs_NtNtCs6i54tJFfzR_5alloc3ffi5c_strNtBa_7CString3newReNtB5_11SpecNewImpl13spec_new_impl (in /home/guido/rustdom-selection-validation-cQnQbx/dist/rustdom.node)
==5339==    by 0x231F177F: _RNvMs2_NtNtCs4QMHp0v7l6B_4napi9js_values15object_propertyNtB5_8Property14with_utf8_name (in /home/guido/rustdom-selection-validation-cQnQbx/dist/rustdom.node)
==5339==    by 0x231A8F87: _RNvNvNvNvNtNtNtCs3Ir8cfnU9oH_7rustdom3dom19range_state_binding33___napi_impl_helper_NativeRange_1137___napi_register__NativeRange_impl_2221__18___CTOR_PRIVATE_REF14___ctor_private (in /home/guido/rustdom-selection-validation-cQnQbx/dist/rustdom.node)
==5339==    by 0x6B9F47D: call_init.part.0 (dl-init.c:70)
==5339==    by 0x6B9F567: call_init (dl-init.c:33)
==5339==    by 0x6B9F567: _dl_init (dl-init.c:117)
==5339==    by 0x78ADBB4: _dl_catch_exception (dl-error-skeleton.c:182)
==5339==    by 0x6BA6FF5: dl_open_worker (dl-open.c:808)
==5339==    by 0x6BA6FF5: dl_open_worker (dl-open.c:771)
==5339==    by 0x78ADB57: _dl_catch_exception (dl-error-skeleton.c:208)
==5339==    by 0x6BA734D: _dl_open (dl-open.c:883)
==5339==    by 0x77C95FB: dlopen_doit (dlopen.c:56)
==5339==    by 0x78ADB57: _dl_catch_exception (dl-error-skeleton.c:208)
==5339== 
==5339== 13 bytes in 1 blocks are possibly lost in loss record 168 of 425
==5339==    at 0x73E1899: malloc (in /mnt/c/Users/guido/ghq/projects/rustdom/.tools/valgrind/usr/libexec/valgrind/vgpreload_memcheck-amd64-linux.so)
==5339==    by 0x232478C2: _RNvXs0_NvMs_NtNtCs6i54tJFfzR_5alloc3ffi5c_strNtBa_7CString3newReNtB5_11SpecNewImpl13spec_new_impl (in /home/guido/rustdom-selection-validation-cQnQbx/dist/rustdom.node)
==5339==    by 0x231F177F: _RNvMs2_NtNtCs4QMHp0v7l6B_4napi9js_values15object_propertyNtB5_8Property14with_utf8_name (in /home/guido/rustdom-selection-validation-cQnQbx/dist/rustdom.node)
==5339==    by 0x231B0C24: _RNvNvNvNvNtNtNtCs3Ir8cfnU9oH_7rustdom3dom23mutation_record_binding41___napi_impl_helper_NativeMutationRecord_746___napi_register__NativeMutationRecord_impl_1591__18___CTOR_PRIVATE_REF14___ctor_private (in /home/guido/rustdom-selection-validation-cQnQbx/dist/rustdom.node)
==5339==    by 0x6B9F47D: call_init.part.0 (dl-init.c:70)
==5339==    by 0x6B9F567: call_init (dl-init.c:33)
==5339==    by 0x6B9F567: _dl_init (dl-init.c:117)
==5339==    by 0x78ADBB4: _dl_catch_exception (dl-error-skeleton.c:182)
==5339==    by 0x6BA6FF5: dl_open_worker (dl-open.c:808)
==5339==    by 0x6BA6FF5: dl_open_worker (dl-open.c:771)
==5339==    by 0x78ADB57: _dl_catch_exception (dl-error-skeleton.c:208)
==5339==    by 0x6BA734D: _dl_open (dl-open.c:883)
==5339==    by 0x77C95FB: dlopen_doit (dlopen.c:56)
==5339==    by 0x78ADB57: _dl_catch_exception (dl-error-skeleton.c:208)
==5339== 
==5339== 13 bytes in 1 blocks are possibly lost in loss record 169 of 425
==5339==    at 0x73E1899: malloc (in /mnt/c/Users/guido/ghq/projects/rustdom/.tools/valgrind/usr/libexec/valgrind/vgpreload_memcheck-amd64-linux.so)
==5339==    by 0x232478C2: _RNvXs0_NvMs_NtNtCs6i54tJFfzR_5alloc3ffi5c_strNtBa_7CString3newReNtB5_11SpecNewImpl13spec_new_impl (in /home/guido/rustdom-selection-validation-cQnQbx/dist/rustdom.node)
==5339==    by 0x231F177F: _RNvMs2_NtNtCs4QMHp0v7l6B_4napi9js_values15object_propertyNtB5_8Property14with_utf8_name (in /home/guido/rustdom-selection-validation-cQnQbx/dist/rustdom.node)
==5339==    by 0x231B34A7: _RNvNvNvNvNtNtNtCs3Ir8cfnU9oH_7rustdom3dom4tree32___napi_impl_helper_NativeTree_1636___napi_register__NativeTree_impl_3101__18___CTOR_PRIVATE_REF14___ctor_private (in /home/guido/rustdom-selection-validation-cQnQbx/dist/rustdom.node)
==5339==    by 0x6B9F47D: call_init.part.0 (dl-init.c:70)
==5339==    by 0x6B9F567: call_init (dl-init.c:33)
==5339==    by 0x6B9F567: _dl_init (dl-init.c:117)
==5339==    by 0x78ADBB4: _dl_catch_exception (dl-error-skeleton.c:182)
==5339==    by 0x6BA6FF5: dl_open_worker (dl-open.c:808)
==5339==    by 0x6BA6FF5: dl_open_worker (dl-open.c:771)
==5339==    by 0x78ADB57: _dl_catch_exception (dl-error-skeleton.c:208)
==5339==    by 0x6BA734D: _dl_open (dl-open.c:883)
==5339==    by 0x77C95FB: dlopen_doit (dlopen.c:56)
==5339==    by 0x78ADB57: _dl_catch_exception (dl-error-skeleton.c:208)
==5339== 
==5339== 13 bytes in 1 blocks are possibly lost in loss record 170 of 425
==5339==    at 0x73E1899: malloc (in /mnt/c/Users/guido/ghq/projects/rustdom/.tools/valgrind/usr/libexec/valgrind/vgpreload_memcheck-amd64-linux.so)
==5339==    by 0x232478C2: _RNvXs0_NvMs_NtNtCs6i54tJFfzR_5alloc3ffi5c_strNtBa_7CString3newReNtB5_11SpecNewImpl13spec_new_impl (in /home/guido/rustdom-selection-validation-cQnQbx/dist/rustdom.node)
==5339==    by 0x231F177F: _RNvMs2_NtNtCs4QMHp0v7l6B_4napi9js_values15object_propertyNtB5_8Property14with_utf8_name (in /home/guido/rustdom-selection-validation-cQnQbx/dist/rustdom.node)
==5339==    by 0x231B36B3: _RNvNvNvNvNtNtNtCs3Ir8cfnU9oH_7rustdom3dom4tree32___napi_impl_helper_NativeTree_1636___napi_register__NativeTree_impl_3101__18___CTOR_PRIVATE_REF14___ctor_private (in /home/guido/rustdom-selection-validation-cQnQbx/dist/rustdom.node)
==5339==    by 0x6B9F47D: call_init.part.0 (dl-init.c:70)
==5339==    by 0x6B9F567: call_init (dl-init.c:33)
==5339==    by 0x6B9F567: _dl_init (dl-init.c:117)
==5339==    by 0x78ADBB4: _dl_catch_exception (dl-error-skeleton.c:182)
==5339==    by 0x6BA6FF5: dl_open_worker (dl-open.c:808)
==5339==    by 0x6BA6FF5: dl_open_worker (dl-open.c:771)
==5339==    by 0x78ADB57: _dl_catch_exception (dl-error-skeleton.c:208)
==5339==    by 0x6BA734D: _dl_open (dl-open.c:883)
==5339==    by 0x77C95FB: dlopen_doit (dlopen.c:56)
==5339==    by 0x78ADB57: _dl_catch_exception (dl-error-skeleton.c:208)
==5339== 
==5339== 13 bytes in 1 blocks are possibly lost in loss record 171 of 425
==5339==    at 0x73E1899: malloc (in /mnt/c/Users/guido/ghq/projects/rustdom/.tools/valgrind/usr/libexec/valgrind/vgpreload_memcheck-amd64-linux.so)
==5339==    by 0x232478C2: _RNvXs0_NvMs_NtNtCs6i54tJFfzR_5alloc3ffi5c_strNtBa_7CString3newReNtB5_11SpecNewImpl13spec_new_impl (in /home/guido/rustdom-selection-validation-cQnQbx/dist/rustdom.node)
==5339==    by 0x231F177F: _RNvMs2_NtNtCs4QMHp0v7l6B_4napi9js_values15object_propertyNtB5_8Property14with_utf8_name (in /home/guido/rustdom-selection-validation-cQnQbx/dist/rustdom.node)
==5339==    by 0x231B3BD1: _RNvNvNvNvNtNtNtCs3Ir8cfnU9oH_7rustdom3dom4tree32___napi_impl_helper_NativeTree_1636___napi_register__NativeTree_impl_3101__18___CTOR_PRIVATE_REF14___ctor_private (in /home/guido/rustdom-selection-validation-cQnQbx/dist/rustdom.node)
==5339==    by 0x6B9F47D: call_init.part.0 (dl-init.c:70)
==5339==    by 0x6B9F567: call_init (dl-init.c:33)
==5339==    by 0x6B9F567: _dl_init (dl-init.c:117)
==5339==    by 0x78ADBB4: _dl_catch_exception (dl-error-skeleton.c:182)
==5339==    by 0x6BA6FF5: dl_open_worker (dl-open.c:808)
==5339==    by 0x6BA6FF5: dl_open_worker (dl-open.c:771)
==5339==    by 0x78ADB57: _dl_catch_exception (dl-error-skeleton.c:208)
==5339==    by 0x6BA734D: _dl_open (dl-open.c:883)
==5339==    by 0x77C95FB: dlopen_doit (dlopen.c:56)
==5339==    by 0x78ADB57: _dl_catch_exception (dl-error-skeleton.c:208)
==5339== 
==5339== 13 bytes in 1 blocks are possibly lost in loss record 172 of 425
==5339==    at 0x73E1899: malloc (in /mnt/c/Users/guido/ghq/projects/rustdom/.tools/valgrind/usr/libexec/valgrind/vgpreload_memcheck-amd64-linux.so)
==5339==    by 0x232478C2: _RNvXs0_NvMs_NtNtCs6i54tJFfzR_5alloc3ffi5c_strNtBa_7CString3newReNtB5_11SpecNewImpl13spec_new_impl (in /home/guido/rustdom-selection-validation-cQnQbx/dist/rustdom.node)
==5339==    by 0x231F177F: _RNvMs2_NtNtCs4QMHp0v7l6B_4napi9js_values15object_propertyNtB5_8Property14with_utf8_name (in /home/guido/rustdom-selection-validation-cQnQbx/dist/rustdom.node)
==5339==    by 0x2318942E: _RNvNvNtNtNtCs3Ir8cfnU9oH_7rustdom3dom4tree32___napi_impl_helper_NativeTree_1736___napi_register__NativeTree_impl_44320___ctor_private_inner (in /home/guido/rustdom-selection-validation-cQnQbx/dist/rustdom.node)
==5339==    by 0x231B5535: _RNvNvNvNvNtNtNtCs3Ir8cfnU9oH_7rustdom3dom4tree32___napi_impl_helper_NativeTree_1736___napi_register__NativeTree_impl_4431__18___CTOR_PRIVATE_REF14___ctor_private (in /home/guido/rustdom-selection-validation-cQnQbx/dist/rustdom.node)
==5339==    by 0x6B9F47D: call_init.part.0 (dl-init.c:70)
==5339==    by 0x6B9F567: call_init (dl-init.c:33)
==5339==    by 0x6B9F567: _dl_init (dl-init.c:117)
==5339==    by 0x78ADBB4: _dl_catch_exception (dl-error-skeleton.c:182)
==5339==    by 0x6BA6FF5: dl_open_worker (dl-open.c:808)
==5339==    by 0x6BA6FF5: dl_open_worker (dl-open.c:771)
==5339==    by 0x78ADB57: _dl_catch_exception (dl-error-skeleton.c:208)
==5339==    by 0x6BA734D: _dl_open (dl-open.c:883)
==5339==    by 0x77C95FB: dlopen_doit (dlopen.c:56)
==5339== 
==5339== 13 bytes in 1 blocks are possibly lost in loss record 173 of 425
==5339==    at 0x73E1899: malloc (in /mnt/c/Users/guido/ghq/projects/rustdom/.tools/valgrind/usr/libexec/valgrind/vgpreload_memcheck-amd64-linux.so)
==5339==    by 0x232478C2: _RNvXs0_NvMs_NtNtCs6i54tJFfzR_5alloc3ffi5c_strNtBa_7CString3newReNtB5_11SpecNewImpl13spec_new_impl (in /home/guido/rustdom-selection-validation-cQnQbx/dist/rustdom.node)
==5339==    by 0x231F177F: _RNvMs2_NtNtCs4QMHp0v7l6B_4napi9js_values15object_propertyNtB5_8Property14with_utf8_name (in /home/guido/rustdom-selection-validation-cQnQbx/dist/rustdom.node)
==5339==    by 0x2318A18D: _RNvNvNtNtNtCs3Ir8cfnU9oH_7rustdom3dom4tree32___napi_impl_helper_NativeTree_1736___napi_register__NativeTree_impl_44320___ctor_private_inner (in /home/guido/rustdom-selection-validation-cQnQbx/dist/rustdom.node)
==5339==    by 0x231B5535: _RNvNvNvNvNtNtNtCs3Ir8cfnU9oH_7rustdom3dom4tree32___napi_impl_helper_NativeTree_1736___napi_register__NativeTree_impl_4431__18___CTOR_PRIVATE_REF14___ctor_private (in /home/guido/rustdom-selection-validation-cQnQbx/dist/rustdom.node)
==5339==    by 0x6B9F47D: call_init.part.0 (dl-init.c:70)
==5339==    by 0x6B9F567: call_init (dl-init.c:33)
==5339==    by 0x6B9F567: _dl_init (dl-init.c:117)
==5339==    by 0x78ADBB4: _dl_catch_exception (dl-error-skeleton.c:182)
==5339==    by 0x6BA6FF5: dl_open_worker (dl-open.c:808)
==5339==    by 0x6BA6FF5: dl_open_worker (dl-open.c:771)
==5339==    by 0x78ADB57: _dl_catch_exception (dl-error-skeleton.c:208)
==5339==    by 0x6BA734D: _dl_open (dl-open.c:883)
==5339==    by 0x77C95FB: dlopen_doit (dlopen.c:56)
==5339== 
==5339== 13 bytes in 1 blocks are possibly lost in loss record 174 of 425
==5339==    at 0x73E1899: malloc (in /mnt/c/Users/guido/ghq/projects/rustdom/.tools/valgrind/usr/libexec/valgrind/vgpreload_memcheck-amd64-linux.so)
==5339==    by 0x232478C2: _RNvXs0_NvMs_NtNtCs6i54tJFfzR_5alloc3ffi5c_strNtBa_7CString3newReNtB5_11SpecNewImpl13spec_new_impl (in /home/guido/rustdom-selection-validation-cQnQbx/dist/rustdom.node)
==5339==    by 0x231F177F: _RNvMs2_NtNtCs4QMHp0v7l6B_4napi9js_values15object_propertyNtB5_8Property14with_utf8_name (in /home/guido/rustdom-selection-validation-cQnQbx/dist/rustdom.node)
==5339==    by 0x2318B811: _RNvNvNtNtNtCs3Ir8cfnU9oH_7rustdom3dom4tree32___napi_impl_helper_NativeTree_1736___napi_register__NativeTree_impl_44320___ctor_private_inner (in /home/guido/rustdom-selection-validation-cQnQbx/dist/rustdom.node)
==5339==    by 0x231B5535: _RNvNvNvNvNtNtNtCs3Ir8cfnU9oH_7rustdom3dom4tree32___napi_impl_helper_NativeTree_1736___napi_register__NativeTree_impl_4431__18___CTOR_PRIVATE_REF14___ctor_private (in /home/guido/rustdom-selection-validation-cQnQbx/dist/rustdom.node)
==5339==    by 0x6B9F47D: call_init.part.0 (dl-init.c:70)
==5339==    by 0x6B9F567: call_init (dl-init.c:33)
==5339==    by 0x6B9F567: _dl_init (dl-init.c:117)
==5339==    by 0x78ADBB4: _dl_catch_exception (dl-error-skeleton.c:182)
==5339==    by 0x6BA6FF5: dl_open_worker (dl-open.c:808)
==5339==    by 0x6BA6FF5: dl_open_worker (dl-open.c:771)
==5339==    by 0x78ADB57: _dl_catch_exception (dl-error-skeleton.c:208)
==5339==    by 0x6BA734D: _dl_open (dl-open.c:883)
==5339==    by 0x77C95FB: dlopen_doit (dlopen.c:56)
==5339== 
==5339== 13 bytes in 1 blocks are possibly lost in loss record 175 of 425
==5339==    at 0x73E1899: malloc (in /mnt/c/Users/guido/ghq/projects/rustdom/.tools/valgrind/usr/libexec/valgrind/vgpreload_memcheck-amd64-linux.so)
==5339==    by 0x232478C2: _RNvXs0_NvMs_NtNtCs6i54tJFfzR_5alloc3ffi5c_strNtBa_7CString3newReNtB5_11SpecNewImpl13spec_new_impl (in /home/guido/rustdom-selection-validation-cQnQbx/dist/rustdom.node)
==5339==    by 0x231F177F: _RNvMs2_NtNtCs4QMHp0v7l6B_4napi9js_values15object_propertyNtB5_8Property14with_utf8_name (in /home/guido/rustdom-selection-validation-cQnQbx/dist/rustdom.node)
==5339==    by 0x2318BF3B: _RNvNvNtNtNtCs3Ir8cfnU9oH_7rustdom3dom4tree32___napi_impl_helper_NativeTree_1736___napi_register__NativeTree_impl_44320___ctor_private_inner (in /home/guido/rustdom-selection-validation-cQnQbx/dist/rustdom.node)
==5339==    by 0x231B5535: _RNvNvNvNvNtNtNtCs3Ir8cfnU9oH_7rustdom3dom4tree32___napi_impl_helper_NativeTree_1736___napi_register__NativeTree_impl_4431__18___CTOR_PRIVATE_REF14___ctor_private (in /home/guido/rustdom-selection-validation-cQnQbx/dist/rustdom.node)
==5339==    by 0x6B9F47D: call_init.part.0 (dl-init.c:70)
==5339==    by 0x6B9F567: call_init (dl-init.c:33)
==5339==    by 0x6B9F567: _dl_init (dl-init.c:117)
==5339==    by 0x78ADBB4: _dl_catch_exception (dl-error-skeleton.c:182)
==5339==    by 0x6BA6FF5: dl_open_worker (dl-open.c:808)
==5339==    by 0x6BA6FF5: dl_open_worker (dl-open.c:771)
==5339==    by 0x78ADB57: _dl_catch_exception (dl-error-skeleton.c:208)
==5339==    by 0x6BA734D: _dl_open (dl-open.c:883)
==5339==    by 0x77C95FB: dlopen_doit (dlopen.c:56)
==5339== 
==5339== 13 bytes in 1 blocks are possibly lost in loss record 176 of 425
==5339==    at 0x73E1899: malloc (in /mnt/c/Users/guido/ghq/projects/rustdom/.tools/valgrind/usr/libexec/valgrind/vgpreload_memcheck-amd64-linux.so)
==5339==    by 0x232478C2: _RNvXs0_NvMs_NtNtCs6i54tJFfzR_5alloc3ffi5c_strNtBa_7CString3newReNtB5_11SpecNewImpl13spec_new_impl (in /home/guido/rustdom-selection-validation-cQnQbx/dist/rustdom.node)
==5339==    by 0x231F177F: _RNvMs2_NtNtCs4QMHp0v7l6B_4napi9js_values15object_propertyNtB5_8Property14with_utf8_name (in /home/guido/rustdom-selection-validation-cQnQbx/dist/rustdom.node)
==5339==    by 0x2318EF55: _RNvNvNtNtNtCs3Ir8cfnU9oH_7rustdom3dom4tree32___napi_impl_helper_NativeTree_1736___napi_register__NativeTree_impl_44320___ctor_private_inner (in /home/guido/rustdom-selection-validation-cQnQbx/dist/rustdom.node)
==5339==    by 0x231B5535: _RNvNvNvNvNtNtNtCs3Ir8cfnU9oH_7rustdom3dom4tree32___napi_impl_helper_NativeTree_1736___napi_register__NativeTree_impl_4431__18___CTOR_PRIVATE_REF14___ctor_private (in /home/guido/rustdom-selection-validation-cQnQbx/dist/rustdom.node)
==5339==    by 0x6B9F47D: call_init.part.0 (dl-init.c:70)
==5339==    by 0x6B9F567: call_init (dl-init.c:33)
==5339==    by 0x6B9F567: _dl_init (dl-init.c:117)
==5339==    by 0x78ADBB4: _dl_catch_exception (dl-error-skeleton.c:182)
==5339==    by 0x6BA6FF5: dl_open_worker (dl-open.c:808)
==5339==    by 0x6BA6FF5: dl_open_worker (dl-open.c:771)
==5339==    by 0x78ADB57: _dl_catch_exception (dl-error-skeleton.c:208)
==5339==    by 0x6BA734D: _dl_open (dl-open.c:883)
==5339==    by 0x77C95FB: dlopen_doit (dlopen.c:56)
==5339== 
==5339== 13 bytes in 1 blocks are possibly lost in loss record 177 of 425
==5339==    at 0x73E1899: malloc (in /mnt/c/Users/guido/ghq/projects/rustdom/.tools/valgrind/usr/libexec/valgrind/vgpreload_memcheck-amd64-linux.so)
==5339==    by 0x232478C2: _RNvXs0_NvMs_NtNtCs6i54tJFfzR_5alloc3ffi5c_strNtBa_7CString3newReNtB5_11SpecNewImpl13spec_new_impl (in /home/guido/rustdom-selection-validation-cQnQbx/dist/rustdom.node)
==5339==    by 0x231F177F: _RNvMs2_NtNtCs4QMHp0v7l6B_4napi9js_values15object_propertyNtB5_8Property14with_utf8_name (in /home/guido/rustdom-selection-validation-cQnQbx/dist/rustdom.node)
==5339==    by 0x231903CD: _RNvNvNtNtNtCs3Ir8cfnU9oH_7rustdom3dom4tree32___napi_impl_helper_NativeTree_1736___napi_register__NativeTree_impl_44320___ctor_private_inner (in /home/guido/rustdom-selection-validation-cQnQbx/dist/rustdom.node)
==5339==    by 0x231B5535: _RNvNvNvNvNtNtNtCs3Ir8cfnU9oH_7rustdom3dom4tree32___napi_impl_helper_NativeTree_1736___napi_register__NativeTree_impl_4431__18___CTOR_PRIVATE_REF14___ctor_private (in /home/guido/rustdom-selection-validation-cQnQbx/dist/rustdom.node)
==5339==    by 0x6B9F47D: call_init.part.0 (dl-init.c:70)
==5339==    by 0x6B9F567: call_init (dl-init.c:33)
==5339==    by 0x6B9F567: _dl_init (dl-init.c:117)
==5339==    by 0x78ADBB4: _dl_catch_exception (dl-error-skeleton.c:182)
==5339==    by 0x6BA6FF5: dl_open_worker (dl-open.c:808)
==5339==    by 0x6BA6FF5: dl_open_worker (dl-open.c:771)
==5339==    by 0x78ADB57: _dl_catch_exception (dl-error-skeleton.c:208)
==5339==    by 0x6BA734D: _dl_open (dl-open.c:883)
==5339==    by 0x77C95FB: dlopen_doit (dlopen.c:56)
==5339== 
==5339== 14 bytes in 1 blocks are still reachable in loss record 178 of 425
==5339==    at 0x73E1899: malloc (in /mnt/c/Users/guido/ghq/projects/rustdom/.tools/valgrind/usr/libexec/valgrind/vgpreload_memcheck-amd64-linux.so)
==5339==    by 0x26DEC47: init_entry(char const*, char const*, UErrorCode*) (in /mnt/c/Users/guido/AppData/Local/Temp/rustdom-pr54-abort-retention-e991d78927094e13876cb3cd1a13dacf/.tools/node-v24.20.0-linux-x64/bin/node)
==5339==    by 0x26E0E4D: ures_openWithType(UResourceBundle*, char const*, char const*, UResOpenType, UErrorCode*) (in /mnt/c/Users/guido/AppData/Local/Temp/rustdom-pr54-abort-retention-e991d78927094e13876cb3cd1a13dacf/.tools/node-v24.20.0-linux-x64/bin/node)
==5339==    by 0x26E16FF: (anonymous namespace)::getAliasTargetAsResourceBundle(ResourceData const&, unsigned int, char const*, int, UResourceDataEntry*, char const*, int, UResourceBundle*, UErrorCode*) (in /mnt/c/Users/guido/AppData/Local/Temp/rustdom-pr54-abort-retention-e991d78927094e13876cb3cd1a13dacf/.tools/node-v24.20.0-linux-x64/bin/node)
==5339==    by 0x26E3414: ures_getByKey_78 (in /mnt/c/Users/guido/AppData/Local/Temp/rustdom-pr54-abort-retention-e991d78927094e13876cb3cd1a13dacf/.tools/node-v24.20.0-linux-x64/bin/node)
==5339==    by 0x21B2DC4: icu_78::ZoneMeta::getCanonicalCLDRID(icu_78::UnicodeString const&, UErrorCode&) (in /mnt/c/Users/guido/AppData/Local/Temp/rustdom-pr54-abort-retention-e991d78927094e13876cb3cd1a13dacf/.tools/node-v24.20.0-linux-x64/bin/node)
==5339==    by 0x2116C0A: icu_78::OlsonTimeZone::OlsonTimeZone(UResourceBundle const*, UResourceBundle const*, icu_78::UnicodeString const&, UErrorCode&) (in /mnt/c/Users/guido/AppData/Local/Temp/rustdom-pr54-abort-retention-e991d78927094e13876cb3cd1a13dacf/.tools/node-v24.20.0-linux-x64/bin/node)
==5339==    by 0x20A8599: icu_78::(anonymous namespace)::createSystemTimeZone(icu_78::UnicodeString const&, UErrorCode&) [clone .part.0] (in /mnt/c/Users/guido/AppData/Local/Temp/rustdom-pr54-abort-retention-e991d78927094e13876cb3cd1a13dacf/.tools/node-v24.20.0-linux-x64/bin/node)
==5339==    by 0x20A8D11: icu_78::TimeZone::detectHostTimeZone() (in /mnt/c/Users/guido/AppData/Local/Temp/rustdom-pr54-abort-retention-e991d78927094e13876cb3cd1a13dacf/.tools/node-v24.20.0-linux-x64/bin/node)
==5339==    by 0x20A8F04: icu_78::TimeZone::createDefault() (in /mnt/c/Users/guido/AppData/Local/Temp/rustdom-pr54-abort-retention-e991d78927094e13876cb3cd1a13dacf/.tools/node-v24.20.0-linux-x64/bin/node)
==5339==    by 0x11420B9: v8::internal::ICUTimezoneCache::LocalTimeOffset(double, bool) (in /mnt/c/Users/guido/AppData/Local/Temp/rustdom-pr54-abort-retention-e991d78927094e13876cb3cd1a13dacf/.tools/node-v24.20.0-linux-x64/bin/node)
==5339==    by 0xD66BC7: v8::internal::DateCache::GetLocalOffsetFromOS(long, bool) (in /mnt/c/Users/guido/AppData/Local/Temp/rustdom-pr54-abort-retention-e991d78927094e13876cb3cd1a13dacf/.tools/node-v24.20.0-linux-x64/bin/node)
==5339== 
==5339== 14 bytes in 1 blocks are possibly lost in loss record 179 of 425
==5339==    at 0x73E1899: malloc (in /mnt/c/Users/guido/ghq/projects/rustdom/.tools/valgrind/usr/libexec/valgrind/vgpreload_memcheck-amd64-linux.so)
==5339==    by 0x232478C2: _RNvXs0_NvMs_NtNtCs6i54tJFfzR_5alloc3ffi5c_strNtBa_7CString3newReNtB5_11SpecNewImpl13spec_new_impl (in /home/guido/rustdom-selection-validation-cQnQbx/dist/rustdom.node)
==5339==    by 0x231F177F: _RNvMs2_NtNtCs4QMHp0v7l6B_4napi9js_values15object_propertyNtB5_8Property14with_utf8_name (in /home/guido/rustdom-selection-validation-cQnQbx/dist/rustdom.node)
==5339==    by 0x2319FFFB: _RNvNvNvNvNtNtNtCs3Ir8cfnU9oH_7rustdom3dom17selection_binding42___napi_impl_helper_NativeSelectionState_1246___napi_register__NativeSelectionState_impl_2341__18___CTOR_PRIVATE_REF14___ctor_private (in /home/guido/rustdom-selection-validation-cQnQbx/dist/rustdom.node)
==5339==    by 0x6B9F47D: call_init.part.0 (dl-init.c:70)
==5339==    by 0x6B9F567: call_init (dl-init.c:33)
==5339==    by 0x6B9F567: _dl_init (dl-init.c:117)
==5339==    by 0x78ADBB4: _dl_catch_exception (dl-error-skeleton.c:182)
==5339==    by 0x6BA6FF5: dl_open_worker (dl-open.c:808)
==5339==    by 0x6BA6FF5: dl_open_worker (dl-open.c:771)
==5339==    by 0x78ADB57: _dl_catch_exception (dl-error-skeleton.c:208)
==5339==    by 0x6BA734D: _dl_open (dl-open.c:883)
==5339==    by 0x77C95FB: dlopen_doit (dlopen.c:56)
==5339==    by 0x78ADB57: _dl_catch_exception (dl-error-skeleton.c:208)
==5339== 
==5339== 14 bytes in 1 blocks are possibly lost in loss record 180 of 425
==5339==    at 0x73E1899: malloc (in /mnt/c/Users/guido/ghq/projects/rustdom/.tools/valgrind/usr/libexec/valgrind/vgpreload_memcheck-amd64-linux.so)
==5339==    by 0x232478C2: _RNvXs0_NvMs_NtNtCs6i54tJFfzR_5alloc3ffi5c_strNtBa_7CString3newReNtB5_11SpecNewImpl13spec_new_impl (in /home/guido/rustdom-selection-validation-cQnQbx/dist/rustdom.node)
==5339==    by 0x231F177F: _RNvMs2_NtNtCs4QMHp0v7l6B_4napi9js_values15object_propertyNtB5_8Property14with_utf8_name (in /home/guido/rustdom-selection-validation-cQnQbx/dist/rustdom.node)
==5339==    by 0x231A05F4: _RNvNvNvNvNtNtNtCs3Ir8cfnU9oH_7rustdom3dom17selection_binding42___napi_impl_helper_NativeSelectionState_1246___napi_register__NativeSelectionState_impl_2341__18___CTOR_PRIVATE_REF14___ctor_private (in /home/guido/rustdom-selection-validation-cQnQbx/dist/rustdom.node)
==5339==    by 0x6B9F47D: call_init.part.0 (dl-init.c:70)
==5339==    by 0x6B9F567: call_init (dl-init.c:33)
==5339==    by 0x6B9F567: _dl_init (dl-init.c:117)
==5339==    by 0x78ADBB4: _dl_catch_exception (dl-error-skeleton.c:182)
==5339==    by 0x6BA6FF5: dl_open_worker (dl-open.c:808)
==5339==    by 0x6BA6FF5: dl_open_worker (dl-open.c:771)
==5339==    by 0x78ADB57: _dl_catch_exception (dl-error-skeleton.c:208)
==5339==    by 0x6BA734D: _dl_open (dl-open.c:883)
==5339==    by 0x77C95FB: dlopen_doit (dlopen.c:56)
==5339==    by 0x78ADB57: _dl_catch_exception (dl-error-skeleton.c:208)
==5339== 
==5339== 14 bytes in 1 blocks are possibly lost in loss record 181 of 425
==5339==    at 0x73E1899: malloc (in /mnt/c/Users/guido/ghq/projects/rustdom/.tools/valgrind/usr/libexec/valgrind/vgpreload_memcheck-amd64-linux.so)
==5339==    by 0x232478C2: _RNvXs0_NvMs_NtNtCs6i54tJFfzR_5alloc3ffi5c_strNtBa_7CString3newReNtB5_11SpecNewImpl13spec_new_impl (in /home/guido/rustdom-selection-validation-cQnQbx/dist/rustdom.node)
==5339==    by 0x231F177F: _RNvMs2_NtNtCs4QMHp0v7l6B_4napi9js_values15object_propertyNtB5_8Property14with_utf8_name (in /home/guido/rustdom-selection-validation-cQnQbx/dist/rustdom.node)
==5339==    by 0x231A2572: _RNvNvNvNvNtNtNtCs3Ir8cfnU9oH_7rustdom3dom19abort_state_binding37___napi_impl_helper_NativeAbortState_041___napi_register__NativeAbortState_impl_201__18___CTOR_PRIVATE_REF14___ctor_private (in /home/guido/rustdom-selection-validation-cQnQbx/dist/rustdom.node)
==5339==    by 0x6B9F47D: call_init.part.0 (dl-init.c:70)
==5339==    by 0x6B9F567: call_init (dl-init.c:33)
==5339==    by 0x6B9F567: _dl_init (dl-init.c:117)
==5339==    by 0x78ADBB4: _dl_catch_exception (dl-error-skeleton.c:182)
==5339==    by 0x6BA6FF5: dl_open_worker (dl-open.c:808)
==5339==    by 0x6BA6FF5: dl_open_worker (dl-open.c:771)
==5339==    by 0x78ADB57: _dl_catch_exception (dl-error-skeleton.c:208)
==5339==    by 0x6BA734D: _dl_open (dl-open.c:883)
==5339==    by 0x77C95FB: dlopen_doit (dlopen.c:56)
==5339==    by 0x78ADB57: _dl_catch_exception (dl-error-skeleton.c:208)
==5339== 
==5339== 14 bytes in 1 blocks are possibly lost in loss record 182 of 425
==5339==    at 0x73E1899: malloc (in /mnt/c/Users/guido/ghq/projects/rustdom/.tools/valgrind/usr/libexec/valgrind/vgpreload_memcheck-amd64-linux.so)
==5339==    by 0x232478C2: _RNvXs0_NvMs_NtNtCs6i54tJFfzR_5alloc3ffi5c_strNtBa_7CString3newReNtB5_11SpecNewImpl13spec_new_impl (in /home/guido/rustdom-selection-validation-cQnQbx/dist/rustdom.node)
==5339==    by 0x231F177F: _RNvMs2_NtNtCs4QMHp0v7l6B_4napi9js_values15object_propertyNtB5_8Property14with_utf8_name (in /home/guido/rustdom-selection-validation-cQnQbx/dist/rustdom.node)
==5339==    by 0x231A2884: _RNvNvNvNvNtNtNtCs3Ir8cfnU9oH_7rustdom3dom19abort_state_binding37___napi_impl_helper_NativeAbortState_041___napi_register__NativeAbortState_impl_201__18___CTOR_PRIVATE_REF14___ctor_private (in /home/guido/rustdom-selection-validation-cQnQbx/dist/rustdom.node)
==5339==    by 0x6B9F47D: call_init.part.0 (dl-init.c:70)
==5339==    by 0x6B9F567: call_init (dl-init.c:33)
==5339==    by 0x6B9F567: _dl_init (dl-init.c:117)
==5339==    by 0x78ADBB4: _dl_catch_exception (dl-error-skeleton.c:182)
==5339==    by 0x6BA6FF5: dl_open_worker (dl-open.c:808)
==5339==    by 0x6BA6FF5: dl_open_worker (dl-open.c:771)
==5339==    by 0x78ADB57: _dl_catch_exception (dl-error-skeleton.c:208)
==5339==    by 0x6BA734D: _dl_open (dl-open.c:883)
==5339==    by 0x77C95FB: dlopen_doit (dlopen.c:56)
==5339==    by 0x78ADB57: _dl_catch_exception (dl-error-skeleton.c:208)
==5339== 
==5339== 14 bytes in 1 blocks are possibly lost in loss record 183 of 425
==5339==    at 0x73E1899: malloc (in /mnt/c/Users/guido/ghq/projects/rustdom/.tools/valgrind/usr/libexec/valgrind/vgpreload_memcheck-amd64-linux.so)
==5339==    by 0x232478C2: _RNvXs0_NvMs_NtNtCs6i54tJFfzR_5alloc3ffi5c_strNtBa_7CString3newReNtB5_11SpecNewImpl13spec_new_impl (in /home/guido/rustdom-selection-validation-cQnQbx/dist/rustdom.node)
==5339==    by 0x231F177F: _RNvMs2_NtNtCs4QMHp0v7l6B_4napi9js_values15object_propertyNtB5_8Property14with_utf8_name (in /home/guido/rustdom-selection-validation-cQnQbx/dist/rustdom.node)
==5339==    by 0x231A2A90: _RNvNvNvNvNtNtNtCs3Ir8cfnU9oH_7rustdom3dom19abort_state_binding37___napi_impl_helper_NativeAbortState_041___napi_register__NativeAbortState_impl_201__18___CTOR_PRIVATE_REF14___ctor_private (in /home/guido/rustdom-selection-validation-cQnQbx/dist/rustdom.node)
==5339==    by 0x6B9F47D: call_init.part.0 (dl-init.c:70)
==5339==    by 0x6B9F567: call_init (dl-init.c:33)
==5339==    by 0x6B9F567: _dl_init (dl-init.c:117)
==5339==    by 0x78ADBB4: _dl_catch_exception (dl-error-skeleton.c:182)
==5339==    by 0x6BA6FF5: dl_open_worker (dl-open.c:808)
==5339==    by 0x6BA6FF5: dl_open_worker (dl-open.c:771)
==5339==    by 0x78ADB57: _dl_catch_exception (dl-error-skeleton.c:208)
==5339==    by 0x6BA734D: _dl_open (dl-open.c:883)
==5339==    by 0x77C95FB: dlopen_doit (dlopen.c:56)
==5339==    by 0x78ADB57: _dl_catch_exception (dl-error-skeleton.c:208)
==5339== 
==5339== 14 bytes in 1 blocks are possibly lost in loss record 184 of 425
==5339==    at 0x73E1899: malloc (in /mnt/c/Users/guido/ghq/projects/rustdom/.tools/valgrind/usr/libexec/valgrind/vgpreload_memcheck-amd64-linux.so)
==5339==    by 0x232478C2: _RNvXs0_NvMs_NtNtCs6i54tJFfzR_5alloc3ffi5c_strNtBa_7CString3newReNtB5_11SpecNewImpl13spec_new_impl (in /home/guido/rustdom-selection-validation-cQnQbx/dist/rustdom.node)
==5339==    by 0x231F177F: _RNvMs2_NtNtCs4QMHp0v7l6B_4napi9js_values15object_propertyNtB5_8Property14with_utf8_name (in /home/guido/rustdom-selection-validation-cQnQbx/dist/rustdom.node)
==5339==    by 0x231A40A1: _RNvNvNvNvNtNtNtCs3Ir8cfnU9oH_7rustdom3dom19event_state_binding37___napi_impl_helper_NativeEventState_442___napi_register__NativeEventState_impl_1041__18___CTOR_PRIVATE_REF14___ctor_private (in /home/guido/rustdom-selection-validation-cQnQbx/dist/rustdom.node)
==5339==    by 0x6B9F47D: call_init.part.0 (dl-init.c:70)
==5339==    by 0x6B9F567: call_init (dl-init.c:33)
==5339==    by 0x6B9F567: _dl_init (dl-init.c:117)
==5339==    by 0x78ADBB4: _dl_catch_exception (dl-error-skeleton.c:182)
==5339==    by 0x6BA6FF5: dl_open_worker (dl-open.c:808)
==5339==    by 0x6BA6FF5: dl_open_worker (dl-open.c:771)
==5339==    by 0x78ADB57: _dl_catch_exception (dl-error-skeleton.c:208)
==5339==    by 0x6BA734D: _dl_open (dl-open.c:883)
==5339==    by 0x77C95FB: dlopen_doit (dlopen.c:56)
==5339==    by 0x78ADB57: _dl_catch_exception (dl-error-skeleton.c:208)
==5339== 
==5339== 14 bytes in 1 blocks are possibly lost in loss record 185 of 425
==5339==    at 0x73E1899: malloc (in /mnt/c/Users/guido/ghq/projects/rustdom/.tools/valgrind/usr/libexec/valgrind/vgpreload_memcheck-amd64-linux.so)
==5339==    by 0x232478C2: _RNvXs0_NvMs_NtNtCs6i54tJFfzR_5alloc3ffi5c_strNtBa_7CString3newReNtB5_11SpecNewImpl13spec_new_impl (in /home/guido/rustdom-selection-validation-cQnQbx/dist/rustdom.node)
==5339==    by 0x231F177F: _RNvMs2_NtNtCs4QMHp0v7l6B_4napi9js_values15object_propertyNtB5_8Property14with_utf8_name (in /home/guido/rustdom-selection-validation-cQnQbx/dist/rustdom.node)
==5339==    by 0x231A9DEC: _RNvNvNvNvNtNtNtCs3Ir8cfnU9oH_7rustdom3dom19range_state_binding33___napi_impl_helper_NativeRange_1137___napi_register__NativeRange_impl_2221__18___CTOR_PRIVATE_REF14___ctor_private (in /home/guido/rustdom-selection-validation-cQnQbx/dist/rustdom.node)
==5339==    by 0x6B9F47D: call_init.part.0 (dl-init.c:70)
==5339==    by 0x6B9F567: call_init (dl-init.c:33)
==5339==    by 0x6B9F567: _dl_init (dl-init.c:117)
==5339==    by 0x78ADBB4: _dl_catch_exception (dl-error-skeleton.c:182)
==5339==    by 0x6BA6FF5: dl_open_worker (dl-open.c:808)
==5339==    by 0x6BA6FF5: dl_open_worker (dl-open.c:771)
==5339==    by 0x78ADB57: _dl_catch_exception (dl-error-skeleton.c:208)
==5339==    by 0x6BA734D: _dl_open (dl-open.c:883)
==5339==    by 0x77C95FB: dlopen_doit (dlopen.c:56)
==5339==    by 0x78ADB57: _dl_catch_exception (dl-error-skeleton.c:208)
==5339== 
==5339== 14 bytes in 1 blocks are possibly lost in loss record 186 of 425
==5339==    at 0x73E1899: malloc (in /mnt/c/Users/guido/ghq/projects/rustdom/.tools/valgrind/usr/libexec/valgrind/vgpreload_memcheck-amd64-linux.so)
==5339==    by 0x232478C2: _RNvXs0_NvMs_NtNtCs6i54tJFfzR_5alloc3ffi5c_strNtBa_7CString3newReNtB5_11SpecNewImpl13spec_new_impl (in /home/guido/rustdom-selection-validation-cQnQbx/dist/rustdom.node)
==5339==    by 0x231F177F: _RNvMs2_NtNtCs4QMHp0v7l6B_4napi9js_values15object_propertyNtB5_8Property14with_utf8_name (in /home/guido/rustdom-selection-validation-cQnQbx/dist/rustdom.node)
==5339==    by 0x231AEF26: _RNvNvNvNvNtNtNtCs3Ir8cfnU9oH_7rustdom3dom23event_listeners_binding43___napi_impl_helper_NativeListenerRegistry_347___napi_register__NativeListenerRegistry_impl_691__18___CTOR_PRIVATE_REF14___ctor_private (in /home/guido/rustdom-selection-validation-cQnQbx/dist/rustdom.node)
==5339==    by 0x6B9F47D: call_init.part.0 (dl-init.c:70)
==5339==    by 0x6B9F567: call_init (dl-init.c:33)
==5339==    by 0x6B9F567: _dl_init (dl-init.c:117)
==5339==    by 0x78ADBB4: _dl_catch_exception (dl-error-skeleton.c:182)
==5339==    by 0x6BA6FF5: dl_open_worker (dl-open.c:808)
==5339==    by 0x6BA6FF5: dl_open_worker (dl-open.c:771)
==5339==    by 0x78ADB57: _dl_catch_exception (dl-error-skeleton.c:208)
==5339==    by 0x6BA734D: _dl_open (dl-open.c:883)
==5339==    by 0x77C95FB: dlopen_doit (dlopen.c:56)
==5339==    by 0x78ADB57: _dl_catch_exception (dl-error-skeleton.c:208)
==5339== 
==5339== 14 bytes in 1 blocks are possibly lost in loss record 187 of 425
==5339==    at 0x73E1899: malloc (in /mnt/c/Users/guido/ghq/projects/rustdom/.tools/valgrind/usr/libexec/valgrind/vgpreload_memcheck-amd64-linux.so)
==5339==    by 0x232478C2: _RNvXs0_NvMs_NtNtCs6i54tJFfzR_5alloc3ffi5c_strNtBa_7CString3newReNtB5_11SpecNewImpl13spec_new_impl (in /home/guido/rustdom-selection-validation-cQnQbx/dist/rustdom.node)
==5339==    by 0x231F177F: _RNvMs2_NtNtCs4QMHp0v7l6B_4napi9js_values15object_propertyNtB5_8Property14with_utf8_name (in /home/guido/rustdom-selection-validation-cQnQbx/dist/rustdom.node)
==5339==    by 0x231AF02C: _RNvNvNvNvNtNtNtCs3Ir8cfnU9oH_7rustdom3dom23event_listeners_binding43___napi_impl_helper_NativeListenerRegistry_347___napi_register__NativeListenerRegistry_impl_691__18___CTOR_PRIVATE_REF14___ctor_private (in /home/guido/rustdom-selection-validation-cQnQbx/dist/rustdom.node)
==5339==    by 0x6B9F47D: call_init.part.0 (dl-init.c:70)
==5339==    by 0x6B9F567: call_init (dl-init.c:33)
==5339==    by 0x6B9F567: _dl_init (dl-init.c:117)
==5339==    by 0x78ADBB4: _dl_catch_exception (dl-error-skeleton.c:182)
==5339==    by 0x6BA6FF5: dl_open_worker (dl-open.c:808)
==5339==    by 0x6BA6FF5: dl_open_worker (dl-open.c:771)
==5339==    by 0x78ADB57: _dl_catch_exception (dl-error-skeleton.c:208)
==5339==    by 0x6BA734D: _dl_open (dl-open.c:883)
==5339==    by 0x77C95FB: dlopen_doit (dlopen.c:56)
==5339==    by 0x78ADB57: _dl_catch_exception (dl-error-skeleton.c:208)
==5339== 
==5339== 14 bytes in 1 blocks are possibly lost in loss record 188 of 425
==5339==    at 0x73E1899: malloc (in /mnt/c/Users/guido/ghq/projects/rustdom/.tools/valgrind/usr/libexec/valgrind/vgpreload_memcheck-amd64-linux.so)
==5339==    by 0x232478C2: _RNvXs0_NvMs_NtNtCs6i54tJFfzR_5alloc3ffi5c_strNtBa_7CString3newReNtB5_11SpecNewImpl13spec_new_impl (in /home/guido/rustdom-selection-validation-cQnQbx/dist/rustdom.node)
==5339==    by 0x231F177F: _RNvMs2_NtNtCs4QMHp0v7l6B_4napi9js_values15object_propertyNtB5_8Property14with_utf8_name (in /home/guido/rustdom-selection-validation-cQnQbx/dist/rustdom.node)
==5339==    by 0x231B04FA: _RNvNvNvNvNtNtNtCs3Ir8cfnU9oH_7rustdom3dom23mutation_record_binding41___napi_impl_helper_NativeMutationRecord_746___napi_register__NativeMutationRecord_impl_1591__18___CTOR_PRIVATE_REF14___ctor_private (in /home/guido/rustdom-selection-validation-cQnQbx/dist/rustdom.node)
==5339==    by 0x6B9F47D: call_init.part.0 (dl-init.c:70)
==5339==    by 0x6B9F567: call_init (dl-init.c:33)
==5339==    by 0x6B9F567: _dl_init (dl-init.c:117)
==5339==    by 0x78ADBB4: _dl_catch_exception (dl-error-skeleton.c:182)
==5339==    by 0x6BA6FF5: dl_open_worker (dl-open.c:808)
==5339==    by 0x6BA6FF5: dl_open_worker (dl-open.c:771)
==5339==    by 0x78ADB57: _dl_catch_exception (dl-error-skeleton.c:208)
==5339==    by 0x6BA734D: _dl_open (dl-open.c:883)
==5339==    by 0x77C95FB: dlopen_doit (dlopen.c:56)
==5339==    by 0x78ADB57: _dl_catch_exception (dl-error-skeleton.c:208)
==5339== 
==5339== 14 bytes in 1 blocks are possibly lost in loss record 189 of 425
==5339==    at 0x73E1899: malloc (in /mnt/c/Users/guido/ghq/projects/rustdom/.tools/valgrind/usr/libexec/valgrind/vgpreload_memcheck-amd64-linux.so)
==5339==    by 0x232478C2: _RNvXs0_NvMs_NtNtCs6i54tJFfzR_5alloc3ffi5c_strNtBa_7CString3newReNtB5_11SpecNewImpl13spec_new_impl (in /home/guido/rustdom-selection-validation-cQnQbx/dist/rustdom.node)
==5339==    by 0x231F177F: _RNvMs2_NtNtCs4QMHp0v7l6B_4napi9js_values15object_propertyNtB5_8Property14with_utf8_name (in /home/guido/rustdom-selection-validation-cQnQbx/dist/rustdom.node)
==5339==    by 0x231B38BF: _RNvNvNvNvNtNtNtCs3Ir8cfnU9oH_7rustdom3dom4tree32___napi_impl_helper_NativeTree_1636___napi_register__NativeTree_impl_3101__18___CTOR_PRIVATE_REF14___ctor_private (in /home/guido/rustdom-selection-validation-cQnQbx/dist/rustdom.node)
==5339==    by 0x6B9F47D: call_init.part.0 (dl-init.c:70)
==5339==    by 0x6B9F567: call_init (dl-init.c:33)
==5339==    by 0x6B9F567: _dl_init (dl-init.c:117)
==5339==    by 0x78ADBB4: _dl_catch_exception (dl-error-skeleton.c:182)
==5339==    by 0x6BA6FF5: dl_open_worker (dl-open.c:808)
==5339==    by 0x6BA6FF5: dl_open_worker (dl-open.c:771)
==5339==    by 0x78ADB57: _dl_catch_exception (dl-error-skeleton.c:208)
==5339==    by 0x6BA734D: _dl_open (dl-open.c:883)
==5339==    by 0x77C95FB: dlopen_doit (dlopen.c:56)
==5339==    by 0x78ADB57: _dl_catch_exception (dl-error-skeleton.c:208)
==5339== 
==5339== 14 bytes in 1 blocks are possibly lost in loss record 190 of 425
==5339==    at 0x73E1899: malloc (in /mnt/c/Users/guido/ghq/projects/rustdom/.tools/valgrind/usr/libexec/valgrind/vgpreload_memcheck-amd64-linux.so)
==5339==    by 0x232478C2: _RNvXs0_NvMs_NtNtCs6i54tJFfzR_5alloc3ffi5c_strNtBa_7CString3newReNtB5_11SpecNewImpl13spec_new_impl (in /home/guido/rustdom-selection-validation-cQnQbx/dist/rustdom.node)
==5339==    by 0x231F177F: _RNvMs2_NtNtCs4QMHp0v7l6B_4napi9js_values15object_propertyNtB5_8Property14with_utf8_name (in /home/guido/rustdom-selection-validation-cQnQbx/dist/rustdom.node)
==5339==    by 0x231B3DDD: _RNvNvNvNvNtNtNtCs3Ir8cfnU9oH_7rustdom3dom4tree32___napi_impl_helper_NativeTree_1636___napi_register__NativeTree_impl_3101__18___CTOR_PRIVATE_REF14___ctor_private (in /home/guido/rustdom-selection-validation-cQnQbx/dist/rustdom.node)
==5339==    by 0x6B9F47D: call_init.part.0 (dl-init.c:70)
==5339==    by 0x6B9F567: call_init (dl-init.c:33)
==5339==    by 0x6B9F567: _dl_init (dl-init.c:117)
==5339==    by 0x78ADBB4: _dl_catch_exception (dl-error-skeleton.c:182)
==5339==    by 0x6BA6FF5: dl_open_worker (dl-open.c:808)
==5339==    by 0x6BA6FF5: dl_open_worker (dl-open.c:771)
==5339==    by 0x78ADB57: _dl_catch_exception (dl-error-skeleton.c:208)
==5339==    by 0x6BA734D: _dl_open (dl-open.c:883)
==5339==    by 0x77C95FB: dlopen_doit (dlopen.c:56)
==5339==    by 0x78ADB57: _dl_catch_exception (dl-error-skeleton.c:208)
==5339== 
==5339== 14 bytes in 1 blocks are possibly lost in loss record 191 of 425
==5339==    at 0x73E1899: malloc (in /mnt/c/Users/guido/ghq/projects/rustdom/.tools/valgrind/usr/libexec/valgrind/vgpreload_memcheck-amd64-linux.so)
==5339==    by 0x232478C2: _RNvXs0_NvMs_NtNtCs6i54tJFfzR_5alloc3ffi5c_strNtBa_7CString3newReNtB5_11SpecNewImpl13spec_new_impl (in /home/guido/rustdom-selection-validation-cQnQbx/dist/rustdom.node)
==5339==    by 0x231F177F: _RNvMs2_NtNtCs4QMHp0v7l6B_4napi9js_values15object_propertyNtB5_8Property14with_utf8_name (in /home/guido/rustdom-selection-validation-cQnQbx/dist/rustdom.node)
==5339==    by 0x231B419A: _RNvNvNvNvNtNtNtCs3Ir8cfnU9oH_7rustdom3dom4tree32___napi_impl_helper_NativeTree_1636___napi_register__NativeTree_impl_3101__18___CTOR_PRIVATE_REF14___ctor_private (in /home/guido/rustdom-selection-validation-cQnQbx/dist/rustdom.node)
==5339==    by 0x6B9F47D: call_init.part.0 (dl-init.c:70)
==5339==    by 0x6B9F567: call_init (dl-init.c:33)
==5339==    by 0x6B9F567: _dl_init (dl-init.c:117)
==5339==    by 0x78ADBB4: _dl_catch_exception (dl-error-skeleton.c:182)
==5339==    by 0x6BA6FF5: dl_open_worker (dl-open.c:808)
==5339==    by 0x6BA6FF5: dl_open_worker (dl-open.c:771)
==5339==    by 0x78ADB57: _dl_catch_exception (dl-error-skeleton.c:208)
==5339==    by 0x6BA734D: _dl_open (dl-open.c:883)
==5339==    by 0x77C95FB: dlopen_doit (dlopen.c:56)
==5339==    by 0x78ADB57: _dl_catch_exception (dl-error-skeleton.c:208)
==5339== 
==5339== 14 bytes in 1 blocks are possibly lost in loss record 192 of 425
==5339==    at 0x73E1899: malloc (in /mnt/c/Users/guido/ghq/projects/rustdom/.tools/valgrind/usr/libexec/valgrind/vgpreload_memcheck-amd64-linux.so)
==5339==    by 0x232478C2: _RNvXs0_NvMs_NtNtCs6i54tJFfzR_5alloc3ffi5c_strNtBa_7CString3newReNtB5_11SpecNewImpl13spec_new_impl (in /home/guido/rustdom-selection-validation-cQnQbx/dist/rustdom.node)
==5339==    by 0x231F177F: _RNvMs2_NtNtCs4QMHp0v7l6B_4napi9js_values15object_propertyNtB5_8Property14with_utf8_name (in /home/guido/rustdom-selection-validation-cQnQbx/dist/rustdom.node)
==5339==    by 0x2318ABC9: _RNvNvNtNtNtCs3Ir8cfnU9oH_7rustdom3dom4tree32___napi_impl_helper_NativeTree_1736___napi_register__NativeTree_impl_44320___ctor_private_inner (in /home/guido/rustdom-selection-validation-cQnQbx/dist/rustdom.node)
==5339==    by 0x231B5535: _RNvNvNvNvNtNtNtCs3Ir8cfnU9oH_7rustdom3dom4tree32___napi_impl_helper_NativeTree_1736___napi_register__NativeTree_impl_4431__18___CTOR_PRIVATE_REF14___ctor_private (in /home/guido/rustdom-selection-validation-cQnQbx/dist/rustdom.node)
==5339==    by 0x6B9F47D: call_init.part.0 (dl-init.c:70)
==5339==    by 0x6B9F567: call_init (dl-init.c:33)
==5339==    by 0x6B9F567: _dl_init (dl-init.c:117)
==5339==    by 0x78ADBB4: _dl_catch_exception (dl-error-skeleton.c:182)
==5339==    by 0x6BA6FF5: dl_open_worker (dl-open.c:808)
==5339==    by 0x6BA6FF5: dl_open_worker (dl-open.c:771)
==5339==    by 0x78ADB57: _dl_catch_exception (dl-error-skeleton.c:208)
==5339==    by 0x6BA734D: _dl_open (dl-open.c:883)
==5339==    by 0x77C95FB: dlopen_doit (dlopen.c:56)
==5339== 
==5339== 14 bytes in 1 blocks are possibly lost in loss record 193 of 425
==5339==    at 0x73E1899: malloc (in /mnt/c/Users/guido/ghq/projects/rustdom/.tools/valgrind/usr/libexec/valgrind/vgpreload_memcheck-amd64-linux.so)
==5339==    by 0x232478C2: _RNvXs0_NvMs_NtNtCs6i54tJFfzR_5alloc3ffi5c_strNtBa_7CString3newReNtB5_11SpecNewImpl13spec_new_impl (in /home/guido/rustdom-selection-validation-cQnQbx/dist/rustdom.node)
==5339==    by 0x231F177F: _RNvMs2_NtNtCs4QMHp0v7l6B_4napi9js_values15object_propertyNtB5_8Property14with_utf8_name (in /home/guido/rustdom-selection-validation-cQnQbx/dist/rustdom.node)
==5339==    by 0x2318EE4F: _RNvNvNtNtNtCs3Ir8cfnU9oH_7rustdom3dom4tree32___napi_impl_helper_NativeTree_1736___napi_register__NativeTree_impl_44320___ctor_private_inner (in /home/guido/rustdom-selection-validation-cQnQbx/dist/rustdom.node)
==5339==    by 0x231B5535: _RNvNvNvNvNtNtNtCs3Ir8cfnU9oH_7rustdom3dom4tree32___napi_impl_helper_NativeTree_1736___napi_register__NativeTree_impl_4431__18___CTOR_PRIVATE_REF14___ctor_private (in /home/guido/rustdom-selection-validation-cQnQbx/dist/rustdom.node)
==5339==    by 0x6B9F47D: call_init.part.0 (dl-init.c:70)
==5339==    by 0x6B9F567: call_init (dl-init.c:33)
==5339==    by 0x6B9F567: _dl_init (dl-init.c:117)
==5339==    by 0x78ADBB4: _dl_catch_exception (dl-error-skeleton.c:182)
==5339==    by 0x6BA6FF5: dl_open_worker (dl-open.c:808)
==5339==    by 0x6BA6FF5: dl_open_worker (dl-open.c:771)
==5339==    by 0x78ADB57: _dl_catch_exception (dl-error-skeleton.c:208)
==5339==    by 0x6BA734D: _dl_open (dl-open.c:883)
==5339==    by 0x77C95FB: dlopen_doit (dlopen.c:56)
==5339== 
==5339== 14 bytes in 1 blocks are possibly lost in loss record 194 of 425
==5339==    at 0x73E1899: malloc (in /mnt/c/Users/guido/ghq/projects/rustdom/.tools/valgrind/usr/libexec/valgrind/vgpreload_memcheck-amd64-linux.so)
==5339==    by 0x232478C2: _RNvXs0_NvMs_NtNtCs6i54tJFfzR_5alloc3ffi5c_strNtBa_7CString3newReNtB5_11SpecNewImpl13spec_new_impl (in /home/guido/rustdom-selection-validation-cQnQbx/dist/rustdom.node)
==5339==    by 0x231F177F: _RNvMs2_NtNtCs4QMHp0v7l6B_4napi9js_values15object_propertyNtB5_8Property14with_utf8_name (in /home/guido/rustdom-selection-validation-cQnQbx/dist/rustdom.node)
==5339==    by 0x2318FA97: _RNvNvNtNtNtCs3Ir8cfnU9oH_7rustdom3dom4tree32___napi_impl_helper_NativeTree_1736___napi_register__NativeTree_impl_44320___ctor_private_inner (in /home/guido/rustdom-selection-validation-cQnQbx/dist/rustdom.node)
==5339==    by 0x231B5535: _RNvNvNvNvNtNtNtCs3Ir8cfnU9oH_7rustdom3dom4tree32___napi_impl_helper_NativeTree_1736___napi_register__NativeTree_impl_4431__18___CTOR_PRIVATE_REF14___ctor_private (in /home/guido/rustdom-selection-validation-cQnQbx/dist/rustdom.node)
==5339==    by 0x6B9F47D: call_init.part.0 (dl-init.c:70)
==5339==    by 0x6B9F567: call_init (dl-init.c:33)
==5339==    by 0x6B9F567: _dl_init (dl-init.c:117)
==5339==    by 0x78ADBB4: _dl_catch_exception (dl-error-skeleton.c:182)
==5339==    by 0x6BA6FF5: dl_open_worker (dl-open.c:808)
==5339==    by 0x6BA6FF5: dl_open_worker (dl-open.c:771)
==5339==    by 0x78ADB57: _dl_catch_exception (dl-error-skeleton.c:208)
==5339==    by 0x6BA734D: _dl_open (dl-open.c:883)
==5339==    by 0x77C95FB: dlopen_doit (dlopen.c:56)
==5339== 
==5339== 14 bytes in 1 blocks are possibly lost in loss record 195 of 425
==5339==    at 0x73E1899: malloc (in /mnt/c/Users/guido/ghq/projects/rustdom/.tools/valgrind/usr/libexec/valgrind/vgpreload_memcheck-amd64-linux.so)
==5339==    by 0x232478C2: _RNvXs0_NvMs_NtNtCs6i54tJFfzR_5alloc3ffi5c_strNtBa_7CString3newReNtB5_11SpecNewImpl13spec_new_impl (in /home/guido/rustdom-selection-validation-cQnQbx/dist/rustdom.node)
==5339==    by 0x231F177F: _RNvMs2_NtNtCs4QMHp0v7l6B_4napi9js_values15object_propertyNtB5_8Property14with_utf8_name (in /home/guido/rustdom-selection-validation-cQnQbx/dist/rustdom.node)
==5339==    by 0x231909F1: _RNvNvNtNtNtCs3Ir8cfnU9oH_7rustdom3dom4tree32___napi_impl_helper_NativeTree_1736___napi_register__NativeTree_impl_44320___ctor_private_inner (in /home/guido/rustdom-selection-validation-cQnQbx/dist/rustdom.node)
==5339==    by 0x231B5535: _RNvNvNvNvNtNtNtCs3Ir8cfnU9oH_7rustdom3dom4tree32___napi_impl_helper_NativeTree_1736___napi_register__NativeTree_impl_4431__18___CTOR_PRIVATE_REF14___ctor_private (in /home/guido/rustdom-selection-validation-cQnQbx/dist/rustdom.node)
==5339==    by 0x6B9F47D: call_init.part.0 (dl-init.c:70)
==5339==    by 0x6B9F567: call_init (dl-init.c:33)
==5339==    by 0x6B9F567: _dl_init (dl-init.c:117)
==5339==    by 0x78ADBB4: _dl_catch_exception (dl-error-skeleton.c:182)
==5339==    by 0x6BA6FF5: dl_open_worker (dl-open.c:808)
==5339==    by 0x6BA6FF5: dl_open_worker (dl-open.c:771)
==5339==    by 0x78ADB57: _dl_catch_exception (dl-error-skeleton.c:208)
==5339==    by 0x6BA734D: _dl_open (dl-open.c:883)
==5339==    by 0x77C95FB: dlopen_doit (dlopen.c:56)
==5339== 
==5339== 14 bytes in 1 blocks are possibly lost in loss record 196 of 425
==5339==    at 0x73E1899: malloc (in /mnt/c/Users/guido/ghq/projects/rustdom/.tools/valgrind/usr/libexec/valgrind/vgpreload_memcheck-amd64-linux.so)
==5339==    by 0x232478C2: _RNvXs0_NvMs_NtNtCs6i54tJFfzR_5alloc3ffi5c_strNtBa_7CString3newReNtB5_11SpecNewImpl13spec_new_impl (in /home/guido/rustdom-selection-validation-cQnQbx/dist/rustdom.node)
==5339==    by 0x231F177F: _RNvMs2_NtNtCs4QMHp0v7l6B_4napi9js_values15object_propertyNtB5_8Property14with_utf8_name (in /home/guido/rustdom-selection-validation-cQnQbx/dist/rustdom.node)
==5339==    by 0x231B5B7E: _RNvNvNvNvNtNtNtCs3Ir8cfnU9oH_7rustdom3xml7binding37___napi_impl_helper_NativeXmlParser_2241___napi_register__NativeXmlParser_impl_4941__18___CTOR_PRIVATE_REF14___ctor_private (in /home/guido/rustdom-selection-validation-cQnQbx/dist/rustdom.node)
==5339==    by 0x6B9F47D: call_init.part.0 (dl-init.c:70)
==5339==    by 0x6B9F567: call_init (dl-init.c:33)
==5339==    by 0x6B9F567: _dl_init (dl-init.c:117)
==5339==    by 0x78ADBB4: _dl_catch_exception (dl-error-skeleton.c:182)
==5339==    by 0x6BA6FF5: dl_open_worker (dl-open.c:808)
==5339==    by 0x6BA6FF5: dl_open_worker (dl-open.c:771)
==5339==    by 0x78ADB57: _dl_catch_exception (dl-error-skeleton.c:208)
==5339==    by 0x6BA734D: _dl_open (dl-open.c:883)
==5339==    by 0x77C95FB: dlopen_doit (dlopen.c:56)
==5339==    by 0x78ADB57: _dl_catch_exception (dl-error-skeleton.c:208)
==5339== 
==5339== 15 bytes in 1 blocks are possibly lost in loss record 197 of 425
==5339==    at 0x73E1899: malloc (in /mnt/c/Users/guido/ghq/projects/rustdom/.tools/valgrind/usr/libexec/valgrind/vgpreload_memcheck-amd64-linux.so)
==5339==    by 0x232478C2: _RNvXs0_NvMs_NtNtCs6i54tJFfzR_5alloc3ffi5c_strNtBa_7CString3newReNtB5_11SpecNewImpl13spec_new_impl (in /home/guido/rustdom-selection-validation-cQnQbx/dist/rustdom.node)
==5339==    by 0x231F177F: _RNvMs2_NtNtCs4QMHp0v7l6B_4napi9js_values15object_propertyNtB5_8Property14with_utf8_name (in /home/guido/rustdom-selection-validation-cQnQbx/dist/rustdom.node)
==5339==    by 0x231A298A: _RNvNvNvNvNtNtNtCs3Ir8cfnU9oH_7rustdom3dom19abort_state_binding37___napi_impl_helper_NativeAbortState_041___napi_register__NativeAbortState_impl_201__18___CTOR_PRIVATE_REF14___ctor_private (in /home/guido/rustdom-selection-validation-cQnQbx/dist/rustdom.node)
==5339==    by 0x6B9F47D: call_init.part.0 (dl-init.c:70)
==5339==    by 0x6B9F567: call_init (dl-init.c:33)
==5339==    by 0x6B9F567: _dl_init (dl-init.c:117)
==5339==    by 0x78ADBB4: _dl_catch_exception (dl-error-skeleton.c:182)
==5339==    by 0x6BA6FF5: dl_open_worker (dl-open.c:808)
==5339==    by 0x6BA6FF5: dl_open_worker (dl-open.c:771)
==5339==    by 0x78ADB57: _dl_catch_exception (dl-error-skeleton.c:208)
==5339==    by 0x6BA734D: _dl_open (dl-open.c:883)
==5339==    by 0x77C95FB: dlopen_doit (dlopen.c:56)
==5339==    by 0x78ADB57: _dl_catch_exception (dl-error-skeleton.c:208)
==5339== 
==5339== 15 bytes in 1 blocks are possibly lost in loss record 198 of 425
==5339==    at 0x73E1899: malloc (in /mnt/c/Users/guido/ghq/projects/rustdom/.tools/valgrind/usr/libexec/valgrind/vgpreload_memcheck-amd64-linux.so)
==5339==    by 0x232478C2: _RNvXs0_NvMs_NtNtCs6i54tJFfzR_5alloc3ffi5c_strNtBa_7CString3newReNtB5_11SpecNewImpl13spec_new_impl (in /home/guido/rustdom-selection-validation-cQnQbx/dist/rustdom.node)
==5339==    by 0x231F177F: _RNvMs2_NtNtCs4QMHp0v7l6B_4napi9js_values15object_propertyNtB5_8Property14with_utf8_name (in /home/guido/rustdom-selection-validation-cQnQbx/dist/rustdom.node)
==5339==    by 0x231A45B0: _RNvNvNvNvNtNtNtCs3Ir8cfnU9oH_7rustdom3dom19event_state_binding37___napi_impl_helper_NativeEventState_442___napi_register__NativeEventState_impl_1041__18___CTOR_PRIVATE_REF14___ctor_private (in /home/guido/rustdom-selection-validation-cQnQbx/dist/rustdom.node)
==5339==    by 0x6B9F47D: call_init.part.0 (dl-init.c:70)
==5339==    by 0x6B9F567: call_init (dl-init.c:33)
==5339==    by 0x6B9F567: _dl_init (dl-init.c:117)
==5339==    by 0x78ADBB4: _dl_catch_exception (dl-error-skeleton.c:182)
==5339==    by 0x6BA6FF5: dl_open_worker (dl-open.c:808)
==5339==    by 0x6BA6FF5: dl_open_worker (dl-open.c:771)
==5339==    by 0x78ADB57: _dl_catch_exception (dl-error-skeleton.c:208)
==5339==    by 0x6BA734D: _dl_open (dl-open.c:883)
==5339==    by 0x77C95FB: dlopen_doit (dlopen.c:56)
==5339==    by 0x78ADB57: _dl_catch_exception (dl-error-skeleton.c:208)
==5339== 
==5339== 15 bytes in 1 blocks are possibly lost in loss record 199 of 425
==5339==    at 0x73E1899: malloc (in /mnt/c/Users/guido/ghq/projects/rustdom/.tools/valgrind/usr/libexec/valgrind/vgpreload_memcheck-amd64-linux.so)
==5339==    by 0x232478C2: _RNvXs0_NvMs_NtNtCs6i54tJFfzR_5alloc3ffi5c_strNtBa_7CString3newReNtB5_11SpecNewImpl13spec_new_impl (in /home/guido/rustdom-selection-validation-cQnQbx/dist/rustdom.node)
==5339==    by 0x231F177F: _RNvMs2_NtNtCs4QMHp0v7l6B_4napi9js_values15object_propertyNtB5_8Property14with_utf8_name (in /home/guido/rustdom-selection-validation-cQnQbx/dist/rustdom.node)
==5339==    by 0x231A49C8: _RNvNvNvNvNtNtNtCs3Ir8cfnU9oH_7rustdom3dom19event_state_binding37___napi_impl_helper_NativeEventState_442___napi_register__NativeEventState_impl_1041__18___CTOR_PRIVATE_REF14___ctor_private (in /home/guido/rustdom-selection-validation-cQnQbx/dist/rustdom.node)
==5339==    by 0x6B9F47D: call_init.part.0 (dl-init.c:70)
==5339==    by 0x6B9F567: call_init (dl-init.c:33)
==5339==    by 0x6B9F567: _dl_init (dl-init.c:117)
==5339==    by 0x78ADBB4: _dl_catch_exception (dl-error-skeleton.c:182)
==5339==    by 0x6BA6FF5: dl_open_worker (dl-open.c:808)
==5339==    by 0x6BA6FF5: dl_open_worker (dl-open.c:771)
==5339==    by 0x78ADB57: _dl_catch_exception (dl-error-skeleton.c:208)
==5339==    by 0x6BA734D: _dl_open (dl-open.c:883)
==5339==    by 0x77C95FB: dlopen_doit (dlopen.c:56)
==5339==    by 0x78ADB57: _dl_catch_exception (dl-error-skeleton.c:208)
==5339== 
==5339== 15 bytes in 1 blocks are possibly lost in loss record 200 of 425
==5339==    at 0x73E1899: malloc (in /mnt/c/Users/guido/ghq/projects/rustdom/.tools/valgrind/usr/libexec/valgrind/vgpreload_memcheck-amd64-linux.so)
==5339==    by 0x232478C2: _RNvXs0_NvMs_NtNtCs6i54tJFfzR_5alloc3ffi5c_strNtBa_7CString3newReNtB5_11SpecNewImpl13spec_new_impl (in /home/guido/rustdom-selection-validation-cQnQbx/dist/rustdom.node)
==5339==    by 0x231F177F: _RNvMs2_NtNtCs4QMHp0v7l6B_4napi9js_values15object_propertyNtB5_8Property14with_utf8_name (in /home/guido/rustdom-selection-validation-cQnQbx/dist/rustdom.node)
==5339==    by 0x231A4DE0: _RNvNvNvNvNtNtNtCs3Ir8cfnU9oH_7rustdom3dom19event_state_binding37___napi_impl_helper_NativeEventState_442___napi_register__NativeEventState_impl_1041__18___CTOR_PRIVATE_REF14___ctor_private (in /home/guido/rustdom-selection-validation-cQnQbx/dist/rustdom.node)
==5339==    by 0x6B9F47D: call_init.part.0 (dl-init.c:70)
==5339==    by 0x6B9F567: call_init (dl-init.c:33)
==5339==    by 0x6B9F567: _dl_init (dl-init.c:117)
==5339==    by 0x78ADBB4: _dl_catch_exception (dl-error-skeleton.c:182)
==5339==    by 0x6BA6FF5: dl_open_worker (dl-open.c:808)
==5339==    by 0x6BA6FF5: dl_open_worker (dl-open.c:771)
==5339==    by 0x78ADB57: _dl_catch_exception (dl-error-skeleton.c:208)
==5339==    by 0x6BA734D: _dl_open (dl-open.c:883)
==5339==    by 0x77C95FB: dlopen_doit (dlopen.c:56)
==5339==    by 0x78ADB57: _dl_catch_exception (dl-error-skeleton.c:208)
==5339== 
==5339== 15 bytes in 1 blocks are possibly lost in loss record 201 of 425
==5339==    at 0x73E1899: malloc (in /mnt/c/Users/guido/ghq/projects/rustdom/.tools/valgrind/usr/libexec/valgrind/vgpreload_memcheck-amd64-linux.so)
==5339==    by 0x232478C2: _RNvXs0_NvMs_NtNtCs6i54tJFfzR_5alloc3ffi5c_strNtBa_7CString3newReNtB5_11SpecNewImpl13spec_new_impl (in /home/guido/rustdom-selection-validation-cQnQbx/dist/rustdom.node)
==5339==    by 0x231F177F: _RNvMs2_NtNtCs4QMHp0v7l6B_4napi9js_values15object_propertyNtB5_8Property14with_utf8_name (in /home/guido/rustdom-selection-validation-cQnQbx/dist/rustdom.node)
==5339==    by 0x231A51F8: _RNvNvNvNvNtNtNtCs3Ir8cfnU9oH_7rustdom3dom19event_state_binding37___napi_impl_helper_NativeEventState_442___napi_register__NativeEventState_impl_1041__18___CTOR_PRIVATE_REF14___ctor_private (in /home/guido/rustdom-selection-validation-cQnQbx/dist/rustdom.node)
==5339==    by 0x6B9F47D: call_init.part.0 (dl-init.c:70)
==5339==    by 0x6B9F567: call_init (dl-init.c:33)
==5339==    by 0x6B9F567: _dl_init (dl-init.c:117)
==5339==    by 0x78ADBB4: _dl_catch_exception (dl-error-skeleton.c:182)
==5339==    by 0x6BA6FF5: dl_open_worker (dl-open.c:808)
==5339==    by 0x6BA6FF5: dl_open_worker (dl-open.c:771)
==5339==    by 0x78ADB57: _dl_catch_exception (dl-error-skeleton.c:208)
==5339==    by 0x6BA734D: _dl_open (dl-open.c:883)
==5339==    by 0x77C95FB: dlopen_doit (dlopen.c:56)
==5339==    by 0x78ADB57: _dl_catch_exception (dl-error-skeleton.c:208)
==5339== 
==5339== 15 bytes in 1 blocks are possibly lost in loss record 202 of 425
==5339==    at 0x73E1899: malloc (in /mnt/c/Users/guido/ghq/projects/rustdom/.tools/valgrind/usr/libexec/valgrind/vgpreload_memcheck-amd64-linux.so)
==5339==    by 0x232478C2: _RNvXs0_NvMs_NtNtCs6i54tJFfzR_5alloc3ffi5c_strNtBa_7CString3newReNtB5_11SpecNewImpl13spec_new_impl (in /home/guido/rustdom-selection-validation-cQnQbx/dist/rustdom.node)
==5339==    by 0x231F177F: _RNvMs2_NtNtCs4QMHp0v7l6B_4napi9js_values15object_propertyNtB5_8Property14with_utf8_name (in /home/guido/rustdom-selection-validation-cQnQbx/dist/rustdom.node)
==5339==    by 0x231B2897: _RNvNvNvNvNtNtNtCs3Ir8cfnU9oH_7rustdom3dom25observer_delivery_binding43___napi_impl_helper_NativeObserverDelivery_848___napi_register__NativeObserverDelivery_impl_1721__18___CTOR_PRIVATE_REF14___ctor_private (in /home/guido/rustdom-selection-validation-cQnQbx/dist/rustdom.node)
==5339==    by 0x6B9F47D: call_init.part.0 (dl-init.c:70)
==5339==    by 0x6B9F567: call_init (dl-init.c:33)
==5339==    by 0x6B9F567: _dl_init (dl-init.c:117)
==5339==    by 0x78ADBB4: _dl_catch_exception (dl-error-skeleton.c:182)
==5339==    by 0x6BA6FF5: dl_open_worker (dl-open.c:808)
==5339==    by 0x6BA6FF5: dl_open_worker (dl-open.c:771)
==5339==    by 0x78ADB57: _dl_catch_exception (dl-error-skeleton.c:208)
==5339==    by 0x6BA734D: _dl_open (dl-open.c:883)
==5339==    by 0x77C95FB: dlopen_doit (dlopen.c:56)
==5339==    by 0x78ADB57: _dl_catch_exception (dl-error-skeleton.c:208)
==5339== 
==5339== 15 bytes in 1 blocks are possibly lost in loss record 203 of 425
==5339==    at 0x73E1899: malloc (in /mnt/c/Users/guido/ghq/projects/rustdom/.tools/valgrind/usr/libexec/valgrind/vgpreload_memcheck-amd64-linux.so)
==5339==    by 0x232478C2: _RNvXs0_NvMs_NtNtCs6i54tJFfzR_5alloc3ffi5c_strNtBa_7CString3newReNtB5_11SpecNewImpl13spec_new_impl (in /home/guido/rustdom-selection-validation-cQnQbx/dist/rustdom.node)
==5339==    by 0x231F177F: _RNvMs2_NtNtCs4QMHp0v7l6B_4napi9js_values15object_propertyNtB5_8Property14with_utf8_name (in /home/guido/rustdom-selection-validation-cQnQbx/dist/rustdom.node)
==5339==    by 0x231B3CD7: _RNvNvNvNvNtNtNtCs3Ir8cfnU9oH_7rustdom3dom4tree32___napi_impl_helper_NativeTree_1636___napi_register__NativeTree_impl_3101__18___CTOR_PRIVATE_REF14___ctor_private (in /home/guido/rustdom-selection-validation-cQnQbx/dist/rustdom.node)
==5339==    by 0x6B9F47D: call_init.part.0 (dl-init.c:70)
==5339==    by 0x6B9F567: call_init (dl-init.c:33)
==5339==    by 0x6B9F567: _dl_init (dl-init.c:117)
==5339==    by 0x78ADBB4: _dl_catch_exception (dl-error-skeleton.c:182)
==5339==    by 0x6BA6FF5: dl_open_worker (dl-open.c:808)
==5339==    by 0x6BA6FF5: dl_open_worker (dl-open.c:771)
==5339==    by 0x78ADB57: _dl_catch_exception (dl-error-skeleton.c:208)
==5339==    by 0x6BA734D: _dl_open (dl-open.c:883)
==5339==    by 0x77C95FB: dlopen_doit (dlopen.c:56)
==5339==    by 0x78ADB57: _dl_catch_exception (dl-error-skeleton.c:208)
==5339== 
==5339== 15 bytes in 1 blocks are possibly lost in loss record 204 of 425
==5339==    at 0x73E1899: malloc (in /mnt/c/Users/guido/ghq/projects/rustdom/.tools/valgrind/usr/libexec/valgrind/vgpreload_memcheck-amd64-linux.so)
==5339==    by 0x232478C2: _RNvXs0_NvMs_NtNtCs6i54tJFfzR_5alloc3ffi5c_strNtBa_7CString3newReNtB5_11SpecNewImpl13spec_new_impl (in /home/guido/rustdom-selection-validation-cQnQbx/dist/rustdom.node)
==5339==    by 0x231F177F: _RNvMs2_NtNtCs4QMHp0v7l6B_4napi9js_values15object_propertyNtB5_8Property14with_utf8_name (in /home/guido/rustdom-selection-validation-cQnQbx/dist/rustdom.node)
==5339==    by 0x23189222: _RNvNvNtNtNtCs3Ir8cfnU9oH_7rustdom3dom4tree32___napi_impl_helper_NativeTree_1736___napi_register__NativeTree_impl_44320___ctor_private_inner (in /home/guido/rustdom-selection-validation-cQnQbx/dist/rustdom.node)
==5339==    by 0x231B5535: _RNvNvNvNvNtNtNtCs3Ir8cfnU9oH_7rustdom3dom4tree32___napi_impl_helper_NativeTree_1736___napi_register__NativeTree_impl_4431__18___CTOR_PRIVATE_REF14___ctor_private (in /home/guido/rustdom-selection-validation-cQnQbx/dist/rustdom.node)
==5339==    by 0x6B9F47D: call_init.part.0 (dl-init.c:70)
==5339==    by 0x6B9F567: call_init (dl-init.c:33)
==5339==    by 0x6B9F567: _dl_init (dl-init.c:117)
==5339==    by 0x78ADBB4: _dl_catch_exception (dl-error-skeleton.c:182)
==5339==    by 0x6BA6FF5: dl_open_worker (dl-open.c:808)
==5339==    by 0x6BA6FF5: dl_open_worker (dl-open.c:771)
==5339==    by 0x78ADB57: _dl_catch_exception (dl-error-skeleton.c:208)
==5339==    by 0x6BA734D: _dl_open (dl-open.c:883)
==5339==    by 0x77C95FB: dlopen_doit (dlopen.c:56)
==5339== 
==5339== 15 bytes in 1 blocks are possibly lost in loss record 205 of 425
==5339==    at 0x73E1899: malloc (in /mnt/c/Users/guido/ghq/projects/rustdom/.tools/valgrind/usr/libexec/valgrind/vgpreload_memcheck-amd64-linux.so)
==5339==    by 0x232478C2: _RNvXs0_NvMs_NtNtCs6i54tJFfzR_5alloc3ffi5c_strNtBa_7CString3newReNtB5_11SpecNewImpl13spec_new_impl (in /home/guido/rustdom-selection-validation-cQnQbx/dist/rustdom.node)
==5339==    by 0x231F177F: _RNvMs2_NtNtCs4QMHp0v7l6B_4napi9js_values15object_propertyNtB5_8Property14with_utf8_name (in /home/guido/rustdom-selection-validation-cQnQbx/dist/rustdom.node)
==5339==    by 0x23189328: _RNvNvNtNtNtCs3Ir8cfnU9oH_7rustdom3dom4tree32___napi_impl_helper_NativeTree_1736___napi_register__NativeTree_impl_44320___ctor_private_inner (in /home/guido/rustdom-selection-validation-cQnQbx/dist/rustdom.node)
==5339==    by 0x231B5535: _RNvNvNvNvNtNtNtCs3Ir8cfnU9oH_7rustdom3dom4tree32___napi_impl_helper_NativeTree_1736___napi_register__NativeTree_impl_4431__18___CTOR_PRIVATE_REF14___ctor_private (in /home/guido/rustdom-selection-validation-cQnQbx/dist/rustdom.node)
==5339==    by 0x6B9F47D: call_init.part.0 (dl-init.c:70)
==5339==    by 0x6B9F567: call_init (dl-init.c:33)
==5339==    by 0x6B9F567: _dl_init (dl-init.c:117)
==5339==    by 0x78ADBB4: _dl_catch_exception (dl-error-skeleton.c:182)
==5339==    by 0x6BA6FF5: dl_open_worker (dl-open.c:808)
==5339==    by 0x6BA6FF5: dl_open_worker (dl-open.c:771)
==5339==    by 0x78ADB57: _dl_catch_exception (dl-error-skeleton.c:208)
==5339==    by 0x6BA734D: _dl_open (dl-open.c:883)
==5339==    by 0x77C95FB: dlopen_doit (dlopen.c:56)
==5339== 
==5339== 15 bytes in 1 blocks are possibly lost in loss record 206 of 425
==5339==    at 0x73E1899: malloc (in /mnt/c/Users/guido/ghq/projects/rustdom/.tools/valgrind/usr/libexec/valgrind/vgpreload_memcheck-amd64-linux.so)
==5339==    by 0x232478C2: _RNvXs0_NvMs_NtNtCs6i54tJFfzR_5alloc3ffi5c_strNtBa_7CString3newReNtB5_11SpecNewImpl13spec_new_impl (in /home/guido/rustdom-selection-validation-cQnQbx/dist/rustdom.node)
==5339==    by 0x231F177F: _RNvMs2_NtNtCs4QMHp0v7l6B_4napi9js_values15object_propertyNtB5_8Property14with_utf8_name (in /home/guido/rustdom-selection-validation-cQnQbx/dist/rustdom.node)
==5339==    by 0x23189534: _RNvNvNtNtNtCs3Ir8cfnU9oH_7rustdom3dom4tree32___napi_impl_helper_NativeTree_1736___napi_register__NativeTree_impl_44320___ctor_private_inner (in /home/guido/rustdom-selection-validation-cQnQbx/dist/rustdom.node)
==5339==    by 0x231B5535: _RNvNvNvNvNtNtNtCs3Ir8cfnU9oH_7rustdom3dom4tree32___napi_impl_helper_NativeTree_1736___napi_register__NativeTree_impl_4431__18___CTOR_PRIVATE_REF14___ctor_private (in /home/guido/rustdom-selection-validation-cQnQbx/dist/rustdom.node)
==5339==    by 0x6B9F47D: call_init.part.0 (dl-init.c:70)
==5339==    by 0x6B9F567: call_init (dl-init.c:33)
==5339==    by 0x6B9F567: _dl_init (dl-init.c:117)
==5339==    by 0x78ADBB4: _dl_catch_exception (dl-error-skeleton.c:182)
==5339==    by 0x6BA6FF5: dl_open_worker (dl-open.c:808)
==5339==    by 0x6BA6FF5: dl_open_worker (dl-open.c:771)
==5339==    by 0x78ADB57: _dl_catch_exception (dl-error-skeleton.c:208)
==5339==    by 0x6BA734D: _dl_open (dl-open.c:883)
==5339==    by 0x77C95FB: dlopen_doit (dlopen.c:56)
==5339== 
==5339== 15 bytes in 1 blocks are possibly lost in loss record 207 of 425
==5339==    at 0x73E1899: malloc (in /mnt/c/Users/guido/ghq/projects/rustdom/.tools/valgrind/usr/libexec/valgrind/vgpreload_memcheck-amd64-linux.so)
==5339==    by 0x232478C2: _RNvXs0_NvMs_NtNtCs6i54tJFfzR_5alloc3ffi5c_strNtBa_7CString3newReNtB5_11SpecNewImpl13spec_new_impl (in /home/guido/rustdom-selection-validation-cQnQbx/dist/rustdom.node)
==5339==    by 0x231F177F: _RNvMs2_NtNtCs4QMHp0v7l6B_4napi9js_values15object_propertyNtB5_8Property14with_utf8_name (in /home/guido/rustdom-selection-validation-cQnQbx/dist/rustdom.node)
==5339==    by 0x2318963A: _RNvNvNtNtNtCs3Ir8cfnU9oH_7rustdom3dom4tree32___napi_impl_helper_NativeTree_1736___napi_register__NativeTree_impl_44320___ctor_private_inner (in /home/guido/rustdom-selection-validation-cQnQbx/dist/rustdom.node)
==5339==    by 0x231B5535: _RNvNvNvNvNtNtNtCs3Ir8cfnU9oH_7rustdom3dom4tree32___napi_impl_helper_NativeTree_1736___napi_register__NativeTree_impl_4431__18___CTOR_PRIVATE_REF14___ctor_private (in /home/guido/rustdom-selection-validation-cQnQbx/dist/rustdom.node)
==5339==    by 0x6B9F47D: call_init.part.0 (dl-init.c:70)
==5339==    by 0x6B9F567: call_init (dl-init.c:33)
==5339==    by 0x6B9F567: _dl_init (dl-init.c:117)
==5339==    by 0x78ADBB4: _dl_catch_exception (dl-error-skeleton.c:182)
==5339==    by 0x6BA6FF5: dl_open_worker (dl-open.c:808)
==5339==    by 0x6BA6FF5: dl_open_worker (dl-open.c:771)
==5339==    by 0x78ADB57: _dl_catch_exception (dl-error-skeleton.c:208)
==5339==    by 0x6BA734D: _dl_open (dl-open.c:883)
==5339==    by 0x77C95FB: dlopen_doit (dlopen.c:56)
==5339== 
==5339== 15 bytes in 1 blocks are possibly lost in loss record 208 of 425
==5339==    at 0x73E1899: malloc (in /mnt/c/Users/guido/ghq/projects/rustdom/.tools/valgrind/usr/libexec/valgrind/vgpreload_memcheck-amd64-linux.so)
==5339==    by 0x232478C2: _RNvXs0_NvMs_NtNtCs6i54tJFfzR_5alloc3ffi5c_strNtBa_7CString3newReNtB5_11SpecNewImpl13spec_new_impl (in /home/guido/rustdom-selection-validation-cQnQbx/dist/rustdom.node)
==5339==    by 0x231F177F: _RNvMs2_NtNtCs4QMHp0v7l6B_4napi9js_values15object_propertyNtB5_8Property14with_utf8_name (in /home/guido/rustdom-selection-validation-cQnQbx/dist/rustdom.node)
==5339==    by 0x23189A52: _RNvNvNtNtNtCs3Ir8cfnU9oH_7rustdom3dom4tree32___napi_impl_helper_NativeTree_1736___napi_register__NativeTree_impl_44320___ctor_private_inner (in /home/guido/rustdom-selection-validation-cQnQbx/dist/rustdom.node)
==5339==    by 0x231B5535: _RNvNvNvNvNtNtNtCs3Ir8cfnU9oH_7rustdom3dom4tree32___napi_impl_helper_NativeTree_1736___napi_register__NativeTree_impl_4431__18___CTOR_PRIVATE_REF14___ctor_private (in /home/guido/rustdom-selection-validation-cQnQbx/dist/rustdom.node)
==5339==    by 0x6B9F47D: call_init.part.0 (dl-init.c:70)
==5339==    by 0x6B9F567: call_init (dl-init.c:33)
==5339==    by 0x6B9F567: _dl_init (dl-init.c:117)
==5339==    by 0x78ADBB4: _dl_catch_exception (dl-error-skeleton.c:182)
==5339==    by 0x6BA6FF5: dl_open_worker (dl-open.c:808)
==5339==    by 0x6BA6FF5: dl_open_worker (dl-open.c:771)
==5339==    by 0x78ADB57: _dl_catch_exception (dl-error-skeleton.c:208)
==5339==    by 0x6BA734D: _dl_open (dl-open.c:883)
==5339==    by 0x77C95FB: dlopen_doit (dlopen.c:56)
==5339== 
==5339== 15 bytes in 1 blocks are possibly lost in loss record 209 of 425
==5339==    at 0x73E1899: malloc (in /mnt/c/Users/guido/ghq/projects/rustdom/.tools/valgrind/usr/libexec/valgrind/vgpreload_memcheck-amd64-linux.so)
==5339==    by 0x232478C2: _RNvXs0_NvMs_NtNtCs6i54tJFfzR_5alloc3ffi5c_strNtBa_7CString3newReNtB5_11SpecNewImpl13spec_new_impl (in /home/guido/rustdom-selection-validation-cQnQbx/dist/rustdom.node)
==5339==    by 0x231F177F: _RNvMs2_NtNtCs4QMHp0v7l6B_4napi9js_values15object_propertyNtB5_8Property14with_utf8_name (in /home/guido/rustdom-selection-validation-cQnQbx/dist/rustdom.node)
==5339==    by 0x2318D4B9: _RNvNvNtNtNtCs3Ir8cfnU9oH_7rustdom3dom4tree32___napi_impl_helper_NativeTree_1736___napi_register__NativeTree_impl_44320___ctor_private_inner (in /home/guido/rustdom-selection-validation-cQnQbx/dist/rustdom.node)
==5339==    by 0x231B5535: _RNvNvNvNvNtNtNtCs3Ir8cfnU9oH_7rustdom3dom4tree32___napi_impl_helper_NativeTree_1736___napi_register__NativeTree_impl_4431__18___CTOR_PRIVATE_REF14___ctor_private (in /home/guido/rustdom-selection-validation-cQnQbx/dist/rustdom.node)
==5339==    by 0x6B9F47D: call_init.part.0 (dl-init.c:70)
==5339==    by 0x6B9F567: call_init (dl-init.c:33)
==5339==    by 0x6B9F567: _dl_init (dl-init.c:117)
==5339==    by 0x78ADBB4: _dl_catch_exception (dl-error-skeleton.c:182)
==5339==    by 0x6BA6FF5: dl_open_worker (dl-open.c:808)
==5339==    by 0x6BA6FF5: dl_open_worker (dl-open.c:771)
==5339==    by 0x78ADB57: _dl_catch_exception (dl-error-skeleton.c:208)
==5339==    by 0x6BA734D: _dl_open (dl-open.c:883)
==5339==    by 0x77C95FB: dlopen_doit (dlopen.c:56)
==5339== 
==5339== 15 bytes in 1 blocks are possibly lost in loss record 210 of 425
==5339==    at 0x73E1899: malloc (in /mnt/c/Users/guido/ghq/projects/rustdom/.tools/valgrind/usr/libexec/valgrind/vgpreload_memcheck-amd64-linux.so)
==5339==    by 0x232478C2: _RNvXs0_NvMs_NtNtCs6i54tJFfzR_5alloc3ffi5c_strNtBa_7CString3newReNtB5_11SpecNewImpl13spec_new_impl (in /home/guido/rustdom-selection-validation-cQnQbx/dist/rustdom.node)
==5339==    by 0x231F177F: _RNvMs2_NtNtCs4QMHp0v7l6B_4napi9js_values15object_propertyNtB5_8Property14with_utf8_name (in /home/guido/rustdom-selection-validation-cQnQbx/dist/rustdom.node)
==5339==    by 0x2318EA37: _RNvNvNtNtNtCs3Ir8cfnU9oH_7rustdom3dom4tree32___napi_impl_helper_NativeTree_1736___napi_register__NativeTree_impl_44320___ctor_private_inner (in /home/guido/rustdom-selection-validation-cQnQbx/dist/rustdom.node)
==5339==    by 0x231B5535: _RNvNvNvNvNtNtNtCs3Ir8cfnU9oH_7rustdom3dom4tree32___napi_impl_helper_NativeTree_1736___napi_register__NativeTree_impl_4431__18___CTOR_PRIVATE_REF14___ctor_private (in /home/guido/rustdom-selection-validation-cQnQbx/dist/rustdom.node)
==5339==    by 0x6B9F47D: call_init.part.0 (dl-init.c:70)
==5339==    by 0x6B9F567: call_init (dl-init.c:33)
==5339==    by 0x6B9F567: _dl_init (dl-init.c:117)
==5339==    by 0x78ADBB4: _dl_catch_exception (dl-error-skeleton.c:182)
==5339==    by 0x6BA6FF5: dl_open_worker (dl-open.c:808)
==5339==    by 0x6BA6FF5: dl_open_worker (dl-open.c:771)
==5339==    by 0x78ADB57: _dl_catch_exception (dl-error-skeleton.c:208)
==5339==    by 0x6BA734D: _dl_open (dl-open.c:883)
==5339==    by 0x77C95FB: dlopen_doit (dlopen.c:56)
==5339== 
==5339== 15 bytes in 1 blocks are possibly lost in loss record 211 of 425
==5339==    at 0x73E1899: malloc (in /mnt/c/Users/guido/ghq/projects/rustdom/.tools/valgrind/usr/libexec/valgrind/vgpreload_memcheck-amd64-linux.so)
==5339==    by 0x232478C2: _RNvXs0_NvMs_NtNtCs6i54tJFfzR_5alloc3ffi5c_strNtBa_7CString3newReNtB5_11SpecNewImpl13spec_new_impl (in /home/guido/rustdom-selection-validation-cQnQbx/dist/rustdom.node)
==5339==    by 0x231F177F: _RNvMs2_NtNtCs4QMHp0v7l6B_4napi9js_values15object_propertyNtB5_8Property14with_utf8_name (in /home/guido/rustdom-selection-validation-cQnQbx/dist/rustdom.node)
==5339==    by 0x2318F67F: _RNvNvNtNtNtCs3Ir8cfnU9oH_7rustdom3dom4tree32___napi_impl_helper_NativeTree_1736___napi_register__NativeTree_impl_44320___ctor_private_inner (in /home/guido/rustdom-selection-validation-cQnQbx/dist/rustdom.node)
==5339==    by 0x231B5535: _RNvNvNvNvNtNtNtCs3Ir8cfnU9oH_7rustdom3dom4tree32___napi_impl_helper_NativeTree_1736___napi_register__NativeTree_impl_4431__18___CTOR_PRIVATE_REF14___ctor_private (in /home/guido/rustdom-selection-validation-cQnQbx/dist/rustdom.node)
==5339==    by 0x6B9F47D: call_init.part.0 (dl-init.c:70)
==5339==    by 0x6B9F567: call_init (dl-init.c:33)
==5339==    by 0x6B9F567: _dl_init (dl-init.c:117)
==5339==    by 0x78ADBB4: _dl_catch_exception (dl-error-skeleton.c:182)
==5339==    by 0x6BA6FF5: dl_open_worker (dl-open.c:808)
==5339==    by 0x6BA6FF5: dl_open_worker (dl-open.c:771)
==5339==    by 0x78ADB57: _dl_catch_exception (dl-error-skeleton.c:208)
==5339==    by 0x6BA734D: _dl_open (dl-open.c:883)
==5339==    by 0x77C95FB: dlopen_doit (dlopen.c:56)
==5339== 
==5339== 16 bytes in 1 blocks are possibly lost in loss record 212 of 425
==5339==    at 0x73E1899: malloc (in /mnt/c/Users/guido/ghq/projects/rustdom/.tools/valgrind/usr/libexec/valgrind/vgpreload_memcheck-amd64-linux.so)
==5339==    by 0x232478C2: _RNvXs0_NvMs_NtNtCs6i54tJFfzR_5alloc3ffi5c_strNtBa_7CString3newReNtB5_11SpecNewImpl13spec_new_impl (in /home/guido/rustdom-selection-validation-cQnQbx/dist/rustdom.node)
==5339==    by 0x231F177F: _RNvMs2_NtNtCs4QMHp0v7l6B_4napi9js_values15object_propertyNtB5_8Property14with_utf8_name (in /home/guido/rustdom-selection-validation-cQnQbx/dist/rustdom.node)
==5339==    by 0x231A2260: _RNvNvNvNvNtNtNtCs3Ir8cfnU9oH_7rustdom3dom19abort_state_binding37___napi_impl_helper_NativeAbortState_041___napi_register__NativeAbortState_impl_201__18___CTOR_PRIVATE_REF14___ctor_private (in /home/guido/rustdom-selection-validation-cQnQbx/dist/rustdom.node)
==5339==    by 0x6B9F47D: call_init.part.0 (dl-init.c:70)
==5339==    by 0x6B9F567: call_init (dl-init.c:33)
==5339==    by 0x6B9F567: _dl_init (dl-init.c:117)
==5339==    by 0x78ADBB4: _dl_catch_exception (dl-error-skeleton.c:182)
==5339==    by 0x6BA6FF5: dl_open_worker (dl-open.c:808)
==5339==    by 0x6BA6FF5: dl_open_worker (dl-open.c:771)
==5339==    by 0x78ADB57: _dl_catch_exception (dl-error-skeleton.c:208)
==5339==    by 0x6BA734D: _dl_open (dl-open.c:883)
==5339==    by 0x77C95FB: dlopen_doit (dlopen.c:56)
==5339==    by 0x78ADB57: _dl_catch_exception (dl-error-skeleton.c:208)
==5339== 
==5339== 16 bytes in 1 blocks are possibly lost in loss record 213 of 425
==5339==    at 0x73E1899: malloc (in /mnt/c/Users/guido/ghq/projects/rustdom/.tools/valgrind/usr/libexec/valgrind/vgpreload_memcheck-amd64-linux.so)
==5339==    by 0x232478C2: _RNvXs0_NvMs_NtNtCs6i54tJFfzR_5alloc3ffi5c_strNtBa_7CString3newReNtB5_11SpecNewImpl13spec_new_impl (in /home/guido/rustdom-selection-validation-cQnQbx/dist/rustdom.node)
==5339==    by 0x231F177F: _RNvMs2_NtNtCs4QMHp0v7l6B_4napi9js_values15object_propertyNtB5_8Property14with_utf8_name (in /home/guido/rustdom-selection-validation-cQnQbx/dist/rustdom.node)
==5339==    by 0x231A2678: _RNvNvNvNvNtNtNtCs3Ir8cfnU9oH_7rustdom3dom19abort_state_binding37___napi_impl_helper_NativeAbortState_041___napi_register__NativeAbortState_impl_201__18___CTOR_PRIVATE_REF14___ctor_private (in /home/guido/rustdom-selection-validation-cQnQbx/dist/rustdom.node)
==5339==    by 0x6B9F47D: call_init.part.0 (dl-init.c:70)
==5339==    by 0x6B9F567: call_init (dl-init.c:33)
==5339==    by 0x6B9F567: _dl_init (dl-init.c:117)
==5339==    by 0x78ADBB4: _dl_catch_exception (dl-error-skeleton.c:182)
==5339==    by 0x6BA6FF5: dl_open_worker (dl-open.c:808)
==5339==    by 0x6BA6FF5: dl_open_worker (dl-open.c:771)
==5339==    by 0x78ADB57: _dl_catch_exception (dl-error-skeleton.c:208)
==5339==    by 0x6BA734D: _dl_open (dl-open.c:883)
==5339==    by 0x77C95FB: dlopen_doit (dlopen.c:56)
==5339==    by 0x78ADB57: _dl_catch_exception (dl-error-skeleton.c:208)
==5339== 
==5339== 16 bytes in 1 blocks are possibly lost in loss record 214 of 425
==5339==    at 0x73E1899: malloc (in /mnt/c/Users/guido/ghq/projects/rustdom/.tools/valgrind/usr/libexec/valgrind/vgpreload_memcheck-amd64-linux.so)
==5339==    by 0x232478C2: _RNvXs0_NvMs_NtNtCs6i54tJFfzR_5alloc3ffi5c_strNtBa_7CString3newReNtB5_11SpecNewImpl13spec_new_impl (in /home/guido/rustdom-selection-validation-cQnQbx/dist/rustdom.node)
==5339==    by 0x231F177F: _RNvMs2_NtNtCs4QMHp0v7l6B_4napi9js_values15object_propertyNtB5_8Property14with_utf8_name (in /home/guido/rustdom-selection-validation-cQnQbx/dist/rustdom.node)
==5339==    by 0x231A2B96: _RNvNvNvNvNtNtNtCs3Ir8cfnU9oH_7rustdom3dom19abort_state_binding37___napi_impl_helper_NativeAbortState_041___napi_register__NativeAbortState_impl_201__18___CTOR_PRIVATE_REF14___ctor_private (in /home/guido/rustdom-selection-validation-cQnQbx/dist/rustdom.node)
==5339==    by 0x6B9F47D: call_init.part.0 (dl-init.c:70)
==5339==    by 0x6B9F567: call_init (dl-init.c:33)
==5339==    by 0x6B9F567: _dl_init (dl-init.c:117)
==5339==    by 0x78ADBB4: _dl_catch_exception (dl-error-skeleton.c:182)
==5339==    by 0x6BA6FF5: dl_open_worker (dl-open.c:808)
==5339==    by 0x6BA6FF5: dl_open_worker (dl-open.c:771)
==5339==    by 0x78ADB57: _dl_catch_exception (dl-error-skeleton.c:208)
==5339==    by 0x6BA734D: _dl_open (dl-open.c:883)
==5339==    by 0x77C95FB: dlopen_doit (dlopen.c:56)
==5339==    by 0x78ADB57: _dl_catch_exception (dl-error-skeleton.c:208)
==5339== 
==5339== 16 bytes in 1 blocks are possibly lost in loss record 215 of 425
==5339==    at 0x73E1899: malloc (in /mnt/c/Users/guido/ghq/projects/rustdom/.tools/valgrind/usr/libexec/valgrind/vgpreload_memcheck-amd64-linux.so)
==5339==    by 0x232478C2: _RNvXs0_NvMs_NtNtCs6i54tJFfzR_5alloc3ffi5c_strNtBa_7CString3newReNtB5_11SpecNewImpl13spec_new_impl (in /home/guido/rustdom-selection-validation-cQnQbx/dist/rustdom.node)
==5339==    by 0x231F177F: _RNvMs2_NtNtCs4QMHp0v7l6B_4napi9js_values15object_propertyNtB5_8Property14with_utf8_name (in /home/guido/rustdom-selection-validation-cQnQbx/dist/rustdom.node)
==5339==    by 0x231A4CDA: _RNvNvNvNvNtNtNtCs3Ir8cfnU9oH_7rustdom3dom19event_state_binding37___napi_impl_helper_NativeEventState_442___napi_register__NativeEventState_impl_1041__18___CTOR_PRIVATE_REF14___ctor_private (in /home/guido/rustdom-selection-validation-cQnQbx/dist/rustdom.node)
==5339==    by 0x6B9F47D: call_init.part.0 (dl-init.c:70)
==5339==    by 0x6B9F567: call_init (dl-init.c:33)
==5339==    by 0x6B9F567: _dl_init (dl-init.c:117)
==5339==    by 0x78ADBB4: _dl_catch_exception (dl-error-skeleton.c:182)
==5339==    by 0x6BA6FF5: dl_open_worker (dl-open.c:808)
==5339==    by 0x6BA6FF5: dl_open_worker (dl-open.c:771)
==5339==    by 0x78ADB57: _dl_catch_exception (dl-error-skeleton.c:208)
==5339==    by 0x6BA734D: _dl_open (dl-open.c:883)
==5339==    by 0x77C95FB: dlopen_doit (dlopen.c:56)
==5339==    by 0x78ADB57: _dl_catch_exception (dl-error-skeleton.c:208)
==5339== 
==5339== 16 bytes in 1 blocks are possibly lost in loss record 216 of 425
==5339==    at 0x73E1899: malloc (in /mnt/c/Users/guido/ghq/projects/rustdom/.tools/valgrind/usr/libexec/valgrind/vgpreload_memcheck-amd64-linux.so)
==5339==    by 0x232478C2: _RNvXs0_NvMs_NtNtCs6i54tJFfzR_5alloc3ffi5c_strNtBa_7CString3newReNtB5_11SpecNewImpl13spec_new_impl (in /home/guido/rustdom-selection-validation-cQnQbx/dist/rustdom.node)
==5339==    by 0x231F177F: _RNvMs2_NtNtCs4QMHp0v7l6B_4napi9js_values15object_propertyNtB5_8Property14with_utf8_name (in /home/guido/rustdom-selection-validation-cQnQbx/dist/rustdom.node)
==5339==    by 0x231A4FEC: _RNvNvNvNvNtNtNtCs3Ir8cfnU9oH_7rustdom3dom19event_state_binding37___napi_impl_helper_NativeEventState_442___napi_register__NativeEventState_impl_1041__18___CTOR_PRIVATE_REF14___ctor_private (in /home/guido/rustdom-selection-validation-cQnQbx/dist/rustdom.node)
==5339==    by 0x6B9F47D: call_init.part.0 (dl-init.c:70)
==5339==    by 0x6B9F567: call_init (dl-init.c:33)
==5339==    by 0x6B9F567: _dl_init (dl-init.c:117)
==5339==    by 0x78ADBB4: _dl_catch_exception (dl-error-skeleton.c:182)
==5339==    by 0x6BA6FF5: dl_open_worker (dl-open.c:808)
==5339==    by 0x6BA6FF5: dl_open_worker (dl-open.c:771)
==5339==    by 0x78ADB57: _dl_catch_exception (dl-error-skeleton.c:208)
==5339==    by 0x6BA734D: _dl_open (dl-open.c:883)
==5339==    by 0x77C95FB: dlopen_doit (dlopen.c:56)
==5339==    by 0x78ADB57: _dl_catch_exception (dl-error-skeleton.c:208)
==5339== 
==5339== 16 bytes in 1 blocks are possibly lost in loss record 217 of 425
==5339==    at 0x73E1899: malloc (in /mnt/c/Users/guido/ghq/projects/rustdom/.tools/valgrind/usr/libexec/valgrind/vgpreload_memcheck-amd64-linux.so)
==5339==    by 0x232478C2: _RNvXs0_NvMs_NtNtCs6i54tJFfzR_5alloc3ffi5c_strNtBa_7CString3newReNtB5_11SpecNewImpl13spec_new_impl (in /home/guido/rustdom-selection-validation-cQnQbx/dist/rustdom.node)
==5339==    by 0x231F177F: _RNvMs2_NtNtCs4QMHp0v7l6B_4napi9js_values15object_propertyNtB5_8Property14with_utf8_name (in /home/guido/rustdom-selection-validation-cQnQbx/dist/rustdom.node)
==5339==    by 0x231A550A: _RNvNvNvNvNtNtNtCs3Ir8cfnU9oH_7rustdom3dom19event_state_binding37___napi_impl_helper_NativeEventState_442___napi_register__NativeEventState_impl_1041__18___CTOR_PRIVATE_REF14___ctor_private (in /home/guido/rustdom-selection-validation-cQnQbx/dist/rustdom.node)
==5339==    by 0x6B9F47D: call_init.part.0 (dl-init.c:70)
==5339==    by 0x6B9F567: call_init (dl-init.c:33)
==5339==    by 0x6B9F567: _dl_init (dl-init.c:117)
==5339==    by 0x78ADBB4: _dl_catch_exception (dl-error-skeleton.c:182)
==5339==    by 0x6BA6FF5: dl_open_worker (dl-open.c:808)
==5339==    by 0x6BA6FF5: dl_open_worker (dl-open.c:771)
==5339==    by 0x78ADB57: _dl_catch_exception (dl-error-skeleton.c:208)
==5339==    by 0x6BA734D: _dl_open (dl-open.c:883)
==5339==    by 0x77C95FB: dlopen_doit (dlopen.c:56)
==5339==    by 0x78ADB57: _dl_catch_exception (dl-error-skeleton.c:208)
==5339== 
==5339== 16 bytes in 1 blocks are possibly lost in loss record 218 of 425
==5339==    at 0x73E1899: malloc (in /mnt/c/Users/guido/ghq/projects/rustdom/.tools/valgrind/usr/libexec/valgrind/vgpreload_memcheck-amd64-linux.so)
==5339==    by 0x232478C2: _RNvXs0_NvMs_NtNtCs6i54tJFfzR_5alloc3ffi5c_strNtBa_7CString3newReNtB5_11SpecNewImpl13spec_new_impl (in /home/guido/rustdom-selection-validation-cQnQbx/dist/rustdom.node)
==5339==    by 0x231F177F: _RNvMs2_NtNtCs4QMHp0v7l6B_4napi9js_values15object_propertyNtB5_8Property14with_utf8_name (in /home/guido/rustdom-selection-validation-cQnQbx/dist/rustdom.node)
==5339==    by 0x231A9CE6: _RNvNvNvNvNtNtNtCs3Ir8cfnU9oH_7rustdom3dom19range_state_binding33___napi_impl_helper_NativeRange_1137___napi_register__NativeRange_impl_2221__18___CTOR_PRIVATE_REF14___ctor_private (in /home/guido/rustdom-selection-validation-cQnQbx/dist/rustdom.node)
==5339==    by 0x6B9F47D: call_init.part.0 (dl-init.c:70)
==5339==    by 0x6B9F567: call_init (dl-init.c:33)
==5339==    by 0x6B9F567: _dl_init (dl-init.c:117)
==5339==    by 0x78ADBB4: _dl_catch_exception (dl-error-skeleton.c:182)
==5339==    by 0x6BA6FF5: dl_open_worker (dl-open.c:808)
==5339==    by 0x6BA6FF5: dl_open_worker (dl-open.c:771)
==5339==    by 0x78ADB57: _dl_catch_exception (dl-error-skeleton.c:208)
==5339==    by 0x6BA734D: _dl_open (dl-open.c:883)
==5339==    by 0x77C95FB: dlopen_doit (dlopen.c:56)
==5339==    by 0x78ADB57: _dl_catch_exception (dl-error-skeleton.c:208)
==5339== 
==5339== 16 bytes in 1 blocks are possibly lost in loss record 219 of 425
==5339==    at 0x73E1899: malloc (in /mnt/c/Users/guido/ghq/projects/rustdom/.tools/valgrind/usr/libexec/valgrind/vgpreload_memcheck-amd64-linux.so)
==5339==    by 0x232478C2: _RNvXs0_NvMs_NtNtCs6i54tJFfzR_5alloc3ffi5c_strNtBa_7CString3newReNtB5_11SpecNewImpl13spec_new_impl (in /home/guido/rustdom-selection-validation-cQnQbx/dist/rustdom.node)
==5339==    by 0x231F177F: _RNvMs2_NtNtCs4QMHp0v7l6B_4napi9js_values15object_propertyNtB5_8Property14with_utf8_name (in /home/guido/rustdom-selection-validation-cQnQbx/dist/rustdom.node)
==5339==    by 0x231B0B1E: _RNvNvNvNvNtNtNtCs3Ir8cfnU9oH_7rustdom3dom23mutation_record_binding41___napi_impl_helper_NativeMutationRecord_746___napi_register__NativeMutationRecord_impl_1591__18___CTOR_PRIVATE_REF14___ctor_private (in /home/guido/rustdom-selection-validation-cQnQbx/dist/rustdom.node)
==5339==    by 0x6B9F47D: call_init.part.0 (dl-init.c:70)
==5339==    by 0x6B9F567: call_init (dl-init.c:33)
==5339==    by 0x6B9F567: _dl_init (dl-init.c:117)
==5339==    by 0x78ADBB4: _dl_catch_exception (dl-error-skeleton.c:182)
==5339==    by 0x6BA6FF5: dl_open_worker (dl-open.c:808)
==5339==    by 0x6BA6FF5: dl_open_worker (dl-open.c:771)
==5339==    by 0x78ADB57: _dl_catch_exception (dl-error-skeleton.c:208)
==5339==    by 0x6BA734D: _dl_open (dl-open.c:883)
==5339==    by 0x77C95FB: dlopen_doit (dlopen.c:56)
==5339==    by 0x78ADB57: _dl_catch_exception (dl-error-skeleton.c:208)
==5339== 
==5339== 16 bytes in 1 blocks are possibly lost in loss record 220 of 425
==5339==    at 0x73E1899: malloc (in /mnt/c/Users/guido/ghq/projects/rustdom/.tools/valgrind/usr/libexec/valgrind/vgpreload_memcheck-amd64-linux.so)
==5339==    by 0x232478C2: _RNvXs0_NvMs_NtNtCs6i54tJFfzR_5alloc3ffi5c_strNtBa_7CString3newReNtB5_11SpecNewImpl13spec_new_impl (in /home/guido/rustdom-selection-validation-cQnQbx/dist/rustdom.node)
==5339==    by 0x231F177F: _RNvMs2_NtNtCs4QMHp0v7l6B_4napi9js_values15object_propertyNtB5_8Property14with_utf8_name (in /home/guido/rustdom-selection-validation-cQnQbx/dist/rustdom.node)
==5339==    by 0x231B31BB: _RNvNvNvNvNtNtNtCs3Ir8cfnU9oH_7rustdom3dom4tree32___napi_impl_helper_NativeTree_1636___napi_register__NativeTree_impl_3101__18___CTOR_PRIVATE_REF14___ctor_private (in /home/guido/rustdom-selection-validation-cQnQbx/dist/rustdom.node)
==5339==    by 0x6B9F47D: call_init.part.0 (dl-init.c:70)
==5339==    by 0x6B9F567: call_init (dl-init.c:33)
==5339==    by 0x6B9F567: _dl_init (dl-init.c:117)
==5339==    by 0x78ADBB4: _dl_catch_exception (dl-error-skeleton.c:182)
==5339==    by 0x6BA6FF5: dl_open_worker (dl-open.c:808)
==5339==    by 0x6BA6FF5: dl_open_worker (dl-open.c:771)
==5339==    by 0x78ADB57: _dl_catch_exception (dl-error-skeleton.c:208)
==5339==    by 0x6BA734D: _dl_open (dl-open.c:883)
==5339==    by 0x77C95FB: dlopen_doit (dlopen.c:56)
==5339==    by 0x78ADB57: _dl_catch_exception (dl-error-skeleton.c:208)
==5339== 
==5339== 16 bytes in 1 blocks are possibly lost in loss record 221 of 425
==5339==    at 0x73E1899: malloc (in /mnt/c/Users/guido/ghq/projects/rustdom/.tools/valgrind/usr/libexec/valgrind/vgpreload_memcheck-amd64-linux.so)
==5339==    by 0x232478C2: _RNvXs0_NvMs_NtNtCs6i54tJFfzR_5alloc3ffi5c_strNtBa_7CString3newReNtB5_11SpecNewImpl13spec_new_impl (in /home/guido/rustdom-selection-validation-cQnQbx/dist/rustdom.node)
==5339==    by 0x231F177F: _RNvMs2_NtNtCs4QMHp0v7l6B_4napi9js_values15object_propertyNtB5_8Property14with_utf8_name (in /home/guido/rustdom-selection-validation-cQnQbx/dist/rustdom.node)
==5339==    by 0x231B32AB: _RNvNvNvNvNtNtNtCs3Ir8cfnU9oH_7rustdom3dom4tree32___napi_impl_helper_NativeTree_1636___napi_register__NativeTree_impl_3101__18___CTOR_PRIVATE_REF14___ctor_private (in /home/guido/rustdom-selection-validation-cQnQbx/dist/rustdom.node)
==5339==    by 0x6B9F47D: call_init.part.0 (dl-init.c:70)
==5339==    by 0x6B9F567: call_init (dl-init.c:33)
==5339==    by 0x6B9F567: _dl_init (dl-init.c:117)
==5339==    by 0x78ADBB4: _dl_catch_exception (dl-error-skeleton.c:182)
==5339==    by 0x6BA6FF5: dl_open_worker (dl-open.c:808)
==5339==    by 0x6BA6FF5: dl_open_worker (dl-open.c:771)
==5339==    by 0x78ADB57: _dl_catch_exception (dl-error-skeleton.c:208)
==5339==    by 0x6BA734D: _dl_open (dl-open.c:883)
==5339==    by 0x77C95FB: dlopen_doit (dlopen.c:56)
==5339==    by 0x78ADB57: _dl_catch_exception (dl-error-skeleton.c:208)
==5339== 
==5339== 16 bytes in 1 blocks are possibly lost in loss record 222 of 425
==5339==    at 0x73E1899: malloc (in /mnt/c/Users/guido/ghq/projects/rustdom/.tools/valgrind/usr/libexec/valgrind/vgpreload_memcheck-amd64-linux.so)
==5339==    by 0x232478C2: _RNvXs0_NvMs_NtNtCs6i54tJFfzR_5alloc3ffi5c_strNtBa_7CString3newReNtB5_11SpecNewImpl13spec_new_impl (in /home/guido/rustdom-selection-validation-cQnQbx/dist/rustdom.node)
==5339==    by 0x231F177F: _RNvMs2_NtNtCs4QMHp0v7l6B_4napi9js_values15object_propertyNtB5_8Property14with_utf8_name (in /home/guido/rustdom-selection-validation-cQnQbx/dist/rustdom.node)
==5339==    by 0x231B33A1: _RNvNvNvNvNtNtNtCs3Ir8cfnU9oH_7rustdom3dom4tree32___napi_impl_helper_NativeTree_1636___napi_register__NativeTree_impl_3101__18___CTOR_PRIVATE_REF14___ctor_private (in /home/guido/rustdom-selection-validation-cQnQbx/dist/rustdom.node)
==5339==    by 0x6B9F47D: call_init.part.0 (dl-init.c:70)
==5339==    by 0x6B9F567: call_init (dl-init.c:33)
==5339==    by 0x6B9F567: _dl_init (dl-init.c:117)
==5339==    by 0x78ADBB4: _dl_catch_exception (dl-error-skeleton.c:182)
==5339==    by 0x6BA6FF5: dl_open_worker (dl-open.c:808)
==5339==    by 0x6BA6FF5: dl_open_worker (dl-open.c:771)
==5339==    by 0x78ADB57: _dl_catch_exception (dl-error-skeleton.c:208)
==5339==    by 0x6BA734D: _dl_open (dl-open.c:883)
==5339==    by 0x77C95FB: dlopen_doit (dlopen.c:56)
==5339==    by 0x78ADB57: _dl_catch_exception (dl-error-skeleton.c:208)
==5339== 
==5339== 16 bytes in 1 blocks are possibly lost in loss record 223 of 425
==5339==    at 0x73E1899: malloc (in /mnt/c/Users/guido/ghq/projects/rustdom/.tools/valgrind/usr/libexec/valgrind/vgpreload_memcheck-amd64-linux.so)
==5339==    by 0x232478C2: _RNvXs0_NvMs_NtNtCs6i54tJFfzR_5alloc3ffi5c_strNtBa_7CString3newReNtB5_11SpecNewImpl13spec_new_impl (in /home/guido/rustdom-selection-validation-cQnQbx/dist/rustdom.node)
==5339==    by 0x231F177F: _RNvMs2_NtNtCs4QMHp0v7l6B_4napi9js_values15object_propertyNtB5_8Property14with_utf8_name (in /home/guido/rustdom-selection-validation-cQnQbx/dist/rustdom.node)
==5339==    by 0x231B39C5: _RNvNvNvNvNtNtNtCs3Ir8cfnU9oH_7rustdom3dom4tree32___napi_impl_helper_NativeTree_1636___napi_register__NativeTree_impl_3101__18___CTOR_PRIVATE_REF14___ctor_private (in /home/guido/rustdom-selection-validation-cQnQbx/dist/rustdom.node)
==5339==    by 0x6B9F47D: call_init.part.0 (dl-init.c:70)
==5339==    by 0x6B9F567: call_init (dl-init.c:33)
==5339==    by 0x6B9F567: _dl_init (dl-init.c:117)
==5339==    by 0x78ADBB4: _dl_catch_exception (dl-error-skeleton.c:182)
==5339==    by 0x6BA6FF5: dl_open_worker (dl-open.c:808)
==5339==    by 0x6BA6FF5: dl_open_worker (dl-open.c:771)
==5339==    by 0x78ADB57: _dl_catch_exception (dl-error-skeleton.c:208)
==5339==    by 0x6BA734D: _dl_open (dl-open.c:883)
==5339==    by 0x77C95FB: dlopen_doit (dlopen.c:56)
==5339==    by 0x78ADB57: _dl_catch_exception (dl-error-skeleton.c:208)
==5339== 
==5339== 16 bytes in 1 blocks are possibly lost in loss record 224 of 425
==5339==    at 0x73E1899: malloc (in /mnt/c/Users/guido/ghq/projects/rustdom/.tools/valgrind/usr/libexec/valgrind/vgpreload_memcheck-amd64-linux.so)
==5339==    by 0x232478C2: _RNvXs0_NvMs_NtNtCs6i54tJFfzR_5alloc3ffi5c_strNtBa_7CString3newReNtB5_11SpecNewImpl13spec_new_impl (in /home/guido/rustdom-selection-validation-cQnQbx/dist/rustdom.node)
==5339==    by 0x231F177F: _RNvMs2_NtNtCs4QMHp0v7l6B_4napi9js_values15object_propertyNtB5_8Property14with_utf8_name (in /home/guido/rustdom-selection-validation-cQnQbx/dist/rustdom.node)
==5339==    by 0x231B3ACB: _RNvNvNvNvNtNtNtCs3Ir8cfnU9oH_7rustdom3dom4tree32___napi_impl_helper_NativeTree_1636___napi_register__NativeTree_impl_3101__18___CTOR_PRIVATE_REF14___ctor_private (in /home/guido/rustdom-selection-validation-cQnQbx/dist/rustdom.node)
==5339==    by 0x6B9F47D: call_init.part.0 (dl-init.c:70)
==5339==    by 0x6B9F567: call_init (dl-init.c:33)
==5339==    by 0x6B9F567: _dl_init (dl-init.c:117)
==5339==    by 0x78ADBB4: _dl_catch_exception (dl-error-skeleton.c:182)
==5339==    by 0x6BA6FF5: dl_open_worker (dl-open.c:808)
==5339==    by 0x6BA6FF5: dl_open_worker (dl-open.c:771)
==5339==    by 0x78ADB57: _dl_catch_exception (dl-error-skeleton.c:208)
==5339==    by 0x6BA734D: _dl_open (dl-open.c:883)
==5339==    by 0x77C95FB: dlopen_doit (dlopen.c:56)
==5339==    by 0x78ADB57: _dl_catch_exception (dl-error-skeleton.c:208)
==5339== 
==5339== 16 bytes in 1 blocks are possibly lost in loss record 225 of 425
==5339==    at 0x73E1899: malloc (in /mnt/c/Users/guido/ghq/projects/rustdom/.tools/valgrind/usr/libexec/valgrind/vgpreload_memcheck-amd64-linux.so)
==5339==    by 0x232478C2: _RNvXs0_NvMs_NtNtCs6i54tJFfzR_5alloc3ffi5c_strNtBa_7CString3newReNtB5_11SpecNewImpl13spec_new_impl (in /home/guido/rustdom-selection-validation-cQnQbx/dist/rustdom.node)
==5339==    by 0x231F177F: _RNvMs2_NtNtCs4QMHp0v7l6B_4napi9js_values15object_propertyNtB5_8Property14with_utf8_name (in /home/guido/rustdom-selection-validation-cQnQbx/dist/rustdom.node)
==5339==    by 0x23188D04: _RNvNvNtNtNtCs3Ir8cfnU9oH_7rustdom3dom4tree32___napi_impl_helper_NativeTree_1736___napi_register__NativeTree_impl_44320___ctor_private_inner (in /home/guido/rustdom-selection-validation-cQnQbx/dist/rustdom.node)
==5339==    by 0x231B5535: _RNvNvNvNvNtNtNtCs3Ir8cfnU9oH_7rustdom3dom4tree32___napi_impl_helper_NativeTree_1736___napi_register__NativeTree_impl_4431__18___CTOR_PRIVATE_REF14___ctor_private (in /home/guido/rustdom-selection-validation-cQnQbx/dist/rustdom.node)
==5339==    by 0x6B9F47D: call_init.part.0 (dl-init.c:70)
==5339==    by 0x6B9F567: call_init (dl-init.c:33)
==5339==    by 0x6B9F567: _dl_init (dl-init.c:117)
==5339==    by 0x78ADBB4: _dl_catch_exception (dl-error-skeleton.c:182)
==5339==    by 0x6BA6FF5: dl_open_worker (dl-open.c:808)
==5339==    by 0x6BA6FF5: dl_open_worker (dl-open.c:771)
==5339==    by 0x78ADB57: _dl_catch_exception (dl-error-skeleton.c:208)
==5339==    by 0x6BA734D: _dl_open (dl-open.c:883)
==5339==    by 0x77C95FB: dlopen_doit (dlopen.c:56)
==5339== 
==5339== 16 bytes in 1 blocks are possibly lost in loss record 226 of 425
==5339==    at 0x73E1899: malloc (in /mnt/c/Users/guido/ghq/projects/rustdom/.tools/valgrind/usr/libexec/valgrind/vgpreload_memcheck-amd64-linux.so)
==5339==    by 0x232478C2: _RNvXs0_NvMs_NtNtCs6i54tJFfzR_5alloc3ffi5c_strNtBa_7CString3newReNtB5_11SpecNewImpl13spec_new_impl (in /home/guido/rustdom-selection-validation-cQnQbx/dist/rustdom.node)
==5339==    by 0x231F177F: _RNvMs2_NtNtCs4QMHp0v7l6B_4napi9js_values15object_propertyNtB5_8Property14with_utf8_name (in /home/guido/rustdom-selection-validation-cQnQbx/dist/rustdom.node)
==5339==    by 0x23189016: _RNvNvNtNtNtCs3Ir8cfnU9oH_7rustdom3dom4tree32___napi_impl_helper_NativeTree_1736___napi_register__NativeTree_impl_44320___ctor_private_inner (in /home/guido/rustdom-selection-validation-cQnQbx/dist/rustdom.node)
==5339==    by 0x231B5535: _RNvNvNvNvNtNtNtCs3Ir8cfnU9oH_7rustdom3dom4tree32___napi_impl_helper_NativeTree_1736___napi_register__NativeTree_impl_4431__18___CTOR_PRIVATE_REF14___ctor_private (in /home/guido/rustdom-selection-validation-cQnQbx/dist/rustdom.node)
==5339==    by 0x6B9F47D: call_init.part.0 (dl-init.c:70)
==5339==    by 0x6B9F567: call_init (dl-init.c:33)
==5339==    by 0x6B9F567: _dl_init (dl-init.c:117)
==5339==    by 0x78ADBB4: _dl_catch_exception (dl-error-skeleton.c:182)
==5339==    by 0x6BA6FF5: dl_open_worker (dl-open.c:808)
==5339==    by 0x6BA6FF5: dl_open_worker (dl-open.c:771)
==5339==    by 0x78ADB57: _dl_catch_exception (dl-error-skeleton.c:208)
==5339==    by 0x6BA734D: _dl_open (dl-open.c:883)
==5339==    by 0x77C95FB: dlopen_doit (dlopen.c:56)
==5339== 
==5339== 16 bytes in 1 blocks are possibly lost in loss record 227 of 425
==5339==    at 0x73E1899: malloc (in /mnt/c/Users/guido/ghq/projects/rustdom/.tools/valgrind/usr/libexec/valgrind/vgpreload_memcheck-amd64-linux.so)
==5339==    by 0x232478C2: _RNvXs0_NvMs_NtNtCs6i54tJFfzR_5alloc3ffi5c_strNtBa_7CString3newReNtB5_11SpecNewImpl13spec_new_impl (in /home/guido/rustdom-selection-validation-cQnQbx/dist/rustdom.node)
==5339==    by 0x231F177F: _RNvMs2_NtNtCs4QMHp0v7l6B_4napi9js_values15object_propertyNtB5_8Property14with_utf8_name (in /home/guido/rustdom-selection-validation-cQnQbx/dist/rustdom.node)
==5339==    by 0x23189846: _RNvNvNtNtNtCs3Ir8cfnU9oH_7rustdom3dom4tree32___napi_impl_helper_NativeTree_1736___napi_register__NativeTree_impl_44320___ctor_private_inner (in /home/guido/rustdom-selection-validation-cQnQbx/dist/rustdom.node)
==5339==    by 0x231B5535: _RNvNvNvNvNtNtNtCs3Ir8cfnU9oH_7rustdom3dom4tree32___napi_impl_helper_NativeTree_1736___napi_register__NativeTree_impl_4431__18___CTOR_PRIVATE_REF14___ctor_private (in /home/guido/rustdom-selection-validation-cQnQbx/dist/rustdom.node)
==5339==    by 0x6B9F47D: call_init.part.0 (dl-init.c:70)
==5339==    by 0x6B9F567: call_init (dl-init.c:33)
==5339==    by 0x6B9F567: _dl_init (dl-init.c:117)
==5339==    by 0x78ADBB4: _dl_catch_exception (dl-error-skeleton.c:182)
==5339==    by 0x6BA6FF5: dl_open_worker (dl-open.c:808)
==5339==    by 0x6BA6FF5: dl_open_worker (dl-open.c:771)
==5339==    by 0x78ADB57: _dl_catch_exception (dl-error-skeleton.c:208)
==5339==    by 0x6BA734D: _dl_open (dl-open.c:883)
==5339==    by 0x77C95FB: dlopen_doit (dlopen.c:56)
==5339== 
==5339== 16 bytes in 1 blocks are possibly lost in loss record 228 of 425
==5339==    at 0x73E1899: malloc (in /mnt/c/Users/guido/ghq/projects/rustdom/.tools/valgrind/usr/libexec/valgrind/vgpreload_memcheck-amd64-linux.so)
==5339==    by 0x232478C2: _RNvXs0_NvMs_NtNtCs6i54tJFfzR_5alloc3ffi5c_strNtBa_7CString3newReNtB5_11SpecNewImpl13spec_new_impl (in /home/guido/rustdom-selection-validation-cQnQbx/dist/rustdom.node)
==5339==    by 0x231F177F: _RNvMs2_NtNtCs4QMHp0v7l6B_4napi9js_values15object_propertyNtB5_8Property14with_utf8_name (in /home/guido/rustdom-selection-validation-cQnQbx/dist/rustdom.node)
==5339==    by 0x2318994C: _RNvNvNtNtNtCs3Ir8cfnU9oH_7rustdom3dom4tree32___napi_impl_helper_NativeTree_1736___napi_register__NativeTree_impl_44320___ctor_private_inner (in /home/guido/rustdom-selection-validation-cQnQbx/dist/rustdom.node)
==5339==    by 0x231B5535: _RNvNvNvNvNtNtNtCs3Ir8cfnU9oH_7rustdom3dom4tree32___napi_impl_helper_NativeTree_1736___napi_register__NativeTree_impl_4431__18___CTOR_PRIVATE_REF14___ctor_private (in /home/guido/rustdom-selection-validation-cQnQbx/dist/rustdom.node)
==5339==    by 0x6B9F47D: call_init.part.0 (dl-init.c:70)
==5339==    by 0x6B9F567: call_init (dl-init.c:33)
==5339==    by 0x6B9F567: _dl_init (dl-init.c:117)
==5339==    by 0x78ADBB4: _dl_catch_exception (dl-error-skeleton.c:182)
==5339==    by 0x6BA6FF5: dl_open_worker (dl-open.c:808)
==5339==    by 0x6BA6FF5: dl_open_worker (dl-open.c:771)
==5339==    by 0x78ADB57: _dl_catch_exception (dl-error-skeleton.c:208)
==5339==    by 0x6BA734D: _dl_open (dl-open.c:883)
==5339==    by 0x77C95FB: dlopen_doit (dlopen.c:56)
==5339== 
==5339== 16 bytes in 1 blocks are possibly lost in loss record 229 of 425
==5339==    at 0x73E1899: malloc (in /mnt/c/Users/guido/ghq/projects/rustdom/.tools/valgrind/usr/libexec/valgrind/vgpreload_memcheck-amd64-linux.so)
==5339==    by 0x232478C2: _RNvXs0_NvMs_NtNtCs6i54tJFfzR_5alloc3ffi5c_strNtBa_7CString3newReNtB5_11SpecNewImpl13spec_new_impl (in /home/guido/rustdom-selection-validation-cQnQbx/dist/rustdom.node)
==5339==    by 0x231F177F: _RNvMs2_NtNtCs4QMHp0v7l6B_4napi9js_values15object_propertyNtB5_8Property14with_utf8_name (in /home/guido/rustdom-selection-validation-cQnQbx/dist/rustdom.node)
==5339==    by 0x2318AEDB: _RNvNvNtNtNtCs3Ir8cfnU9oH_7rustdom3dom4tree32___napi_impl_helper_NativeTree_1736___napi_register__NativeTree_impl_44320___ctor_private_inner (in /home/guido/rustdom-selection-validation-cQnQbx/dist/rustdom.node)
==5339==    by 0x231B5535: _RNvNvNvNvNtNtNtCs3Ir8cfnU9oH_7rustdom3dom4tree32___napi_impl_helper_NativeTree_1736___napi_register__NativeTree_impl_4431__18___CTOR_PRIVATE_REF14___ctor_private (in /home/guido/rustdom-selection-validation-cQnQbx/dist/rustdom.node)
==5339==    by 0x6B9F47D: call_init.part.0 (dl-init.c:70)
==5339==    by 0x6B9F567: call_init (dl-init.c:33)
==5339==    by 0x6B9F567: _dl_init (dl-init.c:117)
==5339==    by 0x78ADBB4: _dl_catch_exception (dl-error-skeleton.c:182)
==5339==    by 0x6BA6FF5: dl_open_worker (dl-open.c:808)
==5339==    by 0x6BA6FF5: dl_open_worker (dl-open.c:771)
==5339==    by 0x78ADB57: _dl_catch_exception (dl-error-skeleton.c:208)
==5339==    by 0x6BA734D: _dl_open (dl-open.c:883)
==5339==    by 0x77C95FB: dlopen_doit (dlopen.c:56)
==5339== 
==5339== 16 bytes in 1 blocks are possibly lost in loss record 230 of 425
==5339==    at 0x73E1899: malloc (in /mnt/c/Users/guido/ghq/projects/rustdom/.tools/valgrind/usr/libexec/valgrind/vgpreload_memcheck-amd64-linux.so)
==5339==    by 0x232478C2: _RNvXs0_NvMs_NtNtCs6i54tJFfzR_5alloc3ffi5c_strNtBa_7CString3newReNtB5_11SpecNewImpl13spec_new_impl (in /home/guido/rustdom-selection-validation-cQnQbx/dist/rustdom.node)
==5339==    by 0x231F177F: _RNvMs2_NtNtCs4QMHp0v7l6B_4napi9js_values15object_propertyNtB5_8Property14with_utf8_name (in /home/guido/rustdom-selection-validation-cQnQbx/dist/rustdom.node)
==5339==    by 0x2318AFE1: _RNvNvNtNtNtCs3Ir8cfnU9oH_7rustdom3dom4tree32___napi_impl_helper_NativeTree_1736___napi_register__NativeTree_impl_44320___ctor_private_inner (in /home/guido/rustdom-selection-validation-cQnQbx/dist/rustdom.node)
==5339==    by 0x231B5535: _RNvNvNvNvNtNtNtCs3Ir8cfnU9oH_7rustdom3dom4tree32___napi_impl_helper_NativeTree_1736___napi_register__NativeTree_impl_4431__18___CTOR_PRIVATE_REF14___ctor_private (in /home/guido/rustdom-selection-validation-cQnQbx/dist/rustdom.node)
==5339==    by 0x6B9F47D: call_init.part.0 (dl-init.c:70)
==5339==    by 0x6B9F567: call_init (dl-init.c:33)
==5339==    by 0x6B9F567: _dl_init (dl-init.c:117)
==5339==    by 0x78ADBB4: _dl_catch_exception (dl-error-skeleton.c:182)
==5339==    by 0x6BA6FF5: dl_open_worker (dl-open.c:808)
==5339==    by 0x6BA6FF5: dl_open_worker (dl-open.c:771)
==5339==    by 0x78ADB57: _dl_catch_exception (dl-error-skeleton.c:208)
==5339==    by 0x6BA734D: _dl_open (dl-open.c:883)
==5339==    by 0x77C95FB: dlopen_doit (dlopen.c:56)
==5339== 
==5339== 16 bytes in 1 blocks are possibly lost in loss record 231 of 425
==5339==    at 0x73E1899: malloc (in /mnt/c/Users/guido/ghq/projects/rustdom/.tools/valgrind/usr/libexec/valgrind/vgpreload_memcheck-amd64-linux.so)
==5339==    by 0x232478C2: _RNvXs0_NvMs_NtNtCs6i54tJFfzR_5alloc3ffi5c_strNtBa_7CString3newReNtB5_11SpecNewImpl13spec_new_impl (in /home/guido/rustdom-selection-validation-cQnQbx/dist/rustdom.node)
==5339==    by 0x231F177F: _RNvMs2_NtNtCs4QMHp0v7l6B_4napi9js_values15object_propertyNtB5_8Property14with_utf8_name (in /home/guido/rustdom-selection-validation-cQnQbx/dist/rustdom.node)
==5339==    by 0x2318D0A1: _RNvNvNtNtNtCs3Ir8cfnU9oH_7rustdom3dom4tree32___napi_impl_helper_NativeTree_1736___napi_register__NativeTree_impl_44320___ctor_private_inner (in /home/guido/rustdom-selection-validation-cQnQbx/dist/rustdom.node)
==5339==    by 0x231B5535: _RNvNvNvNvNtNtNtCs3Ir8cfnU9oH_7rustdom3dom4tree32___napi_impl_helper_NativeTree_1736___napi_register__NativeTree_impl_4431__18___CTOR_PRIVATE_REF14___ctor_private (in /home/guido/rustdom-selection-validation-cQnQbx/dist/rustdom.node)
==5339==    by 0x6B9F47D: call_init.part.0 (dl-init.c:70)
==5339==    by 0x6B9F567: call_init (dl-init.c:33)
==5339==    by 0x6B9F567: _dl_init (dl-init.c:117)
==5339==    by 0x78ADBB4: _dl_catch_exception (dl-error-skeleton.c:182)
==5339==    by 0x6BA6FF5: dl_open_worker (dl-open.c:808)
==5339==    by 0x6BA6FF5: dl_open_worker (dl-open.c:771)
==5339==    by 0x78ADB57: _dl_catch_exception (dl-error-skeleton.c:208)
==5339==    by 0x6BA734D: _dl_open (dl-open.c:883)
==5339==    by 0x77C95FB: dlopen_doit (dlopen.c:56)
==5339== 
==5339== 16 bytes in 1 blocks are possibly lost in loss record 232 of 425
==5339==    at 0x73E1899: malloc (in /mnt/c/Users/guido/ghq/projects/rustdom/.tools/valgrind/usr/libexec/valgrind/vgpreload_memcheck-amd64-linux.so)
==5339==    by 0x232478C2: _RNvXs0_NvMs_NtNtCs6i54tJFfzR_5alloc3ffi5c_strNtBa_7CString3newReNtB5_11SpecNewImpl13spec_new_impl (in /home/guido/rustdom-selection-validation-cQnQbx/dist/rustdom.node)
==5339==    by 0x231F177F: _RNvMs2_NtNtCs4QMHp0v7l6B_4napi9js_values15object_propertyNtB5_8Property14with_utf8_name (in /home/guido/rustdom-selection-validation-cQnQbx/dist/rustdom.node)
==5339==    by 0x2318E61F: _RNvNvNtNtNtCs3Ir8cfnU9oH_7rustdom3dom4tree32___napi_impl_helper_NativeTree_1736___napi_register__NativeTree_impl_44320___ctor_private_inner (in /home/guido/rustdom-selection-validation-cQnQbx/dist/rustdom.node)
==5339==    by 0x231B5535: _RNvNvNvNvNtNtNtCs3Ir8cfnU9oH_7rustdom3dom4tree32___napi_impl_helper_NativeTree_1736___napi_register__NativeTree_impl_4431__18___CTOR_PRIVATE_REF14___ctor_private (in /home/guido/rustdom-selection-validation-cQnQbx/dist/rustdom.node)
==5339==    by 0x6B9F47D: call_init.part.0 (dl-init.c:70)
==5339==    by 0x6B9F567: call_init (dl-init.c:33)
==5339==    by 0x6B9F567: _dl_init (dl-init.c:117)
==5339==    by 0x78ADBB4: _dl_catch_exception (dl-error-skeleton.c:182)
==5339==    by 0x6BA6FF5: dl_open_worker (dl-open.c:808)
==5339==    by 0x6BA6FF5: dl_open_worker (dl-open.c:771)
==5339==    by 0x78ADB57: _dl_catch_exception (dl-error-skeleton.c:208)
==5339==    by 0x6BA734D: _dl_open (dl-open.c:883)
==5339==    by 0x77C95FB: dlopen_doit (dlopen.c:56)
==5339== 
==5339== 16 bytes in 1 blocks are possibly lost in loss record 233 of 425
==5339==    at 0x73E1899: malloc (in /mnt/c/Users/guido/ghq/projects/rustdom/.tools/valgrind/usr/libexec/valgrind/vgpreload_memcheck-amd64-linux.so)
==5339==    by 0x232478C2: _RNvXs0_NvMs_NtNtCs6i54tJFfzR_5alloc3ffi5c_strNtBa_7CString3newReNtB5_11SpecNewImpl13spec_new_impl (in /home/guido/rustdom-selection-validation-cQnQbx/dist/rustdom.node)
==5339==    by 0x231F177F: _RNvMs2_NtNtCs4QMHp0v7l6B_4napi9js_values15object_propertyNtB5_8Property14with_utf8_name (in /home/guido/rustdom-selection-validation-cQnQbx/dist/rustdom.node)
==5339==    by 0x2318FCA3: _RNvNvNtNtNtCs3Ir8cfnU9oH_7rustdom3dom4tree32___napi_impl_helper_NativeTree_1736___napi_register__NativeTree_impl_44320___ctor_private_inner (in /home/guido/rustdom-selection-validation-cQnQbx/dist/rustdom.node)
==5339==    by 0x231B5535: _RNvNvNvNvNtNtNtCs3Ir8cfnU9oH_7rustdom3dom4tree32___napi_impl_helper_NativeTree_1736___napi_register__NativeTree_impl_4431__18___CTOR_PRIVATE_REF14___ctor_private (in /home/guido/rustdom-selection-validation-cQnQbx/dist/rustdom.node)
==5339==    by 0x6B9F47D: call_init.part.0 (dl-init.c:70)
==5339==    by 0x6B9F567: call_init (dl-init.c:33)
==5339==    by 0x6B9F567: _dl_init (dl-init.c:117)
==5339==    by 0x78ADBB4: _dl_catch_exception (dl-error-skeleton.c:182)
==5339==    by 0x6BA6FF5: dl_open_worker (dl-open.c:808)
==5339==    by 0x6BA6FF5: dl_open_worker (dl-open.c:771)
==5339==    by 0x78ADB57: _dl_catch_exception (dl-error-skeleton.c:208)
==5339==    by 0x6BA734D: _dl_open (dl-open.c:883)
==5339==    by 0x77C95FB: dlopen_doit (dlopen.c:56)
==5339== 
==5339== 16 bytes in 1 blocks are possibly lost in loss record 234 of 425
==5339==    at 0x73E1899: malloc (in /mnt/c/Users/guido/ghq/projects/rustdom/.tools/valgrind/usr/libexec/valgrind/vgpreload_memcheck-amd64-linux.so)
==5339==    by 0x232478C2: _RNvXs0_NvMs_NtNtCs6i54tJFfzR_5alloc3ffi5c_strNtBa_7CString3newReNtB5_11SpecNewImpl13spec_new_impl (in /home/guido/rustdom-selection-validation-cQnQbx/dist/rustdom.node)
==5339==    by 0x231F177F: _RNvMs2_NtNtCs4QMHp0v7l6B_4napi9js_values15object_propertyNtB5_8Property14with_utf8_name (in /home/guido/rustdom-selection-validation-cQnQbx/dist/rustdom.node)
==5339==    by 0x2318FDA9: _RNvNvNtNtNtCs3Ir8cfnU9oH_7rustdom3dom4tree32___napi_impl_helper_NativeTree_1736___napi_register__NativeTree_impl_44320___ctor_private_inner (in /home/guido/rustdom-selection-validation-cQnQbx/dist/rustdom.node)
==5339==    by 0x231B5535: _RNvNvNvNvNtNtNtCs3Ir8cfnU9oH_7rustdom3dom4tree32___napi_impl_helper_NativeTree_1736___napi_register__NativeTree_impl_4431__18___CTOR_PRIVATE_REF14___ctor_private (in /home/guido/rustdom-selection-validation-cQnQbx/dist/rustdom.node)
==5339==    by 0x6B9F47D: call_init.part.0 (dl-init.c:70)
==5339==    by 0x6B9F567: call_init (dl-init.c:33)
==5339==    by 0x6B9F567: _dl_init (dl-init.c:117)
==5339==    by 0x78ADBB4: _dl_catch_exception (dl-error-skeleton.c:182)
==5339==    by 0x6BA6FF5: dl_open_worker (dl-open.c:808)
==5339==    by 0x6BA6FF5: dl_open_worker (dl-open.c:771)
==5339==    by 0x78ADB57: _dl_catch_exception (dl-error-skeleton.c:208)
==5339==    by 0x6BA734D: _dl_open (dl-open.c:883)
==5339==    by 0x77C95FB: dlopen_doit (dlopen.c:56)
==5339== 
==5339== 16 bytes in 1 blocks are possibly lost in loss record 235 of 425
==5339==    at 0x73E1899: malloc (in /mnt/c/Users/guido/ghq/projects/rustdom/.tools/valgrind/usr/libexec/valgrind/vgpreload_memcheck-amd64-linux.so)
==5339==    by 0x232478C2: _RNvXs0_NvMs_NtNtCs6i54tJFfzR_5alloc3ffi5c_strNtBa_7CString3newReNtB5_11SpecNewImpl13spec_new_impl (in /home/guido/rustdom-selection-validation-cQnQbx/dist/rustdom.node)
==5339==    by 0x231F177F: _RNvMs2_NtNtCs4QMHp0v7l6B_4napi9js_values15object_propertyNtB5_8Property14with_utf8_name (in /home/guido/rustdom-selection-validation-cQnQbx/dist/rustdom.node)
==5339==    by 0x23190BFD: _RNvNvNtNtNtCs3Ir8cfnU9oH_7rustdom3dom4tree32___napi_impl_helper_NativeTree_1736___napi_register__NativeTree_impl_44320___ctor_private_inner (in /home/guido/rustdom-selection-validation-cQnQbx/dist/rustdom.node)
==5339==    by 0x231B5535: _RNvNvNvNvNtNtNtCs3Ir8cfnU9oH_7rustdom3dom4tree32___napi_impl_helper_NativeTree_1736___napi_register__NativeTree_impl_4431__18___CTOR_PRIVATE_REF14___ctor_private (in /home/guido/rustdom-selection-validation-cQnQbx/dist/rustdom.node)
==5339==    by 0x6B9F47D: call_init.part.0 (dl-init.c:70)
==5339==    by 0x6B9F567: call_init (dl-init.c:33)
==5339==    by 0x6B9F567: _dl_init (dl-init.c:117)
==5339==    by 0x78ADBB4: _dl_catch_exception (dl-error-skeleton.c:182)
==5339==    by 0x6BA6FF5: dl_open_worker (dl-open.c:808)
==5339==    by 0x6BA6FF5: dl_open_worker (dl-open.c:771)
==5339==    by 0x78ADB57: _dl_catch_exception (dl-error-skeleton.c:208)
==5339==    by 0x6BA734D: _dl_open (dl-open.c:883)
==5339==    by 0x77C95FB: dlopen_doit (dlopen.c:56)
==5339== 
==5339== 16 bytes in 1 blocks are possibly lost in loss record 236 of 425
==5339==    at 0x73E1899: malloc (in /mnt/c/Users/guido/ghq/projects/rustdom/.tools/valgrind/usr/libexec/valgrind/vgpreload_memcheck-amd64-linux.so)
==5339==    by 0x232478C2: _RNvXs0_NvMs_NtNtCs6i54tJFfzR_5alloc3ffi5c_strNtBa_7CString3newReNtB5_11SpecNewImpl13spec_new_impl (in /home/guido/rustdom-selection-validation-cQnQbx/dist/rustdom.node)
==5339==    by 0x231F177F: _RNvMs2_NtNtCs4QMHp0v7l6B_4napi9js_values15object_propertyNtB5_8Property14with_utf8_name (in /home/guido/rustdom-selection-validation-cQnQbx/dist/rustdom.node)
==5339==    by 0x23190E09: _RNvNvNtNtNtCs3Ir8cfnU9oH_7rustdom3dom4tree32___napi_impl_helper_NativeTree_1736___napi_register__NativeTree_impl_44320___ctor_private_inner (in /home/guido/rustdom-selection-validation-cQnQbx/dist/rustdom.node)
==5339==    by 0x231B5535: _RNvNvNvNvNtNtNtCs3Ir8cfnU9oH_7rustdom3dom4tree32___napi_impl_helper_NativeTree_1736___napi_register__NativeTree_impl_4431__18___CTOR_PRIVATE_REF14___ctor_private (in /home/guido/rustdom-selection-validation-cQnQbx/dist/rustdom.node)
==5339==    by 0x6B9F47D: call_init.part.0 (dl-init.c:70)
==5339==    by 0x6B9F567: call_init (dl-init.c:33)
==5339==    by 0x6B9F567: _dl_init (dl-init.c:117)
==5339==    by 0x78ADBB4: _dl_catch_exception (dl-error-skeleton.c:182)
==5339==    by 0x6BA6FF5: dl_open_worker (dl-open.c:808)
==5339==    by 0x6BA6FF5: dl_open_worker (dl-open.c:771)
==5339==    by 0x78ADB57: _dl_catch_exception (dl-error-skeleton.c:208)
==5339==    by 0x6BA734D: _dl_open (dl-open.c:883)
==5339==    by 0x77C95FB: dlopen_doit (dlopen.c:56)
==5339== 
==5339== 16 bytes in 1 blocks are possibly lost in loss record 237 of 425
==5339==    at 0x73E1899: malloc (in /mnt/c/Users/guido/ghq/projects/rustdom/.tools/valgrind/usr/libexec/valgrind/vgpreload_memcheck-amd64-linux.so)
==5339==    by 0x232478C2: _RNvXs0_NvMs_NtNtCs6i54tJFfzR_5alloc3ffi5c_strNtBa_7CString3newReNtB5_11SpecNewImpl13spec_new_impl (in /home/guido/rustdom-selection-validation-cQnQbx/dist/rustdom.node)
==5339==    by 0x231F177F: _RNvMs2_NtNtCs4QMHp0v7l6B_4napi9js_values15object_propertyNtB5_8Property14with_utf8_name (in /home/guido/rustdom-selection-validation-cQnQbx/dist/rustdom.node)
==5339==    by 0x231B5972: _RNvNvNvNvNtNtNtCs3Ir8cfnU9oH_7rustdom3xml7binding37___napi_impl_helper_NativeXmlParser_2241___napi_register__NativeXmlParser_impl_4941__18___CTOR_PRIVATE_REF14___ctor_private (in /home/guido/rustdom-selection-validation-cQnQbx/dist/rustdom.node)
==5339==    by 0x6B9F47D: call_init.part.0 (dl-init.c:70)
==5339==    by 0x6B9F567: call_init (dl-init.c:33)
==5339==    by 0x6B9F567: _dl_init (dl-init.c:117)
==5339==    by 0x78ADBB4: _dl_catch_exception (dl-error-skeleton.c:182)
==5339==    by 0x6BA6FF5: dl_open_worker (dl-open.c:808)
==5339==    by 0x6BA6FF5: dl_open_worker (dl-open.c:771)
==5339==    by 0x78ADB57: _dl_catch_exception (dl-error-skeleton.c:208)
==5339==    by 0x6BA734D: _dl_open (dl-open.c:883)
==5339==    by 0x77C95FB: dlopen_doit (dlopen.c:56)
==5339==    by 0x78ADB57: _dl_catch_exception (dl-error-skeleton.c:208)
==5339== 
==5339== 17 bytes in 1 blocks are still reachable in loss record 238 of 425
==5339==    at 0x73E1899: malloc (in /mnt/c/Users/guido/ghq/projects/rustdom/.tools/valgrind/usr/libexec/valgrind/vgpreload_memcheck-amd64-linux.so)
==5339==    by 0x26DEC47: init_entry(char const*, char const*, UErrorCode*) (in /mnt/c/Users/guido/AppData/Local/Temp/rustdom-pr54-abort-retention-e991d78927094e13876cb3cd1a13dacf/.tools/node-v24.20.0-linux-x64/bin/node)
==5339==    by 0x26DF719: ures_openDirect_78 (in /mnt/c/Users/guido/AppData/Local/Temp/rustdom-pr54-abort-retention-e991d78927094e13876cb3cd1a13dacf/.tools/node-v24.20.0-linux-x64/bin/node)
==5339==    by 0x20E34F1: ulocdata_getCLDRVersion_78 (in /mnt/c/Users/guido/AppData/Local/Temp/rustdom-pr54-abort-retention-e991d78927094e13876cb3cd1a13dacf/.tools/node-v24.20.0-linux-x64/bin/node)
==5339==    by 0x99B4E1: node::Metadata::Versions::InitializeIntlVersions() (in /mnt/c/Users/guido/AppData/Local/Temp/rustdom-pr54-abort-retention-e991d78927094e13876cb3cd1a13dacf/.tools/node-v24.20.0-linux-x64/bin/node)
==5339==    by 0x8C3FB9: node::InitializeNodeWithArgsInternal(std::vector<std::__cxx11::basic_string<char, std::char_traits<char>, std::allocator<char> >, std::allocator<std::__cxx11::basic_string<char, std::char_traits<char>, std::allocator<char> > > >*, std::vector<std::__cxx11::basic_string<char, std::char_traits<char>, std::allocator<char> >, std::allocator<std::__cxx11::basic_string<char, std::char_traits<char>, std::allocator<char> > > >*, std::vector<std::__cxx11::basic_string<char, std::char_traits<char>, std::allocator<char> >, std::allocator<std::__cxx11::basic_string<char, std::char_traits<char>, std::allocator<char> > > >*, node::ProcessInitializationFlags::Flags) (in /mnt/c/Users/guido/AppData/Local/Temp/rustdom-pr54-abort-retention-e991d78927094e13876cb3cd1a13dacf/.tools/node-v24.20.0-linux-x64/bin/node)
==5339==    by 0x8C61BE: node::InitializeOncePerProcessInternal(std::vector<std::__cxx11::basic_string<char, std::char_traits<char>, std::allocator<char> >, std::allocator<std::__cxx11::basic_string<char, std::char_traits<char>, std::allocator<char> > > > const&, node::ProcessInitializationFlags::Flags) (in /mnt/c/Users/guido/AppData/Local/Temp/rustdom-pr54-abort-retention-e991d78927094e13876cb3cd1a13dacf/.tools/node-v24.20.0-linux-x64/bin/node)
==5339==    by 0x8C6F7B: node::Start(int, char**) (in /mnt/c/Users/guido/AppData/Local/Temp/rustdom-pr54-abort-retention-e991d78927094e13876cb3cd1a13dacf/.tools/node-v24.20.0-linux-x64/bin/node)
==5339==    by 0x7762D8F: (below main) (libc_start_call_main.h:58)
==5339== 
==5339== 17 bytes in 1 blocks are possibly lost in loss record 239 of 425
==5339==    at 0x73E1899: malloc (in /mnt/c/Users/guido/ghq/projects/rustdom/.tools/valgrind/usr/libexec/valgrind/vgpreload_memcheck-amd64-linux.so)
==5339==    by 0x232478C2: _RNvXs0_NvMs_NtNtCs6i54tJFfzR_5alloc3ffi5c_strNtBa_7CString3newReNtB5_11SpecNewImpl13spec_new_impl (in /home/guido/rustdom-selection-validation-cQnQbx/dist/rustdom.node)
==5339==    by 0x231F177F: _RNvMs2_NtNtCs4QMHp0v7l6B_4napi9js_values15object_propertyNtB5_8Property14with_utf8_name (in /home/guido/rustdom-selection-validation-cQnQbx/dist/rustdom.node)
==5339==    by 0x231A48C2: _RNvNvNvNvNtNtNtCs3Ir8cfnU9oH_7rustdom3dom19event_state_binding37___napi_impl_helper_NativeEventState_442___napi_register__NativeEventState_impl_1041__18___CTOR_PRIVATE_REF14___ctor_private (in /home/guido/rustdom-selection-validation-cQnQbx/dist/rustdom.node)
==5339==    by 0x6B9F47D: call_init.part.0 (dl-init.c:70)
==5339==    by 0x6B9F567: call_init (dl-init.c:33)
==5339==    by 0x6B9F567: _dl_init (dl-init.c:117)
==5339==    by 0x78ADBB4: _dl_catch_exception (dl-error-skeleton.c:182)
==5339==    by 0x6BA6FF5: dl_open_worker (dl-open.c:808)
==5339==    by 0x6BA6FF5: dl_open_worker (dl-open.c:771)
==5339==    by 0x78ADB57: _dl_catch_exception (dl-error-skeleton.c:208)
==5339==    by 0x6BA734D: _dl_open (dl-open.c:883)
==5339==    by 0x77C95FB: dlopen_doit (dlopen.c:56)
==5339==    by 0x78ADB57: _dl_catch_exception (dl-error-skeleton.c:208)
==5339== 
==5339== 17 bytes in 1 blocks are possibly lost in loss record 240 of 425
==5339==    at 0x73E1899: malloc (in /mnt/c/Users/guido/ghq/projects/rustdom/.tools/valgrind/usr/libexec/valgrind/vgpreload_memcheck-amd64-linux.so)
==5339==    by 0x232478C2: _RNvXs0_NvMs_NtNtCs6i54tJFfzR_5alloc3ffi5c_strNtBa_7CString3newReNtB5_11SpecNewImpl13spec_new_impl (in /home/guido/rustdom-selection-validation-cQnQbx/dist/rustdom.node)
==5339==    by 0x231F177F: _RNvMs2_NtNtCs4QMHp0v7l6B_4napi9js_values15object_propertyNtB5_8Property14with_utf8_name (in /home/guido/rustdom-selection-validation-cQnQbx/dist/rustdom.node)
==5339==    by 0x231A99D4: _RNvNvNvNvNtNtNtCs3Ir8cfnU9oH_7rustdom3dom19range_state_binding33___napi_impl_helper_NativeRange_1137___napi_register__NativeRange_impl_2221__18___CTOR_PRIVATE_REF14___ctor_private (in /home/guido/rustdom-selection-validation-cQnQbx/dist/rustdom.node)
==5339==    by 0x6B9F47D: call_init.part.0 (dl-init.c:70)
==5339==    by 0x6B9F567: call_init (dl-init.c:33)
==5339==    by 0x6B9F567: _dl_init (dl-init.c:117)
==5339==    by 0x78ADBB4: _dl_catch_exception (dl-error-skeleton.c:182)
==5339==    by 0x6BA6FF5: dl_open_worker (dl-open.c:808)
==5339==    by 0x6BA6FF5: dl_open_worker (dl-open.c:771)
==5339==    by 0x78ADB57: _dl_catch_exception (dl-error-skeleton.c:208)
==5339==    by 0x6BA734D: _dl_open (dl-open.c:883)
==5339==    by 0x77C95FB: dlopen_doit (dlopen.c:56)
==5339==    by 0x78ADB57: _dl_catch_exception (dl-error-skeleton.c:208)
==5339== 
==5339== 17 bytes in 1 blocks are possibly lost in loss record 241 of 425
==5339==    at 0x73E1899: malloc (in /mnt/c/Users/guido/ghq/projects/rustdom/.tools/valgrind/usr/libexec/valgrind/vgpreload_memcheck-amd64-linux.so)
==5339==    by 0x232478C2: _RNvXs0_NvMs_NtNtCs6i54tJFfzR_5alloc3ffi5c_strNtBa_7CString3newReNtB5_11SpecNewImpl13spec_new_impl (in /home/guido/rustdom-selection-validation-cQnQbx/dist/rustdom.node)
==5339==    by 0x231F177F: _RNvMs2_NtNtCs4QMHp0v7l6B_4napi9js_values15object_propertyNtB5_8Property14with_utf8_name (in /home/guido/rustdom-selection-validation-cQnQbx/dist/rustdom.node)
==5339==    by 0x2318ACCF: _RNvNvNtNtNtCs3Ir8cfnU9oH_7rustdom3dom4tree32___napi_impl_helper_NativeTree_1736___napi_register__NativeTree_impl_44320___ctor_private_inner (in /home/guido/rustdom-selection-validation-cQnQbx/dist/rustdom.node)
==5339==    by 0x231B5535: _RNvNvNvNvNtNtNtCs3Ir8cfnU9oH_7rustdom3dom4tree32___napi_impl_helper_NativeTree_1736___napi_register__NativeTree_impl_4431__18___CTOR_PRIVATE_REF14___ctor_private (in /home/guido/rustdom-selection-validation-cQnQbx/dist/rustdom.node)
==5339==    by 0x6B9F47D: call_init.part.0 (dl-init.c:70)
==5339==    by 0x6B9F567: call_init (dl-init.c:33)
==5339==    by 0x6B9F567: _dl_init (dl-init.c:117)
==5339==    by 0x78ADBB4: _dl_catch_exception (dl-error-skeleton.c:182)
==5339==    by 0x6BA6FF5: dl_open_worker (dl-open.c:808)
==5339==    by 0x6BA6FF5: dl_open_worker (dl-open.c:771)
==5339==    by 0x78ADB57: _dl_catch_exception (dl-error-skeleton.c:208)
==5339==    by 0x6BA734D: _dl_open (dl-open.c:883)
==5339==    by 0x77C95FB: dlopen_doit (dlopen.c:56)
==5339== 
==5339== 17 bytes in 1 blocks are possibly lost in loss record 242 of 425
==5339==    at 0x73E1899: malloc (in /mnt/c/Users/guido/ghq/projects/rustdom/.tools/valgrind/usr/libexec/valgrind/vgpreload_memcheck-amd64-linux.so)
==5339==    by 0x232478C2: _RNvXs0_NvMs_NtNtCs6i54tJFfzR_5alloc3ffi5c_strNtBa_7CString3newReNtB5_11SpecNewImpl13spec_new_impl (in /home/guido/rustdom-selection-validation-cQnQbx/dist/rustdom.node)
==5339==    by 0x231F177F: _RNvMs2_NtNtCs4QMHp0v7l6B_4napi9js_values15object_propertyNtB5_8Property14with_utf8_name (in /home/guido/rustdom-selection-validation-cQnQbx/dist/rustdom.node)
==5339==    by 0x2318C665: _RNvNvNtNtNtCs3Ir8cfnU9oH_7rustdom3dom4tree32___napi_impl_helper_NativeTree_1736___napi_register__NativeTree_impl_44320___ctor_private_inner (in /home/guido/rustdom-selection-validation-cQnQbx/dist/rustdom.node)
==5339==    by 0x231B5535: _RNvNvNvNvNtNtNtCs3Ir8cfnU9oH_7rustdom3dom4tree32___napi_impl_helper_NativeTree_1736___napi_register__NativeTree_impl_4431__18___CTOR_PRIVATE_REF14___ctor_private (in /home/guido/rustdom-selection-validation-cQnQbx/dist/rustdom.node)
==5339==    by 0x6B9F47D: call_init.part.0 (dl-init.c:70)
==5339==    by 0x6B9F567: call_init (dl-init.c:33)
==5339==    by 0x6B9F567: _dl_init (dl-init.c:117)
==5339==    by 0x78ADBB4: _dl_catch_exception (dl-error-skeleton.c:182)
==5339==    by 0x6BA6FF5: dl_open_worker (dl-open.c:808)
==5339==    by 0x6BA6FF5: dl_open_worker (dl-open.c:771)
==5339==    by 0x78ADB57: _dl_catch_exception (dl-error-skeleton.c:208)
==5339==    by 0x6BA734D: _dl_open (dl-open.c:883)
==5339==    by 0x77C95FB: dlopen_doit (dlopen.c:56)
==5339== 
==5339== 17 bytes in 1 blocks are possibly lost in loss record 243 of 425
==5339==    at 0x73E1899: malloc (in /mnt/c/Users/guido/ghq/projects/rustdom/.tools/valgrind/usr/libexec/valgrind/vgpreload_memcheck-amd64-linux.so)
==5339==    by 0x232478C2: _RNvXs0_NvMs_NtNtCs6i54tJFfzR_5alloc3ffi5c_strNtBa_7CString3newReNtB5_11SpecNewImpl13spec_new_impl (in /home/guido/rustdom-selection-validation-cQnQbx/dist/rustdom.node)
==5339==    by 0x231F177F: _RNvMs2_NtNtCs4QMHp0v7l6B_4napi9js_values15object_propertyNtB5_8Property14with_utf8_name (in /home/guido/rustdom-selection-validation-cQnQbx/dist/rustdom.node)
==5339==    by 0x2318D7CB: _RNvNvNtNtNtCs3Ir8cfnU9oH_7rustdom3dom4tree32___napi_impl_helper_NativeTree_1736___napi_register__NativeTree_impl_44320___ctor_private_inner (in /home/guido/rustdom-selection-validation-cQnQbx/dist/rustdom.node)
==5339==    by 0x231B5535: _RNvNvNvNvNtNtNtCs3Ir8cfnU9oH_7rustdom3dom4tree32___napi_impl_helper_NativeTree_1736___napi_register__NativeTree_impl_4431__18___CTOR_PRIVATE_REF14___ctor_private (in /home/guido/rustdom-selection-validation-cQnQbx/dist/rustdom.node)
==5339==    by 0x6B9F47D: call_init.part.0 (dl-init.c:70)
==5339==    by 0x6B9F567: call_init (dl-init.c:33)
==5339==    by 0x6B9F567: _dl_init (dl-init.c:117)
==5339==    by 0x78ADBB4: _dl_catch_exception (dl-error-skeleton.c:182)
==5339==    by 0x6BA6FF5: dl_open_worker (dl-open.c:808)
==5339==    by 0x6BA6FF5: dl_open_worker (dl-open.c:771)
==5339==    by 0x78ADB57: _dl_catch_exception (dl-error-skeleton.c:208)
==5339==    by 0x6BA734D: _dl_open (dl-open.c:883)
==5339==    by 0x77C95FB: dlopen_doit (dlopen.c:56)
==5339== 
==5339== 17 bytes in 1 blocks are possibly lost in loss record 244 of 425
==5339==    at 0x73E1899: malloc (in /mnt/c/Users/guido/ghq/projects/rustdom/.tools/valgrind/usr/libexec/valgrind/vgpreload_memcheck-amd64-linux.so)
==5339==    by 0x232478C2: _RNvXs0_NvMs_NtNtCs6i54tJFfzR_5alloc3ffi5c_strNtBa_7CString3newReNtB5_11SpecNewImpl13spec_new_impl (in /home/guido/rustdom-selection-validation-cQnQbx/dist/rustdom.node)
==5339==    by 0x231F177F: _RNvMs2_NtNtCs4QMHp0v7l6B_4napi9js_values15object_propertyNtB5_8Property14with_utf8_name (in /home/guido/rustdom-selection-validation-cQnQbx/dist/rustdom.node)
==5339==    by 0x2318E725: _RNvNvNtNtNtCs3Ir8cfnU9oH_7rustdom3dom4tree32___napi_impl_helper_NativeTree_1736___napi_register__NativeTree_impl_44320___ctor_private_inner (in /home/guido/rustdom-selection-validation-cQnQbx/dist/rustdom.node)
==5339==    by 0x231B5535: _RNvNvNvNvNtNtNtCs3Ir8cfnU9oH_7rustdom3dom4tree32___napi_impl_helper_NativeTree_1736___napi_register__NativeTree_impl_4431__18___CTOR_PRIVATE_REF14___ctor_private (in /home/guido/rustdom-selection-validation-cQnQbx/dist/rustdom.node)
==5339==    by 0x6B9F47D: call_init.part.0 (dl-init.c:70)
==5339==    by 0x6B9F567: call_init (dl-init.c:33)
==5339==    by 0x6B9F567: _dl_init (dl-init.c:117)
==5339==    by 0x78ADBB4: _dl_catch_exception (dl-error-skeleton.c:182)
==5339==    by 0x6BA6FF5: dl_open_worker (dl-open.c:808)
==5339==    by 0x6BA6FF5: dl_open_worker (dl-open.c:771)
==5339==    by 0x78ADB57: _dl_catch_exception (dl-error-skeleton.c:208)
==5339==    by 0x6BA734D: _dl_open (dl-open.c:883)
==5339==    by 0x77C95FB: dlopen_doit (dlopen.c:56)
==5339== 
==5339== 17 bytes in 1 blocks are possibly lost in loss record 245 of 425
==5339==    at 0x73E1899: malloc (in /mnt/c/Users/guido/ghq/projects/rustdom/.tools/valgrind/usr/libexec/valgrind/vgpreload_memcheck-amd64-linux.so)
==5339==    by 0x232478C2: _RNvXs0_NvMs_NtNtCs6i54tJFfzR_5alloc3ffi5c_strNtBa_7CString3newReNtB5_11SpecNewImpl13spec_new_impl (in /home/guido/rustdom-selection-validation-cQnQbx/dist/rustdom.node)
==5339==    by 0x231F177F: _RNvMs2_NtNtCs4QMHp0v7l6B_4napi9js_values15object_propertyNtB5_8Property14with_utf8_name (in /home/guido/rustdom-selection-validation-cQnQbx/dist/rustdom.node)
==5339==    by 0x2318F161: _RNvNvNtNtNtCs3Ir8cfnU9oH_7rustdom3dom4tree32___napi_impl_helper_NativeTree_1736___napi_register__NativeTree_impl_44320___ctor_private_inner (in /home/guido/rustdom-selection-validation-cQnQbx/dist/rustdom.node)
==5339==    by 0x231B5535: _RNvNvNvNvNtNtNtCs3Ir8cfnU9oH_7rustdom3dom4tree32___napi_impl_helper_NativeTree_1736___napi_register__NativeTree_impl_4431__18___CTOR_PRIVATE_REF14___ctor_private (in /home/guido/rustdom-selection-validation-cQnQbx/dist/rustdom.node)
==5339==    by 0x6B9F47D: call_init.part.0 (dl-init.c:70)
==5339==    by 0x6B9F567: call_init (dl-init.c:33)
==5339==    by 0x6B9F567: _dl_init (dl-init.c:117)
==5339==    by 0x78ADBB4: _dl_catch_exception (dl-error-skeleton.c:182)
==5339==    by 0x6BA6FF5: dl_open_worker (dl-open.c:808)
==5339==    by 0x6BA6FF5: dl_open_worker (dl-open.c:771)
==5339==    by 0x78ADB57: _dl_catch_exception (dl-error-skeleton.c:208)
==5339==    by 0x6BA734D: _dl_open (dl-open.c:883)
==5339==    by 0x77C95FB: dlopen_doit (dlopen.c:56)
==5339== 
==5339== 18 bytes in 1 blocks are still reachable in loss record 246 of 425
==5339==    at 0x73E1899: malloc (in /mnt/c/Users/guido/ghq/projects/rustdom/.tools/valgrind/usr/libexec/valgrind/vgpreload_memcheck-amd64-linux.so)
==5339==    by 0x268AAA8: uprv_getDefaultLocaleID_78 (in /mnt/c/Users/guido/AppData/Local/Temp/rustdom-pr54-abort-retention-e991d78927094e13876cb3cd1a13dacf/.tools/node-v24.20.0-linux-x64/bin/node)
==5339==    by 0x26A05A4: icu_78::locale_set_default_internal(char const*, UErrorCode&) (in /mnt/c/Users/guido/AppData/Local/Temp/rustdom-pr54-abort-retention-e991d78927094e13876cb3cd1a13dacf/.tools/node-v24.20.0-linux-x64/bin/node)
==5339==    by 0x26A08DE: icu_78::Locale::Locale() (in /mnt/c/Users/guido/AppData/Local/Temp/rustdom-pr54-abort-retention-e991d78927094e13876cb3cd1a13dacf/.tools/node-v24.20.0-linux-x64/bin/node)
==5339==    by 0xE43862: v8::internal::Isolate::DefaultLocale[abi:cxx11]() (in /mnt/c/Users/guido/AppData/Local/Temp/rustdom-pr54-abort-retention-e991d78927094e13876cb3cd1a13dacf/.tools/node-v24.20.0-linux-x64/bin/node)
==5339==    by 0xE43D73: v8::internal::LocalIsolate::LocalIsolate(v8::internal::Isolate*, v8::internal::ThreadKind) (in /mnt/c/Users/guido/AppData/Local/Temp/rustdom-pr54-abort-retention-e991d78927094e13876cb3cd1a13dacf/.tools/node-v24.20.0-linux-x64/bin/node)
==5339==    by 0xE41537: v8::internal::Isolate::Init(v8::internal::SnapshotData*, v8::internal::SnapshotData*, v8::internal::SnapshotData*, bool) (in /mnt/c/Users/guido/AppData/Local/Temp/rustdom-pr54-abort-retention-e991d78927094e13876cb3cd1a13dacf/.tools/node-v24.20.0-linux-x64/bin/node)
==5339==    by 0x141DAD2: v8::internal::Snapshot::Initialize(v8::internal::Isolate*) (in /mnt/c/Users/guido/AppData/Local/Temp/rustdom-pr54-abort-retention-e991d78927094e13876cb3cd1a13dacf/.tools/node-v24.20.0-linux-x64/bin/node)
==5339==    by 0xC8ABD5: v8::Isolate::Initialize(v8::Isolate*, v8::Isolate::CreateParams const&) (in /mnt/c/Users/guido/AppData/Local/Temp/rustdom-pr54-abort-retention-e991d78927094e13876cb3cd1a13dacf/.tools/node-v24.20.0-linux-x64/bin/node)
==5339==    by 0x807B3F: node::NewIsolate(v8::Isolate::CreateParams*, uv_loop_s*, node::MultiIsolatePlatform*, node::SnapshotData const*, node::IsolateSettings const&) (in /mnt/c/Users/guido/AppData/Local/Temp/rustdom-pr54-abort-retention-e991d78927094e13876cb3cd1a13dacf/.tools/node-v24.20.0-linux-x64/bin/node)
==5339==    by 0x989AB8: node::NodeMainInstance::NodeMainInstance(node::SnapshotData const*, uv_loop_s*, node::MultiIsolatePlatform*, std::vector<std::__cxx11::basic_string<char, std::char_traits<char>, std::allocator<char> >, std::allocator<std::__cxx11::basic_string<char, std::char_traits<char>, std::allocator<char> > > > const&, std::vector<std::__cxx11::basic_string<char, std::char_traits<char>, std::allocator<char> >, std::allocator<std::__cxx11::basic_string<char, std::char_traits<char>, std::allocator<char> > > > const&) (in /mnt/c/Users/guido/AppData/Local/Temp/rustdom-pr54-abort-retention-e991d78927094e13876cb3cd1a13dacf/.tools/node-v24.20.0-linux-x64/bin/node)
==5339==    by 0x8C7198: node::Start(int, char**) (in /mnt/c/Users/guido/AppData/Local/Temp/rustdom-pr54-abort-retention-e991d78927094e13876cb3cd1a13dacf/.tools/node-v24.20.0-linux-x64/bin/node)
==5339== 
==5339== 18 bytes in 1 blocks are possibly lost in loss record 247 of 425
==5339==    at 0x73E1899: malloc (in /mnt/c/Users/guido/ghq/projects/rustdom/.tools/valgrind/usr/libexec/valgrind/vgpreload_memcheck-amd64-linux.so)
==5339==    by 0x232478C2: _RNvXs0_NvMs_NtNtCs6i54tJFfzR_5alloc3ffi5c_strNtBa_7CString3newReNtB5_11SpecNewImpl13spec_new_impl (in /home/guido/rustdom-selection-validation-cQnQbx/dist/rustdom.node)
==5339==    by 0x231F177F: _RNvMs2_NtNtCs4QMHp0v7l6B_4napi9js_values15object_propertyNtB5_8Property14with_utf8_name (in /home/guido/rustdom-selection-validation-cQnQbx/dist/rustdom.node)
==5339==    by 0x231A3EBB: _RNvNvNvNvNtNtNtCs3Ir8cfnU9oH_7rustdom3dom19event_state_binding37___napi_impl_helper_NativeEventState_442___napi_register__NativeEventState_impl_1041__18___CTOR_PRIVATE_REF14___ctor_private (in /home/guido/rustdom-selection-validation-cQnQbx/dist/rustdom.node)
==5339==    by 0x6B9F47D: call_init.part.0 (dl-init.c:70)
==5339==    by 0x6B9F567: call_init (dl-init.c:33)
==5339==    by 0x6B9F567: _dl_init (dl-init.c:117)
==5339==    by 0x78ADBB4: _dl_catch_exception (dl-error-skeleton.c:182)
==5339==    by 0x6BA6FF5: dl_open_worker (dl-open.c:808)
==5339==    by 0x6BA6FF5: dl_open_worker (dl-open.c:771)
==5339==    by 0x78ADB57: _dl_catch_exception (dl-error-skeleton.c:208)
==5339==    by 0x6BA734D: _dl_open (dl-open.c:883)
==5339==    by 0x77C95FB: dlopen_doit (dlopen.c:56)
==5339==    by 0x78ADB57: _dl_catch_exception (dl-error-skeleton.c:208)
==5339== 
==5339== 18 bytes in 1 blocks are possibly lost in loss record 248 of 425
==5339==    at 0x73E1899: malloc (in /mnt/c/Users/guido/ghq/projects/rustdom/.tools/valgrind/usr/libexec/valgrind/vgpreload_memcheck-amd64-linux.so)
==5339==    by 0x232478C2: _RNvXs0_NvMs_NtNtCs6i54tJFfzR_5alloc3ffi5c_strNtBa_7CString3newReNtB5_11SpecNewImpl13spec_new_impl (in /home/guido/rustdom-selection-validation-cQnQbx/dist/rustdom.node)
==5339==    by 0x231F177F: _RNvMs2_NtNtCs4QMHp0v7l6B_4napi9js_values15object_propertyNtB5_8Property14with_utf8_name (in /home/guido/rustdom-selection-validation-cQnQbx/dist/rustdom.node)
==5339==    by 0x231A8D8B: _RNvNvNvNvNtNtNtCs3Ir8cfnU9oH_7rustdom3dom19range_state_binding33___napi_impl_helper_NativeRange_1137___napi_register__NativeRange_impl_2221__18___CTOR_PRIVATE_REF14___ctor_private (in /home/guido/rustdom-selection-validation-cQnQbx/dist/rustdom.node)
==5339==    by 0x6B9F47D: call_init.part.0 (dl-init.c:70)
==5339==    by 0x6B9F567: call_init (dl-init.c:33)
==5339==    by 0x6B9F567: _dl_init (dl-init.c:117)
==5339==    by 0x78ADBB4: _dl_catch_exception (dl-error-skeleton.c:182)
==5339==    by 0x6BA6FF5: dl_open_worker (dl-open.c:808)
==5339==    by 0x6BA6FF5: dl_open_worker (dl-open.c:771)
==5339==    by 0x78ADB57: _dl_catch_exception (dl-error-skeleton.c:208)
==5339==    by 0x6BA734D: _dl_open (dl-open.c:883)
==5339==    by 0x77C95FB: dlopen_doit (dlopen.c:56)
==5339==    by 0x78ADB57: _dl_catch_exception (dl-error-skeleton.c:208)
==5339== 
==5339== 18 bytes in 1 blocks are possibly lost in loss record 249 of 425
==5339==    at 0x73E1899: malloc (in /mnt/c/Users/guido/ghq/projects/rustdom/.tools/valgrind/usr/libexec/valgrind/vgpreload_memcheck-amd64-linux.so)
==5339==    by 0x232478C2: _RNvXs0_NvMs_NtNtCs6i54tJFfzR_5alloc3ffi5c_strNtBa_7CString3newReNtB5_11SpecNewImpl13spec_new_impl (in /home/guido/rustdom-selection-validation-cQnQbx/dist/rustdom.node)
==5339==    by 0x231F177F: _RNvMs2_NtNtCs4QMHp0v7l6B_4napi9js_values15object_propertyNtB5_8Property14with_utf8_name (in /home/guido/rustdom-selection-validation-cQnQbx/dist/rustdom.node)
==5339==    by 0x231A8E81: _RNvNvNvNvNtNtNtCs3Ir8cfnU9oH_7rustdom3dom19range_state_binding33___napi_impl_helper_NativeRange_1137___napi_register__NativeRange_impl_2221__18___CTOR_PRIVATE_REF14___ctor_private (in /home/guido/rustdom-selection-validation-cQnQbx/dist/rustdom.node)
==5339==    by 0x6B9F47D: call_init.part.0 (dl-init.c:70)
==5339==    by 0x6B9F567: call_init (dl-init.c:33)
==5339==    by 0x6B9F567: _dl_init (dl-init.c:117)
==5339==    by 0x78ADBB4: _dl_catch_exception (dl-error-skeleton.c:182)
==5339==    by 0x6BA6FF5: dl_open_worker (dl-open.c:808)
==5339==    by 0x6BA6FF5: dl_open_worker (dl-open.c:771)
==5339==    by 0x78ADB57: _dl_catch_exception (dl-error-skeleton.c:208)
==5339==    by 0x6BA734D: _dl_open (dl-open.c:883)
==5339==    by 0x77C95FB: dlopen_doit (dlopen.c:56)
==5339==    by 0x78ADB57: _dl_catch_exception (dl-error-skeleton.c:208)
==5339== 
==5339== 18 bytes in 1 blocks are possibly lost in loss record 250 of 425
==5339==    at 0x73E1899: malloc (in /mnt/c/Users/guido/ghq/projects/rustdom/.tools/valgrind/usr/libexec/valgrind/vgpreload_memcheck-amd64-linux.so)
==5339==    by 0x232478C2: _RNvXs0_NvMs_NtNtCs6i54tJFfzR_5alloc3ffi5c_strNtBa_7CString3newReNtB5_11SpecNewImpl13spec_new_impl (in /home/guido/rustdom-selection-validation-cQnQbx/dist/rustdom.node)
==5339==    by 0x231F177F: _RNvMs2_NtNtCs4QMHp0v7l6B_4napi9js_values15object_propertyNtB5_8Property14with_utf8_name (in /home/guido/rustdom-selection-validation-cQnQbx/dist/rustdom.node)
==5339==    by 0x231A97C8: _RNvNvNvNvNtNtNtCs3Ir8cfnU9oH_7rustdom3dom19range_state_binding33___napi_impl_helper_NativeRange_1137___napi_register__NativeRange_impl_2221__18___CTOR_PRIVATE_REF14___ctor_private (in /home/guido/rustdom-selection-validation-cQnQbx/dist/rustdom.node)
==5339==    by 0x6B9F47D: call_init.part.0 (dl-init.c:70)
==5339==    by 0x6B9F567: call_init (dl-init.c:33)
==5339==    by 0x6B9F567: _dl_init (dl-init.c:117)
==5339==    by 0x78ADBB4: _dl_catch_exception (dl-error-skeleton.c:182)
==5339==    by 0x6BA6FF5: dl_open_worker (dl-open.c:808)
==5339==    by 0x6BA6FF5: dl_open_worker (dl-open.c:771)
==5339==    by 0x78ADB57: _dl_catch_exception (dl-error-skeleton.c:208)
==5339==    by 0x6BA734D: _dl_open (dl-open.c:883)
==5339==    by 0x77C95FB: dlopen_doit (dlopen.c:56)
==5339==    by 0x78ADB57: _dl_catch_exception (dl-error-skeleton.c:208)
==5339== 
==5339== 18 bytes in 1 blocks are possibly lost in loss record 251 of 425
==5339==    at 0x73E1899: malloc (in /mnt/c/Users/guido/ghq/projects/rustdom/.tools/valgrind/usr/libexec/valgrind/vgpreload_memcheck-amd64-linux.so)
==5339==    by 0x232478C2: _RNvXs0_NvMs_NtNtCs6i54tJFfzR_5alloc3ffi5c_strNtBa_7CString3newReNtB5_11SpecNewImpl13spec_new_impl (in /home/guido/rustdom-selection-validation-cQnQbx/dist/rustdom.node)
==5339==    by 0x231F177F: _RNvMs2_NtNtCs4QMHp0v7l6B_4napi9js_values15object_propertyNtB5_8Property14with_utf8_name (in /home/guido/rustdom-selection-validation-cQnQbx/dist/rustdom.node)
==5339==    by 0x231AF132: _RNvNvNvNvNtNtNtCs3Ir8cfnU9oH_7rustdom3dom23event_listeners_binding43___napi_impl_helper_NativeListenerRegistry_347___napi_register__NativeListenerRegistry_impl_691__18___CTOR_PRIVATE_REF14___ctor_private (in /home/guido/rustdom-selection-validation-cQnQbx/dist/rustdom.node)
==5339==    by 0x6B9F47D: call_init.part.0 (dl-init.c:70)
==5339==    by 0x6B9F567: call_init (dl-init.c:33)
==5339==    by 0x6B9F567: _dl_init (dl-init.c:117)
==5339==    by 0x78ADBB4: _dl_catch_exception (dl-error-skeleton.c:182)
==5339==    by 0x6BA6FF5: dl_open_worker (dl-open.c:808)
==5339==    by 0x6BA6FF5: dl_open_worker (dl-open.c:771)
==5339==    by 0x78ADB57: _dl_catch_exception (dl-error-skeleton.c:208)
==5339==    by 0x6BA734D: _dl_open (dl-open.c:883)
==5339==    by 0x77C95FB: dlopen_doit (dlopen.c:56)
==5339==    by 0x78ADB57: _dl_catch_exception (dl-error-skeleton.c:208)
==5339== 
==5339== 18 bytes in 1 blocks are possibly lost in loss record 252 of 425
==5339==    at 0x73E1899: malloc (in /mnt/c/Users/guido/ghq/projects/rustdom/.tools/valgrind/usr/libexec/valgrind/vgpreload_memcheck-amd64-linux.so)
==5339==    by 0x232478C2: _RNvXs0_NvMs_NtNtCs6i54tJFfzR_5alloc3ffi5c_strNtBa_7CString3newReNtB5_11SpecNewImpl13spec_new_impl (in /home/guido/rustdom-selection-validation-cQnQbx/dist/rustdom.node)
==5339==    by 0x231F177F: _RNvMs2_NtNtCs4QMHp0v7l6B_4napi9js_values15object_propertyNtB5_8Property14with_utf8_name (in /home/guido/rustdom-selection-validation-cQnQbx/dist/rustdom.node)
==5339==    by 0x231AF444: _RNvNvNvNvNtNtNtCs3Ir8cfnU9oH_7rustdom3dom23event_listeners_binding43___napi_impl_helper_NativeListenerRegistry_347___napi_register__NativeListenerRegistry_impl_691__18___CTOR_PRIVATE_REF14___ctor_private (in /home/guido/rustdom-selection-validation-cQnQbx/dist/rustdom.node)
==5339==    by 0x6B9F47D: call_init.part.0 (dl-init.c:70)
==5339==    by 0x6B9F567: call_init (dl-init.c:33)
==5339==    by 0x6B9F567: _dl_init (dl-init.c:117)
==5339==    by 0x78ADBB4: _dl_catch_exception (dl-error-skeleton.c:182)
==5339==    by 0x6BA6FF5: dl_open_worker (dl-open.c:808)
==5339==    by 0x6BA6FF5: dl_open_worker (dl-open.c:771)
==5339==    by 0x78ADB57: _dl_catch_exception (dl-error-skeleton.c:208)
==5339==    by 0x6BA734D: _dl_open (dl-open.c:883)
==5339==    by 0x77C95FB: dlopen_doit (dlopen.c:56)
==5339==    by 0x78ADB57: _dl_catch_exception (dl-error-skeleton.c:208)
==5339== 
==5339== 18 bytes in 1 blocks are possibly lost in loss record 253 of 425
==5339==    at 0x73E1899: malloc (in /mnt/c/Users/guido/ghq/projects/rustdom/.tools/valgrind/usr/libexec/valgrind/vgpreload_memcheck-amd64-linux.so)
==5339==    by 0x232478C2: _RNvXs0_NvMs_NtNtCs6i54tJFfzR_5alloc3ffi5c_strNtBa_7CString3newReNtB5_11SpecNewImpl13spec_new_impl (in /home/guido/rustdom-selection-validation-cQnQbx/dist/rustdom.node)
==5339==    by 0x231F177F: _RNvMs2_NtNtCs4QMHp0v7l6B_4napi9js_values15object_propertyNtB5_8Property14with_utf8_name (in /home/guido/rustdom-selection-validation-cQnQbx/dist/rustdom.node)
==5339==    by 0x231AF5F5: _RNvNvNvNvNtNtNtCs3Ir8cfnU9oH_7rustdom3dom23event_listeners_binding43___napi_impl_helper_NativeListenerRegistry_347___napi_register__NativeListenerRegistry_impl_691__18___CTOR_PRIVATE_REF14___ctor_private (in /home/guido/rustdom-selection-validation-cQnQbx/dist/rustdom.node)
==5339==    by 0x6B9F47D: call_init.part.0 (dl-init.c:70)
==5339==    by 0x6B9F567: call_init (dl-init.c:33)
==5339==    by 0x6B9F567: _dl_init (dl-init.c:117)
==5339==    by 0x78ADBB4: _dl_catch_exception (dl-error-skeleton.c:182)
==5339==    by 0x6BA6FF5: dl_open_worker (dl-open.c:808)
==5339==    by 0x6BA6FF5: dl_open_worker (dl-open.c:771)
==5339==    by 0x78ADB57: _dl_catch_exception (dl-error-skeleton.c:208)
==5339==    by 0x6BA734D: _dl_open (dl-open.c:883)
==5339==    by 0x77C95FB: dlopen_doit (dlopen.c:56)
==5339==    by 0x78ADB57: _dl_catch_exception (dl-error-skeleton.c:208)
==5339== 
==5339== 18 bytes in 1 blocks are possibly lost in loss record 254 of 425
==5339==    at 0x73E1899: malloc (in /mnt/c/Users/guido/ghq/projects/rustdom/.tools/valgrind/usr/libexec/valgrind/vgpreload_memcheck-amd64-linux.so)
==5339==    by 0x232478C2: _RNvXs0_NvMs_NtNtCs6i54tJFfzR_5alloc3ffi5c_strNtBa_7CString3newReNtB5_11SpecNewImpl13spec_new_impl (in /home/guido/rustdom-selection-validation-cQnQbx/dist/rustdom.node)
==5339==    by 0x231F177F: _RNvMs2_NtNtCs4QMHp0v7l6B_4napi9js_values15object_propertyNtB5_8Property14with_utf8_name (in /home/guido/rustdom-selection-validation-cQnQbx/dist/rustdom.node)
==5339==    by 0x231B35AD: _RNvNvNvNvNtNtNtCs3Ir8cfnU9oH_7rustdom3dom4tree32___napi_impl_helper_NativeTree_1636___napi_register__NativeTree_impl_3101__18___CTOR_PRIVATE_REF14___ctor_private (in /home/guido/rustdom-selection-validation-cQnQbx/dist/rustdom.node)
==5339==    by 0x6B9F47D: call_init.part.0 (dl-init.c:70)
==5339==    by 0x6B9F567: call_init (dl-init.c:33)
==5339==    by 0x6B9F567: _dl_init (dl-init.c:117)
==5339==    by 0x78ADBB4: _dl_catch_exception (dl-error-skeleton.c:182)
==5339==    by 0x6BA6FF5: dl_open_worker (dl-open.c:808)
==5339==    by 0x6BA6FF5: dl_open_worker (dl-open.c:771)
==5339==    by 0x78ADB57: _dl_catch_exception (dl-error-skeleton.c:208)
==5339==    by 0x6BA734D: _dl_open (dl-open.c:883)
==5339==    by 0x77C95FB: dlopen_doit (dlopen.c:56)
==5339==    by 0x78ADB57: _dl_catch_exception (dl-error-skeleton.c:208)
==5339== 
==5339== 18 bytes in 1 blocks are possibly lost in loss record 255 of 425
==5339==    at 0x73E1899: malloc (in /mnt/c/Users/guido/ghq/projects/rustdom/.tools/valgrind/usr/libexec/valgrind/vgpreload_memcheck-amd64-linux.so)
==5339==    by 0x232478C2: _RNvXs0_NvMs_NtNtCs6i54tJFfzR_5alloc3ffi5c_strNtBa_7CString3newReNtB5_11SpecNewImpl13spec_new_impl (in /home/guido/rustdom-selection-validation-cQnQbx/dist/rustdom.node)
==5339==    by 0x231F177F: _RNvMs2_NtNtCs4QMHp0v7l6B_4napi9js_values15object_propertyNtB5_8Property14with_utf8_name (in /home/guido/rustdom-selection-validation-cQnQbx/dist/rustdom.node)
==5339==    by 0x231B37B9: _RNvNvNvNvNtNtNtCs3Ir8cfnU9oH_7rustdom3dom4tree32___napi_impl_helper_NativeTree_1636___napi_register__NativeTree_impl_3101__18___CTOR_PRIVATE_REF14___ctor_private (in /home/guido/rustdom-selection-validation-cQnQbx/dist/rustdom.node)
==5339==    by 0x6B9F47D: call_init.part.0 (dl-init.c:70)
==5339==    by 0x6B9F567: call_init (dl-init.c:33)
==5339==    by 0x6B9F567: _dl_init (dl-init.c:117)
==5339==    by 0x78ADBB4: _dl_catch_exception (dl-error-skeleton.c:182)
==5339==    by 0x6BA6FF5: dl_open_worker (dl-open.c:808)
==5339==    by 0x6BA6FF5: dl_open_worker (dl-open.c:771)
==5339==    by 0x78ADB57: _dl_catch_exception (dl-error-skeleton.c:208)
==5339==    by 0x6BA734D: _dl_open (dl-open.c:883)
==5339==    by 0x77C95FB: dlopen_doit (dlopen.c:56)
==5339==    by 0x78ADB57: _dl_catch_exception (dl-error-skeleton.c:208)
==5339== 
==5339== 18 bytes in 1 blocks are possibly lost in loss record 256 of 425
==5339==    at 0x73E1899: malloc (in /mnt/c/Users/guido/ghq/projects/rustdom/.tools/valgrind/usr/libexec/valgrind/vgpreload_memcheck-amd64-linux.so)
==5339==    by 0x232478C2: _RNvXs0_NvMs_NtNtCs6i54tJFfzR_5alloc3ffi5c_strNtBa_7CString3newReNtB5_11SpecNewImpl13spec_new_impl (in /home/guido/rustdom-selection-validation-cQnQbx/dist/rustdom.node)
==5339==    by 0x231F177F: _RNvMs2_NtNtCs4QMHp0v7l6B_4napi9js_values15object_propertyNtB5_8Property14with_utf8_name (in /home/guido/rustdom-selection-validation-cQnQbx/dist/rustdom.node)
==5339==    by 0x23188E0A: _RNvNvNtNtNtCs3Ir8cfnU9oH_7rustdom3dom4tree32___napi_impl_helper_NativeTree_1736___napi_register__NativeTree_impl_44320___ctor_private_inner (in /home/guido/rustdom-selection-validation-cQnQbx/dist/rustdom.node)
==5339==    by 0x231B5535: _RNvNvNvNvNtNtNtCs3Ir8cfnU9oH_7rustdom3dom4tree32___napi_impl_helper_NativeTree_1736___napi_register__NativeTree_impl_4431__18___CTOR_PRIVATE_REF14___ctor_private (in /home/guido/rustdom-selection-validation-cQnQbx/dist/rustdom.node)
==5339==    by 0x6B9F47D: call_init.part.0 (dl-init.c:70)
==5339==    by 0x6B9F567: call_init (dl-init.c:33)
==5339==    by 0x6B9F567: _dl_init (dl-init.c:117)
==5339==    by 0x78ADBB4: _dl_catch_exception (dl-error-skeleton.c:182)
==5339==    by 0x6BA6FF5: dl_open_worker (dl-open.c:808)
==5339==    by 0x6BA6FF5: dl_open_worker (dl-open.c:771)
==5339==    by 0x78ADB57: _dl_catch_exception (dl-error-skeleton.c:208)
==5339==    by 0x6BA734D: _dl_open (dl-open.c:883)
==5339==    by 0x77C95FB: dlopen_doit (dlopen.c:56)
==5339== 
==5339== 18 bytes in 1 blocks are possibly lost in loss record 257 of 425
==5339==    at 0x73E1899: malloc (in /mnt/c/Users/guido/ghq/projects/rustdom/.tools/valgrind/usr/libexec/valgrind/vgpreload_memcheck-amd64-linux.so)
==5339==    by 0x232478C2: _RNvXs0_NvMs_NtNtCs6i54tJFfzR_5alloc3ffi5c_strNtBa_7CString3newReNtB5_11SpecNewImpl13spec_new_impl (in /home/guido/rustdom-selection-validation-cQnQbx/dist/rustdom.node)
==5339==    by 0x231F177F: _RNvMs2_NtNtCs4QMHp0v7l6B_4napi9js_values15object_propertyNtB5_8Property14with_utf8_name (in /home/guido/rustdom-selection-validation-cQnQbx/dist/rustdom.node)
==5339==    by 0x2318A087: _RNvNvNtNtNtCs3Ir8cfnU9oH_7rustdom3dom4tree32___napi_impl_helper_NativeTree_1736___napi_register__NativeTree_impl_44320___ctor_private_inner (in /home/guido/rustdom-selection-validation-cQnQbx/dist/rustdom.node)
==5339==    by 0x231B5535: _RNvNvNvNvNtNtNtCs3Ir8cfnU9oH_7rustdom3dom4tree32___napi_impl_helper_NativeTree_1736___napi_register__NativeTree_impl_4431__18___CTOR_PRIVATE_REF14___ctor_private (in /home/guido/rustdom-selection-validation-cQnQbx/dist/rustdom.node)
==5339==    by 0x6B9F47D: call_init.part.0 (dl-init.c:70)
==5339==    by 0x6B9F567: call_init (dl-init.c:33)
==5339==    by 0x6B9F567: _dl_init (dl-init.c:117)
==5339==    by 0x78ADBB4: _dl_catch_exception (dl-error-skeleton.c:182)
==5339==    by 0x6BA6FF5: dl_open_worker (dl-open.c:808)
==5339==    by 0x6BA6FF5: dl_open_worker (dl-open.c:771)
==5339==    by 0x78ADB57: _dl_catch_exception (dl-error-skeleton.c:208)
==5339==    by 0x6BA734D: _dl_open (dl-open.c:883)
==5339==    by 0x77C95FB: dlopen_doit (dlopen.c:56)
==5339== 
==5339== 18 bytes in 1 blocks are possibly lost in loss record 258 of 425
==5339==    at 0x73E1899: malloc (in /mnt/c/Users/guido/ghq/projects/rustdom/.tools/valgrind/usr/libexec/valgrind/vgpreload_memcheck-amd64-linux.so)
==5339==    by 0x232478C2: _RNvXs0_NvMs_NtNtCs6i54tJFfzR_5alloc3ffi5c_strNtBa_7CString3newReNtB5_11SpecNewImpl13spec_new_impl (in /home/guido/rustdom-selection-validation-cQnQbx/dist/rustdom.node)
==5339==    by 0x231F177F: _RNvMs2_NtNtCs4QMHp0v7l6B_4napi9js_values15object_propertyNtB5_8Property14with_utf8_name (in /home/guido/rustdom-selection-validation-cQnQbx/dist/rustdom.node)
==5339==    by 0x2318A49F: _RNvNvNtNtNtCs3Ir8cfnU9oH_7rustdom3dom4tree32___napi_impl_helper_NativeTree_1736___napi_register__NativeTree_impl_44320___ctor_private_inner (in /home/guido/rustdom-selection-validation-cQnQbx/dist/rustdom.node)
==5339==    by 0x231B5535: _RNvNvNvNvNtNtNtCs3Ir8cfnU9oH_7rustdom3dom4tree32___napi_impl_helper_NativeTree_1736___napi_register__NativeTree_impl_4431__18___CTOR_PRIVATE_REF14___ctor_private (in /home/guido/rustdom-selection-validation-cQnQbx/dist/rustdom.node)
==5339==    by 0x6B9F47D: call_init.part.0 (dl-init.c:70)
==5339==    by 0x6B9F567: call_init (dl-init.c:33)
==5339==    by 0x6B9F567: _dl_init (dl-init.c:117)
==5339==    by 0x78ADBB4: _dl_catch_exception (dl-error-skeleton.c:182)
==5339==    by 0x6BA6FF5: dl_open_worker (dl-open.c:808)
==5339==    by 0x6BA6FF5: dl_open_worker (dl-open.c:771)
==5339==    by 0x78ADB57: _dl_catch_exception (dl-error-skeleton.c:208)
==5339==    by 0x6BA734D: _dl_open (dl-open.c:883)
==5339==    by 0x77C95FB: dlopen_doit (dlopen.c:56)
==5339== 
==5339== 18 bytes in 1 blocks are possibly lost in loss record 259 of 425
==5339==    at 0x73E1899: malloc (in /mnt/c/Users/guido/ghq/projects/rustdom/.tools/valgrind/usr/libexec/valgrind/vgpreload_memcheck-amd64-linux.so)
==5339==    by 0x232478C2: _RNvXs0_NvMs_NtNtCs6i54tJFfzR_5alloc3ffi5c_strNtBa_7CString3newReNtB5_11SpecNewImpl13spec_new_impl (in /home/guido/rustdom-selection-validation-cQnQbx/dist/rustdom.node)
==5339==    by 0x231F177F: _RNvMs2_NtNtCs4QMHp0v7l6B_4napi9js_values15object_propertyNtB5_8Property14with_utf8_name (in /home/guido/rustdom-selection-validation-cQnQbx/dist/rustdom.node)
==5339==    by 0x2318D2AD: _RNvNvNtNtNtCs3Ir8cfnU9oH_7rustdom3dom4tree32___napi_impl_helper_NativeTree_1736___napi_register__NativeTree_impl_44320___ctor_private_inner (in /home/guido/rustdom-selection-validation-cQnQbx/dist/rustdom.node)
==5339==    by 0x231B5535: _RNvNvNvNvNtNtNtCs3Ir8cfnU9oH_7rustdom3dom4tree32___napi_impl_helper_NativeTree_1736___napi_register__NativeTree_impl_4431__18___CTOR_PRIVATE_REF14___ctor_private (in /home/guido/rustdom-selection-validation-cQnQbx/dist/rustdom.node)
==5339==    by 0x6B9F47D: call_init.part.0 (dl-init.c:70)
==5339==    by 0x6B9F567: call_init (dl-init.c:33)
==5339==    by 0x6B9F567: _dl_init (dl-init.c:117)
==5339==    by 0x78ADBB4: _dl_catch_exception (dl-error-skeleton.c:182)
==5339==    by 0x6BA6FF5: dl_open_worker (dl-open.c:808)
==5339==    by 0x6BA6FF5: dl_open_worker (dl-open.c:771)
==5339==    by 0x78ADB57: _dl_catch_exception (dl-error-skeleton.c:208)
==5339==    by 0x6BA734D: _dl_open (dl-open.c:883)
==5339==    by 0x77C95FB: dlopen_doit (dlopen.c:56)
==5339== 
==5339== 18 bytes in 1 blocks are possibly lost in loss record 260 of 425
==5339==    at 0x73E1899: malloc (in /mnt/c/Users/guido/ghq/projects/rustdom/.tools/valgrind/usr/libexec/valgrind/vgpreload_memcheck-amd64-linux.so)
==5339==    by 0x232478C2: _RNvXs0_NvMs_NtNtCs6i54tJFfzR_5alloc3ffi5c_strNtBa_7CString3newReNtB5_11SpecNewImpl13spec_new_impl (in /home/guido/rustdom-selection-validation-cQnQbx/dist/rustdom.node)
==5339==    by 0x231F177F: _RNvMs2_NtNtCs4QMHp0v7l6B_4napi9js_values15object_propertyNtB5_8Property14with_utf8_name (in /home/guido/rustdom-selection-validation-cQnQbx/dist/rustdom.node)
==5339==    by 0x2318D6C5: _RNvNvNtNtNtCs3Ir8cfnU9oH_7rustdom3dom4tree32___napi_impl_helper_NativeTree_1736___napi_register__NativeTree_impl_44320___ctor_private_inner (in /home/guido/rustdom-selection-validation-cQnQbx/dist/rustdom.node)
==5339==    by 0x231B5535: _RNvNvNvNvNtNtNtCs3Ir8cfnU9oH_7rustdom3dom4tree32___napi_impl_helper_NativeTree_1736___napi_register__NativeTree_impl_4431__18___CTOR_PRIVATE_REF14___ctor_private (in /home/guido/rustdom-selection-validation-cQnQbx/dist/rustdom.node)
==5339==    by 0x6B9F47D: call_init.part.0 (dl-init.c:70)
==5339==    by 0x6B9F567: call_init (dl-init.c:33)
==5339==    by 0x6B9F567: _dl_init (dl-init.c:117)
==5339==    by 0x78ADBB4: _dl_catch_exception (dl-error-skeleton.c:182)
==5339==    by 0x6BA6FF5: dl_open_worker (dl-open.c:808)
==5339==    by 0x6BA6FF5: dl_open_worker (dl-open.c:771)
==5339==    by 0x78ADB57: _dl_catch_exception (dl-error-skeleton.c:208)
==5339==    by 0x6BA734D: _dl_open (dl-open.c:883)
==5339==    by 0x77C95FB: dlopen_doit (dlopen.c:56)
==5339== 
==5339== 18 bytes in 1 blocks are possibly lost in loss record 261 of 425
==5339==    at 0x73E1899: malloc (in /mnt/c/Users/guido/ghq/projects/rustdom/.tools/valgrind/usr/libexec/valgrind/vgpreload_memcheck-amd64-linux.so)
==5339==    by 0x232478C2: _RNvXs0_NvMs_NtNtCs6i54tJFfzR_5alloc3ffi5c_strNtBa_7CString3newReNtB5_11SpecNewImpl13spec_new_impl (in /home/guido/rustdom-selection-validation-cQnQbx/dist/rustdom.node)
==5339==    by 0x231F177F: _RNvMs2_NtNtCs4QMHp0v7l6B_4napi9js_values15object_propertyNtB5_8Property14with_utf8_name (in /home/guido/rustdom-selection-validation-cQnQbx/dist/rustdom.node)
==5339==    by 0x2318F05B: _RNvNvNtNtNtCs3Ir8cfnU9oH_7rustdom3dom4tree32___napi_impl_helper_NativeTree_1736___napi_register__NativeTree_impl_44320___ctor_private_inner (in /home/guido/rustdom-selection-validation-cQnQbx/dist/rustdom.node)
==5339==    by 0x231B5535: _RNvNvNvNvNtNtNtCs3Ir8cfnU9oH_7rustdom3dom4tree32___napi_impl_helper_NativeTree_1736___napi_register__NativeTree_impl_4431__18___CTOR_PRIVATE_REF14___ctor_private (in /home/guido/rustdom-selection-validation-cQnQbx/dist/rustdom.node)
==5339==    by 0x6B9F47D: call_init.part.0 (dl-init.c:70)
==5339==    by 0x6B9F567: call_init (dl-init.c:33)
==5339==    by 0x6B9F567: _dl_init (dl-init.c:117)
==5339==    by 0x78ADBB4: _dl_catch_exception (dl-error-skeleton.c:182)
==5339==    by 0x6BA6FF5: dl_open_worker (dl-open.c:808)
==5339==    by 0x6BA6FF5: dl_open_worker (dl-open.c:771)
==5339==    by 0x78ADB57: _dl_catch_exception (dl-error-skeleton.c:208)
==5339==    by 0x6BA734D: _dl_open (dl-open.c:883)
==5339==    by 0x77C95FB: dlopen_doit (dlopen.c:56)
==5339== 
==5339== 18 bytes in 1 blocks are possibly lost in loss record 262 of 425
==5339==    at 0x73E1899: malloc (in /mnt/c/Users/guido/ghq/projects/rustdom/.tools/valgrind/usr/libexec/valgrind/vgpreload_memcheck-amd64-linux.so)
==5339==    by 0x232478C2: _RNvXs0_NvMs_NtNtCs6i54tJFfzR_5alloc3ffi5c_strNtBa_7CString3newReNtB5_11SpecNewImpl13spec_new_impl (in /home/guido/rustdom-selection-validation-cQnQbx/dist/rustdom.node)
==5339==    by 0x231F177F: _RNvMs2_NtNtCs4QMHp0v7l6B_4napi9js_values15object_propertyNtB5_8Property14with_utf8_name (in /home/guido/rustdom-selection-validation-cQnQbx/dist/rustdom.node)
==5339==    by 0x2318FB9D: _RNvNvNtNtNtCs3Ir8cfnU9oH_7rustdom3dom4tree32___napi_impl_helper_NativeTree_1736___napi_register__NativeTree_impl_44320___ctor_private_inner (in /home/guido/rustdom-selection-validation-cQnQbx/dist/rustdom.node)
==5339==    by 0x231B5535: _RNvNvNvNvNtNtNtCs3Ir8cfnU9oH_7rustdom3dom4tree32___napi_impl_helper_NativeTree_1736___napi_register__NativeTree_impl_4431__18___CTOR_PRIVATE_REF14___ctor_private (in /home/guido/rustdom-selection-validation-cQnQbx/dist/rustdom.node)
==5339==    by 0x6B9F47D: call_init.part.0 (dl-init.c:70)
==5339==    by 0x6B9F567: call_init (dl-init.c:33)
==5339==    by 0x6B9F567: _dl_init (dl-init.c:117)
==5339==    by 0x78ADBB4: _dl_catch_exception (dl-error-skeleton.c:182)
==5339==    by 0x6BA6FF5: dl_open_worker (dl-open.c:808)
==5339==    by 0x6BA6FF5: dl_open_worker (dl-open.c:771)
==5339==    by 0x78ADB57: _dl_catch_exception (dl-error-skeleton.c:208)
==5339==    by 0x6BA734D: _dl_open (dl-open.c:883)
==5339==    by 0x77C95FB: dlopen_doit (dlopen.c:56)
==5339== 
==5339== 18 bytes in 1 blocks are possibly lost in loss record 263 of 425
==5339==    at 0x73E1899: malloc (in /mnt/c/Users/guido/ghq/projects/rustdom/.tools/valgrind/usr/libexec/valgrind/vgpreload_memcheck-amd64-linux.so)
==5339==    by 0x232478C2: _RNvXs0_NvMs_NtNtCs6i54tJFfzR_5alloc3ffi5c_strNtBa_7CString3newReNtB5_11SpecNewImpl13spec_new_impl (in /home/guido/rustdom-selection-validation-cQnQbx/dist/rustdom.node)
==5339==    by 0x231F177F: _RNvMs2_NtNtCs4QMHp0v7l6B_4napi9js_values15object_propertyNtB5_8Property14with_utf8_name (in /home/guido/rustdom-selection-validation-cQnQbx/dist/rustdom.node)
==5339==    by 0x2318FEAF: _RNvNvNtNtNtCs3Ir8cfnU9oH_7rustdom3dom4tree32___napi_impl_helper_NativeTree_1736___napi_register__NativeTree_impl_44320___ctor_private_inner (in /home/guido/rustdom-selection-validation-cQnQbx/dist/rustdom.node)
==5339==    by 0x231B5535: _RNvNvNvNvNtNtNtCs3Ir8cfnU9oH_7rustdom3dom4tree32___napi_impl_helper_NativeTree_1736___napi_register__NativeTree_impl_4431__18___CTOR_PRIVATE_REF14___ctor_private (in /home/guido/rustdom-selection-validation-cQnQbx/dist/rustdom.node)
==5339==    by 0x6B9F47D: call_init.part.0 (dl-init.c:70)
==5339==    by 0x6B9F567: call_init (dl-init.c:33)
==5339==    by 0x6B9F567: _dl_init (dl-init.c:117)
==5339==    by 0x78ADBB4: _dl_catch_exception (dl-error-skeleton.c:182)
==5339==    by 0x6BA6FF5: dl_open_worker (dl-open.c:808)
==5339==    by 0x6BA6FF5: dl_open_worker (dl-open.c:771)
==5339==    by 0x78ADB57: _dl_catch_exception (dl-error-skeleton.c:208)
==5339==    by 0x6BA734D: _dl_open (dl-open.c:883)
==5339==    by 0x77C95FB: dlopen_doit (dlopen.c:56)
==5339== 
==5339== 19 bytes in 1 blocks are still reachable in loss record 264 of 425
==5339==    at 0x73E1899: malloc (in /mnt/c/Users/guido/ghq/projects/rustdom/.tools/valgrind/usr/libexec/valgrind/vgpreload_memcheck-amd64-linux.so)
==5339==    by 0x1E096E0: CRYPTO_malloc (in /mnt/c/Users/guido/AppData/Local/Temp/rustdom-pr54-abort-retention-e991d78927094e13876cb3cd1a13dacf/.tools/node-v24.20.0-linux-x64/bin/node)
==5339==    by 0x1E0B45E: CRYPTO_strdup (in /mnt/c/Users/guido/AppData/Local/Temp/rustdom-pr54-abort-retention-e991d78927094e13876cb3cd1a13dacf/.tools/node-v24.20.0-linux-x64/bin/node)
==5339==    by 0x1CF5080: BIO_meth_new (in /mnt/c/Users/guido/AppData/Local/Temp/rustdom-pr54-abort-retention-e991d78927094e13876cb3cd1a13dacf/.tools/node-v24.20.0-linux-x64/bin/node)
==5339==    by 0xB8F22E: node::crypto::NodeBIO::GetMethod() (in /mnt/c/Users/guido/AppData/Local/Temp/rustdom-pr54-abort-retention-e991d78927094e13876cb3cd1a13dacf/.tools/node-v24.20.0-linux-x64/bin/node)
==5339==    by 0xB8F2E1: node::crypto::NodeBIO::NewFixed(char const*, unsigned long, node::Environment*) (in /mnt/c/Users/guido/AppData/Local/Temp/rustdom-pr54-abort-retention-e991d78927094e13876cb3cd1a13dacf/.tools/node-v24.20.0-linux-x64/bin/node)
==5339==    by 0xBB54DB: node::crypto::GetBundledRootCertificates() (in /mnt/c/Users/guido/AppData/Local/Temp/rustdom-pr54-abort-retention-e991d78927094e13876cb3cd1a13dacf/.tools/node-v24.20.0-linux-x64/bin/node)
==5339==    by 0xBBCCE1: node::crypto::LoadCACertificates(void*) (in /mnt/c/Users/guido/AppData/Local/Temp/rustdom-pr54-abort-retention-e991d78927094e13876cb3cd1a13dacf/.tools/node-v24.20.0-linux-x64/bin/node)
==5339==    by 0x77CDA82: start_thread (pthread_create.c:442)
==5339==    by 0x785EA93: clone (clone.S:100)
==5339== 
==5339== 19 bytes in 1 blocks are possibly lost in loss record 265 of 425
==5339==    at 0x73E1899: malloc (in /mnt/c/Users/guido/ghq/projects/rustdom/.tools/valgrind/usr/libexec/valgrind/vgpreload_memcheck-amd64-linux.so)
==5339==    by 0x232478C2: _RNvXs0_NvMs_NtNtCs6i54tJFfzR_5alloc3ffi5c_strNtBa_7CString3newReNtB5_11SpecNewImpl13spec_new_impl (in /home/guido/rustdom-selection-validation-cQnQbx/dist/rustdom.node)
==5339==    by 0x231F177F: _RNvMs2_NtNtCs4QMHp0v7l6B_4napi9js_values15object_propertyNtB5_8Property14with_utf8_name (in /home/guido/rustdom-selection-validation-cQnQbx/dist/rustdom.node)
==5339==    by 0x231A44AA: _RNvNvNvNvNtNtNtCs3Ir8cfnU9oH_7rustdom3dom19event_state_binding37___napi_impl_helper_NativeEventState_442___napi_register__NativeEventState_impl_1041__18___CTOR_PRIVATE_REF14___ctor_private (in /home/guido/rustdom-selection-validation-cQnQbx/dist/rustdom.node)
==5339==    by 0x6B9F47D: call_init.part.0 (dl-init.c:70)
==5339==    by 0x6B9F567: call_init (dl-init.c:33)
==5339==    by 0x6B9F567: _dl_init (dl-init.c:117)
==5339==    by 0x78ADBB4: _dl_catch_exception (dl-error-skeleton.c:182)
==5339==    by 0x6BA6FF5: dl_open_worker (dl-open.c:808)
==5339==    by 0x6BA6FF5: dl_open_worker (dl-open.c:771)
==5339==    by 0x78ADB57: _dl_catch_exception (dl-error-skeleton.c:208)
==5339==    by 0x6BA734D: _dl_open (dl-open.c:883)
==5339==    by 0x77C95FB: dlopen_doit (dlopen.c:56)
==5339==    by 0x78ADB57: _dl_catch_exception (dl-error-skeleton.c:208)
==5339== 
==5339== 19 bytes in 1 blocks are possibly lost in loss record 266 of 425
==5339==    at 0x73E1899: malloc (in /mnt/c/Users/guido/ghq/projects/rustdom/.tools/valgrind/usr/libexec/valgrind/vgpreload_memcheck-amd64-linux.so)
==5339==    by 0x232478C2: _RNvXs0_NvMs_NtNtCs6i54tJFfzR_5alloc3ffi5c_strNtBa_7CString3newReNtB5_11SpecNewImpl13spec_new_impl (in /home/guido/rustdom-selection-validation-cQnQbx/dist/rustdom.node)
==5339==    by 0x231F177F: _RNvMs2_NtNtCs4QMHp0v7l6B_4napi9js_values15object_propertyNtB5_8Property14with_utf8_name (in /home/guido/rustdom-selection-validation-cQnQbx/dist/rustdom.node)
==5339==    by 0x231A56AB: _RNvNvNvNvNtNtNtCs3Ir8cfnU9oH_7rustdom3dom19event_state_binding37___napi_impl_helper_NativeEventState_442___napi_register__NativeEventState_impl_1041__18___CTOR_PRIVATE_REF14___ctor_private (in /home/guido/rustdom-selection-validation-cQnQbx/dist/rustdom.node)
==5339==    by 0x6B9F47D: call_init.part.0 (dl-init.c:70)
==5339==    by 0x6B9F567: call_init (dl-init.c:33)
==5339==    by 0x6B9F567: _dl_init (dl-init.c:117)
==5339==    by 0x78ADBB4: _dl_catch_exception (dl-error-skeleton.c:182)
==5339==    by 0x6BA6FF5: dl_open_worker (dl-open.c:808)
==5339==    by 0x6BA6FF5: dl_open_worker (dl-open.c:771)
==5339==    by 0x78ADB57: _dl_catch_exception (dl-error-skeleton.c:208)
==5339==    by 0x6BA734D: _dl_open (dl-open.c:883)
==5339==    by 0x77C95FB: dlopen_doit (dlopen.c:56)
==5339==    by 0x78ADB57: _dl_catch_exception (dl-error-skeleton.c:208)
==5339== 
==5339== 19 bytes in 1 blocks are possibly lost in loss record 267 of 425
==5339==    at 0x73E1899: malloc (in /mnt/c/Users/guido/ghq/projects/rustdom/.tools/valgrind/usr/libexec/valgrind/vgpreload_memcheck-amd64-linux.so)
==5339==    by 0x232478C2: _RNvXs0_NvMs_NtNtCs6i54tJFfzR_5alloc3ffi5c_strNtBa_7CString3newReNtB5_11SpecNewImpl13spec_new_impl (in /home/guido/rustdom-selection-validation-cQnQbx/dist/rustdom.node)
==5339==    by 0x231F177F: _RNvMs2_NtNtCs4QMHp0v7l6B_4napi9js_values15object_propertyNtB5_8Property14with_utf8_name (in /home/guido/rustdom-selection-validation-cQnQbx/dist/rustdom.node)
==5339==    by 0x231A8C9B: _RNvNvNvNvNtNtNtCs3Ir8cfnU9oH_7rustdom3dom19range_state_binding33___napi_impl_helper_NativeRange_1137___napi_register__NativeRange_impl_2221__18___CTOR_PRIVATE_REF14___ctor_private (in /home/guido/rustdom-selection-validation-cQnQbx/dist/rustdom.node)
==5339==    by 0x6B9F47D: call_init.part.0 (dl-init.c:70)
==5339==    by 0x6B9F567: call_init (dl-init.c:33)
==5339==    by 0x6B9F567: _dl_init (dl-init.c:117)
==5339==    by 0x78ADBB4: _dl_catch_exception (dl-error-skeleton.c:182)
==5339==    by 0x6BA6FF5: dl_open_worker (dl-open.c:808)
==5339==    by 0x6BA6FF5: dl_open_worker (dl-open.c:771)
==5339==    by 0x78ADB57: _dl_catch_exception (dl-error-skeleton.c:208)
==5339==    by 0x6BA734D: _dl_open (dl-open.c:883)
==5339==    by 0x77C95FB: dlopen_doit (dlopen.c:56)
==5339==    by 0x78ADB57: _dl_catch_exception (dl-error-skeleton.c:208)
==5339== 
==5339== 19 bytes in 1 blocks are possibly lost in loss record 268 of 425
==5339==    at 0x73E1899: malloc (in /mnt/c/Users/guido/ghq/projects/rustdom/.tools/valgrind/usr/libexec/valgrind/vgpreload_memcheck-amd64-linux.so)
==5339==    by 0x232478C2: _RNvXs0_NvMs_NtNtCs6i54tJFfzR_5alloc3ffi5c_strNtBa_7CString3newReNtB5_11SpecNewImpl13spec_new_impl (in /home/guido/rustdom-selection-validation-cQnQbx/dist/rustdom.node)
==5339==    by 0x231F177F: _RNvMs2_NtNtCs4QMHp0v7l6B_4napi9js_values15object_propertyNtB5_8Property14with_utf8_name (in /home/guido/rustdom-selection-validation-cQnQbx/dist/rustdom.node)
==5339==    by 0x231B05F0: _RNvNvNvNvNtNtNtCs3Ir8cfnU9oH_7rustdom3dom23mutation_record_binding41___napi_impl_helper_NativeMutationRecord_746___napi_register__NativeMutationRecord_impl_1591__18___CTOR_PRIVATE_REF14___ctor_private (in /home/guido/rustdom-selection-validation-cQnQbx/dist/rustdom.node)
==5339==    by 0x6B9F47D: call_init.part.0 (dl-init.c:70)
==5339==    by 0x6B9F567: call_init (dl-init.c:33)
==5339==    by 0x6B9F567: _dl_init (dl-init.c:117)
==5339==    by 0x78ADBB4: _dl_catch_exception (dl-error-skeleton.c:182)
==5339==    by 0x6BA6FF5: dl_open_worker (dl-open.c:808)
==5339==    by 0x6BA6FF5: dl_open_worker (dl-open.c:771)
==5339==    by 0x78ADB57: _dl_catch_exception (dl-error-skeleton.c:208)
==5339==    by 0x6BA734D: _dl_open (dl-open.c:883)
==5339==    by 0x77C95FB: dlopen_doit (dlopen.c:56)
==5339==    by 0x78ADB57: _dl_catch_exception (dl-error-skeleton.c:208)
==5339== 
==5339== 19 bytes in 1 blocks are possibly lost in loss record 269 of 425
==5339==    at 0x73E1899: malloc (in /mnt/c/Users/guido/ghq/projects/rustdom/.tools/valgrind/usr/libexec/valgrind/vgpreload_memcheck-amd64-linux.so)
==5339==    by 0x232478C2: _RNvXs0_NvMs_NtNtCs6i54tJFfzR_5alloc3ffi5c_strNtBa_7CString3newReNtB5_11SpecNewImpl13spec_new_impl (in /home/guido/rustdom-selection-validation-cQnQbx/dist/rustdom.node)
==5339==    by 0x231F177F: _RNvMs2_NtNtCs4QMHp0v7l6B_4napi9js_values15object_propertyNtB5_8Property14with_utf8_name (in /home/guido/rustdom-selection-validation-cQnQbx/dist/rustdom.node)
==5339==    by 0x231B2792: _RNvNvNvNvNtNtNtCs3Ir8cfnU9oH_7rustdom3dom25observer_delivery_binding43___napi_impl_helper_NativeObserverDelivery_848___napi_register__NativeObserverDelivery_impl_1721__18___CTOR_PRIVATE_REF14___ctor_private (in /home/guido/rustdom-selection-validation-cQnQbx/dist/rustdom.node)
==5339==    by 0x6B9F47D: call_init.part.0 (dl-init.c:70)
==5339==    by 0x6B9F567: call_init (dl-init.c:33)
==5339==    by 0x6B9F567: _dl_init (dl-init.c:117)
==5339==    by 0x78ADBB4: _dl_catch_exception (dl-error-skeleton.c:182)
==5339==    by 0x6BA6FF5: dl_open_worker (dl-open.c:808)
==5339==    by 0x6BA6FF5: dl_open_worker (dl-open.c:771)
==5339==    by 0x78ADB57: _dl_catch_exception (dl-error-skeleton.c:208)
==5339==    by 0x6BA734D: _dl_open (dl-open.c:883)
==5339==    by 0x77C95FB: dlopen_doit (dlopen.c:56)
==5339==    by 0x78ADB57: _dl_catch_exception (dl-error-skeleton.c:208)
==5339== 
==5339== 19 bytes in 1 blocks are possibly lost in loss record 270 of 425
==5339==    at 0x73E1899: malloc (in /mnt/c/Users/guido/ghq/projects/rustdom/.tools/valgrind/usr/libexec/valgrind/vgpreload_memcheck-amd64-linux.so)
==5339==    by 0x232478C2: _RNvXs0_NvMs_NtNtCs6i54tJFfzR_5alloc3ffi5c_strNtBa_7CString3newReNtB5_11SpecNewImpl13spec_new_impl (in /home/guido/rustdom-selection-validation-cQnQbx/dist/rustdom.node)
==5339==    by 0x231F177F: _RNvMs2_NtNtCs4QMHp0v7l6B_4napi9js_values15object_propertyNtB5_8Property14with_utf8_name (in /home/guido/rustdom-selection-validation-cQnQbx/dist/rustdom.node)
==5339==    by 0x231B3EE3: _RNvNvNvNvNtNtNtCs3Ir8cfnU9oH_7rustdom3dom4tree32___napi_impl_helper_NativeTree_1636___napi_register__NativeTree_impl_3101__18___CTOR_PRIVATE_REF14___ctor_private (in /home/guido/rustdom-selection-validation-cQnQbx/dist/rustdom.node)
==5339==    by 0x6B9F47D: call_init.part.0 (dl-init.c:70)
==5339==    by 0x6B9F567: call_init (dl-init.c:33)
==5339==    by 0x6B9F567: _dl_init (dl-init.c:117)
==5339==    by 0x78ADBB4: _dl_catch_exception (dl-error-skeleton.c:182)
==5339==    by 0x6BA6FF5: dl_open_worker (dl-open.c:808)
==5339==    by 0x6BA6FF5: dl_open_worker (dl-open.c:771)
==5339==    by 0x78ADB57: _dl_catch_exception (dl-error-skeleton.c:208)
==5339==    by 0x6BA734D: _dl_open (dl-open.c:883)
==5339==    by 0x77C95FB: dlopen_doit (dlopen.c:56)
==5339==    by 0x78ADB57: _dl_catch_exception (dl-error-skeleton.c:208)
==5339== 
==5339== 19 bytes in 1 blocks are possibly lost in loss record 271 of 425
==5339==    at 0x73E1899: malloc (in /mnt/c/Users/guido/ghq/projects/rustdom/.tools/valgrind/usr/libexec/valgrind/vgpreload_memcheck-amd64-linux.so)
==5339==    by 0x232478C2: _RNvXs0_NvMs_NtNtCs6i54tJFfzR_5alloc3ffi5c_strNtBa_7CString3newReNtB5_11SpecNewImpl13spec_new_impl (in /home/guido/rustdom-selection-validation-cQnQbx/dist/rustdom.node)
==5339==    by 0x231F177F: _RNvMs2_NtNtCs4QMHp0v7l6B_4napi9js_values15object_propertyNtB5_8Property14with_utf8_name (in /home/guido/rustdom-selection-validation-cQnQbx/dist/rustdom.node)
==5339==    by 0x23189E6A: _RNvNvNtNtNtCs3Ir8cfnU9oH_7rustdom3dom4tree32___napi_impl_helper_NativeTree_1736___napi_register__NativeTree_impl_44320___ctor_private_inner (in /home/guido/rustdom-selection-validation-cQnQbx/dist/rustdom.node)
==5339==    by 0x231B5535: _RNvNvNvNvNtNtNtCs3Ir8cfnU9oH_7rustdom3dom4tree32___napi_impl_helper_NativeTree_1736___napi_register__NativeTree_impl_4431__18___CTOR_PRIVATE_REF14___ctor_private (in /home/guido/rustdom-selection-validation-cQnQbx/dist/rustdom.node)
==5339==    by 0x6B9F47D: call_init.part.0 (dl-init.c:70)
==5339==    by 0x6B9F567: call_init (dl-init.c:33)
==5339==    by 0x6B9F567: _dl_init (dl-init.c:117)
==5339==    by 0x78ADBB4: _dl_catch_exception (dl-error-skeleton.c:182)
==5339==    by 0x6BA6FF5: dl_open_worker (dl-open.c:808)
==5339==    by 0x6BA6FF5: dl_open_worker (dl-open.c:771)
==5339==    by 0x78ADB57: _dl_catch_exception (dl-error-skeleton.c:208)
==5339==    by 0x6BA734D: _dl_open (dl-open.c:883)
==5339==    by 0x77C95FB: dlopen_doit (dlopen.c:56)
==5339== 
==5339== 19 bytes in 1 blocks are possibly lost in loss record 272 of 425
==5339==    at 0x73E1899: malloc (in /mnt/c/Users/guido/ghq/projects/rustdom/.tools/valgrind/usr/libexec/valgrind/vgpreload_memcheck-amd64-linux.so)
==5339==    by 0x232478C2: _RNvXs0_NvMs_NtNtCs6i54tJFfzR_5alloc3ffi5c_strNtBa_7CString3newReNtB5_11SpecNewImpl13spec_new_impl (in /home/guido/rustdom-selection-validation-cQnQbx/dist/rustdom.node)
==5339==    by 0x231F177F: _RNvMs2_NtNtCs4QMHp0v7l6B_4napi9js_values15object_propertyNtB5_8Property14with_utf8_name (in /home/guido/rustdom-selection-validation-cQnQbx/dist/rustdom.node)
==5339==    by 0x2318BA1D: _RNvNvNtNtNtCs3Ir8cfnU9oH_7rustdom3dom4tree32___napi_impl_helper_NativeTree_1736___napi_register__NativeTree_impl_44320___ctor_private_inner (in /home/guido/rustdom-selection-validation-cQnQbx/dist/rustdom.node)
==5339==    by 0x231B5535: _RNvNvNvNvNtNtNtCs3Ir8cfnU9oH_7rustdom3dom4tree32___napi_impl_helper_NativeTree_1736___napi_register__NativeTree_impl_4431__18___CTOR_PRIVATE_REF14___ctor_private (in /home/guido/rustdom-selection-validation-cQnQbx/dist/rustdom.node)
==5339==    by 0x6B9F47D: call_init.part.0 (dl-init.c:70)
==5339==    by 0x6B9F567: call_init (dl-init.c:33)
==5339==    by 0x6B9F567: _dl_init (dl-init.c:117)
==5339==    by 0x78ADBB4: _dl_catch_exception (dl-error-skeleton.c:182)
==5339==    by 0x6BA6FF5: dl_open_worker (dl-open.c:808)
==5339==    by 0x6BA6FF5: dl_open_worker (dl-open.c:771)
==5339==    by 0x78ADB57: _dl_catch_exception (dl-error-skeleton.c:208)
==5339==    by 0x6BA734D: _dl_open (dl-open.c:883)
==5339==    by 0x77C95FB: dlopen_doit (dlopen.c:56)
==5339== 
==5339== 19 bytes in 1 blocks are possibly lost in loss record 273 of 425
==5339==    at 0x73E1899: malloc (in /mnt/c/Users/guido/ghq/projects/rustdom/.tools/valgrind/usr/libexec/valgrind/vgpreload_memcheck-amd64-linux.so)
==5339==    by 0x232478C2: _RNvXs0_NvMs_NtNtCs6i54tJFfzR_5alloc3ffi5c_strNtBa_7CString3newReNtB5_11SpecNewImpl13spec_new_impl (in /home/guido/rustdom-selection-validation-cQnQbx/dist/rustdom.node)
==5339==    by 0x231F177F: _RNvMs2_NtNtCs4QMHp0v7l6B_4napi9js_values15object_propertyNtB5_8Property14with_utf8_name (in /home/guido/rustdom-selection-validation-cQnQbx/dist/rustdom.node)
==5339==    by 0x2318BE35: _RNvNvNtNtNtCs3Ir8cfnU9oH_7rustdom3dom4tree32___napi_impl_helper_NativeTree_1736___napi_register__NativeTree_impl_44320___ctor_private_inner (in /home/guido/rustdom-selection-validation-cQnQbx/dist/rustdom.node)
==5339==    by 0x231B5535: _RNvNvNvNvNtNtNtCs3Ir8cfnU9oH_7rustdom3dom4tree32___napi_impl_helper_NativeTree_1736___napi_register__NativeTree_impl_4431__18___CTOR_PRIVATE_REF14___ctor_private (in /home/guido/rustdom-selection-validation-cQnQbx/dist/rustdom.node)
==5339==    by 0x6B9F47D: call_init.part.0 (dl-init.c:70)
==5339==    by 0x6B9F567: call_init (dl-init.c:33)
==5339==    by 0x6B9F567: _dl_init (dl-init.c:117)
==5339==    by 0x78ADBB4: _dl_catch_exception (dl-error-skeleton.c:182)
==5339==    by 0x6BA6FF5: dl_open_worker (dl-open.c:808)
==5339==    by 0x6BA6FF5: dl_open_worker (dl-open.c:771)
==5339==    by 0x78ADB57: _dl_catch_exception (dl-error-skeleton.c:208)
==5339==    by 0x6BA734D: _dl_open (dl-open.c:883)
==5339==    by 0x77C95FB: dlopen_doit (dlopen.c:56)
==5339== 
==5339== 19 bytes in 1 blocks are possibly lost in loss record 274 of 425
==5339==    at 0x73E1899: malloc (in /mnt/c/Users/guido/ghq/projects/rustdom/.tools/valgrind/usr/libexec/valgrind/vgpreload_memcheck-amd64-linux.so)
==5339==    by 0x232478C2: _RNvXs0_NvMs_NtNtCs6i54tJFfzR_5alloc3ffi5c_strNtBa_7CString3newReNtB5_11SpecNewImpl13spec_new_impl (in /home/guido/rustdom-selection-validation-cQnQbx/dist/rustdom.node)
==5339==    by 0x231F177F: _RNvMs2_NtNtCs4QMHp0v7l6B_4napi9js_values15object_propertyNtB5_8Property14with_utf8_name (in /home/guido/rustdom-selection-validation-cQnQbx/dist/rustdom.node)
==5339==    by 0x2318C55F: _RNvNvNtNtNtCs3Ir8cfnU9oH_7rustdom3dom4tree32___napi_impl_helper_NativeTree_1736___napi_register__NativeTree_impl_44320___ctor_private_inner (in /home/guido/rustdom-selection-validation-cQnQbx/dist/rustdom.node)
==5339==    by 0x231B5535: _RNvNvNvNvNtNtNtCs3Ir8cfnU9oH_7rustdom3dom4tree32___napi_impl_helper_NativeTree_1736___napi_register__NativeTree_impl_4431__18___CTOR_PRIVATE_REF14___ctor_private (in /home/guido/rustdom-selection-validation-cQnQbx/dist/rustdom.node)
==5339==    by 0x6B9F47D: call_init.part.0 (dl-init.c:70)
==5339==    by 0x6B9F567: call_init (dl-init.c:33)
==5339==    by 0x6B9F567: _dl_init (dl-init.c:117)
==5339==    by 0x78ADBB4: _dl_catch_exception (dl-error-skeleton.c:182)
==5339==    by 0x6BA6FF5: dl_open_worker (dl-open.c:808)
==5339==    by 0x6BA6FF5: dl_open_worker (dl-open.c:771)
==5339==    by 0x78ADB57: _dl_catch_exception (dl-error-skeleton.c:208)
==5339==    by 0x6BA734D: _dl_open (dl-open.c:883)
==5339==    by 0x77C95FB: dlopen_doit (dlopen.c:56)
==5339== 
==5339== 19 bytes in 1 blocks are possibly lost in loss record 275 of 425
==5339==    at 0x73E1899: malloc (in /mnt/c/Users/guido/ghq/projects/rustdom/.tools/valgrind/usr/libexec/valgrind/vgpreload_memcheck-amd64-linux.so)
==5339==    by 0x232478C2: _RNvXs0_NvMs_NtNtCs6i54tJFfzR_5alloc3ffi5c_strNtBa_7CString3newReNtB5_11SpecNewImpl13spec_new_impl (in /home/guido/rustdom-selection-validation-cQnQbx/dist/rustdom.node)
==5339==    by 0x231F177F: _RNvMs2_NtNtCs4QMHp0v7l6B_4napi9js_values15object_propertyNtB5_8Property14with_utf8_name (in /home/guido/rustdom-selection-validation-cQnQbx/dist/rustdom.node)
==5339==    by 0x2318DADD: _RNvNvNtNtNtCs3Ir8cfnU9oH_7rustdom3dom4tree32___napi_impl_helper_NativeTree_1736___napi_register__NativeTree_impl_44320___ctor_private_inner (in /home/guido/rustdom-selection-validation-cQnQbx/dist/rustdom.node)
==5339==    by 0x231B5535: _RNvNvNvNvNtNtNtCs3Ir8cfnU9oH_7rustdom3dom4tree32___napi_impl_helper_NativeTree_1736___napi_register__NativeTree_impl_4431__18___CTOR_PRIVATE_REF14___ctor_private (in /home/guido/rustdom-selection-validation-cQnQbx/dist/rustdom.node)
==5339==    by 0x6B9F47D: call_init.part.0 (dl-init.c:70)
==5339==    by 0x6B9F567: call_init (dl-init.c:33)
==5339==    by 0x6B9F567: _dl_init (dl-init.c:117)
==5339==    by 0x78ADBB4: _dl_catch_exception (dl-error-skeleton.c:182)
==5339==    by 0x6BA6FF5: dl_open_worker (dl-open.c:808)
==5339==    by 0x6BA6FF5: dl_open_worker (dl-open.c:771)
==5339==    by 0x78ADB57: _dl_catch_exception (dl-error-skeleton.c:208)
==5339==    by 0x6BA734D: _dl_open (dl-open.c:883)
==5339==    by 0x77C95FB: dlopen_doit (dlopen.c:56)
==5339== 
==5339== 19 bytes in 1 blocks are possibly lost in loss record 276 of 425
==5339==    at 0x73E1899: malloc (in /mnt/c/Users/guido/ghq/projects/rustdom/.tools/valgrind/usr/libexec/valgrind/vgpreload_memcheck-amd64-linux.so)
==5339==    by 0x232478C2: _RNvXs0_NvMs_NtNtCs6i54tJFfzR_5alloc3ffi5c_strNtBa_7CString3newReNtB5_11SpecNewImpl13spec_new_impl (in /home/guido/rustdom-selection-validation-cQnQbx/dist/rustdom.node)
==5339==    by 0x231F177F: _RNvMs2_NtNtCs4QMHp0v7l6B_4napi9js_values15object_propertyNtB5_8Property14with_utf8_name (in /home/guido/rustdom-selection-validation-cQnQbx/dist/rustdom.node)
==5339==    by 0x2318DDEF: _RNvNvNtNtNtCs3Ir8cfnU9oH_7rustdom3dom4tree32___napi_impl_helper_NativeTree_1736___napi_register__NativeTree_impl_44320___ctor_private_inner (in /home/guido/rustdom-selection-validation-cQnQbx/dist/rustdom.node)
==5339==    by 0x231B5535: _RNvNvNvNvNtNtNtCs3Ir8cfnU9oH_7rustdom3dom4tree32___napi_impl_helper_NativeTree_1736___napi_register__NativeTree_impl_4431__18___CTOR_PRIVATE_REF14___ctor_private (in /home/guido/rustdom-selection-validation-cQnQbx/dist/rustdom.node)
==5339==    by 0x6B9F47D: call_init.part.0 (dl-init.c:70)
==5339==    by 0x6B9F567: call_init (dl-init.c:33)
==5339==    by 0x6B9F567: _dl_init (dl-init.c:117)
==5339==    by 0x78ADBB4: _dl_catch_exception (dl-error-skeleton.c:182)
==5339==    by 0x6BA6FF5: dl_open_worker (dl-open.c:808)
==5339==    by 0x6BA6FF5: dl_open_worker (dl-open.c:771)
==5339==    by 0x78ADB57: _dl_catch_exception (dl-error-skeleton.c:208)
==5339==    by 0x6BA734D: _dl_open (dl-open.c:883)
==5339==    by 0x77C95FB: dlopen_doit (dlopen.c:56)
==5339== 
==5339== 19 bytes in 1 blocks are possibly lost in loss record 277 of 425
==5339==    at 0x73E1899: malloc (in /mnt/c/Users/guido/ghq/projects/rustdom/.tools/valgrind/usr/libexec/valgrind/vgpreload_memcheck-amd64-linux.so)
==5339==    by 0x232478C2: _RNvXs0_NvMs_NtNtCs6i54tJFfzR_5alloc3ffi5c_strNtBa_7CString3newReNtB5_11SpecNewImpl13spec_new_impl (in /home/guido/rustdom-selection-validation-cQnQbx/dist/rustdom.node)
==5339==    by 0x231F177F: _RNvMs2_NtNtCs4QMHp0v7l6B_4napi9js_values15object_propertyNtB5_8Property14with_utf8_name (in /home/guido/rustdom-selection-validation-cQnQbx/dist/rustdom.node)
==5339==    by 0x2318E207: _RNvNvNtNtNtCs3Ir8cfnU9oH_7rustdom3dom4tree32___napi_impl_helper_NativeTree_1736___napi_register__NativeTree_impl_44320___ctor_private_inner (in /home/guido/rustdom-selection-validation-cQnQbx/dist/rustdom.node)
==5339==    by 0x231B5535: _RNvNvNvNvNtNtNtCs3Ir8cfnU9oH_7rustdom3dom4tree32___napi_impl_helper_NativeTree_1736___napi_register__NativeTree_impl_4431__18___CTOR_PRIVATE_REF14___ctor_private (in /home/guido/rustdom-selection-validation-cQnQbx/dist/rustdom.node)
==5339==    by 0x6B9F47D: call_init.part.0 (dl-init.c:70)
==5339==    by 0x6B9F567: call_init (dl-init.c:33)
==5339==    by 0x6B9F567: _dl_init (dl-init.c:117)
==5339==    by 0x78ADBB4: _dl_catch_exception (dl-error-skeleton.c:182)
==5339==    by 0x6BA6FF5: dl_open_worker (dl-open.c:808)
==5339==    by 0x6BA6FF5: dl_open_worker (dl-open.c:771)
==5339==    by 0x78ADB57: _dl_catch_exception (dl-error-skeleton.c:208)
==5339==    by 0x6BA734D: _dl_open (dl-open.c:883)
==5339==    by 0x77C95FB: dlopen_doit (dlopen.c:56)
==5339== 
==5339== 19 bytes in 1 blocks are possibly lost in loss record 278 of 425
==5339==    at 0x73E1899: malloc (in /mnt/c/Users/guido/ghq/projects/rustdom/.tools/valgrind/usr/libexec/valgrind/vgpreload_memcheck-amd64-linux.so)
==5339==    by 0x232478C2: _RNvXs0_NvMs_NtNtCs6i54tJFfzR_5alloc3ffi5c_strNtBa_7CString3newReNtB5_11SpecNewImpl13spec_new_impl (in /home/guido/rustdom-selection-validation-cQnQbx/dist/rustdom.node)
==5339==    by 0x231F177F: _RNvMs2_NtNtCs4QMHp0v7l6B_4napi9js_values15object_propertyNtB5_8Property14with_utf8_name (in /home/guido/rustdom-selection-validation-cQnQbx/dist/rustdom.node)
==5339==    by 0x2318ED49: _RNvNvNtNtNtCs3Ir8cfnU9oH_7rustdom3dom4tree32___napi_impl_helper_NativeTree_1736___napi_register__NativeTree_impl_44320___ctor_private_inner (in /home/guido/rustdom-selection-validation-cQnQbx/dist/rustdom.node)
==5339==    by 0x231B5535: _RNvNvNvNvNtNtNtCs3Ir8cfnU9oH_7rustdom3dom4tree32___napi_impl_helper_NativeTree_1736___napi_register__NativeTree_impl_4431__18___CTOR_PRIVATE_REF14___ctor_private (in /home/guido/rustdom-selection-validation-cQnQbx/dist/rustdom.node)
==5339==    by 0x6B9F47D: call_init.part.0 (dl-init.c:70)
==5339==    by 0x6B9F567: call_init (dl-init.c:33)
==5339==    by 0x6B9F567: _dl_init (dl-init.c:117)
==5339==    by 0x78ADBB4: _dl_catch_exception (dl-error-skeleton.c:182)
==5339==    by 0x6BA6FF5: dl_open_worker (dl-open.c:808)
==5339==    by 0x6BA6FF5: dl_open_worker (dl-open.c:771)
==5339==    by 0x78ADB57: _dl_catch_exception (dl-error-skeleton.c:208)
==5339==    by 0x6BA734D: _dl_open (dl-open.c:883)
==5339==    by 0x77C95FB: dlopen_doit (dlopen.c:56)
==5339== 
==5339== 19 bytes in 1 blocks are possibly lost in loss record 279 of 425
==5339==    at 0x73E1899: malloc (in /mnt/c/Users/guido/ghq/projects/rustdom/.tools/valgrind/usr/libexec/valgrind/vgpreload_memcheck-amd64-linux.so)
==5339==    by 0x232478C2: _RNvXs0_NvMs_NtNtCs6i54tJFfzR_5alloc3ffi5c_strNtBa_7CString3newReNtB5_11SpecNewImpl13spec_new_impl (in /home/guido/rustdom-selection-validation-cQnQbx/dist/rustdom.node)
==5339==    by 0x231F177F: _RNvMs2_NtNtCs4QMHp0v7l6B_4napi9js_values15object_propertyNtB5_8Property14with_utf8_name (in /home/guido/rustdom-selection-validation-cQnQbx/dist/rustdom.node)
==5339==    by 0x2318F473: _RNvNvNtNtNtCs3Ir8cfnU9oH_7rustdom3dom4tree32___napi_impl_helper_NativeTree_1736___napi_register__NativeTree_impl_44320___ctor_private_inner (in /home/guido/rustdom-selection-validation-cQnQbx/dist/rustdom.node)
==5339==    by 0x231B5535: _RNvNvNvNvNtNtNtCs3Ir8cfnU9oH_7rustdom3dom4tree32___napi_impl_helper_NativeTree_1736___napi_register__NativeTree_impl_4431__18___CTOR_PRIVATE_REF14___ctor_private (in /home/guido/rustdom-selection-validation-cQnQbx/dist/rustdom.node)
==5339==    by 0x6B9F47D: call_init.part.0 (dl-init.c:70)
==5339==    by 0x6B9F567: call_init (dl-init.c:33)
==5339==    by 0x6B9F567: _dl_init (dl-init.c:117)
==5339==    by 0x78ADBB4: _dl_catch_exception (dl-error-skeleton.c:182)
==5339==    by 0x6BA6FF5: dl_open_worker (dl-open.c:808)
==5339==    by 0x6BA6FF5: dl_open_worker (dl-open.c:771)
==5339==    by 0x78ADB57: _dl_catch_exception (dl-error-skeleton.c:208)
==5339==    by 0x6BA734D: _dl_open (dl-open.c:883)
==5339==    by 0x77C95FB: dlopen_doit (dlopen.c:56)
==5339== 
==5339== 19 bytes in 1 blocks are possibly lost in loss record 280 of 425
==5339==    at 0x73E1899: malloc (in /mnt/c/Users/guido/ghq/projects/rustdom/.tools/valgrind/usr/libexec/valgrind/vgpreload_memcheck-amd64-linux.so)
==5339==    by 0x232478C2: _RNvXs0_NvMs_NtNtCs6i54tJFfzR_5alloc3ffi5c_strNtBa_7CString3newReNtB5_11SpecNewImpl13spec_new_impl (in /home/guido/rustdom-selection-validation-cQnQbx/dist/rustdom.node)
==5339==    by 0x231F177F: _RNvMs2_NtNtCs4QMHp0v7l6B_4napi9js_values15object_propertyNtB5_8Property14with_utf8_name (in /home/guido/rustdom-selection-validation-cQnQbx/dist/rustdom.node)
==5339==    by 0x231900BB: _RNvNvNtNtNtCs3Ir8cfnU9oH_7rustdom3dom4tree32___napi_impl_helper_NativeTree_1736___napi_register__NativeTree_impl_44320___ctor_private_inner (in /home/guido/rustdom-selection-validation-cQnQbx/dist/rustdom.node)
==5339==    by 0x231B5535: _RNvNvNvNvNtNtNtCs3Ir8cfnU9oH_7rustdom3dom4tree32___napi_impl_helper_NativeTree_1736___napi_register__NativeTree_impl_4431__18___CTOR_PRIVATE_REF14___ctor_private (in /home/guido/rustdom-selection-validation-cQnQbx/dist/rustdom.node)
==5339==    by 0x6B9F47D: call_init.part.0 (dl-init.c:70)
==5339==    by 0x6B9F567: call_init (dl-init.c:33)
==5339==    by 0x6B9F567: _dl_init (dl-init.c:117)
==5339==    by 0x78ADBB4: _dl_catch_exception (dl-error-skeleton.c:182)
==5339==    by 0x6BA6FF5: dl_open_worker (dl-open.c:808)
==5339==    by 0x6BA6FF5: dl_open_worker (dl-open.c:771)
==5339==    by 0x78ADB57: _dl_catch_exception (dl-error-skeleton.c:208)
==5339==    by 0x6BA734D: _dl_open (dl-open.c:883)
==5339==    by 0x77C95FB: dlopen_doit (dlopen.c:56)
==5339== 
==5339== 19 bytes in 1 blocks are possibly lost in loss record 281 of 425
==5339==    at 0x73E1899: malloc (in /mnt/c/Users/guido/ghq/projects/rustdom/.tools/valgrind/usr/libexec/valgrind/vgpreload_memcheck-amd64-linux.so)
==5339==    by 0x232478C2: _RNvXs0_NvMs_NtNtCs6i54tJFfzR_5alloc3ffi5c_strNtBa_7CString3newReNtB5_11SpecNewImpl13spec_new_impl (in /home/guido/rustdom-selection-validation-cQnQbx/dist/rustdom.node)
==5339==    by 0x231F177F: _RNvMs2_NtNtCs4QMHp0v7l6B_4napi9js_values15object_propertyNtB5_8Property14with_utf8_name (in /home/guido/rustdom-selection-validation-cQnQbx/dist/rustdom.node)
==5339==    by 0x231902C7: _RNvNvNtNtNtCs3Ir8cfnU9oH_7rustdom3dom4tree32___napi_impl_helper_NativeTree_1736___napi_register__NativeTree_impl_44320___ctor_private_inner (in /home/guido/rustdom-selection-validation-cQnQbx/dist/rustdom.node)
==5339==    by 0x231B5535: _RNvNvNvNvNtNtNtCs3Ir8cfnU9oH_7rustdom3dom4tree32___napi_impl_helper_NativeTree_1736___napi_register__NativeTree_impl_4431__18___CTOR_PRIVATE_REF14___ctor_private (in /home/guido/rustdom-selection-validation-cQnQbx/dist/rustdom.node)
==5339==    by 0x6B9F47D: call_init.part.0 (dl-init.c:70)
==5339==    by 0x6B9F567: call_init (dl-init.c:33)
==5339==    by 0x6B9F567: _dl_init (dl-init.c:117)
==5339==    by 0x78ADBB4: _dl_catch_exception (dl-error-skeleton.c:182)
==5339==    by 0x6BA6FF5: dl_open_worker (dl-open.c:808)
==5339==    by 0x6BA6FF5: dl_open_worker (dl-open.c:771)
==5339==    by 0x78ADB57: _dl_catch_exception (dl-error-skeleton.c:208)
==5339==    by 0x6BA734D: _dl_open (dl-open.c:883)
==5339==    by 0x77C95FB: dlopen_doit (dlopen.c:56)
==5339== 
==5339== 20 bytes in 1 blocks are possibly lost in loss record 282 of 425
==5339==    at 0x73E1899: malloc (in /mnt/c/Users/guido/ghq/projects/rustdom/.tools/valgrind/usr/libexec/valgrind/vgpreload_memcheck-amd64-linux.so)
==5339==    by 0x232478C2: _RNvXs0_NvMs_NtNtCs6i54tJFfzR_5alloc3ffi5c_strNtBa_7CString3newReNtB5_11SpecNewImpl13spec_new_impl (in /home/guido/rustdom-selection-validation-cQnQbx/dist/rustdom.node)
==5339==    by 0x231F177F: _RNvMs2_NtNtCs4QMHp0v7l6B_4napi9js_values15object_propertyNtB5_8Property14with_utf8_name (in /home/guido/rustdom-selection-validation-cQnQbx/dist/rustdom.node)
==5339==    by 0x231A96C2: _RNvNvNvNvNtNtNtCs3Ir8cfnU9oH_7rustdom3dom19range_state_binding33___napi_impl_helper_NativeRange_1137___napi_register__NativeRange_impl_2221__18___CTOR_PRIVATE_REF14___ctor_private (in /home/guido/rustdom-selection-validation-cQnQbx/dist/rustdom.node)
==5339==    by 0x6B9F47D: call_init.part.0 (dl-init.c:70)
==5339==    by 0x6B9F567: call_init (dl-init.c:33)
==5339==    by 0x6B9F567: _dl_init (dl-init.c:117)
==5339==    by 0x78ADBB4: _dl_catch_exception (dl-error-skeleton.c:182)
==5339==    by 0x6BA6FF5: dl_open_worker (dl-open.c:808)
==5339==    by 0x6BA6FF5: dl_open_worker (dl-open.c:771)
==5339==    by 0x78ADB57: _dl_catch_exception (dl-error-skeleton.c:208)
==5339==    by 0x6BA734D: _dl_open (dl-open.c:883)
==5339==    by 0x77C95FB: dlopen_doit (dlopen.c:56)
==5339==    by 0x78ADB57: _dl_catch_exception (dl-error-skeleton.c:208)
==5339== 
==5339== 20 bytes in 1 blocks are possibly lost in loss record 283 of 425
==5339==    at 0x73E1899: malloc (in /mnt/c/Users/guido/ghq/projects/rustdom/.tools/valgrind/usr/libexec/valgrind/vgpreload_memcheck-amd64-linux.so)
==5339==    by 0x232478C2: _RNvXs0_NvMs_NtNtCs6i54tJFfzR_5alloc3ffi5c_strNtBa_7CString3newReNtB5_11SpecNewImpl13spec_new_impl (in /home/guido/rustdom-selection-validation-cQnQbx/dist/rustdom.node)
==5339==    by 0x231F177F: _RNvMs2_NtNtCs4QMHp0v7l6B_4napi9js_values15object_propertyNtB5_8Property14with_utf8_name (in /home/guido/rustdom-selection-validation-cQnQbx/dist/rustdom.node)
==5339==    by 0x231B40EF: _RNvNvNvNvNtNtNtCs3Ir8cfnU9oH_7rustdom3dom4tree32___napi_impl_helper_NativeTree_1636___napi_register__NativeTree_impl_3101__18___CTOR_PRIVATE_REF14___ctor_private (in /home/guido/rustdom-selection-validation-cQnQbx/dist/rustdom.node)
==5339==    by 0x6B9F47D: call_init.part.0 (dl-init.c:70)
==5339==    by 0x6B9F567: call_init (dl-init.c:33)
==5339==    by 0x6B9F567: _dl_init (dl-init.c:117)
==5339==    by 0x78ADBB4: _dl_catch_exception (dl-error-skeleton.c:182)
==5339==    by 0x6BA6FF5: dl_open_worker (dl-open.c:808)
==5339==    by 0x6BA6FF5: dl_open_worker (dl-open.c:771)
==5339==    by 0x78ADB57: _dl_catch_exception (dl-error-skeleton.c:208)
==5339==    by 0x6BA734D: _dl_open (dl-open.c:883)
==5339==    by 0x77C95FB: dlopen_doit (dlopen.c:56)
==5339==    by 0x78ADB57: _dl_catch_exception (dl-error-skeleton.c:208)
==5339== 
==5339== 20 bytes in 1 blocks are possibly lost in loss record 284 of 425
==5339==    at 0x73E1899: malloc (in /mnt/c/Users/guido/ghq/projects/rustdom/.tools/valgrind/usr/libexec/valgrind/vgpreload_memcheck-amd64-linux.so)
==5339==    by 0x232478C2: _RNvXs0_NvMs_NtNtCs6i54tJFfzR_5alloc3ffi5c_strNtBa_7CString3newReNtB5_11SpecNewImpl13spec_new_impl (in /home/guido/rustdom-selection-validation-cQnQbx/dist/rustdom.node)
==5339==    by 0x231F177F: _RNvMs2_NtNtCs4QMHp0v7l6B_4napi9js_values15object_propertyNtB5_8Property14with_utf8_name (in /home/guido/rustdom-selection-validation-cQnQbx/dist/rustdom.node)
==5339==    by 0x2318B0E7: _RNvNvNtNtNtCs3Ir8cfnU9oH_7rustdom3dom4tree32___napi_impl_helper_NativeTree_1736___napi_register__NativeTree_impl_44320___ctor_private_inner (in /home/guido/rustdom-selection-validation-cQnQbx/dist/rustdom.node)
==5339==    by 0x231B5535: _RNvNvNvNvNtNtNtCs3Ir8cfnU9oH_7rustdom3dom4tree32___napi_impl_helper_NativeTree_1736___napi_register__NativeTree_impl_4431__18___CTOR_PRIVATE_REF14___ctor_private (in /home/guido/rustdom-selection-validation-cQnQbx/dist/rustdom.node)
==5339==    by 0x6B9F47D: call_init.part.0 (dl-init.c:70)
==5339==    by 0x6B9F567: call_init (dl-init.c:33)
==5339==    by 0x6B9F567: _dl_init (dl-init.c:117)
==5339==    by 0x78ADBB4: _dl_catch_exception (dl-error-skeleton.c:182)
==5339==    by 0x6BA6FF5: dl_open_worker (dl-open.c:808)
==5339==    by 0x6BA6FF5: dl_open_worker (dl-open.c:771)
==5339==    by 0x78ADB57: _dl_catch_exception (dl-error-skeleton.c:208)
==5339==    by 0x6BA734D: _dl_open (dl-open.c:883)
==5339==    by 0x77C95FB: dlopen_doit (dlopen.c:56)
==5339== 
==5339== 20 bytes in 1 blocks are possibly lost in loss record 285 of 425
==5339==    at 0x73E1899: malloc (in /mnt/c/Users/guido/ghq/projects/rustdom/.tools/valgrind/usr/libexec/valgrind/vgpreload_memcheck-amd64-linux.so)
==5339==    by 0x232478C2: _RNvXs0_NvMs_NtNtCs6i54tJFfzR_5alloc3ffi5c_strNtBa_7CString3newReNtB5_11SpecNewImpl13spec_new_impl (in /home/guido/rustdom-selection-validation-cQnQbx/dist/rustdom.node)
==5339==    by 0x231F177F: _RNvMs2_NtNtCs4QMHp0v7l6B_4napi9js_values15object_propertyNtB5_8Property14with_utf8_name (in /home/guido/rustdom-selection-validation-cQnQbx/dist/rustdom.node)
==5339==    by 0x2318DBE3: _RNvNvNtNtNtCs3Ir8cfnU9oH_7rustdom3dom4tree32___napi_impl_helper_NativeTree_1736___napi_register__NativeTree_impl_44320___ctor_private_inner (in /home/guido/rustdom-selection-validation-cQnQbx/dist/rustdom.node)
==5339==    by 0x231B5535: _RNvNvNvNvNtNtNtCs3Ir8cfnU9oH_7rustdom3dom4tree32___napi_impl_helper_NativeTree_1736___napi_register__NativeTree_impl_4431__18___CTOR_PRIVATE_REF14___ctor_private (in /home/guido/rustdom-selection-validation-cQnQbx/dist/rustdom.node)
==5339==    by 0x6B9F47D: call_init.part.0 (dl-init.c:70)
==5339==    by 0x6B9F567: call_init (dl-init.c:33)
==5339==    by 0x6B9F567: _dl_init (dl-init.c:117)
==5339==    by 0x78ADBB4: _dl_catch_exception (dl-error-skeleton.c:182)
==5339==    by 0x6BA6FF5: dl_open_worker (dl-open.c:808)
==5339==    by 0x6BA6FF5: dl_open_worker (dl-open.c:771)
==5339==    by 0x78ADB57: _dl_catch_exception (dl-error-skeleton.c:208)
==5339==    by 0x6BA734D: _dl_open (dl-open.c:883)
==5339==    by 0x77C95FB: dlopen_doit (dlopen.c:56)
==5339== 
==5339== 20 bytes in 1 blocks are possibly lost in loss record 286 of 425
==5339==    at 0x73E1899: malloc (in /mnt/c/Users/guido/ghq/projects/rustdom/.tools/valgrind/usr/libexec/valgrind/vgpreload_memcheck-amd64-linux.so)
==5339==    by 0x232478C2: _RNvXs0_NvMs_NtNtCs6i54tJFfzR_5alloc3ffi5c_strNtBa_7CString3newReNtB5_11SpecNewImpl13spec_new_impl (in /home/guido/rustdom-selection-validation-cQnQbx/dist/rustdom.node)
==5339==    by 0x231F177F: _RNvMs2_NtNtCs4QMHp0v7l6B_4napi9js_values15object_propertyNtB5_8Property14with_utf8_name (in /home/guido/rustdom-selection-validation-cQnQbx/dist/rustdom.node)
==5339==    by 0x2318DFFB: _RNvNvNtNtNtCs3Ir8cfnU9oH_7rustdom3dom4tree32___napi_impl_helper_NativeTree_1736___napi_register__NativeTree_impl_44320___ctor_private_inner (in /home/guido/rustdom-selection-validation-cQnQbx/dist/rustdom.node)
==5339==    by 0x231B5535: _RNvNvNvNvNtNtNtCs3Ir8cfnU9oH_7rustdom3dom4tree32___napi_impl_helper_NativeTree_1736___napi_register__NativeTree_impl_4431__18___CTOR_PRIVATE_REF14___ctor_private (in /home/guido/rustdom-selection-validation-cQnQbx/dist/rustdom.node)
==5339==    by 0x6B9F47D: call_init.part.0 (dl-init.c:70)
==5339==    by 0x6B9F567: call_init (dl-init.c:33)
==5339==    by 0x6B9F567: _dl_init (dl-init.c:117)
==5339==    by 0x78ADBB4: _dl_catch_exception (dl-error-skeleton.c:182)
==5339==    by 0x6BA6FF5: dl_open_worker (dl-open.c:808)
==5339==    by 0x6BA6FF5: dl_open_worker (dl-open.c:771)
==5339==    by 0x78ADB57: _dl_catch_exception (dl-error-skeleton.c:208)
==5339==    by 0x6BA734D: _dl_open (dl-open.c:883)
==5339==    by 0x77C95FB: dlopen_doit (dlopen.c:56)
==5339== 
==5339== 20 bytes in 1 blocks are possibly lost in loss record 287 of 425
==5339==    at 0x73E1899: malloc (in /mnt/c/Users/guido/ghq/projects/rustdom/.tools/valgrind/usr/libexec/valgrind/vgpreload_memcheck-amd64-linux.so)
==5339==    by 0x232478C2: _RNvXs0_NvMs_NtNtCs6i54tJFfzR_5alloc3ffi5c_strNtBa_7CString3newReNtB5_11SpecNewImpl13spec_new_impl (in /home/guido/rustdom-selection-validation-cQnQbx/dist/rustdom.node)
==5339==    by 0x231F177F: _RNvMs2_NtNtCs4QMHp0v7l6B_4napi9js_values15object_propertyNtB5_8Property14with_utf8_name (in /home/guido/rustdom-selection-validation-cQnQbx/dist/rustdom.node)
==5339==    by 0x2318FFB5: _RNvNvNtNtNtCs3Ir8cfnU9oH_7rustdom3dom4tree32___napi_impl_helper_NativeTree_1736___napi_register__NativeTree_impl_44320___ctor_private_inner (in /home/guido/rustdom-selection-validation-cQnQbx/dist/rustdom.node)
==5339==    by 0x231B5535: _RNvNvNvNvNtNtNtCs3Ir8cfnU9oH_7rustdom3dom4tree32___napi_impl_helper_NativeTree_1736___napi_register__NativeTree_impl_4431__18___CTOR_PRIVATE_REF14___ctor_private (in /home/guido/rustdom-selection-validation-cQnQbx/dist/rustdom.node)
==5339==    by 0x6B9F47D: call_init.part.0 (dl-init.c:70)
==5339==    by 0x6B9F567: call_init (dl-init.c:33)
==5339==    by 0x6B9F567: _dl_init (dl-init.c:117)
==5339==    by 0x78ADBB4: _dl_catch_exception (dl-error-skeleton.c:182)
==5339==    by 0x6BA6FF5: dl_open_worker (dl-open.c:808)
==5339==    by 0x6BA6FF5: dl_open_worker (dl-open.c:771)
==5339==    by 0x78ADB57: _dl_catch_exception (dl-error-skeleton.c:208)
==5339==    by 0x6BA734D: _dl_open (dl-open.c:883)
==5339==    by 0x77C95FB: dlopen_doit (dlopen.c:56)
==5339== 
==5339== 20 bytes in 1 blocks are possibly lost in loss record 288 of 425
==5339==    at 0x73E1899: malloc (in /mnt/c/Users/guido/ghq/projects/rustdom/.tools/valgrind/usr/libexec/valgrind/vgpreload_memcheck-amd64-linux.so)
==5339==    by 0x232478C2: _RNvXs0_NvMs_NtNtCs6i54tJFfzR_5alloc3ffi5c_strNtBa_7CString3newReNtB5_11SpecNewImpl13spec_new_impl (in /home/guido/rustdom-selection-validation-cQnQbx/dist/rustdom.node)
==5339==    by 0x231F177F: _RNvMs2_NtNtCs4QMHp0v7l6B_4napi9js_values15object_propertyNtB5_8Property14with_utf8_name (in /home/guido/rustdom-selection-validation-cQnQbx/dist/rustdom.node)
==5339==    by 0x23190AF7: _RNvNvNtNtNtCs3Ir8cfnU9oH_7rustdom3dom4tree32___napi_impl_helper_NativeTree_1736___napi_register__NativeTree_impl_44320___ctor_private_inner (in /home/guido/rustdom-selection-validation-cQnQbx/dist/rustdom.node)
==5339==    by 0x231B5535: _RNvNvNvNvNtNtNtCs3Ir8cfnU9oH_7rustdom3dom4tree32___napi_impl_helper_NativeTree_1736___napi_register__NativeTree_impl_4431__18___CTOR_PRIVATE_REF14___ctor_private (in /home/guido/rustdom-selection-validation-cQnQbx/dist/rustdom.node)
==5339==    by 0x6B9F47D: call_init.part.0 (dl-init.c:70)
==5339==    by 0x6B9F567: call_init (dl-init.c:33)
==5339==    by 0x6B9F567: _dl_init (dl-init.c:117)
==5339==    by 0x78ADBB4: _dl_catch_exception (dl-error-skeleton.c:182)
==5339==    by 0x6BA6FF5: dl_open_worker (dl-open.c:808)
==5339==    by 0x6BA6FF5: dl_open_worker (dl-open.c:771)
==5339==    by 0x78ADB57: _dl_catch_exception (dl-error-skeleton.c:208)
==5339==    by 0x6BA734D: _dl_open (dl-open.c:883)
==5339==    by 0x77C95FB: dlopen_doit (dlopen.c:56)
==5339== 
==5339== 21 bytes in 1 blocks are possibly lost in loss record 289 of 425
==5339==    at 0x73E1899: malloc (in /mnt/c/Users/guido/ghq/projects/rustdom/.tools/valgrind/usr/libexec/valgrind/vgpreload_memcheck-amd64-linux.so)
==5339==    by 0x232478C2: _RNvXs0_NvMs_NtNtCs6i54tJFfzR_5alloc3ffi5c_strNtBa_7CString3newReNtB5_11SpecNewImpl13spec_new_impl (in /home/guido/rustdom-selection-validation-cQnQbx/dist/rustdom.node)
==5339==    by 0x231F177F: _RNvMs2_NtNtCs4QMHp0v7l6B_4napi9js_values15object_propertyNtB5_8Property14with_utf8_name (in /home/guido/rustdom-selection-validation-cQnQbx/dist/rustdom.node)
==5339==    by 0x231A98CE: _RNvNvNvNvNtNtNtCs3Ir8cfnU9oH_7rustdom3dom19range_state_binding33___napi_impl_helper_NativeRange_1137___napi_register__NativeRange_impl_2221__18___CTOR_PRIVATE_REF14___ctor_private (in /home/guido/rustdom-selection-validation-cQnQbx/dist/rustdom.node)
==5339==    by 0x6B9F47D: call_init.part.0 (dl-init.c:70)
==5339==    by 0x6B9F567: call_init (dl-init.c:33)
==5339==    by 0x6B9F567: _dl_init (dl-init.c:117)
==5339==    by 0x78ADBB4: _dl_catch_exception (dl-error-skeleton.c:182)
==5339==    by 0x6BA6FF5: dl_open_worker (dl-open.c:808)
==5339==    by 0x6BA6FF5: dl_open_worker (dl-open.c:771)
==5339==    by 0x78ADB57: _dl_catch_exception (dl-error-skeleton.c:208)
==5339==    by 0x6BA734D: _dl_open (dl-open.c:883)
==5339==    by 0x77C95FB: dlopen_doit (dlopen.c:56)
==5339==    by 0x78ADB57: _dl_catch_exception (dl-error-skeleton.c:208)
==5339== 
==5339== 21 bytes in 1 blocks are possibly lost in loss record 290 of 425
==5339==    at 0x73E1899: malloc (in /mnt/c/Users/guido/ghq/projects/rustdom/.tools/valgrind/usr/libexec/valgrind/vgpreload_memcheck-amd64-linux.so)
==5339==    by 0x232478C2: _RNvXs0_NvMs_NtNtCs6i54tJFfzR_5alloc3ffi5c_strNtBa_7CString3newReNtB5_11SpecNewImpl13spec_new_impl (in /home/guido/rustdom-selection-validation-cQnQbx/dist/rustdom.node)
==5339==    by 0x231F177F: _RNvMs2_NtNtCs4QMHp0v7l6B_4napi9js_values15object_propertyNtB5_8Property14with_utf8_name (in /home/guido/rustdom-selection-validation-cQnQbx/dist/rustdom.node)
==5339==    by 0x231B3FE9: _RNvNvNvNvNtNtNtCs3Ir8cfnU9oH_7rustdom3dom4tree32___napi_impl_helper_NativeTree_1636___napi_register__NativeTree_impl_3101__18___CTOR_PRIVATE_REF14___ctor_private (in /home/guido/rustdom-selection-validation-cQnQbx/dist/rustdom.node)
==5339==    by 0x6B9F47D: call_init.part.0 (dl-init.c:70)
==5339==    by 0x6B9F567: call_init (dl-init.c:33)
==5339==    by 0x6B9F567: _dl_init (dl-init.c:117)
==5339==    by 0x78ADBB4: _dl_catch_exception (dl-error-skeleton.c:182)
==5339==    by 0x6BA6FF5: dl_open_worker (dl-open.c:808)
==5339==    by 0x6BA6FF5: dl_open_worker (dl-open.c:771)
==5339==    by 0x78ADB57: _dl_catch_exception (dl-error-skeleton.c:208)
==5339==    by 0x6BA734D: _dl_open (dl-open.c:883)
==5339==    by 0x77C95FB: dlopen_doit (dlopen.c:56)
==5339==    by 0x78ADB57: _dl_catch_exception (dl-error-skeleton.c:208)
==5339== 
==5339== 21 bytes in 1 blocks are possibly lost in loss record 291 of 425
==5339==    at 0x73E1899: malloc (in /mnt/c/Users/guido/ghq/projects/rustdom/.tools/valgrind/usr/libexec/valgrind/vgpreload_memcheck-amd64-linux.so)
==5339==    by 0x232478C2: _RNvXs0_NvMs_NtNtCs6i54tJFfzR_5alloc3ffi5c_strNtBa_7CString3newReNtB5_11SpecNewImpl13spec_new_impl (in /home/guido/rustdom-selection-validation-cQnQbx/dist/rustdom.node)
==5339==    by 0x231F177F: _RNvMs2_NtNtCs4QMHp0v7l6B_4napi9js_values15object_propertyNtB5_8Property14with_utf8_name (in /home/guido/rustdom-selection-validation-cQnQbx/dist/rustdom.node)
==5339==    by 0x2318911C: _RNvNvNtNtNtCs3Ir8cfnU9oH_7rustdom3dom4tree32___napi_impl_helper_NativeTree_1736___napi_register__NativeTree_impl_44320___ctor_private_inner (in /home/guido/rustdom-selection-validation-cQnQbx/dist/rustdom.node)
==5339==    by 0x231B5535: _RNvNvNvNvNtNtNtCs3Ir8cfnU9oH_7rustdom3dom4tree32___napi_impl_helper_NativeTree_1736___napi_register__NativeTree_impl_4431__18___CTOR_PRIVATE_REF14___ctor_private (in /home/guido/rustdom-selection-validation-cQnQbx/dist/rustdom.node)
==5339==    by 0x6B9F47D: call_init.part.0 (dl-init.c:70)
==5339==    by 0x6B9F567: call_init (dl-init.c:33)
==5339==    by 0x6B9F567: _dl_init (dl-init.c:117)
==5339==    by 0x78ADBB4: _dl_catch_exception (dl-error-skeleton.c:182)
==5339==    by 0x6BA6FF5: dl_open_worker (dl-open.c:808)
==5339==    by 0x6BA6FF5: dl_open_worker (dl-open.c:771)
==5339==    by 0x78ADB57: _dl_catch_exception (dl-error-skeleton.c:208)
==5339==    by 0x6BA734D: _dl_open (dl-open.c:883)
==5339==    by 0x77C95FB: dlopen_doit (dlopen.c:56)
==5339== 
==5339== 21 bytes in 1 blocks are possibly lost in loss record 292 of 425
==5339==    at 0x73E1899: malloc (in /mnt/c/Users/guido/ghq/projects/rustdom/.tools/valgrind/usr/libexec/valgrind/vgpreload_memcheck-amd64-linux.so)
==5339==    by 0x232478C2: _RNvXs0_NvMs_NtNtCs6i54tJFfzR_5alloc3ffi5c_strNtBa_7CString3newReNtB5_11SpecNewImpl13spec_new_impl (in /home/guido/rustdom-selection-validation-cQnQbx/dist/rustdom.node)
==5339==    by 0x231F177F: _RNvMs2_NtNtCs4QMHp0v7l6B_4napi9js_values15object_propertyNtB5_8Property14with_utf8_name (in /home/guido/rustdom-selection-validation-cQnQbx/dist/rustdom.node)
==5339==    by 0x2318C977: _RNvNvNtNtNtCs3Ir8cfnU9oH_7rustdom3dom4tree32___napi_impl_helper_NativeTree_1736___napi_register__NativeTree_impl_44320___ctor_private_inner (in /home/guido/rustdom-selection-validation-cQnQbx/dist/rustdom.node)
==5339==    by 0x231B5535: _RNvNvNvNvNtNtNtCs3Ir8cfnU9oH_7rustdom3dom4tree32___napi_impl_helper_NativeTree_1736___napi_register__NativeTree_impl_4431__18___CTOR_PRIVATE_REF14___ctor_private (in /home/guido/rustdom-selection-validation-cQnQbx/dist/rustdom.node)
==5339==    by 0x6B9F47D: call_init.part.0 (dl-init.c:70)
==5339==    by 0x6B9F567: call_init (dl-init.c:33)
==5339==    by 0x6B9F567: _dl_init (dl-init.c:117)
==5339==    by 0x78ADBB4: _dl_catch_exception (dl-error-skeleton.c:182)
==5339==    by 0x6BA6FF5: dl_open_worker (dl-open.c:808)
==5339==    by 0x6BA6FF5: dl_open_worker (dl-open.c:771)
==5339==    by 0x78ADB57: _dl_catch_exception (dl-error-skeleton.c:208)
==5339==    by 0x6BA734D: _dl_open (dl-open.c:883)
==5339==    by 0x77C95FB: dlopen_doit (dlopen.c:56)
==5339== 
==5339== 21 bytes in 1 blocks are possibly lost in loss record 293 of 425
==5339==    at 0x73E1899: malloc (in /mnt/c/Users/guido/ghq/projects/rustdom/.tools/valgrind/usr/libexec/valgrind/vgpreload_memcheck-amd64-linux.so)
==5339==    by 0x232478C2: _RNvXs0_NvMs_NtNtCs6i54tJFfzR_5alloc3ffi5c_strNtBa_7CString3newReNtB5_11SpecNewImpl13spec_new_impl (in /home/guido/rustdom-selection-validation-cQnQbx/dist/rustdom.node)
==5339==    by 0x231F177F: _RNvMs2_NtNtCs4QMHp0v7l6B_4napi9js_values15object_propertyNtB5_8Property14with_utf8_name (in /home/guido/rustdom-selection-validation-cQnQbx/dist/rustdom.node)
==5339==    by 0x2318D1A7: _RNvNvNtNtNtCs3Ir8cfnU9oH_7rustdom3dom4tree32___napi_impl_helper_NativeTree_1736___napi_register__NativeTree_impl_44320___ctor_private_inner (in /home/guido/rustdom-selection-validation-cQnQbx/dist/rustdom.node)
==5339==    by 0x231B5535: _RNvNvNvNvNtNtNtCs3Ir8cfnU9oH_7rustdom3dom4tree32___napi_impl_helper_NativeTree_1736___napi_register__NativeTree_impl_4431__18___CTOR_PRIVATE_REF14___ctor_private (in /home/guido/rustdom-selection-validation-cQnQbx/dist/rustdom.node)
==5339==    by 0x6B9F47D: call_init.part.0 (dl-init.c:70)
==5339==    by 0x6B9F567: call_init (dl-init.c:33)
==5339==    by 0x6B9F567: _dl_init (dl-init.c:117)
==5339==    by 0x78ADBB4: _dl_catch_exception (dl-error-skeleton.c:182)
==5339==    by 0x6BA6FF5: dl_open_worker (dl-open.c:808)
==5339==    by 0x6BA6FF5: dl_open_worker (dl-open.c:771)
==5339==    by 0x78ADB57: _dl_catch_exception (dl-error-skeleton.c:208)
==5339==    by 0x6BA734D: _dl_open (dl-open.c:883)
==5339==    by 0x77C95FB: dlopen_doit (dlopen.c:56)
==5339== 
==5339== 21 bytes in 1 blocks are possibly lost in loss record 294 of 425
==5339==    at 0x73E1899: malloc (in /mnt/c/Users/guido/ghq/projects/rustdom/.tools/valgrind/usr/libexec/valgrind/vgpreload_memcheck-amd64-linux.so)
==5339==    by 0x232478C2: _RNvXs0_NvMs_NtNtCs6i54tJFfzR_5alloc3ffi5c_strNtBa_7CString3newReNtB5_11SpecNewImpl13spec_new_impl (in /home/guido/rustdom-selection-validation-cQnQbx/dist/rustdom.node)
==5339==    by 0x231F177F: _RNvMs2_NtNtCs4QMHp0v7l6B_4napi9js_values15object_propertyNtB5_8Property14with_utf8_name (in /home/guido/rustdom-selection-validation-cQnQbx/dist/rustdom.node)
==5339==    by 0x2318D8D1: _RNvNvNtNtNtCs3Ir8cfnU9oH_7rustdom3dom4tree32___napi_impl_helper_NativeTree_1736___napi_register__NativeTree_impl_44320___ctor_private_inner (in /home/guido/rustdom-selection-validation-cQnQbx/dist/rustdom.node)
==5339==    by 0x231B5535: _RNvNvNvNvNtNtNtCs3Ir8cfnU9oH_7rustdom3dom4tree32___napi_impl_helper_NativeTree_1736___napi_register__NativeTree_impl_4431__18___CTOR_PRIVATE_REF14___ctor_private (in /home/guido/rustdom-selection-validation-cQnQbx/dist/rustdom.node)
==5339==    by 0x6B9F47D: call_init.part.0 (dl-init.c:70)
==5339==    by 0x6B9F567: call_init (dl-init.c:33)
==5339==    by 0x6B9F567: _dl_init (dl-init.c:117)
==5339==    by 0x78ADBB4: _dl_catch_exception (dl-error-skeleton.c:182)
==5339==    by 0x6BA6FF5: dl_open_worker (dl-open.c:808)
==5339==    by 0x6BA6FF5: dl_open_worker (dl-open.c:771)
==5339==    by 0x78ADB57: _dl_catch_exception (dl-error-skeleton.c:208)
==5339==    by 0x6BA734D: _dl_open (dl-open.c:883)
==5339==    by 0x77C95FB: dlopen_doit (dlopen.c:56)
==5339== 
==5339== 21 bytes in 1 blocks are possibly lost in loss record 295 of 425
==5339==    at 0x73E1899: malloc (in /mnt/c/Users/guido/ghq/projects/rustdom/.tools/valgrind/usr/libexec/valgrind/vgpreload_memcheck-amd64-linux.so)
==5339==    by 0x232478C2: _RNvXs0_NvMs_NtNtCs6i54tJFfzR_5alloc3ffi5c_strNtBa_7CString3newReNtB5_11SpecNewImpl13spec_new_impl (in /home/guido/rustdom-selection-validation-cQnQbx/dist/rustdom.node)
==5339==    by 0x231F177F: _RNvMs2_NtNtCs4QMHp0v7l6B_4napi9js_values15object_propertyNtB5_8Property14with_utf8_name (in /home/guido/rustdom-selection-validation-cQnQbx/dist/rustdom.node)
==5339==    by 0x2318D9D7: _RNvNvNtNtNtCs3Ir8cfnU9oH_7rustdom3dom4tree32___napi_impl_helper_NativeTree_1736___napi_register__NativeTree_impl_44320___ctor_private_inner (in /home/guido/rustdom-selection-validation-cQnQbx/dist/rustdom.node)
==5339==    by 0x231B5535: _RNvNvNvNvNtNtNtCs3Ir8cfnU9oH_7rustdom3dom4tree32___napi_impl_helper_NativeTree_1736___napi_register__NativeTree_impl_4431__18___CTOR_PRIVATE_REF14___ctor_private (in /home/guido/rustdom-selection-validation-cQnQbx/dist/rustdom.node)
==5339==    by 0x6B9F47D: call_init.part.0 (dl-init.c:70)
==5339==    by 0x6B9F567: call_init (dl-init.c:33)
==5339==    by 0x6B9F567: _dl_init (dl-init.c:117)
==5339==    by 0x78ADBB4: _dl_catch_exception (dl-error-skeleton.c:182)
==5339==    by 0x6BA6FF5: dl_open_worker (dl-open.c:808)
==5339==    by 0x6BA6FF5: dl_open_worker (dl-open.c:771)
==5339==    by 0x78ADB57: _dl_catch_exception (dl-error-skeleton.c:208)
==5339==    by 0x6BA734D: _dl_open (dl-open.c:883)
==5339==    by 0x77C95FB: dlopen_doit (dlopen.c:56)
==5339== 
==5339== 21 bytes in 1 blocks are possibly lost in loss record 296 of 425
==5339==    at 0x73E1899: malloc (in /mnt/c/Users/guido/ghq/projects/rustdom/.tools/valgrind/usr/libexec/valgrind/vgpreload_memcheck-amd64-linux.so)
==5339==    by 0x232478C2: _RNvXs0_NvMs_NtNtCs6i54tJFfzR_5alloc3ffi5c_strNtBa_7CString3newReNtB5_11SpecNewImpl13spec_new_impl (in /home/guido/rustdom-selection-validation-cQnQbx/dist/rustdom.node)
==5339==    by 0x231F177F: _RNvMs2_NtNtCs4QMHp0v7l6B_4napi9js_values15object_propertyNtB5_8Property14with_utf8_name (in /home/guido/rustdom-selection-validation-cQnQbx/dist/rustdom.node)
==5339==    by 0x2318E82B: _RNvNvNtNtNtCs3Ir8cfnU9oH_7rustdom3dom4tree32___napi_impl_helper_NativeTree_1736___napi_register__NativeTree_impl_44320___ctor_private_inner (in /home/guido/rustdom-selection-validation-cQnQbx/dist/rustdom.node)
==5339==    by 0x231B5535: _RNvNvNvNvNtNtNtCs3Ir8cfnU9oH_7rustdom3dom4tree32___napi_impl_helper_NativeTree_1736___napi_register__NativeTree_impl_4431__18___CTOR_PRIVATE_REF14___ctor_private (in /home/guido/rustdom-selection-validation-cQnQbx/dist/rustdom.node)
==5339==    by 0x6B9F47D: call_init.part.0 (dl-init.c:70)
==5339==    by 0x6B9F567: call_init (dl-init.c:33)
==5339==    by 0x6B9F567: _dl_init (dl-init.c:117)
==5339==    by 0x78ADBB4: _dl_catch_exception (dl-error-skeleton.c:182)
==5339==    by 0x6BA6FF5: dl_open_worker (dl-open.c:808)
==5339==    by 0x6BA6FF5: dl_open_worker (dl-open.c:771)
==5339==    by 0x78ADB57: _dl_catch_exception (dl-error-skeleton.c:208)
==5339==    by 0x6BA734D: _dl_open (dl-open.c:883)
==5339==    by 0x77C95FB: dlopen_doit (dlopen.c:56)
==5339== 
==5339== 21 bytes in 1 blocks are possibly lost in loss record 297 of 425
==5339==    at 0x73E1899: malloc (in /mnt/c/Users/guido/ghq/projects/rustdom/.tools/valgrind/usr/libexec/valgrind/vgpreload_memcheck-amd64-linux.so)
==5339==    by 0x232478C2: _RNvXs0_NvMs_NtNtCs6i54tJFfzR_5alloc3ffi5c_strNtBa_7CString3newReNtB5_11SpecNewImpl13spec_new_impl (in /home/guido/rustdom-selection-validation-cQnQbx/dist/rustdom.node)
==5339==    by 0x231F177F: _RNvMs2_NtNtCs4QMHp0v7l6B_4napi9js_values15object_propertyNtB5_8Property14with_utf8_name (in /home/guido/rustdom-selection-validation-cQnQbx/dist/rustdom.node)
==5339==    by 0x231905D9: _RNvNvNtNtNtCs3Ir8cfnU9oH_7rustdom3dom4tree32___napi_impl_helper_NativeTree_1736___napi_register__NativeTree_impl_44320___ctor_private_inner (in /home/guido/rustdom-selection-validation-cQnQbx/dist/rustdom.node)
==5339==    by 0x231B5535: _RNvNvNvNvNtNtNtCs3Ir8cfnU9oH_7rustdom3dom4tree32___napi_impl_helper_NativeTree_1736___napi_register__NativeTree_impl_4431__18___CTOR_PRIVATE_REF14___ctor_private (in /home/guido/rustdom-selection-validation-cQnQbx/dist/rustdom.node)
==5339==    by 0x6B9F47D: call_init.part.0 (dl-init.c:70)
==5339==    by 0x6B9F567: call_init (dl-init.c:33)
==5339==    by 0x6B9F567: _dl_init (dl-init.c:117)
==5339==    by 0x78ADBB4: _dl_catch_exception (dl-error-skeleton.c:182)
==5339==    by 0x6BA6FF5: dl_open_worker (dl-open.c:808)
==5339==    by 0x6BA6FF5: dl_open_worker (dl-open.c:771)
==5339==    by 0x78ADB57: _dl_catch_exception (dl-error-skeleton.c:208)
==5339==    by 0x6BA734D: _dl_open (dl-open.c:883)
==5339==    by 0x77C95FB: dlopen_doit (dlopen.c:56)
==5339== 
==5339== 21 bytes in 1 blocks are possibly lost in loss record 298 of 425
==5339==    at 0x73E1899: malloc (in /mnt/c/Users/guido/ghq/projects/rustdom/.tools/valgrind/usr/libexec/valgrind/vgpreload_memcheck-amd64-linux.so)
==5339==    by 0x232478C2: _RNvXs0_NvMs_NtNtCs6i54tJFfzR_5alloc3ffi5c_strNtBa_7CString3newReNtB5_11SpecNewImpl13spec_new_impl (in /home/guido/rustdom-selection-validation-cQnQbx/dist/rustdom.node)
==5339==    by 0x231F177F: _RNvMs2_NtNtCs4QMHp0v7l6B_4napi9js_values15object_propertyNtB5_8Property14with_utf8_name (in /home/guido/rustdom-selection-validation-cQnQbx/dist/rustdom.node)
==5339==    by 0x23190F0F: _RNvNvNtNtNtCs3Ir8cfnU9oH_7rustdom3dom4tree32___napi_impl_helper_NativeTree_1736___napi_register__NativeTree_impl_44320___ctor_private_inner (in /home/guido/rustdom-selection-validation-cQnQbx/dist/rustdom.node)
==5339==    by 0x231B5535: _RNvNvNvNvNtNtNtCs3Ir8cfnU9oH_7rustdom3dom4tree32___napi_impl_helper_NativeTree_1736___napi_register__NativeTree_impl_4431__18___CTOR_PRIVATE_REF14___ctor_private (in /home/guido/rustdom-selection-validation-cQnQbx/dist/rustdom.node)
==5339==    by 0x6B9F47D: call_init.part.0 (dl-init.c:70)
==5339==    by 0x6B9F567: call_init (dl-init.c:33)
==5339==    by 0x6B9F567: _dl_init (dl-init.c:117)
==5339==    by 0x78ADBB4: _dl_catch_exception (dl-error-skeleton.c:182)
==5339==    by 0x6BA6FF5: dl_open_worker (dl-open.c:808)
==5339==    by 0x6BA6FF5: dl_open_worker (dl-open.c:771)
==5339==    by 0x78ADB57: _dl_catch_exception (dl-error-skeleton.c:208)
==5339==    by 0x6BA734D: _dl_open (dl-open.c:883)
==5339==    by 0x77C95FB: dlopen_doit (dlopen.c:56)
==5339== 
==5339== 21 bytes in 1 blocks are possibly lost in loss record 299 of 425
==5339==    at 0x73E1899: malloc (in /mnt/c/Users/guido/ghq/projects/rustdom/.tools/valgrind/usr/libexec/valgrind/vgpreload_memcheck-amd64-linux.so)
==5339==    by 0x232478C2: _RNvXs0_NvMs_NtNtCs6i54tJFfzR_5alloc3ffi5c_strNtBa_7CString3newReNtB5_11SpecNewImpl13spec_new_impl (in /home/guido/rustdom-selection-validation-cQnQbx/dist/rustdom.node)
==5339==    by 0x231F177F: _RNvMs2_NtNtCs4QMHp0v7l6B_4napi9js_values15object_propertyNtB5_8Property14with_utf8_name (in /home/guido/rustdom-selection-validation-cQnQbx/dist/rustdom.node)
==5339==    by 0x231B567B: _RNvNvNvNvNtNtNtCs3Ir8cfnU9oH_7rustdom3xml7binding37___napi_impl_helper_NativeXmlParser_2241___napi_register__NativeXmlParser_impl_4941__18___CTOR_PRIVATE_REF14___ctor_private (in /home/guido/rustdom-selection-validation-cQnQbx/dist/rustdom.node)
==5339==    by 0x6B9F47D: call_init.part.0 (dl-init.c:70)
==5339==    by 0x6B9F567: call_init (dl-init.c:33)
==5339==    by 0x6B9F567: _dl_init (dl-init.c:117)
==5339==    by 0x78ADBB4: _dl_catch_exception (dl-error-skeleton.c:182)
==5339==    by 0x6BA6FF5: dl_open_worker (dl-open.c:808)
==5339==    by 0x6BA6FF5: dl_open_worker (dl-open.c:771)
==5339==    by 0x78ADB57: _dl_catch_exception (dl-error-skeleton.c:208)
==5339==    by 0x6BA734D: _dl_open (dl-open.c:883)
==5339==    by 0x77C95FB: dlopen_doit (dlopen.c:56)
==5339==    by 0x78ADB57: _dl_catch_exception (dl-error-skeleton.c:208)
==5339== 
==5339== 22 bytes in 1 blocks are possibly lost in loss record 300 of 425
==5339==    at 0x73E1899: malloc (in /mnt/c/Users/guido/ghq/projects/rustdom/.tools/valgrind/usr/libexec/valgrind/vgpreload_memcheck-amd64-linux.so)
==5339==    by 0x232478C2: _RNvXs0_NvMs_NtNtCs6i54tJFfzR_5alloc3ffi5c_strNtBa_7CString3newReNtB5_11SpecNewImpl13spec_new_impl (in /home/guido/rustdom-selection-validation-cQnQbx/dist/rustdom.node)
==5339==    by 0x231F177F: _RNvMs2_NtNtCs4QMHp0v7l6B_4napi9js_values15object_propertyNtB5_8Property14with_utf8_name (in /home/guido/rustdom-selection-validation-cQnQbx/dist/rustdom.node)
==5339==    by 0x2318A5A5: _RNvNvNtNtNtCs3Ir8cfnU9oH_7rustdom3dom4tree32___napi_impl_helper_NativeTree_1736___napi_register__NativeTree_impl_44320___ctor_private_inner (in /home/guido/rustdom-selection-validation-cQnQbx/dist/rustdom.node)
==5339==    by 0x231B5535: _RNvNvNvNvNtNtNtCs3Ir8cfnU9oH_7rustdom3dom4tree32___napi_impl_helper_NativeTree_1736___napi_register__NativeTree_impl_4431__18___CTOR_PRIVATE_REF14___ctor_private (in /home/guido/rustdom-selection-validation-cQnQbx/dist/rustdom.node)
==5339==    by 0x6B9F47D: call_init.part.0 (dl-init.c:70)
==5339==    by 0x6B9F567: call_init (dl-init.c:33)
==5339==    by 0x6B9F567: _dl_init (dl-init.c:117)
==5339==    by 0x78ADBB4: _dl_catch_exception (dl-error-skeleton.c:182)
==5339==    by 0x6BA6FF5: dl_open_worker (dl-open.c:808)
==5339==    by 0x6BA6FF5: dl_open_worker (dl-open.c:771)
==5339==    by 0x78ADB57: _dl_catch_exception (dl-error-skeleton.c:208)
==5339==    by 0x6BA734D: _dl_open (dl-open.c:883)
==5339==    by 0x77C95FB: dlopen_doit (dlopen.c:56)
==5339== 
==5339== 22 bytes in 1 blocks are possibly lost in loss record 301 of 425
==5339==    at 0x73E1899: malloc (in /mnt/c/Users/guido/ghq/projects/rustdom/.tools/valgrind/usr/libexec/valgrind/vgpreload_memcheck-amd64-linux.so)
==5339==    by 0x232478C2: _RNvXs0_NvMs_NtNtCs6i54tJFfzR_5alloc3ffi5c_strNtBa_7CString3newReNtB5_11SpecNewImpl13spec_new_impl (in /home/guido/rustdom-selection-validation-cQnQbx/dist/rustdom.node)
==5339==    by 0x231F177F: _RNvMs2_NtNtCs4QMHp0v7l6B_4napi9js_values15object_propertyNtB5_8Property14with_utf8_name (in /home/guido/rustdom-selection-validation-cQnQbx/dist/rustdom.node)
==5339==    by 0x2318CA7D: _RNvNvNtNtNtCs3Ir8cfnU9oH_7rustdom3dom4tree32___napi_impl_helper_NativeTree_1736___napi_register__NativeTree_impl_44320___ctor_private_inner (in /home/guido/rustdom-selection-validation-cQnQbx/dist/rustdom.node)
==5339==    by 0x231B5535: _RNvNvNvNvNtNtNtCs3Ir8cfnU9oH_7rustdom3dom4tree32___napi_impl_helper_NativeTree_1736___napi_register__NativeTree_impl_4431__18___CTOR_PRIVATE_REF14___ctor_private (in /home/guido/rustdom-selection-validation-cQnQbx/dist/rustdom.node)
==5339==    by 0x6B9F47D: call_init.part.0 (dl-init.c:70)
==5339==    by 0x6B9F567: call_init (dl-init.c:33)
==5339==    by 0x6B9F567: _dl_init (dl-init.c:117)
==5339==    by 0x78ADBB4: _dl_catch_exception (dl-error-skeleton.c:182)
==5339==    by 0x6BA6FF5: dl_open_worker (dl-open.c:808)
==5339==    by 0x6BA6FF5: dl_open_worker (dl-open.c:771)
==5339==    by 0x78ADB57: _dl_catch_exception (dl-error-skeleton.c:208)
==5339==    by 0x6BA734D: _dl_open (dl-open.c:883)
==5339==    by 0x77C95FB: dlopen_doit (dlopen.c:56)
==5339== 
==5339== 22 bytes in 1 blocks are possibly lost in loss record 302 of 425
==5339==    at 0x73E1899: malloc (in /mnt/c/Users/guido/ghq/projects/rustdom/.tools/valgrind/usr/libexec/valgrind/vgpreload_memcheck-amd64-linux.so)
==5339==    by 0x232478C2: _RNvXs0_NvMs_NtNtCs6i54tJFfzR_5alloc3ffi5c_strNtBa_7CString3newReNtB5_11SpecNewImpl13spec_new_impl (in /home/guido/rustdom-selection-validation-cQnQbx/dist/rustdom.node)
==5339==    by 0x231F177F: _RNvMs2_NtNtCs4QMHp0v7l6B_4napi9js_values15object_propertyNtB5_8Property14with_utf8_name (in /home/guido/rustdom-selection-validation-cQnQbx/dist/rustdom.node)
==5339==    by 0x2318D5BF: _RNvNvNtNtNtCs3Ir8cfnU9oH_7rustdom3dom4tree32___napi_impl_helper_NativeTree_1736___napi_register__NativeTree_impl_44320___ctor_private_inner (in /home/guido/rustdom-selection-validation-cQnQbx/dist/rustdom.node)
==5339==    by 0x231B5535: _RNvNvNvNvNtNtNtCs3Ir8cfnU9oH_7rustdom3dom4tree32___napi_impl_helper_NativeTree_1736___napi_register__NativeTree_impl_4431__18___CTOR_PRIVATE_REF14___ctor_private (in /home/guido/rustdom-selection-validation-cQnQbx/dist/rustdom.node)
==5339==    by 0x6B9F47D: call_init.part.0 (dl-init.c:70)
==5339==    by 0x6B9F567: call_init (dl-init.c:33)
==5339==    by 0x6B9F567: _dl_init (dl-init.c:117)
==5339==    by 0x78ADBB4: _dl_catch_exception (dl-error-skeleton.c:182)
==5339==    by 0x6BA6FF5: dl_open_worker (dl-open.c:808)
==5339==    by 0x6BA6FF5: dl_open_worker (dl-open.c:771)
==5339==    by 0x78ADB57: _dl_catch_exception (dl-error-skeleton.c:208)
==5339==    by 0x6BA734D: _dl_open (dl-open.c:883)
==5339==    by 0x77C95FB: dlopen_doit (dlopen.c:56)
==5339== 
==5339== 23 bytes in 1 blocks are possibly lost in loss record 303 of 425
==5339==    at 0x73E1899: malloc (in /mnt/c/Users/guido/ghq/projects/rustdom/.tools/valgrind/usr/libexec/valgrind/vgpreload_memcheck-amd64-linux.so)
==5339==    by 0x232478C2: _RNvXs0_NvMs_NtNtCs6i54tJFfzR_5alloc3ffi5c_strNtBa_7CString3newReNtB5_11SpecNewImpl13spec_new_impl (in /home/guido/rustdom-selection-validation-cQnQbx/dist/rustdom.node)
==5339==    by 0x231F177F: _RNvMs2_NtNtCs4QMHp0v7l6B_4napi9js_values15object_propertyNtB5_8Property14with_utf8_name (in /home/guido/rustdom-selection-validation-cQnQbx/dist/rustdom.node)
==5339==    by 0x2318A8B7: _RNvNvNtNtNtCs3Ir8cfnU9oH_7rustdom3dom4tree32___napi_impl_helper_NativeTree_1736___napi_register__NativeTree_impl_44320___ctor_private_inner (in /home/guido/rustdom-selection-validation-cQnQbx/dist/rustdom.node)
==5339==    by 0x231B5535: _RNvNvNvNvNtNtNtCs3Ir8cfnU9oH_7rustdom3dom4tree32___napi_impl_helper_NativeTree_1736___napi_register__NativeTree_impl_4431__18___CTOR_PRIVATE_REF14___ctor_private (in /home/guido/rustdom-selection-validation-cQnQbx/dist/rustdom.node)
==5339==    by 0x6B9F47D: call_init.part.0 (dl-init.c:70)
==5339==    by 0x6B9F567: call_init (dl-init.c:33)
==5339==    by 0x6B9F567: _dl_init (dl-init.c:117)
==5339==    by 0x78ADBB4: _dl_catch_exception (dl-error-skeleton.c:182)
==5339==    by 0x6BA6FF5: dl_open_worker (dl-open.c:808)
==5339==    by 0x6BA6FF5: dl_open_worker (dl-open.c:771)
==5339==    by 0x78ADB57: _dl_catch_exception (dl-error-skeleton.c:208)
==5339==    by 0x6BA734D: _dl_open (dl-open.c:883)
==5339==    by 0x77C95FB: dlopen_doit (dlopen.c:56)
==5339== 
==5339== 23 bytes in 1 blocks are possibly lost in loss record 304 of 425
==5339==    at 0x73E1899: malloc (in /mnt/c/Users/guido/ghq/projects/rustdom/.tools/valgrind/usr/libexec/valgrind/vgpreload_memcheck-amd64-linux.so)
==5339==    by 0x232478C2: _RNvXs0_NvMs_NtNtCs6i54tJFfzR_5alloc3ffi5c_strNtBa_7CString3newReNtB5_11SpecNewImpl13spec_new_impl (in /home/guido/rustdom-selection-validation-cQnQbx/dist/rustdom.node)
==5339==    by 0x231F177F: _RNvMs2_NtNtCs4QMHp0v7l6B_4napi9js_values15object_propertyNtB5_8Property14with_utf8_name (in /home/guido/rustdom-selection-validation-cQnQbx/dist/rustdom.node)
==5339==    by 0x2318B3F9: _RNvNvNtNtNtCs3Ir8cfnU9oH_7rustdom3dom4tree32___napi_impl_helper_NativeTree_1736___napi_register__NativeTree_impl_44320___ctor_private_inner (in /home/guido/rustdom-selection-validation-cQnQbx/dist/rustdom.node)
==5339==    by 0x231B5535: _RNvNvNvNvNtNtNtCs3Ir8cfnU9oH_7rustdom3dom4tree32___napi_impl_helper_NativeTree_1736___napi_register__NativeTree_impl_4431__18___CTOR_PRIVATE_REF14___ctor_private (in /home/guido/rustdom-selection-validation-cQnQbx/dist/rustdom.node)
==5339==    by 0x6B9F47D: call_init.part.0 (dl-init.c:70)
==5339==    by 0x6B9F567: call_init (dl-init.c:33)
==5339==    by 0x6B9F567: _dl_init (dl-init.c:117)
==5339==    by 0x78ADBB4: _dl_catch_exception (dl-error-skeleton.c:182)
==5339==    by 0x6BA6FF5: dl_open_worker (dl-open.c:808)
==5339==    by 0x6BA6FF5: dl_open_worker (dl-open.c:771)
==5339==    by 0x78ADB57: _dl_catch_exception (dl-error-skeleton.c:208)
==5339==    by 0x6BA734D: _dl_open (dl-open.c:883)
==5339==    by 0x77C95FB: dlopen_doit (dlopen.c:56)
==5339== 
==5339== 23 bytes in 1 blocks are possibly lost in loss record 305 of 425
==5339==    at 0x73E1899: malloc (in /mnt/c/Users/guido/ghq/projects/rustdom/.tools/valgrind/usr/libexec/valgrind/vgpreload_memcheck-amd64-linux.so)
==5339==    by 0x232478C2: _RNvXs0_NvMs_NtNtCs6i54tJFfzR_5alloc3ffi5c_strNtBa_7CString3newReNtB5_11SpecNewImpl13spec_new_impl (in /home/guido/rustdom-selection-validation-cQnQbx/dist/rustdom.node)
==5339==    by 0x231F177F: _RNvMs2_NtNtCs4QMHp0v7l6B_4napi9js_values15object_propertyNtB5_8Property14with_utf8_name (in /home/guido/rustdom-selection-validation-cQnQbx/dist/rustdom.node)
==5339==    by 0x2318CC89: _RNvNvNtNtNtCs3Ir8cfnU9oH_7rustdom3dom4tree32___napi_impl_helper_NativeTree_1736___napi_register__NativeTree_impl_44320___ctor_private_inner (in /home/guido/rustdom-selection-validation-cQnQbx/dist/rustdom.node)
==5339==    by 0x231B5535: _RNvNvNvNvNtNtNtCs3Ir8cfnU9oH_7rustdom3dom4tree32___napi_impl_helper_NativeTree_1736___napi_register__NativeTree_impl_4431__18___CTOR_PRIVATE_REF14___ctor_private (in /home/guido/rustdom-selection-validation-cQnQbx/dist/rustdom.node)
==5339==    by 0x6B9F47D: call_init.part.0 (dl-init.c:70)
==5339==    by 0x6B9F567: call_init (dl-init.c:33)
==5339==    by 0x6B9F567: _dl_init (dl-init.c:117)
==5339==    by 0x78ADBB4: _dl_catch_exception (dl-error-skeleton.c:182)
==5339==    by 0x6BA6FF5: dl_open_worker (dl-open.c:808)
==5339==    by 0x6BA6FF5: dl_open_worker (dl-open.c:771)
==5339==    by 0x78ADB57: _dl_catch_exception (dl-error-skeleton.c:208)
==5339==    by 0x6BA734D: _dl_open (dl-open.c:883)
==5339==    by 0x77C95FB: dlopen_doit (dlopen.c:56)
==5339== 
==5339== 23 bytes in 1 blocks are possibly lost in loss record 306 of 425
==5339==    at 0x73E1899: malloc (in /mnt/c/Users/guido/ghq/projects/rustdom/.tools/valgrind/usr/libexec/valgrind/vgpreload_memcheck-amd64-linux.so)
==5339==    by 0x232478C2: _RNvXs0_NvMs_NtNtCs6i54tJFfzR_5alloc3ffi5c_strNtBa_7CString3newReNtB5_11SpecNewImpl13spec_new_impl (in /home/guido/rustdom-selection-validation-cQnQbx/dist/rustdom.node)
==5339==    by 0x231F177F: _RNvMs2_NtNtCs4QMHp0v7l6B_4napi9js_values15object_propertyNtB5_8Property14with_utf8_name (in /home/guido/rustdom-selection-validation-cQnQbx/dist/rustdom.node)
==5339==    by 0x2318F88B: _RNvNvNtNtNtCs3Ir8cfnU9oH_7rustdom3dom4tree32___napi_impl_helper_NativeTree_1736___napi_register__NativeTree_impl_44320___ctor_private_inner (in /home/guido/rustdom-selection-validation-cQnQbx/dist/rustdom.node)
==5339==    by 0x231B5535: _RNvNvNvNvNtNtNtCs3Ir8cfnU9oH_7rustdom3dom4tree32___napi_impl_helper_NativeTree_1736___napi_register__NativeTree_impl_4431__18___CTOR_PRIVATE_REF14___ctor_private (in /home/guido/rustdom-selection-validation-cQnQbx/dist/rustdom.node)
==5339==    by 0x6B9F47D: call_init.part.0 (dl-init.c:70)
==5339==    by 0x6B9F567: call_init (dl-init.c:33)
==5339==    by 0x6B9F567: _dl_init (dl-init.c:117)
==5339==    by 0x78ADBB4: _dl_catch_exception (dl-error-skeleton.c:182)
==5339==    by 0x6BA6FF5: dl_open_worker (dl-open.c:808)
==5339==    by 0x6BA6FF5: dl_open_worker (dl-open.c:771)
==5339==    by 0x78ADB57: _dl_catch_exception (dl-error-skeleton.c:208)
==5339==    by 0x6BA734D: _dl_open (dl-open.c:883)
==5339==    by 0x77C95FB: dlopen_doit (dlopen.c:56)
==5339== 
==5339== 23 bytes in 1 blocks are possibly lost in loss record 307 of 425
==5339==    at 0x73E1899: malloc (in /mnt/c/Users/guido/ghq/projects/rustdom/.tools/valgrind/usr/libexec/valgrind/vgpreload_memcheck-amd64-linux.so)
==5339==    by 0x232478C2: _RNvXs0_NvMs_NtNtCs6i54tJFfzR_5alloc3ffi5c_strNtBa_7CString3newReNtB5_11SpecNewImpl13spec_new_impl (in /home/guido/rustdom-selection-validation-cQnQbx/dist/rustdom.node)
==5339==    by 0x231F177F: _RNvMs2_NtNtCs4QMHp0v7l6B_4napi9js_values15object_propertyNtB5_8Property14with_utf8_name (in /home/guido/rustdom-selection-validation-cQnQbx/dist/rustdom.node)
==5339==    by 0x231904D3: _RNvNvNtNtNtCs3Ir8cfnU9oH_7rustdom3dom4tree32___napi_impl_helper_NativeTree_1736___napi_register__NativeTree_impl_44320___ctor_private_inner (in /home/guido/rustdom-selection-validation-cQnQbx/dist/rustdom.node)
==5339==    by 0x231B5535: _RNvNvNvNvNtNtNtCs3Ir8cfnU9oH_7rustdom3dom4tree32___napi_impl_helper_NativeTree_1736___napi_register__NativeTree_impl_4431__18___CTOR_PRIVATE_REF14___ctor_private (in /home/guido/rustdom-selection-validation-cQnQbx/dist/rustdom.node)
==5339==    by 0x6B9F47D: call_init.part.0 (dl-init.c:70)
==5339==    by 0x6B9F567: call_init (dl-init.c:33)
==5339==    by 0x6B9F567: _dl_init (dl-init.c:117)
==5339==    by 0x78ADBB4: _dl_catch_exception (dl-error-skeleton.c:182)
==5339==    by 0x6BA6FF5: dl_open_worker (dl-open.c:808)
==5339==    by 0x6BA6FF5: dl_open_worker (dl-open.c:771)
==5339==    by 0x78ADB57: _dl_catch_exception (dl-error-skeleton.c:208)
==5339==    by 0x6BA734D: _dl_open (dl-open.c:883)
==5339==    by 0x77C95FB: dlopen_doit (dlopen.c:56)
==5339== 
==5339== 23 bytes in 1 blocks are possibly lost in loss record 308 of 425
==5339==    at 0x73E1899: malloc (in /mnt/c/Users/guido/ghq/projects/rustdom/.tools/valgrind/usr/libexec/valgrind/vgpreload_memcheck-amd64-linux.so)
==5339==    by 0x232478C2: _RNvXs0_NvMs_NtNtCs6i54tJFfzR_5alloc3ffi5c_strNtBa_7CString3newReNtB5_11SpecNewImpl13spec_new_impl (in /home/guido/rustdom-selection-validation-cQnQbx/dist/rustdom.node)
==5339==    by 0x231F177F: _RNvMs2_NtNtCs4QMHp0v7l6B_4napi9js_values15object_propertyNtB5_8Property14with_utf8_name (in /home/guido/rustdom-selection-validation-cQnQbx/dist/rustdom.node)
==5339==    by 0x231906DF: _RNvNvNtNtNtCs3Ir8cfnU9oH_7rustdom3dom4tree32___napi_impl_helper_NativeTree_1736___napi_register__NativeTree_impl_44320___ctor_private_inner (in /home/guido/rustdom-selection-validation-cQnQbx/dist/rustdom.node)
==5339==    by 0x231B5535: _RNvNvNvNvNtNtNtCs3Ir8cfnU9oH_7rustdom3dom4tree32___napi_impl_helper_NativeTree_1736___napi_register__NativeTree_impl_4431__18___CTOR_PRIVATE_REF14___ctor_private (in /home/guido/rustdom-selection-validation-cQnQbx/dist/rustdom.node)
==5339==    by 0x6B9F47D: call_init.part.0 (dl-init.c:70)
==5339==    by 0x6B9F567: call_init (dl-init.c:33)
==5339==    by 0x6B9F567: _dl_init (dl-init.c:117)
==5339==    by 0x78ADBB4: _dl_catch_exception (dl-error-skeleton.c:182)
==5339==    by 0x6BA6FF5: dl_open_worker (dl-open.c:808)
==5339==    by 0x6BA6FF5: dl_open_worker (dl-open.c:771)
==5339==    by 0x78ADB57: _dl_catch_exception (dl-error-skeleton.c:208)
==5339==    by 0x6BA734D: _dl_open (dl-open.c:883)
==5339==    by 0x77C95FB: dlopen_doit (dlopen.c:56)
==5339== 
==5339== 24 bytes in 1 blocks are possibly lost in loss record 309 of 425
==5339==    at 0x73E1899: malloc (in /mnt/c/Users/guido/ghq/projects/rustdom/.tools/valgrind/usr/libexec/valgrind/vgpreload_memcheck-amd64-linux.so)
==5339==    by 0x232478C2: _RNvXs0_NvMs_NtNtCs6i54tJFfzR_5alloc3ffi5c_strNtBa_7CString3newReNtB5_11SpecNewImpl13spec_new_impl (in /home/guido/rustdom-selection-validation-cQnQbx/dist/rustdom.node)
==5339==    by 0x231F177F: _RNvMs2_NtNtCs4QMHp0v7l6B_4napi9js_values15object_propertyNtB5_8Property14with_utf8_name (in /home/guido/rustdom-selection-validation-cQnQbx/dist/rustdom.node)
==5339==    by 0x23189B58: _RNvNvNtNtNtCs3Ir8cfnU9oH_7rustdom3dom4tree32___napi_impl_helper_NativeTree_1736___napi_register__NativeTree_impl_44320___ctor_private_inner (in /home/guido/rustdom-selection-validation-cQnQbx/dist/rustdom.node)
==5339==    by 0x231B5535: _RNvNvNvNvNtNtNtCs3Ir8cfnU9oH_7rustdom3dom4tree32___napi_impl_helper_NativeTree_1736___napi_register__NativeTree_impl_4431__18___CTOR_PRIVATE_REF14___ctor_private (in /home/guido/rustdom-selection-validation-cQnQbx/dist/rustdom.node)
==5339==    by 0x6B9F47D: call_init.part.0 (dl-init.c:70)
==5339==    by 0x6B9F567: call_init (dl-init.c:33)
==5339==    by 0x6B9F567: _dl_init (dl-init.c:117)
==5339==    by 0x78ADBB4: _dl_catch_exception (dl-error-skeleton.c:182)
==5339==    by 0x6BA6FF5: dl_open_worker (dl-open.c:808)
==5339==    by 0x6BA6FF5: dl_open_worker (dl-open.c:771)
==5339==    by 0x78ADB57: _dl_catch_exception (dl-error-skeleton.c:208)
==5339==    by 0x6BA734D: _dl_open (dl-open.c:883)
==5339==    by 0x77C95FB: dlopen_doit (dlopen.c:56)
==5339== 
==5339== 24 bytes in 1 blocks are possibly lost in loss record 310 of 425
==5339==    at 0x73E1899: malloc (in /mnt/c/Users/guido/ghq/projects/rustdom/.tools/valgrind/usr/libexec/valgrind/vgpreload_memcheck-amd64-linux.so)
==5339==    by 0x232478C2: _RNvXs0_NvMs_NtNtCs6i54tJFfzR_5alloc3ffi5c_strNtBa_7CString3newReNtB5_11SpecNewImpl13spec_new_impl (in /home/guido/rustdom-selection-validation-cQnQbx/dist/rustdom.node)
==5339==    by 0x231F177F: _RNvMs2_NtNtCs4QMHp0v7l6B_4napi9js_values15object_propertyNtB5_8Property14with_utf8_name (in /home/guido/rustdom-selection-validation-cQnQbx/dist/rustdom.node)
==5339==    by 0x23189D64: _RNvNvNtNtNtCs3Ir8cfnU9oH_7rustdom3dom4tree32___napi_impl_helper_NativeTree_1736___napi_register__NativeTree_impl_44320___ctor_private_inner (in /home/guido/rustdom-selection-validation-cQnQbx/dist/rustdom.node)
==5339==    by 0x231B5535: _RNvNvNvNvNtNtNtCs3Ir8cfnU9oH_7rustdom3dom4tree32___napi_impl_helper_NativeTree_1736___napi_register__NativeTree_impl_4431__18___CTOR_PRIVATE_REF14___ctor_private (in /home/guido/rustdom-selection-validation-cQnQbx/dist/rustdom.node)
==5339==    by 0x6B9F47D: call_init.part.0 (dl-init.c:70)
==5339==    by 0x6B9F567: call_init (dl-init.c:33)
==5339==    by 0x6B9F567: _dl_init (dl-init.c:117)
==5339==    by 0x78ADBB4: _dl_catch_exception (dl-error-skeleton.c:182)
==5339==    by 0x6BA6FF5: dl_open_worker (dl-open.c:808)
==5339==    by 0x6BA6FF5: dl_open_worker (dl-open.c:771)
==5339==    by 0x78ADB57: _dl_catch_exception (dl-error-skeleton.c:208)
==5339==    by 0x6BA734D: _dl_open (dl-open.c:883)
==5339==    by 0x77C95FB: dlopen_doit (dlopen.c:56)
==5339== 
==5339== 24 bytes in 1 blocks are possibly lost in loss record 311 of 425
==5339==    at 0x73E1899: malloc (in /mnt/c/Users/guido/ghq/projects/rustdom/.tools/valgrind/usr/libexec/valgrind/vgpreload_memcheck-amd64-linux.so)
==5339==    by 0x232478C2: _RNvXs0_NvMs_NtNtCs6i54tJFfzR_5alloc3ffi5c_strNtBa_7CString3newReNtB5_11SpecNewImpl13spec_new_impl (in /home/guido/rustdom-selection-validation-cQnQbx/dist/rustdom.node)
==5339==    by 0x231F177F: _RNvMs2_NtNtCs4QMHp0v7l6B_4napi9js_values15object_propertyNtB5_8Property14with_utf8_name (in /home/guido/rustdom-selection-validation-cQnQbx/dist/rustdom.node)
==5339==    by 0x2318BC29: _RNvNvNtNtNtCs3Ir8cfnU9oH_7rustdom3dom4tree32___napi_impl_helper_NativeTree_1736___napi_register__NativeTree_impl_44320___ctor_private_inner (in /home/guido/rustdom-selection-validation-cQnQbx/dist/rustdom.node)
==5339==    by 0x231B5535: _RNvNvNvNvNtNtNtCs3Ir8cfnU9oH_7rustdom3dom4tree32___napi_impl_helper_NativeTree_1736___napi_register__NativeTree_impl_4431__18___CTOR_PRIVATE_REF14___ctor_private (in /home/guido/rustdom-selection-validation-cQnQbx/dist/rustdom.node)
==5339==    by 0x6B9F47D: call_init.part.0 (dl-init.c:70)
==5339==    by 0x6B9F567: call_init (dl-init.c:33)
==5339==    by 0x6B9F567: _dl_init (dl-init.c:117)
==5339==    by 0x78ADBB4: _dl_catch_exception (dl-error-skeleton.c:182)
==5339==    by 0x6BA6FF5: dl_open_worker (dl-open.c:808)
==5339==    by 0x6BA6FF5: dl_open_worker (dl-open.c:771)
==5339==    by 0x78ADB57: _dl_catch_exception (dl-error-skeleton.c:208)
==5339==    by 0x6BA734D: _dl_open (dl-open.c:883)
==5339==    by 0x77C95FB: dlopen_doit (dlopen.c:56)
==5339== 
==5339== 24 bytes in 1 blocks are possibly lost in loss record 312 of 425
==5339==    at 0x73E1899: malloc (in /mnt/c/Users/guido/ghq/projects/rustdom/.tools/valgrind/usr/libexec/valgrind/vgpreload_memcheck-amd64-linux.so)
==5339==    by 0x232478C2: _RNvXs0_NvMs_NtNtCs6i54tJFfzR_5alloc3ffi5c_strNtBa_7CString3newReNtB5_11SpecNewImpl13spec_new_impl (in /home/guido/rustdom-selection-validation-cQnQbx/dist/rustdom.node)
==5339==    by 0x231F177F: _RNvMs2_NtNtCs4QMHp0v7l6B_4napi9js_values15object_propertyNtB5_8Property14with_utf8_name (in /home/guido/rustdom-selection-validation-cQnQbx/dist/rustdom.node)
==5339==    by 0x2318C459: _RNvNvNtNtNtCs3Ir8cfnU9oH_7rustdom3dom4tree32___napi_impl_helper_NativeTree_1736___napi_register__NativeTree_impl_44320___ctor_private_inner (in /home/guido/rustdom-selection-validation-cQnQbx/dist/rustdom.node)
==5339==    by 0x231B5535: _RNvNvNvNvNtNtNtCs3Ir8cfnU9oH_7rustdom3dom4tree32___napi_impl_helper_NativeTree_1736___napi_register__NativeTree_impl_4431__18___CTOR_PRIVATE_REF14___ctor_private (in /home/guido/rustdom-selection-validation-cQnQbx/dist/rustdom.node)
==5339==    by 0x6B9F47D: call_init.part.0 (dl-init.c:70)
==5339==    by 0x6B9F567: call_init (dl-init.c:33)
==5339==    by 0x6B9F567: _dl_init (dl-init.c:117)
==5339==    by 0x78ADBB4: _dl_catch_exception (dl-error-skeleton.c:182)
==5339==    by 0x6BA6FF5: dl_open_worker (dl-open.c:808)
==5339==    by 0x6BA6FF5: dl_open_worker (dl-open.c:771)
==5339==    by 0x78ADB57: _dl_catch_exception (dl-error-skeleton.c:208)
==5339==    by 0x6BA734D: _dl_open (dl-open.c:883)
==5339==    by 0x77C95FB: dlopen_doit (dlopen.c:56)
==5339== 
==5339== 24 bytes in 1 blocks are possibly lost in loss record 313 of 425
==5339==    at 0x73E1899: malloc (in /mnt/c/Users/guido/ghq/projects/rustdom/.tools/valgrind/usr/libexec/valgrind/vgpreload_memcheck-amd64-linux.so)
==5339==    by 0x232478C2: _RNvXs0_NvMs_NtNtCs6i54tJFfzR_5alloc3ffi5c_strNtBa_7CString3newReNtB5_11SpecNewImpl13spec_new_impl (in /home/guido/rustdom-selection-validation-cQnQbx/dist/rustdom.node)
==5339==    by 0x231F177F: _RNvMs2_NtNtCs4QMHp0v7l6B_4napi9js_values15object_propertyNtB5_8Property14with_utf8_name (in /home/guido/rustdom-selection-validation-cQnQbx/dist/rustdom.node)
==5339==    by 0x2318E413: _RNvNvNtNtNtCs3Ir8cfnU9oH_7rustdom3dom4tree32___napi_impl_helper_NativeTree_1736___napi_register__NativeTree_impl_44320___ctor_private_inner (in /home/guido/rustdom-selection-validation-cQnQbx/dist/rustdom.node)
==5339==    by 0x231B5535: _RNvNvNvNvNtNtNtCs3Ir8cfnU9oH_7rustdom3dom4tree32___napi_impl_helper_NativeTree_1736___napi_register__NativeTree_impl_4431__18___CTOR_PRIVATE_REF14___ctor_private (in /home/guido/rustdom-selection-validation-cQnQbx/dist/rustdom.node)
==5339==    by 0x6B9F47D: call_init.part.0 (dl-init.c:70)
==5339==    by 0x6B9F567: call_init (dl-init.c:33)
==5339==    by 0x6B9F567: _dl_init (dl-init.c:117)
==5339==    by 0x78ADBB4: _dl_catch_exception (dl-error-skeleton.c:182)
==5339==    by 0x6BA6FF5: dl_open_worker (dl-open.c:808)
==5339==    by 0x6BA6FF5: dl_open_worker (dl-open.c:771)
==5339==    by 0x78ADB57: _dl_catch_exception (dl-error-skeleton.c:208)
==5339==    by 0x6BA734D: _dl_open (dl-open.c:883)
==5339==    by 0x77C95FB: dlopen_doit (dlopen.c:56)
==5339== 
==5339== 24 bytes in 1 blocks are definitely lost in loss record 314 of 425
==5339==    at 0x73E1899: malloc (in /mnt/c/Users/guido/ghq/projects/rustdom/.tools/valgrind/usr/libexec/valgrind/vgpreload_memcheck-amd64-linux.so)
==5339==    by 0x1E096E0: CRYPTO_malloc (in /mnt/c/Users/guido/AppData/Local/Temp/rustdom-pr54-abort-retention-e991d78927094e13876cb3cd1a13dacf/.tools/node-v24.20.0-linux-x64/bin/node)
==5339==    by 0x1E02D2B: ossl_load_builtin_compressions (in /mnt/c/Users/guido/AppData/Local/Temp/rustdom-pr54-abort-retention-e991d78927094e13876cb3cd1a13dacf/.tools/node-v24.20.0-linux-x64/bin/node)
==5339==    by 0x1E031EC: context_init (in /mnt/c/Users/guido/AppData/Local/Temp/rustdom-pr54-abort-retention-e991d78927094e13876cb3cd1a13dacf/.tools/node-v24.20.0-linux-x64/bin/node)
==5339==    by 0x1E03249: default_context_do_init_ossl_ (in /mnt/c/Users/guido/AppData/Local/Temp/rustdom-pr54-abort-retention-e991d78927094e13876cb3cd1a13dacf/.tools/node-v24.20.0-linux-x64/bin/node)
==5339==    by 0x77D2EA7: __pthread_once_slow (pthread_once.c:116)
==5339==    by 0x1E1D858: CRYPTO_THREAD_run_once (in /mnt/c/Users/guido/AppData/Local/Temp/rustdom-pr54-abort-retention-e991d78927094e13876cb3cd1a13dacf/.tools/node-v24.20.0-linux-x64/bin/node)
==5339==    by 0x1E03992: OSSL_LIB_CTX_get0_global_default (in /mnt/c/Users/guido/AppData/Local/Temp/rustdom-pr54-abort-retention-e991d78927094e13876cb3cd1a13dacf/.tools/node-v24.20.0-linux-x64/bin/node)
==5339==    by 0x1D45CAB: ossl_config_int (in /mnt/c/Users/guido/AppData/Local/Temp/rustdom-pr54-abort-retention-e991d78927094e13876cb3cd1a13dacf/.tools/node-v24.20.0-linux-x64/bin/node)
==5339==    by 0x1E085BF: ossl_init_config_settings_ossl_ (in /mnt/c/Users/guido/AppData/Local/Temp/rustdom-pr54-abort-retention-e991d78927094e13876cb3cd1a13dacf/.tools/node-v24.20.0-linux-x64/bin/node)
==5339==    by 0x77D2EA7: __pthread_once_slow (pthread_once.c:116)
==5339==    by 0x1E1D858: CRYPTO_THREAD_run_once (in /mnt/c/Users/guido/AppData/Local/Temp/rustdom-pr54-abort-retention-e991d78927094e13876cb3cd1a13dacf/.tools/node-v24.20.0-linux-x64/bin/node)
==5339== 
==5339== 25 bytes in 1 blocks are possibly lost in loss record 315 of 425
==5339==    at 0x73E1899: malloc (in /mnt/c/Users/guido/ghq/projects/rustdom/.tools/valgrind/usr/libexec/valgrind/vgpreload_memcheck-amd64-linux.so)
==5339==    by 0x232478C2: _RNvXs0_NvMs_NtNtCs6i54tJFfzR_5alloc3ffi5c_strNtBa_7CString3newReNtB5_11SpecNewImpl13spec_new_impl (in /home/guido/rustdom-selection-validation-cQnQbx/dist/rustdom.node)
==5339==    by 0x231F177F: _RNvMs2_NtNtCs4QMHp0v7l6B_4napi9js_values15object_propertyNtB5_8Property14with_utf8_name (in /home/guido/rustdom-selection-validation-cQnQbx/dist/rustdom.node)
==5339==    by 0x231A5404: _RNvNvNvNvNtNtNtCs3Ir8cfnU9oH_7rustdom3dom19event_state_binding37___napi_impl_helper_NativeEventState_442___napi_register__NativeEventState_impl_1041__18___CTOR_PRIVATE_REF14___ctor_private (in /home/guido/rustdom-selection-validation-cQnQbx/dist/rustdom.node)
==5339==    by 0x6B9F47D: call_init.part.0 (dl-init.c:70)
==5339==    by 0x6B9F567: call_init (dl-init.c:33)
==5339==    by 0x6B9F567: _dl_init (dl-init.c:117)
==5339==    by 0x78ADBB4: _dl_catch_exception (dl-error-skeleton.c:182)
==5339==    by 0x6BA6FF5: dl_open_worker (dl-open.c:808)
==5339==    by 0x6BA6FF5: dl_open_worker (dl-open.c:771)
==5339==    by 0x78ADB57: _dl_catch_exception (dl-error-skeleton.c:208)
==5339==    by 0x6BA734D: _dl_open (dl-open.c:883)
==5339==    by 0x77C95FB: dlopen_doit (dlopen.c:56)
==5339==    by 0x78ADB57: _dl_catch_exception (dl-error-skeleton.c:208)
==5339== 
==5339== 25 bytes in 1 blocks are possibly lost in loss record 316 of 425
==5339==    at 0x73E1899: malloc (in /mnt/c/Users/guido/ghq/projects/rustdom/.tools/valgrind/usr/libexec/valgrind/vgpreload_memcheck-amd64-linux.so)
==5339==    by 0x232478C2: _RNvXs0_NvMs_NtNtCs6i54tJFfzR_5alloc3ffi5c_strNtBa_7CString3newReNtB5_11SpecNewImpl13spec_new_impl (in /home/guido/rustdom-selection-validation-cQnQbx/dist/rustdom.node)
==5339==    by 0x231F177F: _RNvMs2_NtNtCs4QMHp0v7l6B_4napi9js_values15object_propertyNtB5_8Property14with_utf8_name (in /home/guido/rustdom-selection-validation-cQnQbx/dist/rustdom.node)
==5339==    by 0x23188B08: _RNvNvNtNtNtCs3Ir8cfnU9oH_7rustdom3dom4tree32___napi_impl_helper_NativeTree_1736___napi_register__NativeTree_impl_44320___ctor_private_inner (in /home/guido/rustdom-selection-validation-cQnQbx/dist/rustdom.node)
==5339==    by 0x231B5535: _RNvNvNvNvNtNtNtCs3Ir8cfnU9oH_7rustdom3dom4tree32___napi_impl_helper_NativeTree_1736___napi_register__NativeTree_impl_4431__18___CTOR_PRIVATE_REF14___ctor_private (in /home/guido/rustdom-selection-validation-cQnQbx/dist/rustdom.node)
==5339==    by 0x6B9F47D: call_init.part.0 (dl-init.c:70)
==5339==    by 0x6B9F567: call_init (dl-init.c:33)
==5339==    by 0x6B9F567: _dl_init (dl-init.c:117)
==5339==    by 0x78ADBB4: _dl_catch_exception (dl-error-skeleton.c:182)
==5339==    by 0x6BA6FF5: dl_open_worker (dl-open.c:808)
==5339==    by 0x6BA6FF5: dl_open_worker (dl-open.c:771)
==5339==    by 0x78ADB57: _dl_catch_exception (dl-error-skeleton.c:208)
==5339==    by 0x6BA734D: _dl_open (dl-open.c:883)
==5339==    by 0x77C95FB: dlopen_doit (dlopen.c:56)
==5339== 
==5339== 25 bytes in 1 blocks are possibly lost in loss record 317 of 425
==5339==    at 0x73E1899: malloc (in /mnt/c/Users/guido/ghq/projects/rustdom/.tools/valgrind/usr/libexec/valgrind/vgpreload_memcheck-amd64-linux.so)
==5339==    by 0x232478C2: _RNvXs0_NvMs_NtNtCs6i54tJFfzR_5alloc3ffi5c_strNtBa_7CString3newReNtB5_11SpecNewImpl13spec_new_impl (in /home/guido/rustdom-selection-validation-cQnQbx/dist/rustdom.node)
==5339==    by 0x231F177F: _RNvMs2_NtNtCs4QMHp0v7l6B_4napi9js_values15object_propertyNtB5_8Property14with_utf8_name (in /home/guido/rustdom-selection-validation-cQnQbx/dist/rustdom.node)
==5339==    by 0x2318B2F3: _RNvNvNtNtNtCs3Ir8cfnU9oH_7rustdom3dom4tree32___napi_impl_helper_NativeTree_1736___napi_register__NativeTree_impl_44320___ctor_private_inner (in /home/guido/rustdom-selection-validation-cQnQbx/dist/rustdom.node)
==5339==    by 0x231B5535: _RNvNvNvNvNtNtNtCs3Ir8cfnU9oH_7rustdom3dom4tree32___napi_impl_helper_NativeTree_1736___napi_register__NativeTree_impl_4431__18___CTOR_PRIVATE_REF14___ctor_private (in /home/guido/rustdom-selection-validation-cQnQbx/dist/rustdom.node)
==5339==    by 0x6B9F47D: call_init.part.0 (dl-init.c:70)
==5339==    by 0x6B9F567: call_init (dl-init.c:33)
==5339==    by 0x6B9F567: _dl_init (dl-init.c:117)
==5339==    by 0x78ADBB4: _dl_catch_exception (dl-error-skeleton.c:182)
==5339==    by 0x6BA6FF5: dl_open_worker (dl-open.c:808)
==5339==    by 0x6BA6FF5: dl_open_worker (dl-open.c:771)
==5339==    by 0x78ADB57: _dl_catch_exception (dl-error-skeleton.c:208)
==5339==    by 0x6BA734D: _dl_open (dl-open.c:883)
==5339==    by 0x77C95FB: dlopen_doit (dlopen.c:56)
==5339== 
==5339== 25 bytes in 1 blocks are possibly lost in loss record 318 of 425
==5339==    at 0x73E1899: malloc (in /mnt/c/Users/guido/ghq/projects/rustdom/.tools/valgrind/usr/libexec/valgrind/vgpreload_memcheck-amd64-linux.so)
==5339==    by 0x232478C2: _RNvXs0_NvMs_NtNtCs6i54tJFfzR_5alloc3ffi5c_strNtBa_7CString3newReNtB5_11SpecNewImpl13spec_new_impl (in /home/guido/rustdom-selection-validation-cQnQbx/dist/rustdom.node)
==5339==    by 0x231F177F: _RNvMs2_NtNtCs4QMHp0v7l6B_4napi9js_values15object_propertyNtB5_8Property14with_utf8_name (in /home/guido/rustdom-selection-validation-cQnQbx/dist/rustdom.node)
==5339==    by 0x2318B4FF: _RNvNvNtNtNtCs3Ir8cfnU9oH_7rustdom3dom4tree32___napi_impl_helper_NativeTree_1736___napi_register__NativeTree_impl_44320___ctor_private_inner (in /home/guido/rustdom-selection-validation-cQnQbx/dist/rustdom.node)
==5339==    by 0x231B5535: _RNvNvNvNvNtNtNtCs3Ir8cfnU9oH_7rustdom3dom4tree32___napi_impl_helper_NativeTree_1736___napi_register__NativeTree_impl_4431__18___CTOR_PRIVATE_REF14___ctor_private (in /home/guido/rustdom-selection-validation-cQnQbx/dist/rustdom.node)
==5339==    by 0x6B9F47D: call_init.part.0 (dl-init.c:70)
==5339==    by 0x6B9F567: call_init (dl-init.c:33)
==5339==    by 0x6B9F567: _dl_init (dl-init.c:117)
==5339==    by 0x78ADBB4: _dl_catch_exception (dl-error-skeleton.c:182)
==5339==    by 0x6BA6FF5: dl_open_worker (dl-open.c:808)
==5339==    by 0x6BA6FF5: dl_open_worker (dl-open.c:771)
==5339==    by 0x78ADB57: _dl_catch_exception (dl-error-skeleton.c:208)
==5339==    by 0x6BA734D: _dl_open (dl-open.c:883)
==5339==    by 0x77C95FB: dlopen_doit (dlopen.c:56)
==5339== 
==5339== 25 bytes in 1 blocks are possibly lost in loss record 319 of 425
==5339==    at 0x73E1899: malloc (in /mnt/c/Users/guido/ghq/projects/rustdom/.tools/valgrind/usr/libexec/valgrind/vgpreload_memcheck-amd64-linux.so)
==5339==    by 0x232478C2: _RNvXs0_NvMs_NtNtCs6i54tJFfzR_5alloc3ffi5c_strNtBa_7CString3newReNtB5_11SpecNewImpl13spec_new_impl (in /home/guido/rustdom-selection-validation-cQnQbx/dist/rustdom.node)
==5339==    by 0x231F177F: _RNvMs2_NtNtCs4QMHp0v7l6B_4napi9js_values15object_propertyNtB5_8Property14with_utf8_name (in /home/guido/rustdom-selection-validation-cQnQbx/dist/rustdom.node)
==5339==    by 0x2318F36D: _RNvNvNtNtNtCs3Ir8cfnU9oH_7rustdom3dom4tree32___napi_impl_helper_NativeTree_1736___napi_register__NativeTree_impl_44320___ctor_private_inner (in /home/guido/rustdom-selection-validation-cQnQbx/dist/rustdom.node)
==5339==    by 0x231B5535: _RNvNvNvNvNtNtNtCs3Ir8cfnU9oH_7rustdom3dom4tree32___napi_impl_helper_NativeTree_1736___napi_register__NativeTree_impl_4431__18___CTOR_PRIVATE_REF14___ctor_private (in /home/guido/rustdom-selection-validation-cQnQbx/dist/rustdom.node)
==5339==    by 0x6B9F47D: call_init.part.0 (dl-init.c:70)
==5339==    by 0x6B9F567: call_init (dl-init.c:33)
==5339==    by 0x6B9F567: _dl_init (dl-init.c:117)
==5339==    by 0x78ADBB4: _dl_catch_exception (dl-error-skeleton.c:182)
==5339==    by 0x6BA6FF5: dl_open_worker (dl-open.c:808)
==5339==    by 0x6BA6FF5: dl_open_worker (dl-open.c:771)
==5339==    by 0x78ADB57: _dl_catch_exception (dl-error-skeleton.c:208)
==5339==    by 0x6BA734D: _dl_open (dl-open.c:883)
==5339==    by 0x77C95FB: dlopen_doit (dlopen.c:56)
==5339== 
==5339== 25 bytes in 1 blocks are possibly lost in loss record 320 of 425
==5339==    at 0x73E1899: malloc (in /mnt/c/Users/guido/ghq/projects/rustdom/.tools/valgrind/usr/libexec/valgrind/vgpreload_memcheck-amd64-linux.so)
==5339==    by 0x232478C2: _RNvXs0_NvMs_NtNtCs6i54tJFfzR_5alloc3ffi5c_strNtBa_7CString3newReNtB5_11SpecNewImpl13spec_new_impl (in /home/guido/rustdom-selection-validation-cQnQbx/dist/rustdom.node)
==5339==    by 0x231F177F: _RNvMs2_NtNtCs4QMHp0v7l6B_4napi9js_values15object_propertyNtB5_8Property14with_utf8_name (in /home/guido/rustdom-selection-validation-cQnQbx/dist/rustdom.node)
==5339==    by 0x231901C1: _RNvNvNtNtNtCs3Ir8cfnU9oH_7rustdom3dom4tree32___napi_impl_helper_NativeTree_1736___napi_register__NativeTree_impl_44320___ctor_private_inner (in /home/guido/rustdom-selection-validation-cQnQbx/dist/rustdom.node)
==5339==    by 0x231B5535: _RNvNvNvNvNtNtNtCs3Ir8cfnU9oH_7rustdom3dom4tree32___napi_impl_helper_NativeTree_1736___napi_register__NativeTree_impl_4431__18___CTOR_PRIVATE_REF14___ctor_private (in /home/guido/rustdom-selection-validation-cQnQbx/dist/rustdom.node)
==5339==    by 0x6B9F47D: call_init.part.0 (dl-init.c:70)
==5339==    by 0x6B9F567: call_init (dl-init.c:33)
==5339==    by 0x6B9F567: _dl_init (dl-init.c:117)
==5339==    by 0x78ADBB4: _dl_catch_exception (dl-error-skeleton.c:182)
==5339==    by 0x6BA6FF5: dl_open_worker (dl-open.c:808)
==5339==    by 0x6BA6FF5: dl_open_worker (dl-open.c:771)
==5339==    by 0x78ADB57: _dl_catch_exception (dl-error-skeleton.c:208)
==5339==    by 0x6BA734D: _dl_open (dl-open.c:883)
==5339==    by 0x77C95FB: dlopen_doit (dlopen.c:56)
==5339== 
==5339== 26 bytes in 1 blocks are possibly lost in loss record 321 of 425
==5339==    at 0x73E1899: malloc (in /mnt/c/Users/guido/ghq/projects/rustdom/.tools/valgrind/usr/libexec/valgrind/vgpreload_memcheck-amd64-linux.so)
==5339==    by 0x232478C2: _RNvXs0_NvMs_NtNtCs6i54tJFfzR_5alloc3ffi5c_strNtBa_7CString3newReNtB5_11SpecNewImpl13spec_new_impl (in /home/guido/rustdom-selection-validation-cQnQbx/dist/rustdom.node)
==5339==    by 0x231F177F: _RNvMs2_NtNtCs4QMHp0v7l6B_4napi9js_values15object_propertyNtB5_8Property14with_utf8_name (in /home/guido/rustdom-selection-validation-cQnQbx/dist/rustdom.node)
==5339==    by 0x2318BD2F: _RNvNvNtNtNtCs3Ir8cfnU9oH_7rustdom3dom4tree32___napi_impl_helper_NativeTree_1736___napi_register__NativeTree_impl_44320___ctor_private_inner (in /home/guido/rustdom-selection-validation-cQnQbx/dist/rustdom.node)
==5339==    by 0x231B5535: _RNvNvNvNvNtNtNtCs3Ir8cfnU9oH_7rustdom3dom4tree32___napi_impl_helper_NativeTree_1736___napi_register__NativeTree_impl_4431__18___CTOR_PRIVATE_REF14___ctor_private (in /home/guido/rustdom-selection-validation-cQnQbx/dist/rustdom.node)
==5339==    by 0x6B9F47D: call_init.part.0 (dl-init.c:70)
==5339==    by 0x6B9F567: call_init (dl-init.c:33)
==5339==    by 0x6B9F567: _dl_init (dl-init.c:117)
==5339==    by 0x78ADBB4: _dl_catch_exception (dl-error-skeleton.c:182)
==5339==    by 0x6BA6FF5: dl_open_worker (dl-open.c:808)
==5339==    by 0x6BA6FF5: dl_open_worker (dl-open.c:771)
==5339==    by 0x78ADB57: _dl_catch_exception (dl-error-skeleton.c:208)
==5339==    by 0x6BA734D: _dl_open (dl-open.c:883)
==5339==    by 0x77C95FB: dlopen_doit (dlopen.c:56)
==5339== 
==5339== 26 bytes in 1 blocks are possibly lost in loss record 322 of 425
==5339==    at 0x73E1899: malloc (in /mnt/c/Users/guido/ghq/projects/rustdom/.tools/valgrind/usr/libexec/valgrind/vgpreload_memcheck-amd64-linux.so)
==5339==    by 0x232478C2: _RNvXs0_NvMs_NtNtCs6i54tJFfzR_5alloc3ffi5c_strNtBa_7CString3newReNtB5_11SpecNewImpl13spec_new_impl (in /home/guido/rustdom-selection-validation-cQnQbx/dist/rustdom.node)
==5339==    by 0x231F177F: _RNvMs2_NtNtCs4QMHp0v7l6B_4napi9js_values15object_propertyNtB5_8Property14with_utf8_name (in /home/guido/rustdom-selection-validation-cQnQbx/dist/rustdom.node)
==5339==    by 0x2318F579: _RNvNvNtNtNtCs3Ir8cfnU9oH_7rustdom3dom4tree32___napi_impl_helper_NativeTree_1736___napi_register__NativeTree_impl_44320___ctor_private_inner (in /home/guido/rustdom-selection-validation-cQnQbx/dist/rustdom.node)
==5339==    by 0x231B5535: _RNvNvNvNvNtNtNtCs3Ir8cfnU9oH_7rustdom3dom4tree32___napi_impl_helper_NativeTree_1736___napi_register__NativeTree_impl_4431__18___CTOR_PRIVATE_REF14___ctor_private (in /home/guido/rustdom-selection-validation-cQnQbx/dist/rustdom.node)
==5339==    by 0x6B9F47D: call_init.part.0 (dl-init.c:70)
==5339==    by 0x6B9F567: call_init (dl-init.c:33)
==5339==    by 0x6B9F567: _dl_init (dl-init.c:117)
==5339==    by 0x78ADBB4: _dl_catch_exception (dl-error-skeleton.c:182)
==5339==    by 0x6BA6FF5: dl_open_worker (dl-open.c:808)
==5339==    by 0x6BA6FF5: dl_open_worker (dl-open.c:771)
==5339==    by 0x78ADB57: _dl_catch_exception (dl-error-skeleton.c:208)
==5339==    by 0x6BA734D: _dl_open (dl-open.c:883)
==5339==    by 0x77C95FB: dlopen_doit (dlopen.c:56)
==5339== 
==5339== 27 bytes in 1 blocks are possibly lost in loss record 323 of 425
==5339==    at 0x73E1899: malloc (in /mnt/c/Users/guido/ghq/projects/rustdom/.tools/valgrind/usr/libexec/valgrind/vgpreload_memcheck-amd64-linux.so)
==5339==    by 0x232478C2: _RNvXs0_NvMs_NtNtCs6i54tJFfzR_5alloc3ffi5c_strNtBa_7CString3newReNtB5_11SpecNewImpl13spec_new_impl (in /home/guido/rustdom-selection-validation-cQnQbx/dist/rustdom.node)
==5339==    by 0x231F177F: _RNvMs2_NtNtCs4QMHp0v7l6B_4napi9js_values15object_propertyNtB5_8Property14with_utf8_name (in /home/guido/rustdom-selection-validation-cQnQbx/dist/rustdom.node)
==5339==    by 0x2318A399: _RNvNvNtNtNtCs3Ir8cfnU9oH_7rustdom3dom4tree32___napi_impl_helper_NativeTree_1736___napi_register__NativeTree_impl_44320___ctor_private_inner (in /home/guido/rustdom-selection-validation-cQnQbx/dist/rustdom.node)
==5339==    by 0x231B5535: _RNvNvNvNvNtNtNtCs3Ir8cfnU9oH_7rustdom3dom4tree32___napi_impl_helper_NativeTree_1736___napi_register__NativeTree_impl_4431__18___CTOR_PRIVATE_REF14___ctor_private (in /home/guido/rustdom-selection-validation-cQnQbx/dist/rustdom.node)
==5339==    by 0x6B9F47D: call_init.part.0 (dl-init.c:70)
==5339==    by 0x6B9F567: call_init (dl-init.c:33)
==5339==    by 0x6B9F567: _dl_init (dl-init.c:117)
==5339==    by 0x78ADBB4: _dl_catch_exception (dl-error-skeleton.c:182)
==5339==    by 0x6BA6FF5: dl_open_worker (dl-open.c:808)
==5339==    by 0x6BA6FF5: dl_open_worker (dl-open.c:771)
==5339==    by 0x78ADB57: _dl_catch_exception (dl-error-skeleton.c:208)
==5339==    by 0x6BA734D: _dl_open (dl-open.c:883)
==5339==    by 0x77C95FB: dlopen_doit (dlopen.c:56)
==5339== 
==5339== 27 bytes in 1 blocks are possibly lost in loss record 324 of 425
==5339==    at 0x73E1899: malloc (in /mnt/c/Users/guido/ghq/projects/rustdom/.tools/valgrind/usr/libexec/valgrind/vgpreload_memcheck-amd64-linux.so)
==5339==    by 0x232478C2: _RNvXs0_NvMs_NtNtCs6i54tJFfzR_5alloc3ffi5c_strNtBa_7CString3newReNtB5_11SpecNewImpl13spec_new_impl (in /home/guido/rustdom-selection-validation-cQnQbx/dist/rustdom.node)
==5339==    by 0x231F177F: _RNvMs2_NtNtCs4QMHp0v7l6B_4napi9js_values15object_propertyNtB5_8Property14with_utf8_name (in /home/guido/rustdom-selection-validation-cQnQbx/dist/rustdom.node)
==5339==    by 0x2318C871: _RNvNvNtNtNtCs3Ir8cfnU9oH_7rustdom3dom4tree32___napi_impl_helper_NativeTree_1736___napi_register__NativeTree_impl_44320___ctor_private_inner (in /home/guido/rustdom-selection-validation-cQnQbx/dist/rustdom.node)
==5339==    by 0x231B5535: _RNvNvNvNvNtNtNtCs3Ir8cfnU9oH_7rustdom3dom4tree32___napi_impl_helper_NativeTree_1736___napi_register__NativeTree_impl_4431__18___CTOR_PRIVATE_REF14___ctor_private (in /home/guido/rustdom-selection-validation-cQnQbx/dist/rustdom.node)
==5339==    by 0x6B9F47D: call_init.part.0 (dl-init.c:70)
==5339==    by 0x6B9F567: call_init (dl-init.c:33)
==5339==    by 0x6B9F567: _dl_init (dl-init.c:117)
==5339==    by 0x78ADBB4: _dl_catch_exception (dl-error-skeleton.c:182)
==5339==    by 0x6BA6FF5: dl_open_worker (dl-open.c:808)
==5339==    by 0x6BA6FF5: dl_open_worker (dl-open.c:771)
==5339==    by 0x78ADB57: _dl_catch_exception (dl-error-skeleton.c:208)
==5339==    by 0x6BA734D: _dl_open (dl-open.c:883)
==5339==    by 0x77C95FB: dlopen_doit (dlopen.c:56)
==5339== 
==5339== 27 bytes in 1 blocks are possibly lost in loss record 325 of 425
==5339==    at 0x73E1899: malloc (in /mnt/c/Users/guido/ghq/projects/rustdom/.tools/valgrind/usr/libexec/valgrind/vgpreload_memcheck-amd64-linux.so)
==5339==    by 0x232478C2: _RNvXs0_NvMs_NtNtCs6i54tJFfzR_5alloc3ffi5c_strNtBa_7CString3newReNtB5_11SpecNewImpl13spec_new_impl (in /home/guido/rustdom-selection-validation-cQnQbx/dist/rustdom.node)
==5339==    by 0x231F177F: _RNvMs2_NtNtCs4QMHp0v7l6B_4napi9js_values15object_propertyNtB5_8Property14with_utf8_name (in /home/guido/rustdom-selection-validation-cQnQbx/dist/rustdom.node)
==5339==    by 0x2318CB83: _RNvNvNtNtNtCs3Ir8cfnU9oH_7rustdom3dom4tree32___napi_impl_helper_NativeTree_1736___napi_register__NativeTree_impl_44320___ctor_private_inner (in /home/guido/rustdom-selection-validation-cQnQbx/dist/rustdom.node)
==5339==    by 0x231B5535: _RNvNvNvNvNtNtNtCs3Ir8cfnU9oH_7rustdom3dom4tree32___napi_impl_helper_NativeTree_1736___napi_register__NativeTree_impl_4431__18___CTOR_PRIVATE_REF14___ctor_private (in /home/guido/rustdom-selection-validation-cQnQbx/dist/rustdom.node)
==5339==    by 0x6B9F47D: call_init.part.0 (dl-init.c:70)
==5339==    by 0x6B9F567: call_init (dl-init.c:33)
==5339==    by 0x6B9F567: _dl_init (dl-init.c:117)
==5339==    by 0x78ADBB4: _dl_catch_exception (dl-error-skeleton.c:182)
==5339==    by 0x6BA6FF5: dl_open_worker (dl-open.c:808)
==5339==    by 0x6BA6FF5: dl_open_worker (dl-open.c:771)
==5339==    by 0x78ADB57: _dl_catch_exception (dl-error-skeleton.c:208)
==5339==    by 0x6BA734D: _dl_open (dl-open.c:883)
==5339==    by 0x77C95FB: dlopen_doit (dlopen.c:56)
==5339== 
==5339== 27 bytes in 1 blocks are possibly lost in loss record 326 of 425
==5339==    at 0x73E1899: malloc (in /mnt/c/Users/guido/ghq/projects/rustdom/.tools/valgrind/usr/libexec/valgrind/vgpreload_memcheck-amd64-linux.so)
==5339==    by 0x232478C2: _RNvXs0_NvMs_NtNtCs6i54tJFfzR_5alloc3ffi5c_strNtBa_7CString3newReNtB5_11SpecNewImpl13spec_new_impl (in /home/guido/rustdom-selection-validation-cQnQbx/dist/rustdom.node)
==5339==    by 0x231F177F: _RNvMs2_NtNtCs4QMHp0v7l6B_4napi9js_values15object_propertyNtB5_8Property14with_utf8_name (in /home/guido/rustdom-selection-validation-cQnQbx/dist/rustdom.node)
==5339==    by 0x2318D3B3: _RNvNvNtNtNtCs3Ir8cfnU9oH_7rustdom3dom4tree32___napi_impl_helper_NativeTree_1736___napi_register__NativeTree_impl_44320___ctor_private_inner (in /home/guido/rustdom-selection-validation-cQnQbx/dist/rustdom.node)
==5339==    by 0x231B5535: _RNvNvNvNvNtNtNtCs3Ir8cfnU9oH_7rustdom3dom4tree32___napi_impl_helper_NativeTree_1736___napi_register__NativeTree_impl_4431__18___CTOR_PRIVATE_REF14___ctor_private (in /home/guido/rustdom-selection-validation-cQnQbx/dist/rustdom.node)
==5339==    by 0x6B9F47D: call_init.part.0 (dl-init.c:70)
==5339==    by 0x6B9F567: call_init (dl-init.c:33)
==5339==    by 0x6B9F567: _dl_init (dl-init.c:117)
==5339==    by 0x78ADBB4: _dl_catch_exception (dl-error-skeleton.c:182)
==5339==    by 0x6BA6FF5: dl_open_worker (dl-open.c:808)
==5339==    by 0x6BA6FF5: dl_open_worker (dl-open.c:771)
==5339==    by 0x78ADB57: _dl_catch_exception (dl-error-skeleton.c:208)
==5339==    by 0x6BA734D: _dl_open (dl-open.c:883)
==5339==    by 0x77C95FB: dlopen_doit (dlopen.c:56)
==5339== 
==5339== 28 bytes in 1 blocks are possibly lost in loss record 327 of 425
==5339==    at 0x73E1899: malloc (in /mnt/c/Users/guido/ghq/projects/rustdom/.tools/valgrind/usr/libexec/valgrind/vgpreload_memcheck-amd64-linux.so)
==5339==    by 0x232478C2: _RNvXs0_NvMs_NtNtCs6i54tJFfzR_5alloc3ffi5c_strNtBa_7CString3newReNtB5_11SpecNewImpl13spec_new_impl (in /home/guido/rustdom-selection-validation-cQnQbx/dist/rustdom.node)
==5339==    by 0x231F177F: _RNvMs2_NtNtCs4QMHp0v7l6B_4napi9js_values15object_propertyNtB5_8Property14with_utf8_name (in /home/guido/rustdom-selection-validation-cQnQbx/dist/rustdom.node)
==5339==    by 0x2318B917: _RNvNvNtNtNtCs3Ir8cfnU9oH_7rustdom3dom4tree32___napi_impl_helper_NativeTree_1736___napi_register__NativeTree_impl_44320___ctor_private_inner (in /home/guido/rustdom-selection-validation-cQnQbx/dist/rustdom.node)
==5339==    by 0x231B5535: _RNvNvNvNvNtNtNtCs3Ir8cfnU9oH_7rustdom3dom4tree32___napi_impl_helper_NativeTree_1736___napi_register__NativeTree_impl_4431__18___CTOR_PRIVATE_REF14___ctor_private (in /home/guido/rustdom-selection-validation-cQnQbx/dist/rustdom.node)
==5339==    by 0x6B9F47D: call_init.part.0 (dl-init.c:70)
==5339==    by 0x6B9F567: call_init (dl-init.c:33)
==5339==    by 0x6B9F567: _dl_init (dl-init.c:117)
==5339==    by 0x78ADBB4: _dl_catch_exception (dl-error-skeleton.c:182)
==5339==    by 0x6BA6FF5: dl_open_worker (dl-open.c:808)
==5339==    by 0x6BA6FF5: dl_open_worker (dl-open.c:771)
==5339==    by 0x78ADB57: _dl_catch_exception (dl-error-skeleton.c:208)
==5339==    by 0x6BA734D: _dl_open (dl-open.c:883)
==5339==    by 0x77C95FB: dlopen_doit (dlopen.c:56)
==5339== 
==5339== 28 bytes in 1 blocks are possibly lost in loss record 328 of 425
==5339==    at 0x73E1899: malloc (in /mnt/c/Users/guido/ghq/projects/rustdom/.tools/valgrind/usr/libexec/valgrind/vgpreload_memcheck-amd64-linux.so)
==5339==    by 0x232478C2: _RNvXs0_NvMs_NtNtCs6i54tJFfzR_5alloc3ffi5c_strNtBa_7CString3newReNtB5_11SpecNewImpl13spec_new_impl (in /home/guido/rustdom-selection-validation-cQnQbx/dist/rustdom.node)
==5339==    by 0x231F177F: _RNvMs2_NtNtCs4QMHp0v7l6B_4napi9js_values15object_propertyNtB5_8Property14with_utf8_name (in /home/guido/rustdom-selection-validation-cQnQbx/dist/rustdom.node)
==5339==    by 0x2318CE95: _RNvNvNtNtNtCs3Ir8cfnU9oH_7rustdom3dom4tree32___napi_impl_helper_NativeTree_1736___napi_register__NativeTree_impl_44320___ctor_private_inner (in /home/guido/rustdom-selection-validation-cQnQbx/dist/rustdom.node)
==5339==    by 0x231B5535: _RNvNvNvNvNtNtNtCs3Ir8cfnU9oH_7rustdom3dom4tree32___napi_impl_helper_NativeTree_1736___napi_register__NativeTree_impl_4431__18___CTOR_PRIVATE_REF14___ctor_private (in /home/guido/rustdom-selection-validation-cQnQbx/dist/rustdom.node)
==5339==    by 0x6B9F47D: call_init.part.0 (dl-init.c:70)
==5339==    by 0x6B9F567: call_init (dl-init.c:33)
==5339==    by 0x6B9F567: _dl_init (dl-init.c:117)
==5339==    by 0x78ADBB4: _dl_catch_exception (dl-error-skeleton.c:182)
==5339==    by 0x6BA6FF5: dl_open_worker (dl-open.c:808)
==5339==    by 0x6BA6FF5: dl_open_worker (dl-open.c:771)
==5339==    by 0x78ADB57: _dl_catch_exception (dl-error-skeleton.c:208)
==5339==    by 0x6BA734D: _dl_open (dl-open.c:883)
==5339==    by 0x77C95FB: dlopen_doit (dlopen.c:56)
==5339== 
==5339== 28 bytes in 1 blocks are possibly lost in loss record 329 of 425
==5339==    at 0x73E1899: malloc (in /mnt/c/Users/guido/ghq/projects/rustdom/.tools/valgrind/usr/libexec/valgrind/vgpreload_memcheck-amd64-linux.so)
==5339==    by 0x232478C2: _RNvXs0_NvMs_NtNtCs6i54tJFfzR_5alloc3ffi5c_strNtBa_7CString3newReNtB5_11SpecNewImpl13spec_new_impl (in /home/guido/rustdom-selection-validation-cQnQbx/dist/rustdom.node)
==5339==    by 0x231F177F: _RNvMs2_NtNtCs4QMHp0v7l6B_4napi9js_values15object_propertyNtB5_8Property14with_utf8_name (in /home/guido/rustdom-selection-validation-cQnQbx/dist/rustdom.node)
==5339==    by 0x2318DEF5: _RNvNvNtNtNtCs3Ir8cfnU9oH_7rustdom3dom4tree32___napi_impl_helper_NativeTree_1736___napi_register__NativeTree_impl_44320___ctor_private_inner (in /home/guido/rustdom-selection-validation-cQnQbx/dist/rustdom.node)
==5339==    by 0x231B5535: _RNvNvNvNvNtNtNtCs3Ir8cfnU9oH_7rustdom3dom4tree32___napi_impl_helper_NativeTree_1736___napi_register__NativeTree_impl_4431__18___CTOR_PRIVATE_REF14___ctor_private (in /home/guido/rustdom-selection-validation-cQnQbx/dist/rustdom.node)
==5339==    by 0x6B9F47D: call_init.part.0 (dl-init.c:70)
==5339==    by 0x6B9F567: call_init (dl-init.c:33)
==5339==    by 0x6B9F567: _dl_init (dl-init.c:117)
==5339==    by 0x78ADBB4: _dl_catch_exception (dl-error-skeleton.c:182)
==5339==    by 0x6BA6FF5: dl_open_worker (dl-open.c:808)
==5339==    by 0x6BA6FF5: dl_open_worker (dl-open.c:771)
==5339==    by 0x78ADB57: _dl_catch_exception (dl-error-skeleton.c:208)
==5339==    by 0x6BA734D: _dl_open (dl-open.c:883)
==5339==    by 0x77C95FB: dlopen_doit (dlopen.c:56)
==5339== 
==5339== 29 bytes in 1 blocks are possibly lost in loss record 330 of 425
==5339==    at 0x73E1899: malloc (in /mnt/c/Users/guido/ghq/projects/rustdom/.tools/valgrind/usr/libexec/valgrind/vgpreload_memcheck-amd64-linux.so)
==5339==    by 0x232478C2: _RNvXs0_NvMs_NtNtCs6i54tJFfzR_5alloc3ffi5c_strNtBa_7CString3newReNtB5_11SpecNewImpl13spec_new_impl (in /home/guido/rustdom-selection-validation-cQnQbx/dist/rustdom.node)
==5339==    by 0x231F177F: _RNvMs2_NtNtCs4QMHp0v7l6B_4napi9js_values15object_propertyNtB5_8Property14with_utf8_name (in /home/guido/rustdom-selection-validation-cQnQbx/dist/rustdom.node)
==5339==    by 0x2318C041: _RNvNvNtNtNtCs3Ir8cfnU9oH_7rustdom3dom4tree32___napi_impl_helper_NativeTree_1736___napi_register__NativeTree_impl_44320___ctor_private_inner (in /home/guido/rustdom-selection-validation-cQnQbx/dist/rustdom.node)
==5339==    by 0x231B5535: _RNvNvNvNvNtNtNtCs3Ir8cfnU9oH_7rustdom3dom4tree32___napi_impl_helper_NativeTree_1736___napi_register__NativeTree_impl_4431__18___CTOR_PRIVATE_REF14___ctor_private (in /home/guido/rustdom-selection-validation-cQnQbx/dist/rustdom.node)
==5339==    by 0x6B9F47D: call_init.part.0 (dl-init.c:70)
==5339==    by 0x6B9F567: call_init (dl-init.c:33)
==5339==    by 0x6B9F567: _dl_init (dl-init.c:117)
==5339==    by 0x78ADBB4: _dl_catch_exception (dl-error-skeleton.c:182)
==5339==    by 0x6BA6FF5: dl_open_worker (dl-open.c:808)
==5339==    by 0x6BA6FF5: dl_open_worker (dl-open.c:771)
==5339==    by 0x78ADB57: _dl_catch_exception (dl-error-skeleton.c:208)
==5339==    by 0x6BA734D: _dl_open (dl-open.c:883)
==5339==    by 0x77C95FB: dlopen_doit (dlopen.c:56)
==5339== 
==5339== 29 bytes in 1 blocks are possibly lost in loss record 331 of 425
==5339==    at 0x73E1899: malloc (in /mnt/c/Users/guido/ghq/projects/rustdom/.tools/valgrind/usr/libexec/valgrind/vgpreload_memcheck-amd64-linux.so)
==5339==    by 0x232478C2: _RNvXs0_NvMs_NtNtCs6i54tJFfzR_5alloc3ffi5c_strNtBa_7CString3newReNtB5_11SpecNewImpl13spec_new_impl (in /home/guido/rustdom-selection-validation-cQnQbx/dist/rustdom.node)
==5339==    by 0x231F177F: _RNvMs2_NtNtCs4QMHp0v7l6B_4napi9js_values15object_propertyNtB5_8Property14with_utf8_name (in /home/guido/rustdom-selection-validation-cQnQbx/dist/rustdom.node)
==5339==    by 0x2318DCE9: _RNvNvNtNtNtCs3Ir8cfnU9oH_7rustdom3dom4tree32___napi_impl_helper_NativeTree_1736___napi_register__NativeTree_impl_44320___ctor_private_inner (in /home/guido/rustdom-selection-validation-cQnQbx/dist/rustdom.node)
==5339==    by 0x231B5535: _RNvNvNvNvNtNtNtCs3Ir8cfnU9oH_7rustdom3dom4tree32___napi_impl_helper_NativeTree_1736___napi_register__NativeTree_impl_4431__18___CTOR_PRIVATE_REF14___ctor_private (in /home/guido/rustdom-selection-validation-cQnQbx/dist/rustdom.node)
==5339==    by 0x6B9F47D: call_init.part.0 (dl-init.c:70)
==5339==    by 0x6B9F567: call_init (dl-init.c:33)
==5339==    by 0x6B9F567: _dl_init (dl-init.c:117)
==5339==    by 0x78ADBB4: _dl_catch_exception (dl-error-skeleton.c:182)
==5339==    by 0x6BA6FF5: dl_open_worker (dl-open.c:808)
==5339==    by 0x6BA6FF5: dl_open_worker (dl-open.c:771)
==5339==    by 0x78ADB57: _dl_catch_exception (dl-error-skeleton.c:208)
==5339==    by 0x6BA734D: _dl_open (dl-open.c:883)
==5339==    by 0x77C95FB: dlopen_doit (dlopen.c:56)
==5339== 
==5339== 29 bytes in 1 blocks are possibly lost in loss record 332 of 425
==5339==    at 0x73E1899: malloc (in /mnt/c/Users/guido/ghq/projects/rustdom/.tools/valgrind/usr/libexec/valgrind/vgpreload_memcheck-amd64-linux.so)
==5339==    by 0x232478C2: _RNvXs0_NvMs_NtNtCs6i54tJFfzR_5alloc3ffi5c_strNtBa_7CString3newReNtB5_11SpecNewImpl13spec_new_impl (in /home/guido/rustdom-selection-validation-cQnQbx/dist/rustdom.node)
==5339==    by 0x231F177F: _RNvMs2_NtNtCs4QMHp0v7l6B_4napi9js_values15object_propertyNtB5_8Property14with_utf8_name (in /home/guido/rustdom-selection-validation-cQnQbx/dist/rustdom.node)
==5339==    by 0x2318F785: _RNvNvNtNtNtCs3Ir8cfnU9oH_7rustdom3dom4tree32___napi_impl_helper_NativeTree_1736___napi_register__NativeTree_impl_44320___ctor_private_inner (in /home/guido/rustdom-selection-validation-cQnQbx/dist/rustdom.node)
==5339==    by 0x231B5535: _RNvNvNvNvNtNtNtCs3Ir8cfnU9oH_7rustdom3dom4tree32___napi_impl_helper_NativeTree_1736___napi_register__NativeTree_impl_4431__18___CTOR_PRIVATE_REF14___ctor_private (in /home/guido/rustdom-selection-validation-cQnQbx/dist/rustdom.node)
==5339==    by 0x6B9F47D: call_init.part.0 (dl-init.c:70)
==5339==    by 0x6B9F567: call_init (dl-init.c:33)
==5339==    by 0x6B9F567: _dl_init (dl-init.c:117)
==5339==    by 0x78ADBB4: _dl_catch_exception (dl-error-skeleton.c:182)
==5339==    by 0x6BA6FF5: dl_open_worker (dl-open.c:808)
==5339==    by 0x6BA6FF5: dl_open_worker (dl-open.c:771)
==5339==    by 0x78ADB57: _dl_catch_exception (dl-error-skeleton.c:208)
==5339==    by 0x6BA734D: _dl_open (dl-open.c:883)
==5339==    by 0x77C95FB: dlopen_doit (dlopen.c:56)
==5339== 
==5339== 30 bytes in 1 blocks are possibly lost in loss record 333 of 425
==5339==    at 0x73E1899: malloc (in /mnt/c/Users/guido/ghq/projects/rustdom/.tools/valgrind/usr/libexec/valgrind/vgpreload_memcheck-amd64-linux.so)
==5339==    by 0x232478C2: _RNvXs0_NvMs_NtNtCs6i54tJFfzR_5alloc3ffi5c_strNtBa_7CString3newReNtB5_11SpecNewImpl13spec_new_impl (in /home/guido/rustdom-selection-validation-cQnQbx/dist/rustdom.node)
==5339==    by 0x231F177F: _RNvMs2_NtNtCs4QMHp0v7l6B_4napi9js_values15object_propertyNtB5_8Property14with_utf8_name (in /home/guido/rustdom-selection-validation-cQnQbx/dist/rustdom.node)
==5339==    by 0x23189C5E: _RNvNvNtNtNtCs3Ir8cfnU9oH_7rustdom3dom4tree32___napi_impl_helper_NativeTree_1736___napi_register__NativeTree_impl_44320___ctor_private_inner (in /home/guido/rustdom-selection-validation-cQnQbx/dist/rustdom.node)
==5339==    by 0x231B5535: _RNvNvNvNvNtNtNtCs3Ir8cfnU9oH_7rustdom3dom4tree32___napi_impl_helper_NativeTree_1736___napi_register__NativeTree_impl_4431__18___CTOR_PRIVATE_REF14___ctor_private (in /home/guido/rustdom-selection-validation-cQnQbx/dist/rustdom.node)
==5339==    by 0x6B9F47D: call_init.part.0 (dl-init.c:70)
==5339==    by 0x6B9F567: call_init (dl-init.c:33)
==5339==    by 0x6B9F567: _dl_init (dl-init.c:117)
==5339==    by 0x78ADBB4: _dl_catch_exception (dl-error-skeleton.c:182)
==5339==    by 0x6BA6FF5: dl_open_worker (dl-open.c:808)
==5339==    by 0x6BA6FF5: dl_open_worker (dl-open.c:771)
==5339==    by 0x78ADB57: _dl_catch_exception (dl-error-skeleton.c:208)
==5339==    by 0x6BA734D: _dl_open (dl-open.c:883)
==5339==    by 0x77C95FB: dlopen_doit (dlopen.c:56)
==5339== 
==5339== 30 bytes in 1 blocks are possibly lost in loss record 334 of 425
==5339==    at 0x73E1899: malloc (in /mnt/c/Users/guido/ghq/projects/rustdom/.tools/valgrind/usr/libexec/valgrind/vgpreload_memcheck-amd64-linux.so)
==5339==    by 0x232478C2: _RNvXs0_NvMs_NtNtCs6i54tJFfzR_5alloc3ffi5c_strNtBa_7CString3newReNtB5_11SpecNewImpl13spec_new_impl (in /home/guido/rustdom-selection-validation-cQnQbx/dist/rustdom.node)
==5339==    by 0x231F177F: _RNvMs2_NtNtCs4QMHp0v7l6B_4napi9js_values15object_propertyNtB5_8Property14with_utf8_name (in /home/guido/rustdom-selection-validation-cQnQbx/dist/rustdom.node)
==5339==    by 0x2318B1ED: _RNvNvNtNtNtCs3Ir8cfnU9oH_7rustdom3dom4tree32___napi_impl_helper_NativeTree_1736___napi_register__NativeTree_impl_44320___ctor_private_inner (in /home/guido/rustdom-selection-validation-cQnQbx/dist/rustdom.node)
==5339==    by 0x231B5535: _RNvNvNvNvNtNtNtCs3Ir8cfnU9oH_7rustdom3dom4tree32___napi_impl_helper_NativeTree_1736___napi_register__NativeTree_impl_4431__18___CTOR_PRIVATE_REF14___ctor_private (in /home/guido/rustdom-selection-validation-cQnQbx/dist/rustdom.node)
==5339==    by 0x6B9F47D: call_init.part.0 (dl-init.c:70)
==5339==    by 0x6B9F567: call_init (dl-init.c:33)
==5339==    by 0x6B9F567: _dl_init (dl-init.c:117)
==5339==    by 0x78ADBB4: _dl_catch_exception (dl-error-skeleton.c:182)
==5339==    by 0x6BA6FF5: dl_open_worker (dl-open.c:808)
==5339==    by 0x6BA6FF5: dl_open_worker (dl-open.c:771)
==5339==    by 0x78ADB57: _dl_catch_exception (dl-error-skeleton.c:208)
==5339==    by 0x6BA734D: _dl_open (dl-open.c:883)
==5339==    by 0x77C95FB: dlopen_doit (dlopen.c:56)
==5339== 
==5339== 30 bytes in 1 blocks are possibly lost in loss record 335 of 425
==5339==    at 0x73E1899: malloc (in /mnt/c/Users/guido/ghq/projects/rustdom/.tools/valgrind/usr/libexec/valgrind/vgpreload_memcheck-amd64-linux.so)
==5339==    by 0x232478C2: _RNvXs0_NvMs_NtNtCs6i54tJFfzR_5alloc3ffi5c_strNtBa_7CString3newReNtB5_11SpecNewImpl13spec_new_impl (in /home/guido/rustdom-selection-validation-cQnQbx/dist/rustdom.node)
==5339==    by 0x231F177F: _RNvMs2_NtNtCs4QMHp0v7l6B_4napi9js_values15object_propertyNtB5_8Property14with_utf8_name (in /home/guido/rustdom-selection-validation-cQnQbx/dist/rustdom.node)
==5339==    by 0x231907E5: _RNvNvNtNtNtCs3Ir8cfnU9oH_7rustdom3dom4tree32___napi_impl_helper_NativeTree_1736___napi_register__NativeTree_impl_44320___ctor_private_inner (in /home/guido/rustdom-selection-validation-cQnQbx/dist/rustdom.node)
==5339==    by 0x231B5535: _RNvNvNvNvNtNtNtCs3Ir8cfnU9oH_7rustdom3dom4tree32___napi_impl_helper_NativeTree_1736___napi_register__NativeTree_impl_4431__18___CTOR_PRIVATE_REF14___ctor_private (in /home/guido/rustdom-selection-validation-cQnQbx/dist/rustdom.node)
==5339==    by 0x6B9F47D: call_init.part.0 (dl-init.c:70)
==5339==    by 0x6B9F567: call_init (dl-init.c:33)
==5339==    by 0x6B9F567: _dl_init (dl-init.c:117)
==5339==    by 0x78ADBB4: _dl_catch_exception (dl-error-skeleton.c:182)
==5339==    by 0x6BA6FF5: dl_open_worker (dl-open.c:808)
==5339==    by 0x6BA6FF5: dl_open_worker (dl-open.c:771)
==5339==    by 0x78ADB57: _dl_catch_exception (dl-error-skeleton.c:208)
==5339==    by 0x6BA734D: _dl_open (dl-open.c:883)
==5339==    by 0x77C95FB: dlopen_doit (dlopen.c:56)
==5339== 
==5339== 31 bytes in 1 blocks are possibly lost in loss record 336 of 425
==5339==    at 0x73E1899: malloc (in /mnt/c/Users/guido/ghq/projects/rustdom/.tools/valgrind/usr/libexec/valgrind/vgpreload_memcheck-amd64-linux.so)
==5339==    by 0x232478C2: _RNvXs0_NvMs_NtNtCs6i54tJFfzR_5alloc3ffi5c_strNtBa_7CString3newReNtB5_11SpecNewImpl13spec_new_impl (in /home/guido/rustdom-selection-validation-cQnQbx/dist/rustdom.node)
==5339==    by 0x231F177F: _RNvMs2_NtNtCs4QMHp0v7l6B_4napi9js_values15object_propertyNtB5_8Property14with_utf8_name (in /home/guido/rustdom-selection-validation-cQnQbx/dist/rustdom.node)
==5339==    by 0x2318C76B: _RNvNvNtNtNtCs3Ir8cfnU9oH_7rustdom3dom4tree32___napi_impl_helper_NativeTree_1736___napi_register__NativeTree_impl_44320___ctor_private_inner (in /home/guido/rustdom-selection-validation-cQnQbx/dist/rustdom.node)
==5339==    by 0x231B5535: _RNvNvNvNvNtNtNtCs3Ir8cfnU9oH_7rustdom3dom4tree32___napi_impl_helper_NativeTree_1736___napi_register__NativeTree_impl_4431__18___CTOR_PRIVATE_REF14___ctor_private (in /home/guido/rustdom-selection-validation-cQnQbx/dist/rustdom.node)
==5339==    by 0x6B9F47D: call_init.part.0 (dl-init.c:70)
==5339==    by 0x6B9F567: call_init (dl-init.c:33)
==5339==    by 0x6B9F567: _dl_init (dl-init.c:117)
==5339==    by 0x78ADBB4: _dl_catch_exception (dl-error-skeleton.c:182)
==5339==    by 0x6BA6FF5: dl_open_worker (dl-open.c:808)
==5339==    by 0x6BA6FF5: dl_open_worker (dl-open.c:771)
==5339==    by 0x78ADB57: _dl_catch_exception (dl-error-skeleton.c:208)
==5339==    by 0x6BA734D: _dl_open (dl-open.c:883)
==5339==    by 0x77C95FB: dlopen_doit (dlopen.c:56)
==5339== 
==5339== 32 bytes in 1 blocks are still reachable in loss record 337 of 425
==5339==    at 0x73E2013: operator new(unsigned long) (in /mnt/c/Users/guido/ghq/projects/rustdom/.tools/valgrind/usr/libexec/valgrind/vgpreload_memcheck-amd64-linux.so)
==5339==    by 0x9D5D58: node::PerIsolatePlatformData::FlushForegroundTasksInternal() (in /mnt/c/Users/guido/AppData/Local/Temp/rustdom-pr54-abort-retention-e991d78927094e13876cb3cd1a13dacf/.tools/node-v24.20.0-linux-x64/bin/node)
==5339==    by 0x19FBA52: uv__async_io (async.c:208)
==5339==    by 0x1A12859: uv__io_poll (linux.c:1546)
==5339==    by 0x19FCC86: uv_run (core.c:460)
==5339==    by 0x803734: node::SpinEventLoopInternal(node::Environment*) (in /mnt/c/Users/guido/AppData/Local/Temp/rustdom-pr54-abort-retention-e991d78927094e13876cb3cd1a13dacf/.tools/node-v24.20.0-linux-x64/bin/node)
==5339==    by 0x989FC9: node::NodeMainInstance::Run() (in /mnt/c/Users/guido/AppData/Local/Temp/rustdom-pr54-abort-retention-e991d78927094e13876cb3cd1a13dacf/.tools/node-v24.20.0-linux-x64/bin/node)
==5339==    by 0x8C71A4: node::Start(int, char**) (in /mnt/c/Users/guido/AppData/Local/Temp/rustdom-pr54-abort-retention-e991d78927094e13876cb3cd1a13dacf/.tools/node-v24.20.0-linux-x64/bin/node)
==5339==    by 0x7762D8F: (below main) (libc_start_call_main.h:58)
==5339== 
==5339== 33 bytes in 1 blocks are possibly lost in loss record 338 of 425
==5339==    at 0x73E1899: malloc (in /mnt/c/Users/guido/ghq/projects/rustdom/.tools/valgrind/usr/libexec/valgrind/vgpreload_memcheck-amd64-linux.so)
==5339==    by 0x232478C2: _RNvXs0_NvMs_NtNtCs6i54tJFfzR_5alloc3ffi5c_strNtBa_7CString3newReNtB5_11SpecNewImpl13spec_new_impl (in /home/guido/rustdom-selection-validation-cQnQbx/dist/rustdom.node)
==5339==    by 0x231F177F: _RNvMs2_NtNtCs4QMHp0v7l6B_4napi9js_values15object_propertyNtB5_8Property14with_utf8_name (in /home/guido/rustdom-selection-validation-cQnQbx/dist/rustdom.node)
==5339==    by 0x2318E931: _RNvNvNtNtNtCs3Ir8cfnU9oH_7rustdom3dom4tree32___napi_impl_helper_NativeTree_1736___napi_register__NativeTree_impl_44320___ctor_private_inner (in /home/guido/rustdom-selection-validation-cQnQbx/dist/rustdom.node)
==5339==    by 0x231B5535: _RNvNvNvNvNtNtNtCs3Ir8cfnU9oH_7rustdom3dom4tree32___napi_impl_helper_NativeTree_1736___napi_register__NativeTree_impl_4431__18___CTOR_PRIVATE_REF14___ctor_private (in /home/guido/rustdom-selection-validation-cQnQbx/dist/rustdom.node)
==5339==    by 0x6B9F47D: call_init.part.0 (dl-init.c:70)
==5339==    by 0x6B9F567: call_init (dl-init.c:33)
==5339==    by 0x6B9F567: _dl_init (dl-init.c:117)
==5339==    by 0x78ADBB4: _dl_catch_exception (dl-error-skeleton.c:182)
==5339==    by 0x6BA6FF5: dl_open_worker (dl-open.c:808)
==5339==    by 0x6BA6FF5: dl_open_worker (dl-open.c:771)
==5339==    by 0x78ADB57: _dl_catch_exception (dl-error-skeleton.c:208)
==5339==    by 0x6BA734D: _dl_open (dl-open.c:883)
==5339==    by 0x77C95FB: dlopen_doit (dlopen.c:56)
==5339== 
==5339== 34 bytes in 1 blocks are possibly lost in loss record 339 of 425
==5339==    at 0x73E1899: malloc (in /mnt/c/Users/guido/ghq/projects/rustdom/.tools/valgrind/usr/libexec/valgrind/vgpreload_memcheck-amd64-linux.so)
==5339==    by 0x232478C2: _RNvXs0_NvMs_NtNtCs6i54tJFfzR_5alloc3ffi5c_strNtBa_7CString3newReNtB5_11SpecNewImpl13spec_new_impl (in /home/guido/rustdom-selection-validation-cQnQbx/dist/rustdom.node)
==5339==    by 0x231F177F: _RNvMs2_NtNtCs4QMHp0v7l6B_4napi9js_values15object_propertyNtB5_8Property14with_utf8_name (in /home/guido/rustdom-selection-validation-cQnQbx/dist/rustdom.node)
==5339==    by 0x23189740: _RNvNvNtNtNtCs3Ir8cfnU9oH_7rustdom3dom4tree32___napi_impl_helper_NativeTree_1736___napi_register__NativeTree_impl_44320___ctor_private_inner (in /home/guido/rustdom-selection-validation-cQnQbx/dist/rustdom.node)
==5339==    by 0x231B5535: _RNvNvNvNvNtNtNtCs3Ir8cfnU9oH_7rustdom3dom4tree32___napi_impl_helper_NativeTree_1736___napi_register__NativeTree_impl_4431__18___CTOR_PRIVATE_REF14___ctor_private (in /home/guido/rustdom-selection-validation-cQnQbx/dist/rustdom.node)
==5339==    by 0x6B9F47D: call_init.part.0 (dl-init.c:70)
==5339==    by 0x6B9F567: call_init (dl-init.c:33)
==5339==    by 0x6B9F567: _dl_init (dl-init.c:117)
==5339==    by 0x78ADBB4: _dl_catch_exception (dl-error-skeleton.c:182)
==5339==    by 0x6BA6FF5: dl_open_worker (dl-open.c:808)
==5339==    by 0x6BA6FF5: dl_open_worker (dl-open.c:771)
==5339==    by 0x78ADB57: _dl_catch_exception (dl-error-skeleton.c:208)
==5339==    by 0x6BA734D: _dl_open (dl-open.c:883)
==5339==    by 0x77C95FB: dlopen_doit (dlopen.c:56)
==5339== 
==5339== 38 bytes in 1 blocks are possibly lost in loss record 340 of 425
==5339==    at 0x73E1899: malloc (in /mnt/c/Users/guido/ghq/projects/rustdom/.tools/valgrind/usr/libexec/valgrind/vgpreload_memcheck-amd64-linux.so)
==5339==    by 0x232478C2: _RNvXs0_NvMs_NtNtCs6i54tJFfzR_5alloc3ffi5c_strNtBa_7CString3newReNtB5_11SpecNewImpl13spec_new_impl (in /home/guido/rustdom-selection-validation-cQnQbx/dist/rustdom.node)
==5339==    by 0x231F177F: _RNvMs2_NtNtCs4QMHp0v7l6B_4napi9js_values15object_propertyNtB5_8Property14with_utf8_name (in /home/guido/rustdom-selection-validation-cQnQbx/dist/rustdom.node)
==5339==    by 0x2318B605: _RNvNvNtNtNtCs3Ir8cfnU9oH_7rustdom3dom4tree32___napi_impl_helper_NativeTree_1736___napi_register__NativeTree_impl_44320___ctor_private_inner (in /home/guido/rustdom-selection-validation-cQnQbx/dist/rustdom.node)
==5339==    by 0x231B5535: _RNvNvNvNvNtNtNtCs3Ir8cfnU9oH_7rustdom3dom4tree32___napi_impl_helper_NativeTree_1736___napi_register__NativeTree_impl_4431__18___CTOR_PRIVATE_REF14___ctor_private (in /home/guido/rustdom-selection-validation-cQnQbx/dist/rustdom.node)
==5339==    by 0x6B9F47D: call_init.part.0 (dl-init.c:70)
==5339==    by 0x6B9F567: call_init (dl-init.c:33)
==5339==    by 0x6B9F567: _dl_init (dl-init.c:117)
==5339==    by 0x78ADBB4: _dl_catch_exception (dl-error-skeleton.c:182)
==5339==    by 0x6BA6FF5: dl_open_worker (dl-open.c:808)
==5339==    by 0x6BA6FF5: dl_open_worker (dl-open.c:771)
==5339==    by 0x78ADB57: _dl_catch_exception (dl-error-skeleton.c:208)
==5339==    by 0x6BA734D: _dl_open (dl-open.c:883)
==5339==    by 0x77C95FB: dlopen_doit (dlopen.c:56)
==5339== 
==5339== 40 bytes in 1 blocks are still reachable in loss record 341 of 425
==5339==    at 0x73E1899: malloc (in /mnt/c/Users/guido/ghq/projects/rustdom/.tools/valgrind/usr/libexec/valgrind/vgpreload_memcheck-amd64-linux.so)
==5339==    by 0x26A0509: icu_78::locale_set_default_internal(char const*, UErrorCode&) (in /mnt/c/Users/guido/AppData/Local/Temp/rustdom-pr54-abort-retention-e991d78927094e13876cb3cd1a13dacf/.tools/node-v24.20.0-linux-x64/bin/node)
==5339==    by 0x26A08DE: icu_78::Locale::Locale() (in /mnt/c/Users/guido/AppData/Local/Temp/rustdom-pr54-abort-retention-e991d78927094e13876cb3cd1a13dacf/.tools/node-v24.20.0-linux-x64/bin/node)
==5339==    by 0xE43862: v8::internal::Isolate::DefaultLocale[abi:cxx11]() (in /mnt/c/Users/guido/AppData/Local/Temp/rustdom-pr54-abort-retention-e991d78927094e13876cb3cd1a13dacf/.tools/node-v24.20.0-linux-x64/bin/node)
==5339==    by 0xE43D73: v8::internal::LocalIsolate::LocalIsolate(v8::internal::Isolate*, v8::internal::ThreadKind) (in /mnt/c/Users/guido/AppData/Local/Temp/rustdom-pr54-abort-retention-e991d78927094e13876cb3cd1a13dacf/.tools/node-v24.20.0-linux-x64/bin/node)
==5339==    by 0xE41537: v8::internal::Isolate::Init(v8::internal::SnapshotData*, v8::internal::SnapshotData*, v8::internal::SnapshotData*, bool) (in /mnt/c/Users/guido/AppData/Local/Temp/rustdom-pr54-abort-retention-e991d78927094e13876cb3cd1a13dacf/.tools/node-v24.20.0-linux-x64/bin/node)
==5339==    by 0x141DAD2: v8::internal::Snapshot::Initialize(v8::internal::Isolate*) (in /mnt/c/Users/guido/AppData/Local/Temp/rustdom-pr54-abort-retention-e991d78927094e13876cb3cd1a13dacf/.tools/node-v24.20.0-linux-x64/bin/node)
==5339==    by 0xC8ABD5: v8::Isolate::Initialize(v8::Isolate*, v8::Isolate::CreateParams const&) (in /mnt/c/Users/guido/AppData/Local/Temp/rustdom-pr54-abort-retention-e991d78927094e13876cb3cd1a13dacf/.tools/node-v24.20.0-linux-x64/bin/node)
==5339==    by 0x807B3F: node::NewIsolate(v8::Isolate::CreateParams*, uv_loop_s*, node::MultiIsolatePlatform*, node::SnapshotData const*, node::IsolateSettings const&) (in /mnt/c/Users/guido/AppData/Local/Temp/rustdom-pr54-abort-retention-e991d78927094e13876cb3cd1a13dacf/.tools/node-v24.20.0-linux-x64/bin/node)
==5339==    by 0x989AB8: node::NodeMainInstance::NodeMainInstance(node::SnapshotData const*, uv_loop_s*, node::MultiIsolatePlatform*, std::vector<std::__cxx11::basic_string<char, std::char_traits<char>, std::allocator<char> >, std::allocator<std::__cxx11::basic_string<char, std::char_traits<char>, std::allocator<char> > > > const&, std::vector<std::__cxx11::basic_string<char, std::char_traits<char>, std::allocator<char> >, std::allocator<std::__cxx11::basic_string<char, std::char_traits<char>, std::allocator<char> > > > const&) (in /mnt/c/Users/guido/AppData/Local/Temp/rustdom-pr54-abort-retention-e991d78927094e13876cb3cd1a13dacf/.tools/node-v24.20.0-linux-x64/bin/node)
==5339==    by 0x8C7198: node::Start(int, char**) (in /mnt/c/Users/guido/AppData/Local/Temp/rustdom-pr54-abort-retention-e991d78927094e13876cb3cd1a13dacf/.tools/node-v24.20.0-linux-x64/bin/node)
==5339==    by 0x7762D8F: (below main) (libc_start_call_main.h:58)
==5339== 
==5339== 48 bytes in 1 blocks are still reachable in loss record 342 of 425
==5339==    at 0x73E2013: operator new(unsigned long) (in /mnt/c/Users/guido/ghq/projects/rustdom/.tools/valgrind/usr/libexec/valgrind/vgpreload_memcheck-amd64-linux.so)
==5339==    by 0xD5A789: v8::internal::ThreadIsolation::Initialize(v8::ThreadIsolatedAllocator*) (in /mnt/c/Users/guido/AppData/Local/Temp/rustdom-pr54-abort-retention-e991d78927094e13876cb3cd1a13dacf/.tools/node-v24.20.0-linux-x64/bin/node)
==5339==    by 0x102CF76: v8::internal::V8::Initialize() (in /mnt/c/Users/guido/AppData/Local/Temp/rustdom-pr54-abort-retention-e991d78927094e13876cb3cd1a13dacf/.tools/node-v24.20.0-linux-x64/bin/node)
==5339==    by 0xC79C7D: v8::V8::Initialize(int) (in /mnt/c/Users/guido/AppData/Local/Temp/rustdom-pr54-abort-retention-e991d78927094e13876cb3cd1a13dacf/.tools/node-v24.20.0-linux-x64/bin/node)
==5339==    by 0x8C6C57: node::InitializeOncePerProcessInternal(std::vector<std::__cxx11::basic_string<char, std::char_traits<char>, std::allocator<char> >, std::allocator<std::__cxx11::basic_string<char, std::char_traits<char>, std::allocator<char> > > > const&, node::ProcessInitializationFlags::Flags) (in /mnt/c/Users/guido/AppData/Local/Temp/rustdom-pr54-abort-retention-e991d78927094e13876cb3cd1a13dacf/.tools/node-v24.20.0-linux-x64/bin/node)
==5339==    by 0x8C6F7B: node::Start(int, char**) (in /mnt/c/Users/guido/AppData/Local/Temp/rustdom-pr54-abort-retention-e991d78927094e13876cb3cd1a13dacf/.tools/node-v24.20.0-linux-x64/bin/node)
==5339==    by 0x7762D8F: (below main) (libc_start_call_main.h:58)
==5339== 
==5339== 48 bytes in 1 blocks are still reachable in loss record 343 of 425
==5339==    at 0x73E2013: operator new(unsigned long) (in /mnt/c/Users/guido/ghq/projects/rustdom/.tools/valgrind/usr/libexec/valgrind/vgpreload_memcheck-amd64-linux.so)
==5339==    by 0xF80253: v8::internal::MemoryReducer::ScheduleTimer(double) (in /mnt/c/Users/guido/AppData/Local/Temp/rustdom-pr54-abort-retention-e991d78927094e13876cb3cd1a13dacf/.tools/node-v24.20.0-linux-x64/bin/node)
==5339==    by 0xF80369: v8::internal::MemoryReducer::NotifyTimer(v8::internal::MemoryReducer::Event const&) (in /mnt/c/Users/guido/AppData/Local/Temp/rustdom-pr54-abort-retention-e991d78927094e13876cb3cd1a13dacf/.tools/node-v24.20.0-linux-x64/bin/node)
==5339==    by 0xF8065D: v8::internal::MemoryReducer::TimerTask::RunInternal() (in /mnt/c/Users/guido/AppData/Local/Temp/rustdom-pr54-abort-retention-e991d78927094e13876cb3cd1a13dacf/.tools/node-v24.20.0-linux-x64/bin/node)
==5339==    by 0x9D3173: node::PerIsolatePlatformData::RunForegroundTask(std::unique_ptr<v8::Task, std::default_delete<v8::Task> >) [clone .part.0] (in /mnt/c/Users/guido/AppData/Local/Temp/rustdom-pr54-abort-retention-e991d78927094e13876cb3cd1a13dacf/.tools/node-v24.20.0-linux-x64/bin/node)
==5339==    by 0x9D4A0F: node::PerIsolatePlatformData::RunForegroundTask(uv_timer_s*) (in /mnt/c/Users/guido/AppData/Local/Temp/rustdom-pr54-abort-retention-e991d78927094e13876cb3cd1a13dacf/.tools/node-v24.20.0-linux-x64/bin/node)
==5339==    by 0x19F87B3: uv__run_timers (timer.c:192)
==5339==    by 0x19FCF59: uv_run (core.c:478)
==5339==    by 0x803734: node::SpinEventLoopInternal(node::Environment*) (in /mnt/c/Users/guido/AppData/Local/Temp/rustdom-pr54-abort-retention-e991d78927094e13876cb3cd1a13dacf/.tools/node-v24.20.0-linux-x64/bin/node)
==5339==    by 0x989FC9: node::NodeMainInstance::Run() (in /mnt/c/Users/guido/AppData/Local/Temp/rustdom-pr54-abort-retention-e991d78927094e13876cb3cd1a13dacf/.tools/node-v24.20.0-linux-x64/bin/node)
==5339==    by 0x8C71A4: node::Start(int, char**) (in /mnt/c/Users/guido/AppData/Local/Temp/rustdom-pr54-abort-retention-e991d78927094e13876cb3cd1a13dacf/.tools/node-v24.20.0-linux-x64/bin/node)
==5339==    by 0x7762D8F: (below main) (libc_start_call_main.h:58)
==5339== 
==5339== 56 bytes in 1 blocks are still reachable in loss record 344 of 425
==5339==    at 0x73E1899: malloc (in /mnt/c/Users/guido/ghq/projects/rustdom/.tools/valgrind/usr/libexec/valgrind/vgpreload_memcheck-amd64-linux.so)
==5339==    by 0x26A912B: UDataMemory_createNewInstance_78 (in /mnt/c/Users/guido/AppData/Local/Temp/rustdom-pr54-abort-retention-e991d78927094e13876cb3cd1a13dacf/.tools/node-v24.20.0-linux-x64/bin/node)
==5339==    by 0x26DB4AB: setCommonICUData(UDataMemory*, signed char, UErrorCode*) [clone .isra.0] (in /mnt/c/Users/guido/AppData/Local/Temp/rustdom-pr54-abort-retention-e991d78927094e13876cb3cd1a13dacf/.tools/node-v24.20.0-linux-x64/bin/node)
==5339==    by 0x26DC46F: doLoadFromCommonData(signed char, char const*, char const*, char const*, char const*, char const*, char const*, char const*, signed char (*)(void*, char const*, char const*, UDataInfo const*), void*, UErrorCode*, UErrorCode*) [clone .constprop.0] (in /mnt/c/Users/guido/AppData/Local/Temp/rustdom-pr54-abort-retention-e991d78927094e13876cb3cd1a13dacf/.tools/node-v24.20.0-linux-x64/bin/node)
==5339==    by 0x26DCF53: doOpenChoice(char const*, char const*, char const*, signed char (*)(void*, char const*, char const*, UDataInfo const*), void*, UErrorCode*) (in /mnt/c/Users/guido/AppData/Local/Temp/rustdom-pr54-abort-retention-e991d78927094e13876cb3cd1a13dacf/.tools/node-v24.20.0-linux-x64/bin/node)
==5339==    by 0x26C9D4C: res_load_78 (in /mnt/c/Users/guido/AppData/Local/Temp/rustdom-pr54-abort-retention-e991d78927094e13876cb3cd1a13dacf/.tools/node-v24.20.0-linux-x64/bin/node)
==5339==    by 0x26DEB9D: init_entry(char const*, char const*, UErrorCode*) (in /mnt/c/Users/guido/AppData/Local/Temp/rustdom-pr54-abort-retention-e991d78927094e13876cb3cd1a13dacf/.tools/node-v24.20.0-linux-x64/bin/node)
==5339==    by 0x26DFA7A: ures_openDirectFillIn_78 (in /mnt/c/Users/guido/AppData/Local/Temp/rustdom-pr54-abort-retention-e991d78927094e13876cb3cd1a13dacf/.tools/node-v24.20.0-linux-x64/bin/node)
==5339==    by 0x20ABD70: icu_78::TimeZone::getTZDataVersion(UErrorCode&) (in /mnt/c/Users/guido/AppData/Local/Temp/rustdom-pr54-abort-retention-e991d78927094e13876cb3cd1a13dacf/.tools/node-v24.20.0-linux-x64/bin/node)
==5339==    by 0x99B4CD: node::Metadata::Versions::InitializeIntlVersions() (in /mnt/c/Users/guido/AppData/Local/Temp/rustdom-pr54-abort-retention-e991d78927094e13876cb3cd1a13dacf/.tools/node-v24.20.0-linux-x64/bin/node)
==5339==    by 0x8C3FB9: node::InitializeNodeWithArgsInternal(std::vector<std::__cxx11::basic_string<char, std::char_traits<char>, std::allocator<char> >, std::allocator<std::__cxx11::basic_string<char, std::char_traits<char>, std::allocator<char> > > >*, std::vector<std::__cxx11::basic_string<char, std::char_traits<char>, std::allocator<char> >, std::allocator<std::__cxx11::basic_string<char, std::char_traits<char>, std::allocator<char> > > >*, std::vector<std::__cxx11::basic_string<char, std::char_traits<char>, std::allocator<char> >, std::allocator<std::__cxx11::basic_string<char, std::char_traits<char>, std::allocator<char> > > >*, node::ProcessInitializationFlags::Flags) (in /mnt/c/Users/guido/AppData/Local/Temp/rustdom-pr54-abort-retention-e991d78927094e13876cb3cd1a13dacf/.tools/node-v24.20.0-linux-x64/bin/node)
==5339==    by 0x8C61BE: node::InitializeOncePerProcessInternal(std::vector<std::__cxx11::basic_string<char, std::char_traits<char>, std::allocator<char> >, std::allocator<std::__cxx11::basic_string<char, std::char_traits<char>, std::allocator<char> > > > const&, node::ProcessInitializationFlags::Flags) (in /mnt/c/Users/guido/AppData/Local/Temp/rustdom-pr54-abort-retention-e991d78927094e13876cb3cd1a13dacf/.tools/node-v24.20.0-linux-x64/bin/node)
==5339== 
==5339== 56 bytes in 1 blocks are still reachable in loss record 345 of 425
==5339==    at 0x73E1899: malloc (in /mnt/c/Users/guido/ghq/projects/rustdom/.tools/valgrind/usr/libexec/valgrind/vgpreload_memcheck-amd64-linux.so)
==5339==    by 0x26A912B: UDataMemory_createNewInstance_78 (in /mnt/c/Users/guido/AppData/Local/Temp/rustdom-pr54-abort-retention-e991d78927094e13876cb3cd1a13dacf/.tools/node-v24.20.0-linux-x64/bin/node)
==5339==    by 0x26DC14A: doLoadFromCommonData(signed char, char const*, char const*, char const*, char const*, char const*, char const*, char const*, signed char (*)(void*, char const*, char const*, UDataInfo const*), void*, UErrorCode*, UErrorCode*) [clone .constprop.0] (in /mnt/c/Users/guido/AppData/Local/Temp/rustdom-pr54-abort-retention-e991d78927094e13876cb3cd1a13dacf/.tools/node-v24.20.0-linux-x64/bin/node)
==5339==    by 0x26DCF53: doOpenChoice(char const*, char const*, char const*, signed char (*)(void*, char const*, char const*, UDataInfo const*), void*, UErrorCode*) (in /mnt/c/Users/guido/AppData/Local/Temp/rustdom-pr54-abort-retention-e991d78927094e13876cb3cd1a13dacf/.tools/node-v24.20.0-linux-x64/bin/node)
==5339==    by 0x26C9D4C: res_load_78 (in /mnt/c/Users/guido/AppData/Local/Temp/rustdom-pr54-abort-retention-e991d78927094e13876cb3cd1a13dacf/.tools/node-v24.20.0-linux-x64/bin/node)
==5339==    by 0x26DEB9D: init_entry(char const*, char const*, UErrorCode*) (in /mnt/c/Users/guido/AppData/Local/Temp/rustdom-pr54-abort-retention-e991d78927094e13876cb3cd1a13dacf/.tools/node-v24.20.0-linux-x64/bin/node)
==5339==    by 0x26DFA7A: ures_openDirectFillIn_78 (in /mnt/c/Users/guido/AppData/Local/Temp/rustdom-pr54-abort-retention-e991d78927094e13876cb3cd1a13dacf/.tools/node-v24.20.0-linux-x64/bin/node)
==5339==    by 0x20ABD70: icu_78::TimeZone::getTZDataVersion(UErrorCode&) (in /mnt/c/Users/guido/AppData/Local/Temp/rustdom-pr54-abort-retention-e991d78927094e13876cb3cd1a13dacf/.tools/node-v24.20.0-linux-x64/bin/node)
==5339==    by 0x99B4CD: node::Metadata::Versions::InitializeIntlVersions() (in /mnt/c/Users/guido/AppData/Local/Temp/rustdom-pr54-abort-retention-e991d78927094e13876cb3cd1a13dacf/.tools/node-v24.20.0-linux-x64/bin/node)
==5339==    by 0x8C3FB9: node::InitializeNodeWithArgsInternal(std::vector<std::__cxx11::basic_string<char, std::char_traits<char>, std::allocator<char> >, std::allocator<std::__cxx11::basic_string<char, std::char_traits<char>, std::allocator<char> > > >*, std::vector<std::__cxx11::basic_string<char, std::char_traits<char>, std::allocator<char> >, std::allocator<std::__cxx11::basic_string<char, std::char_traits<char>, std::allocator<char> > > >*, std::vector<std::__cxx11::basic_string<char, std::char_traits<char>, std::allocator<char> >, std::allocator<std::__cxx11::basic_string<char, std::char_traits<char>, std::allocator<char> > > >*, node::ProcessInitializationFlags::Flags) (in /mnt/c/Users/guido/AppData/Local/Temp/rustdom-pr54-abort-retention-e991d78927094e13876cb3cd1a13dacf/.tools/node-v24.20.0-linux-x64/bin/node)
==5339==    by 0x8C61BE: node::InitializeOncePerProcessInternal(std::vector<std::__cxx11::basic_string<char, std::char_traits<char>, std::allocator<char> >, std::allocator<std::__cxx11::basic_string<char, std::char_traits<char>, std::allocator<char> > > > const&, node::ProcessInitializationFlags::Flags) (in /mnt/c/Users/guido/AppData/Local/Temp/rustdom-pr54-abort-retention-e991d78927094e13876cb3cd1a13dacf/.tools/node-v24.20.0-linux-x64/bin/node)
==5339==    by 0x8C6F7B: node::Start(int, char**) (in /mnt/c/Users/guido/AppData/Local/Temp/rustdom-pr54-abort-retention-e991d78927094e13876cb3cd1a13dacf/.tools/node-v24.20.0-linux-x64/bin/node)
==5339== 
==5339== 56 bytes in 1 blocks are still reachable in loss record 346 of 425
==5339==    at 0x73E1899: malloc (in /mnt/c/Users/guido/ghq/projects/rustdom/.tools/valgrind/usr/libexec/valgrind/vgpreload_memcheck-amd64-linux.so)
==5339==    by 0x26A912B: UDataMemory_createNewInstance_78 (in /mnt/c/Users/guido/AppData/Local/Temp/rustdom-pr54-abort-retention-e991d78927094e13876cb3cd1a13dacf/.tools/node-v24.20.0-linux-x64/bin/node)
==5339==    by 0x26DC14A: doLoadFromCommonData(signed char, char const*, char const*, char const*, char const*, char const*, char const*, char const*, signed char (*)(void*, char const*, char const*, UDataInfo const*), void*, UErrorCode*, UErrorCode*) [clone .constprop.0] (in /mnt/c/Users/guido/AppData/Local/Temp/rustdom-pr54-abort-retention-e991d78927094e13876cb3cd1a13dacf/.tools/node-v24.20.0-linux-x64/bin/node)
==5339==    by 0x26DCF53: doOpenChoice(char const*, char const*, char const*, signed char (*)(void*, char const*, char const*, UDataInfo const*), void*, UErrorCode*) (in /mnt/c/Users/guido/AppData/Local/Temp/rustdom-pr54-abort-retention-e991d78927094e13876cb3cd1a13dacf/.tools/node-v24.20.0-linux-x64/bin/node)
==5339==    by 0x26C9D4C: res_load_78 (in /mnt/c/Users/guido/AppData/Local/Temp/rustdom-pr54-abort-retention-e991d78927094e13876cb3cd1a13dacf/.tools/node-v24.20.0-linux-x64/bin/node)
==5339==    by 0x26DEB9D: init_entry(char const*, char const*, UErrorCode*) (in /mnt/c/Users/guido/AppData/Local/Temp/rustdom-pr54-abort-retention-e991d78927094e13876cb3cd1a13dacf/.tools/node-v24.20.0-linux-x64/bin/node)
==5339==    by 0x26DF719: ures_openDirect_78 (in /mnt/c/Users/guido/AppData/Local/Temp/rustdom-pr54-abort-retention-e991d78927094e13876cb3cd1a13dacf/.tools/node-v24.20.0-linux-x64/bin/node)
==5339==    by 0x20E34F1: ulocdata_getCLDRVersion_78 (in /mnt/c/Users/guido/AppData/Local/Temp/rustdom-pr54-abort-retention-e991d78927094e13876cb3cd1a13dacf/.tools/node-v24.20.0-linux-x64/bin/node)
==5339==    by 0x99B4E1: node::Metadata::Versions::InitializeIntlVersions() (in /mnt/c/Users/guido/AppData/Local/Temp/rustdom-pr54-abort-retention-e991d78927094e13876cb3cd1a13dacf/.tools/node-v24.20.0-linux-x64/bin/node)
==5339==    by 0x8C3FB9: node::InitializeNodeWithArgsInternal(std::vector<std::__cxx11::basic_string<char, std::char_traits<char>, std::allocator<char> >, std::allocator<std::__cxx11::basic_string<char, std::char_traits<char>, std::allocator<char> > > >*, std::vector<std::__cxx11::basic_string<char, std::char_traits<char>, std::allocator<char> >, std::allocator<std::__cxx11::basic_string<char, std::char_traits<char>, std::allocator<char> > > >*, std::vector<std::__cxx11::basic_string<char, std::char_traits<char>, std::allocator<char> >, std::allocator<std::__cxx11::basic_string<char, std::char_traits<char>, std::allocator<char> > > >*, node::ProcessInitializationFlags::Flags) (in /mnt/c/Users/guido/AppData/Local/Temp/rustdom-pr54-abort-retention-e991d78927094e13876cb3cd1a13dacf/.tools/node-v24.20.0-linux-x64/bin/node)
==5339==    by 0x8C61BE: node::InitializeOncePerProcessInternal(std::vector<std::__cxx11::basic_string<char, std::char_traits<char>, std::allocator<char> >, std::allocator<std::__cxx11::basic_string<char, std::char_traits<char>, std::allocator<char> > > > const&, node::ProcessInitializationFlags::Flags) (in /mnt/c/Users/guido/AppData/Local/Temp/rustdom-pr54-abort-retention-e991d78927094e13876cb3cd1a13dacf/.tools/node-v24.20.0-linux-x64/bin/node)
==5339==    by 0x8C6F7B: node::Start(int, char**) (in /mnt/c/Users/guido/AppData/Local/Temp/rustdom-pr54-abort-retention-e991d78927094e13876cb3cd1a13dacf/.tools/node-v24.20.0-linux-x64/bin/node)
==5339== 
==5339== 56 bytes in 1 blocks are still reachable in loss record 347 of 425
==5339==    at 0x73E1899: malloc (in /mnt/c/Users/guido/ghq/projects/rustdom/.tools/valgrind/usr/libexec/valgrind/vgpreload_memcheck-amd64-linux.so)
==5339==    by 0x26A912B: UDataMemory_createNewInstance_78 (in /mnt/c/Users/guido/AppData/Local/Temp/rustdom-pr54-abort-retention-e991d78927094e13876cb3cd1a13dacf/.tools/node-v24.20.0-linux-x64/bin/node)
==5339==    by 0x26DC14A: doLoadFromCommonData(signed char, char const*, char const*, char const*, char const*, char const*, char const*, char const*, signed char (*)(void*, char const*, char const*, UDataInfo const*), void*, UErrorCode*, UErrorCode*) [clone .constprop.0] (in /mnt/c/Users/guido/AppData/Local/Temp/rustdom-pr54-abort-retention-e991d78927094e13876cb3cd1a13dacf/.tools/node-v24.20.0-linux-x64/bin/node)
==5339==    by 0x26DCF53: doOpenChoice(char const*, char const*, char const*, signed char (*)(void*, char const*, char const*, UDataInfo const*), void*, UErrorCode*) (in /mnt/c/Users/guido/AppData/Local/Temp/rustdom-pr54-abort-retention-e991d78927094e13876cb3cd1a13dacf/.tools/node-v24.20.0-linux-x64/bin/node)
==5339==    by 0x26B90EE: initAliasData(UErrorCode&) (in /mnt/c/Users/guido/AppData/Local/Temp/rustdom-pr54-abort-retention-e991d78927094e13876cb3cd1a13dacf/.tools/node-v24.20.0-linux-x64/bin/node)
==5339==    by 0x26B9BEE: ucnv_io_getConverterName_78 (in /mnt/c/Users/guido/AppData/Local/Temp/rustdom-pr54-abort-retention-e991d78927094e13876cb3cd1a13dacf/.tools/node-v24.20.0-linux-x64/bin/node)
==5339==    by 0x26D97F6: ucnv_loadSharedData_78 (in /mnt/c/Users/guido/AppData/Local/Temp/rustdom-pr54-abort-retention-e991d78927094e13876cb3cd1a13dacf/.tools/node-v24.20.0-linux-x64/bin/node)
==5339==    by 0x26D9A8E: ucnv_createConverter_78 (in /mnt/c/Users/guido/AppData/Local/Temp/rustdom-pr54-abort-retention-e991d78927094e13876cb3cd1a13dacf/.tools/node-v24.20.0-linux-x64/bin/node)
==5339==    by 0x979A68: node::i18n::ConverterObject::Create(v8::FunctionCallbackInfo<v8::Value> const&) (in /mnt/c/Users/guido/AppData/Local/Temp/rustdom-pr54-abort-retention-e991d78927094e13876cb3cd1a13dacf/.tools/node-v24.20.0-linux-x64/bin/node)
==5339==    by 0x1A2608C: Builtins_CallApiCallbackGeneric (in /mnt/c/Users/guido/AppData/Local/Temp/rustdom-pr54-abort-retention-e991d78927094e13876cb3cd1a13dacf/.tools/node-v24.20.0-linux-x64/bin/node)
==5339==    by 0x1A24653: Builtins_InterpreterEntryTrampoline (in /mnt/c/Users/guido/AppData/Local/Temp/rustdom-pr54-abort-retention-e991d78927094e13876cb3cd1a13dacf/.tools/node-v24.20.0-linux-x64/bin/node)
==5339==    by 0x1A24653: Builtins_InterpreterEntryTrampoline (in /mnt/c/Users/guido/AppData/Local/Temp/rustdom-pr54-abort-retention-e991d78927094e13876cb3cd1a13dacf/.tools/node-v24.20.0-linux-x64/bin/node)
==5339== 
==5339== 56 bytes in 1 blocks are still reachable in loss record 348 of 425
==5339==    at 0x73E1899: malloc (in /mnt/c/Users/guido/ghq/projects/rustdom/.tools/valgrind/usr/libexec/valgrind/vgpreload_memcheck-amd64-linux.so)
==5339==    by 0x26A912B: UDataMemory_createNewInstance_78 (in /mnt/c/Users/guido/AppData/Local/Temp/rustdom-pr54-abort-retention-e991d78927094e13876cb3cd1a13dacf/.tools/node-v24.20.0-linux-x64/bin/node)
==5339==    by 0x26DC14A: doLoadFromCommonData(signed char, char const*, char const*, char const*, char const*, char const*, char const*, char const*, signed char (*)(void*, char const*, char const*, UDataInfo const*), void*, UErrorCode*, UErrorCode*) [clone .constprop.0] (in /mnt/c/Users/guido/AppData/Local/Temp/rustdom-pr54-abort-retention-e991d78927094e13876cb3cd1a13dacf/.tools/node-v24.20.0-linux-x64/bin/node)
==5339==    by 0x26DCF53: doOpenChoice(char const*, char const*, char const*, signed char (*)(void*, char const*, char const*, UDataInfo const*), void*, UErrorCode*) (in /mnt/c/Users/guido/AppData/Local/Temp/rustdom-pr54-abort-retention-e991d78927094e13876cb3cd1a13dacf/.tools/node-v24.20.0-linux-x64/bin/node)
==5339==    by 0x26C9D4C: res_load_78 (in /mnt/c/Users/guido/AppData/Local/Temp/rustdom-pr54-abort-retention-e991d78927094e13876cb3cd1a13dacf/.tools/node-v24.20.0-linux-x64/bin/node)
==5339==    by 0x26DEB9D: init_entry(char const*, char const*, UErrorCode*) (in /mnt/c/Users/guido/AppData/Local/Temp/rustdom-pr54-abort-retention-e991d78927094e13876cb3cd1a13dacf/.tools/node-v24.20.0-linux-x64/bin/node)
==5339==    by 0x26DF719: ures_openDirect_78 (in /mnt/c/Users/guido/AppData/Local/Temp/rustdom-pr54-abort-retention-e991d78927094e13876cb3cd1a13dacf/.tools/node-v24.20.0-linux-x64/bin/node)
==5339==    by 0x21B2D8D: icu_78::ZoneMeta::getCanonicalCLDRID(icu_78::UnicodeString const&, UErrorCode&) (in /mnt/c/Users/guido/AppData/Local/Temp/rustdom-pr54-abort-retention-e991d78927094e13876cb3cd1a13dacf/.tools/node-v24.20.0-linux-x64/bin/node)
==5339==    by 0x2116C0A: icu_78::OlsonTimeZone::OlsonTimeZone(UResourceBundle const*, UResourceBundle const*, icu_78::UnicodeString const&, UErrorCode&) (in /mnt/c/Users/guido/AppData/Local/Temp/rustdom-pr54-abort-retention-e991d78927094e13876cb3cd1a13dacf/.tools/node-v24.20.0-linux-x64/bin/node)
==5339==    by 0x20A8599: icu_78::(anonymous namespace)::createSystemTimeZone(icu_78::UnicodeString const&, UErrorCode&) [clone .part.0] (in /mnt/c/Users/guido/AppData/Local/Temp/rustdom-pr54-abort-retention-e991d78927094e13876cb3cd1a13dacf/.tools/node-v24.20.0-linux-x64/bin/node)
==5339==    by 0x20A8D11: icu_78::TimeZone::detectHostTimeZone() (in /mnt/c/Users/guido/AppData/Local/Temp/rustdom-pr54-abort-retention-e991d78927094e13876cb3cd1a13dacf/.tools/node-v24.20.0-linux-x64/bin/node)
==5339==    by 0x20A8F04: icu_78::TimeZone::createDefault() (in /mnt/c/Users/guido/AppData/Local/Temp/rustdom-pr54-abort-retention-e991d78927094e13876cb3cd1a13dacf/.tools/node-v24.20.0-linux-x64/bin/node)
==5339== 
==5339== 56 bytes in 1 blocks are still reachable in loss record 349 of 425
==5339==    at 0x73E1899: malloc (in /mnt/c/Users/guido/ghq/projects/rustdom/.tools/valgrind/usr/libexec/valgrind/vgpreload_memcheck-amd64-linux.so)
==5339==    by 0x26A912B: UDataMemory_createNewInstance_78 (in /mnt/c/Users/guido/AppData/Local/Temp/rustdom-pr54-abort-retention-e991d78927094e13876cb3cd1a13dacf/.tools/node-v24.20.0-linux-x64/bin/node)
==5339==    by 0x26DC14A: doLoadFromCommonData(signed char, char const*, char const*, char const*, char const*, char const*, char const*, char const*, signed char (*)(void*, char const*, char const*, UDataInfo const*), void*, UErrorCode*, UErrorCode*) [clone .constprop.0] (in /mnt/c/Users/guido/AppData/Local/Temp/rustdom-pr54-abort-retention-e991d78927094e13876cb3cd1a13dacf/.tools/node-v24.20.0-linux-x64/bin/node)
==5339==    by 0x26DCF53: doOpenChoice(char const*, char const*, char const*, signed char (*)(void*, char const*, char const*, UDataInfo const*), void*, UErrorCode*) (in /mnt/c/Users/guido/AppData/Local/Temp/rustdom-pr54-abort-retention-e991d78927094e13876cb3cd1a13dacf/.tools/node-v24.20.0-linux-x64/bin/node)
==5339==    by 0x26C9D4C: res_load_78 (in /mnt/c/Users/guido/AppData/Local/Temp/rustdom-pr54-abort-retention-e991d78927094e13876cb3cd1a13dacf/.tools/node-v24.20.0-linux-x64/bin/node)
==5339==    by 0x26DEB9D: init_entry(char const*, char const*, UErrorCode*) (in /mnt/c/Users/guido/AppData/Local/Temp/rustdom-pr54-abort-retention-e991d78927094e13876cb3cd1a13dacf/.tools/node-v24.20.0-linux-x64/bin/node)
==5339==    by 0x26E0E4D: ures_openWithType(UResourceBundle*, char const*, char const*, UResOpenType, UErrorCode*) (in /mnt/c/Users/guido/AppData/Local/Temp/rustdom-pr54-abort-retention-e991d78927094e13876cb3cd1a13dacf/.tools/node-v24.20.0-linux-x64/bin/node)
==5339==    by 0x26E16FF: (anonymous namespace)::getAliasTargetAsResourceBundle(ResourceData const&, unsigned int, char const*, int, UResourceDataEntry*, char const*, int, UResourceBundle*, UErrorCode*) (in /mnt/c/Users/guido/AppData/Local/Temp/rustdom-pr54-abort-retention-e991d78927094e13876cb3cd1a13dacf/.tools/node-v24.20.0-linux-x64/bin/node)
==5339==    by 0x26E3414: ures_getByKey_78 (in /mnt/c/Users/guido/AppData/Local/Temp/rustdom-pr54-abort-retention-e991d78927094e13876cb3cd1a13dacf/.tools/node-v24.20.0-linux-x64/bin/node)
==5339==    by 0x21B2DC4: icu_78::ZoneMeta::getCanonicalCLDRID(icu_78::UnicodeString const&, UErrorCode&) (in /mnt/c/Users/guido/AppData/Local/Temp/rustdom-pr54-abort-retention-e991d78927094e13876cb3cd1a13dacf/.tools/node-v24.20.0-linux-x64/bin/node)
==5339==    by 0x2116C0A: icu_78::OlsonTimeZone::OlsonTimeZone(UResourceBundle const*, UResourceBundle const*, icu_78::UnicodeString const&, UErrorCode&) (in /mnt/c/Users/guido/AppData/Local/Temp/rustdom-pr54-abort-retention-e991d78927094e13876cb3cd1a13dacf/.tools/node-v24.20.0-linux-x64/bin/node)
==5339==    by 0x20A8599: icu_78::(anonymous namespace)::createSystemTimeZone(icu_78::UnicodeString const&, UErrorCode&) [clone .part.0] (in /mnt/c/Users/guido/AppData/Local/Temp/rustdom-pr54-abort-retention-e991d78927094e13876cb3cd1a13dacf/.tools/node-v24.20.0-linux-x64/bin/node)
==5339== 
==5339== 64 bytes in 1 blocks are still reachable in loss record 350 of 425
==5339==    at 0x73E1899: malloc (in /mnt/c/Users/guido/ghq/projects/rustdom/.tools/valgrind/usr/libexec/valgrind/vgpreload_memcheck-amd64-linux.so)
==5339==    by 0x268A836: u_getTimeZoneFilesDirectory_78 (in /mnt/c/Users/guido/AppData/Local/Temp/rustdom-pr54-abort-retention-e991d78927094e13876cb3cd1a13dacf/.tools/node-v24.20.0-linux-x64/bin/node)
==5339==    by 0x26DCC67: doOpenChoice(char const*, char const*, char const*, signed char (*)(void*, char const*, char const*, UDataInfo const*), void*, UErrorCode*) (in /mnt/c/Users/guido/AppData/Local/Temp/rustdom-pr54-abort-retention-e991d78927094e13876cb3cd1a13dacf/.tools/node-v24.20.0-linux-x64/bin/node)
==5339==    by 0x26C9D4C: res_load_78 (in /mnt/c/Users/guido/AppData/Local/Temp/rustdom-pr54-abort-retention-e991d78927094e13876cb3cd1a13dacf/.tools/node-v24.20.0-linux-x64/bin/node)
==5339==    by 0x26DEB9D: init_entry(char const*, char const*, UErrorCode*) (in /mnt/c/Users/guido/AppData/Local/Temp/rustdom-pr54-abort-retention-e991d78927094e13876cb3cd1a13dacf/.tools/node-v24.20.0-linux-x64/bin/node)
==5339==    by 0x26DFA7A: ures_openDirectFillIn_78 (in /mnt/c/Users/guido/AppData/Local/Temp/rustdom-pr54-abort-retention-e991d78927094e13876cb3cd1a13dacf/.tools/node-v24.20.0-linux-x64/bin/node)
==5339==    by 0x20ABD70: icu_78::TimeZone::getTZDataVersion(UErrorCode&) (in /mnt/c/Users/guido/AppData/Local/Temp/rustdom-pr54-abort-retention-e991d78927094e13876cb3cd1a13dacf/.tools/node-v24.20.0-linux-x64/bin/node)
==5339==    by 0x99B4CD: node::Metadata::Versions::InitializeIntlVersions() (in /mnt/c/Users/guido/AppData/Local/Temp/rustdom-pr54-abort-retention-e991d78927094e13876cb3cd1a13dacf/.tools/node-v24.20.0-linux-x64/bin/node)
==5339==    by 0x8C3FB9: node::InitializeNodeWithArgsInternal(std::vector<std::__cxx11::basic_string<char, std::char_traits<char>, std::allocator<char> >, std::allocator<std::__cxx11::basic_string<char, std::char_traits<char>, std::allocator<char> > > >*, std::vector<std::__cxx11::basic_string<char, std::char_traits<char>, std::allocator<char> >, std::allocator<std::__cxx11::basic_string<char, std::char_traits<char>, std::allocator<char> > > >*, std::vector<std::__cxx11::basic_string<char, std::char_traits<char>, std::allocator<char> >, std::allocator<std::__cxx11::basic_string<char, std::char_traits<char>, std::allocator<char> > > >*, node::ProcessInitializationFlags::Flags) (in /mnt/c/Users/guido/AppData/Local/Temp/rustdom-pr54-abort-retention-e991d78927094e13876cb3cd1a13dacf/.tools/node-v24.20.0-linux-x64/bin/node)
==5339==    by 0x8C61BE: node::InitializeOncePerProcessInternal(std::vector<std::__cxx11::basic_string<char, std::char_traits<char>, std::allocator<char> >, std::allocator<std::__cxx11::basic_string<char, std::char_traits<char>, std::allocator<char> > > > const&, node::ProcessInitializationFlags::Flags) (in /mnt/c/Users/guido/AppData/Local/Temp/rustdom-pr54-abort-retention-e991d78927094e13876cb3cd1a13dacf/.tools/node-v24.20.0-linux-x64/bin/node)
==5339==    by 0x8C6F7B: node::Start(int, char**) (in /mnt/c/Users/guido/AppData/Local/Temp/rustdom-pr54-abort-retention-e991d78927094e13876cb3cd1a13dacf/.tools/node-v24.20.0-linux-x64/bin/node)
==5339==    by 0x7762D8F: (below main) (libc_start_call_main.h:58)
==5339== 
==5339== 64 bytes in 1 blocks are possibly lost in loss record 351 of 425
==5339==    at 0x73E2013: operator new(unsigned long) (in /mnt/c/Users/guido/ghq/projects/rustdom/.tools/valgrind/usr/libexec/valgrind/vgpreload_memcheck-amd64-linux.so)
==5339==    by 0x8D0A13: std::_Deque_base<void*, std::allocator<void*> >::_M_initialize_map(unsigned long) (in /mnt/c/Users/guido/AppData/Local/Temp/rustdom-pr54-abort-retention-e991d78927094e13876cb3cd1a13dacf/.tools/node-v24.20.0-linux-x64/bin/node)
==5339==    by 0x8CE79E: node::Environment::CloseHandle<uv_handle_s, v8impl::(anonymous namespace)::ThreadSafeFunction::CloseHandlesAndMaybeDelete(bool)::{lambda(uv_handle_s*)#1}>(uv_handle_s*, v8impl::(anonymous namespace)::ThreadSafeFunction::CloseHandlesAndMaybeDelete(bool)::{lambda(uv_handle_s*)#1})::{lambda(uv_handle_s*)#1}::_FUN(uv_handle_s*) (in /mnt/c/Users/guido/AppData/Local/Temp/rustdom-pr54-abort-retention-e991d78927094e13876cb3cd1a13dacf/.tools/node-v24.20.0-linux-x64/bin/node)
==5339==    by 0x19FCD9D: uv__finish_close (core.c:363)
==5339==    by 0x19FCD9D: uv__run_closing_handles (core.c:377)
==5339==    by 0x19FCD9D: uv_run (core.c:475)
==5339==    by 0x879127: node::Environment::CleanupHandles() (in /mnt/c/Users/guido/AppData/Local/Temp/rustdom-pr54-abort-retention-e991d78927094e13876cb3cd1a13dacf/.tools/node-v24.20.0-linux-x64/bin/node)
==5339==    by 0x87921C: node::Environment::RunCleanup() (in /mnt/c/Users/guido/AppData/Local/Temp/rustdom-pr54-abort-retention-e991d78927094e13876cb3cd1a13dacf/.tools/node-v24.20.0-linux-x64/bin/node)
==5339==    by 0x80C498: node::FreeEnvironment(node::Environment*) (in /mnt/c/Users/guido/AppData/Local/Temp/rustdom-pr54-abort-retention-e991d78927094e13876cb3cd1a13dacf/.tools/node-v24.20.0-linux-x64/bin/node)
==5339==    by 0x989F82: node::NodeMainInstance::Run() (in /mnt/c/Users/guido/AppData/Local/Temp/rustdom-pr54-abort-retention-e991d78927094e13876cb3cd1a13dacf/.tools/node-v24.20.0-linux-x64/bin/node)
==5339==    by 0x8C71A4: node::Start(int, char**) (in /mnt/c/Users/guido/AppData/Local/Temp/rustdom-pr54-abort-retention-e991d78927094e13876cb3cd1a13dacf/.tools/node-v24.20.0-linux-x64/bin/node)
==5339==    by 0x7762D8F: (below main) (libc_start_call_main.h:58)
==5339== 
==5339== 66 bytes in 1 blocks are still reachable in loss record 352 of 425
==5339==    at 0x73E1899: malloc (in /mnt/c/Users/guido/ghq/projects/rustdom/.tools/valgrind/usr/libexec/valgrind/vgpreload_memcheck-amd64-linux.so)
==5339==    by 0x6BC01DF: malloc (rtld-malloc.h:56)
==5339==    by 0x6BC01DF: strdup (strdup.c:42)
==5339==    by 0x6BA3588: _dl_map_object (dl-load.c:2259)
==5339==    by 0x6BA79A8: dl_open_worker_begin (dl-open.c:534)
==5339==    by 0x78ADB57: _dl_catch_exception (dl-error-skeleton.c:208)
==5339==    by 0x6BA6F99: dl_open_worker (dl-open.c:782)
==5339==    by 0x78ADB57: _dl_catch_exception (dl-error-skeleton.c:208)
==5339==    by 0x6BA734D: _dl_open (dl-open.c:883)
==5339==    by 0x77C95FB: dlopen_doit (dlopen.c:56)
==5339==    by 0x78ADB57: _dl_catch_exception (dl-error-skeleton.c:208)
==5339==    by 0x78ADC22: _dl_catch_error (dl-error-skeleton.c:227)
==5339==    by 0x77C90ED: _dlerror_run (dlerror.c:138)
==5339== 
==5339== 66 bytes in 1 blocks are still reachable in loss record 353 of 425
==5339==    at 0x73E1899: malloc (in /mnt/c/Users/guido/ghq/projects/rustdom/.tools/valgrind/usr/libexec/valgrind/vgpreload_memcheck-amd64-linux.so)
==5339==    by 0x6BA6D20: malloc (rtld-malloc.h:56)
==5339==    by 0x6BA6D20: _dl_new_object (dl-object.c:199)
==5339==    by 0x6BA1C82: _dl_map_object_from_fd (dl-load.c:1063)
==5339==    by 0x6BA3600: _dl_map_object (dl-load.c:2327)
==5339==    by 0x6BA79A8: dl_open_worker_begin (dl-open.c:534)
==5339==    by 0x78ADB57: _dl_catch_exception (dl-error-skeleton.c:208)
==5339==    by 0x6BA6F99: dl_open_worker (dl-open.c:782)
==5339==    by 0x78ADB57: _dl_catch_exception (dl-error-skeleton.c:208)
==5339==    by 0x6BA734D: _dl_open (dl-open.c:883)
==5339==    by 0x77C95FB: dlopen_doit (dlopen.c:56)
==5339==    by 0x78ADB57: _dl_catch_exception (dl-error-skeleton.c:208)
==5339==    by 0x78ADC22: _dl_catch_error (dl-error-skeleton.c:227)
==5339== 
==5339== 80 bytes in 1 blocks are still reachable in loss record 354 of 425
==5339==    at 0x73E1899: malloc (in /mnt/c/Users/guido/ghq/projects/rustdom/.tools/valgrind/usr/libexec/valgrind/vgpreload_memcheck-amd64-linux.so)
==5339==    by 0x2695122: uhash_open_78 (in /mnt/c/Users/guido/AppData/Local/Temp/rustdom-pr54-abort-retention-e991d78927094e13876cb3cd1a13dacf/.tools/node-v24.20.0-linux-x64/bin/node)
==5339==    by 0x26DFA19: ures_openDirectFillIn_78 (in /mnt/c/Users/guido/AppData/Local/Temp/rustdom-pr54-abort-retention-e991d78927094e13876cb3cd1a13dacf/.tools/node-v24.20.0-linux-x64/bin/node)
==5339==    by 0x20ABD70: icu_78::TimeZone::getTZDataVersion(UErrorCode&) (in /mnt/c/Users/guido/AppData/Local/Temp/rustdom-pr54-abort-retention-e991d78927094e13876cb3cd1a13dacf/.tools/node-v24.20.0-linux-x64/bin/node)
==5339==    by 0x99B4CD: node::Metadata::Versions::InitializeIntlVersions() (in /mnt/c/Users/guido/AppData/Local/Temp/rustdom-pr54-abort-retention-e991d78927094e13876cb3cd1a13dacf/.tools/node-v24.20.0-linux-x64/bin/node)
==5339==    by 0x8C3FB9: node::InitializeNodeWithArgsInternal(std::vector<std::__cxx11::basic_string<char, std::char_traits<char>, std::allocator<char> >, std::allocator<std::__cxx11::basic_string<char, std::char_traits<char>, std::allocator<char> > > >*, std::vector<std::__cxx11::basic_string<char, std::char_traits<char>, std::allocator<char> >, std::allocator<std::__cxx11::basic_string<char, std::char_traits<char>, std::allocator<char> > > >*, std::vector<std::__cxx11::basic_string<char, std::char_traits<char>, std::allocator<char> >, std::allocator<std::__cxx11::basic_string<char, std::char_traits<char>, std::allocator<char> > > >*, node::ProcessInitializationFlags::Flags) (in /mnt/c/Users/guido/AppData/Local/Temp/rustdom-pr54-abort-retention-e991d78927094e13876cb3cd1a13dacf/.tools/node-v24.20.0-linux-x64/bin/node)
==5339==    by 0x8C61BE: node::InitializeOncePerProcessInternal(std::vector<std::__cxx11::basic_string<char, std::char_traits<char>, std::allocator<char> >, std::allocator<std::__cxx11::basic_string<char, std::char_traits<char>, std::allocator<char> > > > const&, node::ProcessInitializationFlags::Flags) (in /mnt/c/Users/guido/AppData/Local/Temp/rustdom-pr54-abort-retention-e991d78927094e13876cb3cd1a13dacf/.tools/node-v24.20.0-linux-x64/bin/node)
==5339==    by 0x8C6F7B: node::Start(int, char**) (in /mnt/c/Users/guido/AppData/Local/Temp/rustdom-pr54-abort-retention-e991d78927094e13876cb3cd1a13dacf/.tools/node-v24.20.0-linux-x64/bin/node)
==5339==    by 0x7762D8F: (below main) (libc_start_call_main.h:58)
==5339== 
==5339== 80 bytes in 1 blocks are still reachable in loss record 355 of 425
==5339==    at 0x73E1899: malloc (in /mnt/c/Users/guido/ghq/projects/rustdom/.tools/valgrind/usr/libexec/valgrind/vgpreload_memcheck-amd64-linux.so)
==5339==    by 0x2695122: uhash_open_78 (in /mnt/c/Users/guido/AppData/Local/Temp/rustdom-pr54-abort-retention-e991d78927094e13876cb3cd1a13dacf/.tools/node-v24.20.0-linux-x64/bin/node)
==5339==    by 0x26A05E3: icu_78::locale_set_default_internal(char const*, UErrorCode&) (in /mnt/c/Users/guido/AppData/Local/Temp/rustdom-pr54-abort-retention-e991d78927094e13876cb3cd1a13dacf/.tools/node-v24.20.0-linux-x64/bin/node)
==5339==    by 0x26A08DE: icu_78::Locale::Locale() (in /mnt/c/Users/guido/AppData/Local/Temp/rustdom-pr54-abort-retention-e991d78927094e13876cb3cd1a13dacf/.tools/node-v24.20.0-linux-x64/bin/node)
==5339==    by 0xE43862: v8::internal::Isolate::DefaultLocale[abi:cxx11]() (in /mnt/c/Users/guido/AppData/Local/Temp/rustdom-pr54-abort-retention-e991d78927094e13876cb3cd1a13dacf/.tools/node-v24.20.0-linux-x64/bin/node)
==5339==    by 0xE43D73: v8::internal::LocalIsolate::LocalIsolate(v8::internal::Isolate*, v8::internal::ThreadKind) (in /mnt/c/Users/guido/AppData/Local/Temp/rustdom-pr54-abort-retention-e991d78927094e13876cb3cd1a13dacf/.tools/node-v24.20.0-linux-x64/bin/node)
==5339==    by 0xE41537: v8::internal::Isolate::Init(v8::internal::SnapshotData*, v8::internal::SnapshotData*, v8::internal::SnapshotData*, bool) (in /mnt/c/Users/guido/AppData/Local/Temp/rustdom-pr54-abort-retention-e991d78927094e13876cb3cd1a13dacf/.tools/node-v24.20.0-linux-x64/bin/node)
==5339==    by 0x141DAD2: v8::internal::Snapshot::Initialize(v8::internal::Isolate*) (in /mnt/c/Users/guido/AppData/Local/Temp/rustdom-pr54-abort-retention-e991d78927094e13876cb3cd1a13dacf/.tools/node-v24.20.0-linux-x64/bin/node)
==5339==    by 0xC8ABD5: v8::Isolate::Initialize(v8::Isolate*, v8::Isolate::CreateParams const&) (in /mnt/c/Users/guido/AppData/Local/Temp/rustdom-pr54-abort-retention-e991d78927094e13876cb3cd1a13dacf/.tools/node-v24.20.0-linux-x64/bin/node)
==5339==    by 0x807B3F: node::NewIsolate(v8::Isolate::CreateParams*, uv_loop_s*, node::MultiIsolatePlatform*, node::SnapshotData const*, node::IsolateSettings const&) (in /mnt/c/Users/guido/AppData/Local/Temp/rustdom-pr54-abort-retention-e991d78927094e13876cb3cd1a13dacf/.tools/node-v24.20.0-linux-x64/bin/node)
==5339==    by 0x989AB8: node::NodeMainInstance::NodeMainInstance(node::SnapshotData const*, uv_loop_s*, node::MultiIsolatePlatform*, std::vector<std::__cxx11::basic_string<char, std::char_traits<char>, std::allocator<char> >, std::allocator<std::__cxx11::basic_string<char, std::char_traits<char>, std::allocator<char> > > > const&, std::vector<std::__cxx11::basic_string<char, std::char_traits<char>, std::allocator<char> >, std::allocator<std::__cxx11::basic_string<char, std::char_traits<char>, std::allocator<char> > > > const&) (in /mnt/c/Users/guido/AppData/Local/Temp/rustdom-pr54-abort-retention-e991d78927094e13876cb3cd1a13dacf/.tools/node-v24.20.0-linux-x64/bin/node)
==5339==    by 0x8C7198: node::Start(int, char**) (in /mnt/c/Users/guido/AppData/Local/Temp/rustdom-pr54-abort-retention-e991d78927094e13876cb3cd1a13dacf/.tools/node-v24.20.0-linux-x64/bin/node)
==5339== 
==5339== 80 bytes in 1 blocks are still reachable in loss record 356 of 425
==5339==    at 0x73E1899: malloc (in /mnt/c/Users/guido/ghq/projects/rustdom/.tools/valgrind/usr/libexec/valgrind/vgpreload_memcheck-amd64-linux.so)
==5339==    by 0x2695122: uhash_open_78 (in /mnt/c/Users/guido/AppData/Local/Temp/rustdom-pr54-abort-retention-e991d78927094e13876cb3cd1a13dacf/.tools/node-v24.20.0-linux-x64/bin/node)
==5339==    by 0x21B2C71: icu_78::ZoneMeta::getCanonicalCLDRID(icu_78::UnicodeString const&, UErrorCode&) (in /mnt/c/Users/guido/AppData/Local/Temp/rustdom-pr54-abort-retention-e991d78927094e13876cb3cd1a13dacf/.tools/node-v24.20.0-linux-x64/bin/node)
==5339==    by 0x2116C0A: icu_78::OlsonTimeZone::OlsonTimeZone(UResourceBundle const*, UResourceBundle const*, icu_78::UnicodeString const&, UErrorCode&) (in /mnt/c/Users/guido/AppData/Local/Temp/rustdom-pr54-abort-retention-e991d78927094e13876cb3cd1a13dacf/.tools/node-v24.20.0-linux-x64/bin/node)
==5339==    by 0x20A8599: icu_78::(anonymous namespace)::createSystemTimeZone(icu_78::UnicodeString const&, UErrorCode&) [clone .part.0] (in /mnt/c/Users/guido/AppData/Local/Temp/rustdom-pr54-abort-retention-e991d78927094e13876cb3cd1a13dacf/.tools/node-v24.20.0-linux-x64/bin/node)
==5339==    by 0x20A8D11: icu_78::TimeZone::detectHostTimeZone() (in /mnt/c/Users/guido/AppData/Local/Temp/rustdom-pr54-abort-retention-e991d78927094e13876cb3cd1a13dacf/.tools/node-v24.20.0-linux-x64/bin/node)
==5339==    by 0x20A8F04: icu_78::TimeZone::createDefault() (in /mnt/c/Users/guido/AppData/Local/Temp/rustdom-pr54-abort-retention-e991d78927094e13876cb3cd1a13dacf/.tools/node-v24.20.0-linux-x64/bin/node)
==5339==    by 0x11420B9: v8::internal::ICUTimezoneCache::LocalTimeOffset(double, bool) (in /mnt/c/Users/guido/AppData/Local/Temp/rustdom-pr54-abort-retention-e991d78927094e13876cb3cd1a13dacf/.tools/node-v24.20.0-linux-x64/bin/node)
==5339==    by 0xD66BC7: v8::internal::DateCache::GetLocalOffsetFromOS(long, bool) (in /mnt/c/Users/guido/AppData/Local/Temp/rustdom-pr54-abort-retention-e991d78927094e13876cb3cd1a13dacf/.tools/node-v24.20.0-linux-x64/bin/node)
==5339==    by 0xD67A35: v8::internal::DateCache::LocalOffsetInMs(long, bool) [clone .part.0] (in /mnt/c/Users/guido/AppData/Local/Temp/rustdom-pr54-abort-retention-e991d78927094e13876cb3cd1a13dacf/.tools/node-v24.20.0-linux-x64/bin/node)
==5339==    by 0x11B0925: v8::internal::JSDate::DoGetField(v8::internal::Isolate*, v8::internal::JSDate::FieldIndex) (in /mnt/c/Users/guido/AppData/Local/Temp/rustdom-pr54-abort-retention-e991d78927094e13876cb3cd1a13dacf/.tools/node-v24.20.0-linux-x64/bin/node)
==5339==    by 0x11B0B88: v8::internal::JSDate::GetField(v8::internal::Isolate*, unsigned long, unsigned long) (in /mnt/c/Users/guido/AppData/Local/Temp/rustdom-pr54-abort-retention-e991d78927094e13876cb3cd1a13dacf/.tools/node-v24.20.0-linux-x64/bin/node)
==5339== 
==5339== 80 bytes in 1 blocks are possibly lost in loss record 357 of 425
==5339==    at 0x73E1899: malloc (in /mnt/c/Users/guido/ghq/projects/rustdom/.tools/valgrind/usr/libexec/valgrind/vgpreload_memcheck-amd64-linux.so)
==5339==    by 0x26F94AE: icu_78::UnicodeString::UnicodeString(char const*, int, icu_78::UnicodeString::EInvariant) (in /mnt/c/Users/guido/AppData/Local/Temp/rustdom-pr54-abort-retention-e991d78927094e13876cb3cd1a13dacf/.tools/node-v24.20.0-linux-x64/bin/node)
==5339==    by 0x20A8CD7: icu_78::TimeZone::detectHostTimeZone() (in /mnt/c/Users/guido/AppData/Local/Temp/rustdom-pr54-abort-retention-e991d78927094e13876cb3cd1a13dacf/.tools/node-v24.20.0-linux-x64/bin/node)
==5339==    by 0x20A8F04: icu_78::TimeZone::createDefault() (in /mnt/c/Users/guido/AppData/Local/Temp/rustdom-pr54-abort-retention-e991d78927094e13876cb3cd1a13dacf/.tools/node-v24.20.0-linux-x64/bin/node)
==5339==    by 0x11420B9: v8::internal::ICUTimezoneCache::LocalTimeOffset(double, bool) (in /mnt/c/Users/guido/AppData/Local/Temp/rustdom-pr54-abort-retention-e991d78927094e13876cb3cd1a13dacf/.tools/node-v24.20.0-linux-x64/bin/node)
==5339==    by 0xD66BC7: v8::internal::DateCache::GetLocalOffsetFromOS(long, bool) (in /mnt/c/Users/guido/AppData/Local/Temp/rustdom-pr54-abort-retention-e991d78927094e13876cb3cd1a13dacf/.tools/node-v24.20.0-linux-x64/bin/node)
==5339==    by 0xD67A35: v8::internal::DateCache::LocalOffsetInMs(long, bool) [clone .part.0] (in /mnt/c/Users/guido/AppData/Local/Temp/rustdom-pr54-abort-retention-e991d78927094e13876cb3cd1a13dacf/.tools/node-v24.20.0-linux-x64/bin/node)
==5339==    by 0x11B0925: v8::internal::JSDate::DoGetField(v8::internal::Isolate*, v8::internal::JSDate::FieldIndex) (in /mnt/c/Users/guido/AppData/Local/Temp/rustdom-pr54-abort-retention-e991d78927094e13876cb3cd1a13dacf/.tools/node-v24.20.0-linux-x64/bin/node)
==5339==    by 0x11B0B88: v8::internal::JSDate::GetField(v8::internal::Isolate*, unsigned long, unsigned long) (in /mnt/c/Users/guido/AppData/Local/Temp/rustdom-pr54-abort-retention-e991d78927094e13876cb3cd1a13dacf/.tools/node-v24.20.0-linux-x64/bin/node)
==5339==    by 0x1A6894D: Builtins_DatePrototypeGetMonth (in /mnt/c/Users/guido/AppData/Local/Temp/rustdom-pr54-abort-retention-e991d78927094e13876cb3cd1a13dacf/.tools/node-v24.20.0-linux-x64/bin/node)
==5339==    by 0x1A24653: Builtins_InterpreterEntryTrampoline (in /mnt/c/Users/guido/AppData/Local/Temp/rustdom-pr54-abort-retention-e991d78927094e13876cb3cd1a13dacf/.tools/node-v24.20.0-linux-x64/bin/node)
==5339==    by 0x1A24653: Builtins_InterpreterEntryTrampoline (in /mnt/c/Users/guido/AppData/Local/Temp/rustdom-pr54-abort-retention-e991d78927094e13876cb3cd1a13dacf/.tools/node-v24.20.0-linux-x64/bin/node)
==5339== 
==5339== 112 bytes in 1 blocks are still reachable in loss record 358 of 425
==5339==    at 0x73E1899: malloc (in /mnt/c/Users/guido/ghq/projects/rustdom/.tools/valgrind/usr/libexec/valgrind/vgpreload_memcheck-amd64-linux.so)
==5339==    by 0x1E098B0: CRYPTO_zalloc (in /mnt/c/Users/guido/AppData/Local/Temp/rustdom-pr54-abort-retention-e991d78927094e13876cb3cd1a13dacf/.tools/node-v24.20.0-linux-x64/bin/node)
==5339==    by 0x1CF5066: BIO_meth_new (in /mnt/c/Users/guido/AppData/Local/Temp/rustdom-pr54-abort-retention-e991d78927094e13876cb3cd1a13dacf/.tools/node-v24.20.0-linux-x64/bin/node)
==5339==    by 0xB8F22E: node::crypto::NodeBIO::GetMethod() (in /mnt/c/Users/guido/AppData/Local/Temp/rustdom-pr54-abort-retention-e991d78927094e13876cb3cd1a13dacf/.tools/node-v24.20.0-linux-x64/bin/node)
==5339==    by 0xB8F2E1: node::crypto::NodeBIO::NewFixed(char const*, unsigned long, node::Environment*) (in /mnt/c/Users/guido/AppData/Local/Temp/rustdom-pr54-abort-retention-e991d78927094e13876cb3cd1a13dacf/.tools/node-v24.20.0-linux-x64/bin/node)
==5339==    by 0xBB54DB: node::crypto::GetBundledRootCertificates() (in /mnt/c/Users/guido/AppData/Local/Temp/rustdom-pr54-abort-retention-e991d78927094e13876cb3cd1a13dacf/.tools/node-v24.20.0-linux-x64/bin/node)
==5339==    by 0xBBCCE1: node::crypto::LoadCACertificates(void*) (in /mnt/c/Users/guido/AppData/Local/Temp/rustdom-pr54-abort-retention-e991d78927094e13876cb3cd1a13dacf/.tools/node-v24.20.0-linux-x64/bin/node)
==5339==    by 0x77CDA82: start_thread (pthread_create.c:442)
==5339==    by 0x785EA93: clone (clone.S:100)
==5339== 
==5339== 120 bytes in 1 blocks are still reachable in loss record 359 of 425
==5339==    at 0x73E1899: malloc (in /mnt/c/Users/guido/ghq/projects/rustdom/.tools/valgrind/usr/libexec/valgrind/vgpreload_memcheck-amd64-linux.so)
==5339==    by 0x26DEB09: init_entry(char const*, char const*, UErrorCode*) (in /mnt/c/Users/guido/AppData/Local/Temp/rustdom-pr54-abort-retention-e991d78927094e13876cb3cd1a13dacf/.tools/node-v24.20.0-linux-x64/bin/node)
==5339==    by 0x26DFA7A: ures_openDirectFillIn_78 (in /mnt/c/Users/guido/AppData/Local/Temp/rustdom-pr54-abort-retention-e991d78927094e13876cb3cd1a13dacf/.tools/node-v24.20.0-linux-x64/bin/node)
==5339==    by 0x20ABD70: icu_78::TimeZone::getTZDataVersion(UErrorCode&) (in /mnt/c/Users/guido/AppData/Local/Temp/rustdom-pr54-abort-retention-e991d78927094e13876cb3cd1a13dacf/.tools/node-v24.20.0-linux-x64/bin/node)
==5339==    by 0x99B4CD: node::Metadata::Versions::InitializeIntlVersions() (in /mnt/c/Users/guido/AppData/Local/Temp/rustdom-pr54-abort-retention-e991d78927094e13876cb3cd1a13dacf/.tools/node-v24.20.0-linux-x64/bin/node)
==5339==    by 0x8C3FB9: node::InitializeNodeWithArgsInternal(std::vector<std::__cxx11::basic_string<char, std::char_traits<char>, std::allocator<char> >, std::allocator<std::__cxx11::basic_string<char, std::char_traits<char>, std::allocator<char> > > >*, std::vector<std::__cxx11::basic_string<char, std::char_traits<char>, std::allocator<char> >, std::allocator<std::__cxx11::basic_string<char, std::char_traits<char>, std::allocator<char> > > >*, std::vector<std::__cxx11::basic_string<char, std::char_traits<char>, std::allocator<char> >, std::allocator<std::__cxx11::basic_string<char, std::char_traits<char>, std::allocator<char> > > >*, node::ProcessInitializationFlags::Flags) (in /mnt/c/Users/guido/AppData/Local/Temp/rustdom-pr54-abort-retention-e991d78927094e13876cb3cd1a13dacf/.tools/node-v24.20.0-linux-x64/bin/node)
==5339==    by 0x8C61BE: node::InitializeOncePerProcessInternal(std::vector<std::__cxx11::basic_string<char, std::char_traits<char>, std::allocator<char> >, std::allocator<std::__cxx11::basic_string<char, std::char_traits<char>, std::allocator<char> > > > const&, node::ProcessInitializationFlags::Flags) (in /mnt/c/Users/guido/AppData/Local/Temp/rustdom-pr54-abort-retention-e991d78927094e13876cb3cd1a13dacf/.tools/node-v24.20.0-linux-x64/bin/node)
==5339==    by 0x8C6F7B: node::Start(int, char**) (in /mnt/c/Users/guido/AppData/Local/Temp/rustdom-pr54-abort-retention-e991d78927094e13876cb3cd1a13dacf/.tools/node-v24.20.0-linux-x64/bin/node)
==5339==    by 0x7762D8F: (below main) (libc_start_call_main.h:58)
==5339== 
==5339== 120 bytes in 1 blocks are still reachable in loss record 360 of 425
==5339==    at 0x73E1899: malloc (in /mnt/c/Users/guido/ghq/projects/rustdom/.tools/valgrind/usr/libexec/valgrind/vgpreload_memcheck-amd64-linux.so)
==5339==    by 0x26DEB09: init_entry(char const*, char const*, UErrorCode*) (in /mnt/c/Users/guido/AppData/Local/Temp/rustdom-pr54-abort-retention-e991d78927094e13876cb3cd1a13dacf/.tools/node-v24.20.0-linux-x64/bin/node)
==5339==    by 0x26DF719: ures_openDirect_78 (in /mnt/c/Users/guido/AppData/Local/Temp/rustdom-pr54-abort-retention-e991d78927094e13876cb3cd1a13dacf/.tools/node-v24.20.0-linux-x64/bin/node)
==5339==    by 0x20E34F1: ulocdata_getCLDRVersion_78 (in /mnt/c/Users/guido/AppData/Local/Temp/rustdom-pr54-abort-retention-e991d78927094e13876cb3cd1a13dacf/.tools/node-v24.20.0-linux-x64/bin/node)
==5339==    by 0x99B4E1: node::Metadata::Versions::InitializeIntlVersions() (in /mnt/c/Users/guido/AppData/Local/Temp/rustdom-pr54-abort-retention-e991d78927094e13876cb3cd1a13dacf/.tools/node-v24.20.0-linux-x64/bin/node)
==5339==    by 0x8C3FB9: node::InitializeNodeWithArgsInternal(std::vector<std::__cxx11::basic_string<char, std::char_traits<char>, std::allocator<char> >, std::allocator<std::__cxx11::basic_string<char, std::char_traits<char>, std::allocator<char> > > >*, std::vector<std::__cxx11::basic_string<char, std::char_traits<char>, std::allocator<char> >, std::allocator<std::__cxx11::basic_string<char, std::char_traits<char>, std::allocator<char> > > >*, std::vector<std::__cxx11::basic_string<char, std::char_traits<char>, std::allocator<char> >, std::allocator<std::__cxx11::basic_string<char, std::char_traits<char>, std::allocator<char> > > >*, node::ProcessInitializationFlags::Flags) (in /mnt/c/Users/guido/AppData/Local/Temp/rustdom-pr54-abort-retention-e991d78927094e13876cb3cd1a13dacf/.tools/node-v24.20.0-linux-x64/bin/node)
==5339==    by 0x8C61BE: node::InitializeOncePerProcessInternal(std::vector<std::__cxx11::basic_string<char, std::char_traits<char>, std::allocator<char> >, std::allocator<std::__cxx11::basic_string<char, std::char_traits<char>, std::allocator<char> > > > const&, node::ProcessInitializationFlags::Flags) (in /mnt/c/Users/guido/AppData/Local/Temp/rustdom-pr54-abort-retention-e991d78927094e13876cb3cd1a13dacf/.tools/node-v24.20.0-linux-x64/bin/node)
==5339==    by 0x8C6F7B: node::Start(int, char**) (in /mnt/c/Users/guido/AppData/Local/Temp/rustdom-pr54-abort-retention-e991d78927094e13876cb3cd1a13dacf/.tools/node-v24.20.0-linux-x64/bin/node)
==5339==    by 0x7762D8F: (below main) (libc_start_call_main.h:58)
==5339== 
==5339== 120 bytes in 1 blocks are still reachable in loss record 361 of 425
==5339==    at 0x73E1899: malloc (in /mnt/c/Users/guido/ghq/projects/rustdom/.tools/valgrind/usr/libexec/valgrind/vgpreload_memcheck-amd64-linux.so)
==5339==    by 0x26DEB09: init_entry(char const*, char const*, UErrorCode*) (in /mnt/c/Users/guido/AppData/Local/Temp/rustdom-pr54-abort-retention-e991d78927094e13876cb3cd1a13dacf/.tools/node-v24.20.0-linux-x64/bin/node)
==5339==    by 0x26DF719: ures_openDirect_78 (in /mnt/c/Users/guido/AppData/Local/Temp/rustdom-pr54-abort-retention-e991d78927094e13876cb3cd1a13dacf/.tools/node-v24.20.0-linux-x64/bin/node)
==5339==    by 0x21B2D8D: icu_78::ZoneMeta::getCanonicalCLDRID(icu_78::UnicodeString const&, UErrorCode&) (in /mnt/c/Users/guido/AppData/Local/Temp/rustdom-pr54-abort-retention-e991d78927094e13876cb3cd1a13dacf/.tools/node-v24.20.0-linux-x64/bin/node)
==5339==    by 0x2116C0A: icu_78::OlsonTimeZone::OlsonTimeZone(UResourceBundle const*, UResourceBundle const*, icu_78::UnicodeString const&, UErrorCode&) (in /mnt/c/Users/guido/AppData/Local/Temp/rustdom-pr54-abort-retention-e991d78927094e13876cb3cd1a13dacf/.tools/node-v24.20.0-linux-x64/bin/node)
==5339==    by 0x20A8599: icu_78::(anonymous namespace)::createSystemTimeZone(icu_78::UnicodeString const&, UErrorCode&) [clone .part.0] (in /mnt/c/Users/guido/AppData/Local/Temp/rustdom-pr54-abort-retention-e991d78927094e13876cb3cd1a13dacf/.tools/node-v24.20.0-linux-x64/bin/node)
==5339==    by 0x20A8D11: icu_78::TimeZone::detectHostTimeZone() (in /mnt/c/Users/guido/AppData/Local/Temp/rustdom-pr54-abort-retention-e991d78927094e13876cb3cd1a13dacf/.tools/node-v24.20.0-linux-x64/bin/node)
==5339==    by 0x20A8F04: icu_78::TimeZone::createDefault() (in /mnt/c/Users/guido/AppData/Local/Temp/rustdom-pr54-abort-retention-e991d78927094e13876cb3cd1a13dacf/.tools/node-v24.20.0-linux-x64/bin/node)
==5339==    by 0x11420B9: v8::internal::ICUTimezoneCache::LocalTimeOffset(double, bool) (in /mnt/c/Users/guido/AppData/Local/Temp/rustdom-pr54-abort-retention-e991d78927094e13876cb3cd1a13dacf/.tools/node-v24.20.0-linux-x64/bin/node)
==5339==    by 0xD66BC7: v8::internal::DateCache::GetLocalOffsetFromOS(long, bool) (in /mnt/c/Users/guido/AppData/Local/Temp/rustdom-pr54-abort-retention-e991d78927094e13876cb3cd1a13dacf/.tools/node-v24.20.0-linux-x64/bin/node)
==5339==    by 0xD67A35: v8::internal::DateCache::LocalOffsetInMs(long, bool) [clone .part.0] (in /mnt/c/Users/guido/AppData/Local/Temp/rustdom-pr54-abort-retention-e991d78927094e13876cb3cd1a13dacf/.tools/node-v24.20.0-linux-x64/bin/node)
==5339==    by 0x11B0925: v8::internal::JSDate::DoGetField(v8::internal::Isolate*, v8::internal::JSDate::FieldIndex) (in /mnt/c/Users/guido/AppData/Local/Temp/rustdom-pr54-abort-retention-e991d78927094e13876cb3cd1a13dacf/.tools/node-v24.20.0-linux-x64/bin/node)
==5339== 
==5339== 120 bytes in 1 blocks are still reachable in loss record 362 of 425
==5339==    at 0x73E1899: malloc (in /mnt/c/Users/guido/ghq/projects/rustdom/.tools/valgrind/usr/libexec/valgrind/vgpreload_memcheck-amd64-linux.so)
==5339==    by 0x26DEB09: init_entry(char const*, char const*, UErrorCode*) (in /mnt/c/Users/guido/AppData/Local/Temp/rustdom-pr54-abort-retention-e991d78927094e13876cb3cd1a13dacf/.tools/node-v24.20.0-linux-x64/bin/node)
==5339==    by 0x26E0E4D: ures_openWithType(UResourceBundle*, char const*, char const*, UResOpenType, UErrorCode*) (in /mnt/c/Users/guido/AppData/Local/Temp/rustdom-pr54-abort-retention-e991d78927094e13876cb3cd1a13dacf/.tools/node-v24.20.0-linux-x64/bin/node)
==5339==    by 0x26E16FF: (anonymous namespace)::getAliasTargetAsResourceBundle(ResourceData const&, unsigned int, char const*, int, UResourceDataEntry*, char const*, int, UResourceBundle*, UErrorCode*) (in /mnt/c/Users/guido/AppData/Local/Temp/rustdom-pr54-abort-retention-e991d78927094e13876cb3cd1a13dacf/.tools/node-v24.20.0-linux-x64/bin/node)
==5339==    by 0x26E3414: ures_getByKey_78 (in /mnt/c/Users/guido/AppData/Local/Temp/rustdom-pr54-abort-retention-e991d78927094e13876cb3cd1a13dacf/.tools/node-v24.20.0-linux-x64/bin/node)
==5339==    by 0x21B2DC4: icu_78::ZoneMeta::getCanonicalCLDRID(icu_78::UnicodeString const&, UErrorCode&) (in /mnt/c/Users/guido/AppData/Local/Temp/rustdom-pr54-abort-retention-e991d78927094e13876cb3cd1a13dacf/.tools/node-v24.20.0-linux-x64/bin/node)
==5339==    by 0x2116C0A: icu_78::OlsonTimeZone::OlsonTimeZone(UResourceBundle const*, UResourceBundle const*, icu_78::UnicodeString const&, UErrorCode&) (in /mnt/c/Users/guido/AppData/Local/Temp/rustdom-pr54-abort-retention-e991d78927094e13876cb3cd1a13dacf/.tools/node-v24.20.0-linux-x64/bin/node)
==5339==    by 0x20A8599: icu_78::(anonymous namespace)::createSystemTimeZone(icu_78::UnicodeString const&, UErrorCode&) [clone .part.0] (in /mnt/c/Users/guido/AppData/Local/Temp/rustdom-pr54-abort-retention-e991d78927094e13876cb3cd1a13dacf/.tools/node-v24.20.0-linux-x64/bin/node)
==5339==    by 0x20A8D11: icu_78::TimeZone::detectHostTimeZone() (in /mnt/c/Users/guido/AppData/Local/Temp/rustdom-pr54-abort-retention-e991d78927094e13876cb3cd1a13dacf/.tools/node-v24.20.0-linux-x64/bin/node)
==5339==    by 0x20A8F04: icu_78::TimeZone::createDefault() (in /mnt/c/Users/guido/AppData/Local/Temp/rustdom-pr54-abort-retention-e991d78927094e13876cb3cd1a13dacf/.tools/node-v24.20.0-linux-x64/bin/node)
==5339==    by 0x11420B9: v8::internal::ICUTimezoneCache::LocalTimeOffset(double, bool) (in /mnt/c/Users/guido/AppData/Local/Temp/rustdom-pr54-abort-retention-e991d78927094e13876cb3cd1a13dacf/.tools/node-v24.20.0-linux-x64/bin/node)
==5339==    by 0xD66BC7: v8::internal::DateCache::GetLocalOffsetFromOS(long, bool) (in /mnt/c/Users/guido/AppData/Local/Temp/rustdom-pr54-abort-retention-e991d78927094e13876cb3cd1a13dacf/.tools/node-v24.20.0-linux-x64/bin/node)
==5339== 
==5339== 128 bytes in 1 blocks are still reachable in loss record 363 of 425
==5339==    at 0x73E2013: operator new(unsigned long) (in /mnt/c/Users/guido/ghq/projects/rustdom/.tools/valgrind/usr/libexec/valgrind/vgpreload_memcheck-amd64-linux.so)
==5339==    by 0x9D4683: node::PerIsolatePlatformData::PerIsolatePlatformData(v8::Isolate*, uv_loop_s*, node::PlatformDebugLogLevel) (in /mnt/c/Users/guido/AppData/Local/Temp/rustdom-pr54-abort-retention-e991d78927094e13876cb3cd1a13dacf/.tools/node-v24.20.0-linux-x64/bin/node)
==5339==    by 0x9D726C: node::NodePlatform::RegisterIsolate(v8::Isolate*, uv_loop_s*) (in /mnt/c/Users/guido/AppData/Local/Temp/rustdom-pr54-abort-retention-e991d78927094e13876cb3cd1a13dacf/.tools/node-v24.20.0-linux-x64/bin/node)
==5339==    by 0x807AF8: node::NewIsolate(v8::Isolate::CreateParams*, uv_loop_s*, node::MultiIsolatePlatform*, node::SnapshotData const*, node::IsolateSettings const&) (in /mnt/c/Users/guido/AppData/Local/Temp/rustdom-pr54-abort-retention-e991d78927094e13876cb3cd1a13dacf/.tools/node-v24.20.0-linux-x64/bin/node)
==5339==    by 0x989AB8: node::NodeMainInstance::NodeMainInstance(node::SnapshotData const*, uv_loop_s*, node::MultiIsolatePlatform*, std::vector<std::__cxx11::basic_string<char, std::char_traits<char>, std::allocator<char> >, std::allocator<std::__cxx11::basic_string<char, std::char_traits<char>, std::allocator<char> > > > const&, std::vector<std::__cxx11::basic_string<char, std::char_traits<char>, std::allocator<char> >, std::allocator<std::__cxx11::basic_string<char, std::char_traits<char>, std::allocator<char> > > > const&) (in /mnt/c/Users/guido/AppData/Local/Temp/rustdom-pr54-abort-retention-e991d78927094e13876cb3cd1a13dacf/.tools/node-v24.20.0-linux-x64/bin/node)
==5339==    by 0x8C7198: node::Start(int, char**) (in /mnt/c/Users/guido/AppData/Local/Temp/rustdom-pr54-abort-retention-e991d78927094e13876cb3cd1a13dacf/.tools/node-v24.20.0-linux-x64/bin/node)
==5339==    by 0x7762D8F: (below main) (libc_start_call_main.h:58)
==5339== 
==5339== 148 bytes in 1 blocks are still reachable in loss record 364 of 425
==5339==    at 0x73E6CD3: realloc (in /mnt/c/Users/guido/ghq/projects/rustdom/.tools/valgrind/usr/libexec/valgrind/vgpreload_memcheck-amd64-linux.so)
==5339==    by 0x27334FF: icu_78::UnicodeSet::compact() (in /mnt/c/Users/guido/AppData/Local/Temp/rustdom-pr54-abort-retention-e991d78927094e13876cb3cd1a13dacf/.tools/node-v24.20.0-linux-x64/bin/node)
==5339==    by 0x2736121: icu_78::UnicodeSet::freeze() (in /mnt/c/Users/guido/AppData/Local/Temp/rustdom-pr54-abort-retention-e991d78927094e13876cb3cd1a13dacf/.tools/node-v24.20.0-linux-x64/bin/node)
==5339==    by 0x19953B1: v8::internal::BuildIgnoreSet() (in /mnt/c/Users/guido/AppData/Local/Temp/rustdom-pr54-abort-retention-e991d78927094e13876cb3cd1a13dacf/.tools/node-v24.20.0-linux-x64/bin/node)
==5339==    by 0x19953C8: v8::base::LazyInstanceImpl<v8::internal::IgnoreSetData, v8::base::StaticallyAllocatedInstanceTrait<v8::internal::IgnoreSetData>, v8::base::DefaultConstructTrait<v8::internal::IgnoreSetData>, v8::base::ThreadSafeInitOnceTrait, v8::base::LeakyInstanceTrait<v8::internal::IgnoreSetData> >::InitInstance(void*) (in /mnt/c/Users/guido/AppData/Local/Temp/rustdom-pr54-abort-retention-e991d78927094e13876cb3cd1a13dacf/.tools/node-v24.20.0-linux-x64/bin/node)
==5339==    by 0x27A547C: v8::base::CallOnceImpl(std::atomic<unsigned char>*, std::function<void ()>) (in /mnt/c/Users/guido/AppData/Local/Temp/rustdom-pr54-abort-retention-e991d78927094e13876cb3cd1a13dacf/.tools/node-v24.20.0-linux-x64/bin/node)
==5339==    by 0x1995422: v8::internal::RegExpCaseFolding::IgnoreSet() (in /mnt/c/Users/guido/AppData/Local/Temp/rustdom-pr54-abort-retention-e991d78927094e13876cb3cd1a13dacf/.tools/node-v24.20.0-linux-x64/bin/node)
==5339==    by 0x136F8C2: v8::internal::CharacterRange::AddCaseEquivalents(v8::internal::Isolate*, v8::internal::Zone*, v8::internal::ZoneList<v8::internal::CharacterRange>*, bool) (in /mnt/c/Users/guido/AppData/Local/Temp/rustdom-pr54-abort-retention-e991d78927094e13876cb3cd1a13dacf/.tools/node-v24.20.0-linux-x64/bin/node)
==5339==    by 0x1373A9C: v8::internal::TextNode::Accept(v8::internal::NodeVisitor*) (in /mnt/c/Users/guido/AppData/Local/Temp/rustdom-pr54-abort-retention-e991d78927094e13876cb3cd1a13dacf/.tools/node-v24.20.0-linux-x64/bin/node)
==5339==    by 0x137284D: v8::internal::ChoiceNode::Accept(v8::internal::NodeVisitor*) (in /mnt/c/Users/guido/AppData/Local/Temp/rustdom-pr54-abort-retention-e991d78927094e13876cb3cd1a13dacf/.tools/node-v24.20.0-linux-x64/bin/node)
==5339==    by 0x1372FA8: v8::internal::ActionNode::Accept(v8::internal::NodeVisitor*) (in /mnt/c/Users/guido/AppData/Local/Temp/rustdom-pr54-abort-retention-e991d78927094e13876cb3cd1a13dacf/.tools/node-v24.20.0-linux-x64/bin/node)
==5339==    by 0x1373337: v8::internal::LoopChoiceNode::Accept(v8::internal::NodeVisitor*) (in /mnt/c/Users/guido/AppData/Local/Temp/rustdom-pr54-abort-retention-e991d78927094e13876cb3cd1a13dacf/.tools/node-v24.20.0-linux-x64/bin/node)
==5339== 
==5339== 192 bytes in 1 blocks are still reachable in loss record 365 of 425
==5339==    at 0x73E2013: operator new(unsigned long) (in /mnt/c/Users/guido/ghq/projects/rustdom/.tools/valgrind/usr/libexec/valgrind/vgpreload_memcheck-amd64-linux.so)
==5339==    by 0x9D6AEC: node::PerIsolatePlatformData::PostDelayedTaskImpl(std::unique_ptr<v8::Task, std::default_delete<v8::Task> >, double, v8::SourceLocation const&) (in /mnt/c/Users/guido/AppData/Local/Temp/rustdom-pr54-abort-retention-e991d78927094e13876cb3cd1a13dacf/.tools/node-v24.20.0-linux-x64/bin/node)
==5339==    by 0xF802D9: v8::internal::MemoryReducer::ScheduleTimer(double) (in /mnt/c/Users/guido/AppData/Local/Temp/rustdom-pr54-abort-retention-e991d78927094e13876cb3cd1a13dacf/.tools/node-v24.20.0-linux-x64/bin/node)
==5339==    by 0xF80369: v8::internal::MemoryReducer::NotifyTimer(v8::internal::MemoryReducer::Event const&) (in /mnt/c/Users/guido/AppData/Local/Temp/rustdom-pr54-abort-retention-e991d78927094e13876cb3cd1a13dacf/.tools/node-v24.20.0-linux-x64/bin/node)
==5339==    by 0xF8065D: v8::internal::MemoryReducer::TimerTask::RunInternal() (in /mnt/c/Users/guido/AppData/Local/Temp/rustdom-pr54-abort-retention-e991d78927094e13876cb3cd1a13dacf/.tools/node-v24.20.0-linux-x64/bin/node)
==5339==    by 0x9D3173: node::PerIsolatePlatformData::RunForegroundTask(std::unique_ptr<v8::Task, std::default_delete<v8::Task> >) [clone .part.0] (in /mnt/c/Users/guido/AppData/Local/Temp/rustdom-pr54-abort-retention-e991d78927094e13876cb3cd1a13dacf/.tools/node-v24.20.0-linux-x64/bin/node)
==5339==    by 0x9D4A0F: node::PerIsolatePlatformData::RunForegroundTask(uv_timer_s*) (in /mnt/c/Users/guido/AppData/Local/Temp/rustdom-pr54-abort-retention-e991d78927094e13876cb3cd1a13dacf/.tools/node-v24.20.0-linux-x64/bin/node)
==5339==    by 0x19F87B3: uv__run_timers (timer.c:192)
==5339==    by 0x19FCF59: uv_run (core.c:478)
==5339==    by 0x803734: node::SpinEventLoopInternal(node::Environment*) (in /mnt/c/Users/guido/AppData/Local/Temp/rustdom-pr54-abort-retention-e991d78927094e13876cb3cd1a13dacf/.tools/node-v24.20.0-linux-x64/bin/node)
==5339==    by 0x989FC9: node::NodeMainInstance::Run() (in /mnt/c/Users/guido/AppData/Local/Temp/rustdom-pr54-abort-retention-e991d78927094e13876cb3cd1a13dacf/.tools/node-v24.20.0-linux-x64/bin/node)
==5339==    by 0x8C71A4: node::Start(int, char**) (in /mnt/c/Users/guido/AppData/Local/Temp/rustdom-pr54-abort-retention-e991d78927094e13876cb3cd1a13dacf/.tools/node-v24.20.0-linux-x64/bin/node)
==5339== 
==5339== 224 bytes in 1 blocks are still reachable in loss record 366 of 425
==5339==    at 0x73E1899: malloc (in /mnt/c/Users/guido/ghq/projects/rustdom/.tools/valgrind/usr/libexec/valgrind/vgpreload_memcheck-amd64-linux.so)
==5339==    by 0x20A8579: icu_78::(anonymous namespace)::createSystemTimeZone(icu_78::UnicodeString const&, UErrorCode&) [clone .part.0] (in /mnt/c/Users/guido/AppData/Local/Temp/rustdom-pr54-abort-retention-e991d78927094e13876cb3cd1a13dacf/.tools/node-v24.20.0-linux-x64/bin/node)
==5339==    by 0x20A8D11: icu_78::TimeZone::detectHostTimeZone() (in /mnt/c/Users/guido/AppData/Local/Temp/rustdom-pr54-abort-retention-e991d78927094e13876cb3cd1a13dacf/.tools/node-v24.20.0-linux-x64/bin/node)
==5339==    by 0x20A8F04: icu_78::TimeZone::createDefault() (in /mnt/c/Users/guido/AppData/Local/Temp/rustdom-pr54-abort-retention-e991d78927094e13876cb3cd1a13dacf/.tools/node-v24.20.0-linux-x64/bin/node)
==5339==    by 0x11420B9: v8::internal::ICUTimezoneCache::LocalTimeOffset(double, bool) (in /mnt/c/Users/guido/AppData/Local/Temp/rustdom-pr54-abort-retention-e991d78927094e13876cb3cd1a13dacf/.tools/node-v24.20.0-linux-x64/bin/node)
==5339==    by 0xD66BC7: v8::internal::DateCache::GetLocalOffsetFromOS(long, bool) (in /mnt/c/Users/guido/AppData/Local/Temp/rustdom-pr54-abort-retention-e991d78927094e13876cb3cd1a13dacf/.tools/node-v24.20.0-linux-x64/bin/node)
==5339==    by 0xD67A35: v8::internal::DateCache::LocalOffsetInMs(long, bool) [clone .part.0] (in /mnt/c/Users/guido/AppData/Local/Temp/rustdom-pr54-abort-retention-e991d78927094e13876cb3cd1a13dacf/.tools/node-v24.20.0-linux-x64/bin/node)
==5339==    by 0x11B0925: v8::internal::JSDate::DoGetField(v8::internal::Isolate*, v8::internal::JSDate::FieldIndex) (in /mnt/c/Users/guido/AppData/Local/Temp/rustdom-pr54-abort-retention-e991d78927094e13876cb3cd1a13dacf/.tools/node-v24.20.0-linux-x64/bin/node)
==5339==    by 0x11B0B88: v8::internal::JSDate::GetField(v8::internal::Isolate*, unsigned long, unsigned long) (in /mnt/c/Users/guido/AppData/Local/Temp/rustdom-pr54-abort-retention-e991d78927094e13876cb3cd1a13dacf/.tools/node-v24.20.0-linux-x64/bin/node)
==5339==    by 0x1A6894D: Builtins_DatePrototypeGetMonth (in /mnt/c/Users/guido/AppData/Local/Temp/rustdom-pr54-abort-retention-e991d78927094e13876cb3cd1a13dacf/.tools/node-v24.20.0-linux-x64/bin/node)
==5339==    by 0x1A24653: Builtins_InterpreterEntryTrampoline (in /mnt/c/Users/guido/AppData/Local/Temp/rustdom-pr54-abort-retention-e991d78927094e13876cb3cd1a13dacf/.tools/node-v24.20.0-linux-x64/bin/node)
==5339==    by 0x1A24653: Builtins_InterpreterEntryTrampoline (in /mnt/c/Users/guido/AppData/Local/Temp/rustdom-pr54-abort-retention-e991d78927094e13876cb3cd1a13dacf/.tools/node-v24.20.0-linux-x64/bin/node)
==5339== 
==5339== 256 bytes in 1 blocks are still reachable in loss record 367 of 425
==5339==    at 0x73E17A9: malloc (in /mnt/c/Users/guido/ghq/projects/rustdom/.tools/valgrind/usr/libexec/valgrind/vgpreload_memcheck-amd64-linux.so)
==5339==    by 0x19F8C7A: uv__realloc (uv-common.c:98)
==5339==    by 0x19F8C7A: uv__reallocf (uv-common.c:106)
==5339==    by 0x19FD4D1: maybe_resize (core.c:890)
==5339==    by 0x19FD4D1: uv__io_start (core.c:964)
==5339==    by 0x19FD4D1: uv__io_init_start (core.c:998)
==5339==    by 0x1A087F0: uv__signal_loop_once_init (signal.c:273)
==5339==    by 0x1A087F0: uv__signal_loop_once_init (signal.c:260)
==5339==    by 0x1A087F0: uv_signal_init (signal.c:344)
==5339==    by 0x1A06397: uv__process_init (process.c:84)
==5339==    by 0x1A0432F: uv_loop_init (loop.c:84)
==5339==    by 0x19FB169: uv_default_loop (uv-common.c:854)
==5339==    by 0x19FB169: uv_default_loop (uv-common.c:850)
==5339==    by 0x8C6FEE: node::Start(int, char**) (in /mnt/c/Users/guido/AppData/Local/Temp/rustdom-pr54-abort-retention-e991d78927094e13876cb3cd1a13dacf/.tools/node-v24.20.0-linux-x64/bin/node)
==5339==    by 0x7762D8F: (below main) (libc_start_call_main.h:58)
==5339== 
==5339== 276 bytes in 1 blocks are possibly lost in loss record 368 of 425
==5339==    at 0x73E1899: malloc (in /mnt/c/Users/guido/ghq/projects/rustdom/.tools/valgrind/usr/libexec/valgrind/vgpreload_memcheck-amd64-linux.so)
==5339==    by 0x231EE817: _RINvMsa_NtCsfBDUjroi3FF_9hashbrown3rawNtB6_13RawTableInner22fallible_with_capacityNtNtCs6i54tJFfzR_5alloc5alloc6GlobalECs4QMHp0v7l6B_4napi (in /home/guido/rustdom-selection-validation-cQnQbx/dist/rustdom.node)
==5339==    by 0x231ED055: _RINvMs6_NtCsfBDUjroi3FF_9hashbrown3rawINtB6_8RawTableTINtNtCsgxBkk5gSRhY_4core6option6OptionReENtNtNtCs4QMHp0v7l6B_4napi15bindgen_runtime15module_register17ClassRegistrationEE14reserve_rehashNCINvNtB8_3map11make_hasherBQ_B1v_NtCsip5QdaO9ESH_10rustc_hash13FxBuildHasherE0EB1B_ (in /home/guido/rustdom-selection-validation-cQnQbx/dist/rustdom.node)
==5339==    by 0x231F5098: _RNvNtNtCs4QMHp0v7l6B_4napi15bindgen_runtime15module_register14register_class (in /home/guido/rustdom-selection-validation-cQnQbx/dist/rustdom.node)
==5339==    by 0x2319BA00: _RNvNvNvNvNtNtNtCs3Ir8cfnU9oH_7rustdom3dom12blob_binding33___napi_helper__NativeBlobMetadata45___napi_register__NativeBlobMetadata_struct_231__18___CTOR_PRIVATE_REF14___ctor_private (in /home/guido/rustdom-selection-validation-cQnQbx/dist/rustdom.node)
==5339==    by 0x6B9F47D: call_init.part.0 (dl-init.c:70)
==5339==    by 0x6B9F567: call_init (dl-init.c:33)
==5339==    by 0x6B9F567: _dl_init (dl-init.c:117)
==5339==    by 0x78ADBB4: _dl_catch_exception (dl-error-skeleton.c:182)
==5339==    by 0x6BA6FF5: dl_open_worker (dl-open.c:808)
==5339==    by 0x6BA6FF5: dl_open_worker (dl-open.c:771)
==5339==    by 0x78ADB57: _dl_catch_exception (dl-error-skeleton.c:208)
==5339==    by 0x6BA734D: _dl_open (dl-open.c:883)
==5339==    by 0x77C95FB: dlopen_doit (dlopen.c:56)
==5339== 
==5339== 276 bytes in 1 blocks are possibly lost in loss record 369 of 425
==5339==    at 0x73E1899: malloc (in /mnt/c/Users/guido/ghq/projects/rustdom/.tools/valgrind/usr/libexec/valgrind/vgpreload_memcheck-amd64-linux.so)
==5339==    by 0x231EE817: _RINvMsa_NtCsfBDUjroi3FF_9hashbrown3rawNtB6_13RawTableInner22fallible_with_capacityNtNtCs6i54tJFfzR_5alloc5alloc6GlobalECs4QMHp0v7l6B_4napi (in /home/guido/rustdom-selection-validation-cQnQbx/dist/rustdom.node)
==5339==    by 0x231ED055: _RINvMs6_NtCsfBDUjroi3FF_9hashbrown3rawINtB6_8RawTableTINtNtCsgxBkk5gSRhY_4core6option6OptionReENtNtNtCs4QMHp0v7l6B_4napi15bindgen_runtime15module_register17ClassRegistrationEE14reserve_rehashNCINvNtB8_3map11make_hasherBQ_B1v_NtCsip5QdaO9ESH_10rustc_hash13FxBuildHasherE0EB1B_ (in /home/guido/rustdom-selection-validation-cQnQbx/dist/rustdom.node)
==5339==    by 0x231F5098: _RNvNtNtCs4QMHp0v7l6B_4napi15bindgen_runtime15module_register14register_class (in /home/guido/rustdom-selection-validation-cQnQbx/dist/rustdom.node)
==5339==    by 0x2319C720: _RNvNvNvNvNtNtNtCs3Ir8cfnU9oH_7rustdom3dom16dom_rect_binding28___napi_helper__NativeDomRect40___napi_register__NativeDomRect_struct_361__18___CTOR_PRIVATE_REF14___ctor_private (in /home/guido/rustdom-selection-validation-cQnQbx/dist/rustdom.node)
==5339==    by 0x6B9F47D: call_init.part.0 (dl-init.c:70)
==5339==    by 0x6B9F567: call_init (dl-init.c:33)
==5339==    by 0x6B9F567: _dl_init (dl-init.c:117)
==5339==    by 0x78ADBB4: _dl_catch_exception (dl-error-skeleton.c:182)
==5339==    by 0x6BA6FF5: dl_open_worker (dl-open.c:808)
==5339==    by 0x6BA6FF5: dl_open_worker (dl-open.c:771)
==5339==    by 0x78ADB57: _dl_catch_exception (dl-error-skeleton.c:208)
==5339==    by 0x6BA734D: _dl_open (dl-open.c:883)
==5339==    by 0x77C95FB: dlopen_doit (dlopen.c:56)
==5339== 
==5339== 276 bytes in 1 blocks are possibly lost in loss record 370 of 425
==5339==    at 0x73E1899: malloc (in /mnt/c/Users/guido/ghq/projects/rustdom/.tools/valgrind/usr/libexec/valgrind/vgpreload_memcheck-amd64-linux.so)
==5339==    by 0x231EE817: _RINvMsa_NtCsfBDUjroi3FF_9hashbrown3rawNtB6_13RawTableInner22fallible_with_capacityNtNtCs6i54tJFfzR_5alloc5alloc6GlobalECs4QMHp0v7l6B_4napi (in /home/guido/rustdom-selection-validation-cQnQbx/dist/rustdom.node)
==5339==    by 0x231ED055: _RINvMs6_NtCsfBDUjroi3FF_9hashbrown3rawINtB6_8RawTableTINtNtCsgxBkk5gSRhY_4core6option6OptionReENtNtNtCs4QMHp0v7l6B_4napi15bindgen_runtime15module_register17ClassRegistrationEE14reserve_rehashNCINvNtB8_3map11make_hasherBQ_B1v_NtCsip5QdaO9ESH_10rustc_hash13FxBuildHasherE0EB1B_ (in /home/guido/rustdom-selection-validation-cQnQbx/dist/rustdom.node)
==5339==    by 0x231F5098: _RNvNtNtCs4QMHp0v7l6B_4napi15bindgen_runtime15module_register14register_class (in /home/guido/rustdom-selection-validation-cQnQbx/dist/rustdom.node)
==5339==    by 0x2319DE80: _RNvNvNvNvNtNtNtCs3Ir8cfnU9oH_7rustdom3dom17form_data_binding36___napi_helper__NativeFormDataEntries49___napi_register__NativeFormDataEntries_struct_1211__18___CTOR_PRIVATE_REF14___ctor_private (in /home/guido/rustdom-selection-validation-cQnQbx/dist/rustdom.node)
==5339==    by 0x6B9F47D: call_init.part.0 (dl-init.c:70)
==5339==    by 0x6B9F567: call_init (dl-init.c:33)
==5339==    by 0x6B9F567: _dl_init (dl-init.c:117)
==5339==    by 0x78ADBB4: _dl_catch_exception (dl-error-skeleton.c:182)
==5339==    by 0x6BA6FF5: dl_open_worker (dl-open.c:808)
==5339==    by 0x6BA6FF5: dl_open_worker (dl-open.c:771)
==5339==    by 0x78ADB57: _dl_catch_exception (dl-error-skeleton.c:208)
==5339==    by 0x6BA734D: _dl_open (dl-open.c:883)
==5339==    by 0x77C95FB: dlopen_doit (dlopen.c:56)
==5339== 
==5339== 276 bytes in 1 blocks are possibly lost in loss record 371 of 425
==5339==    at 0x73E1899: malloc (in /mnt/c/Users/guido/ghq/projects/rustdom/.tools/valgrind/usr/libexec/valgrind/vgpreload_memcheck-amd64-linux.so)
==5339==    by 0x231EE817: _RINvMsa_NtCsfBDUjroi3FF_9hashbrown3rawNtB6_13RawTableInner22fallible_with_capacityNtNtCs6i54tJFfzR_5alloc5alloc6GlobalECs4QMHp0v7l6B_4napi (in /home/guido/rustdom-selection-validation-cQnQbx/dist/rustdom.node)
==5339==    by 0x231ED055: _RINvMs6_NtCsfBDUjroi3FF_9hashbrown3rawINtB6_8RawTableTINtNtCsgxBkk5gSRhY_4core6option6OptionReENtNtNtCs4QMHp0v7l6B_4napi15bindgen_runtime15module_register17ClassRegistrationEE14reserve_rehashNCINvNtB8_3map11make_hasherBQ_B1v_NtCsip5QdaO9ESH_10rustc_hash13FxBuildHasherE0EB1B_ (in /home/guido/rustdom-selection-validation-cQnQbx/dist/rustdom.node)
==5339==    by 0x231F5098: _RNvNtNtCs4QMHp0v7l6B_4napi15bindgen_runtime15module_register14register_class (in /home/guido/rustdom-selection-validation-cQnQbx/dist/rustdom.node)
==5339==    by 0x2319FF10: _RNvNvNvNvNtNtNtCs3Ir8cfnU9oH_7rustdom3dom17selection_binding35___napi_helper__NativeSelectionState48___napi_register__NativeSelectionState_struct_2241__18___CTOR_PRIVATE_REF14___ctor_private (in /home/guido/rustdom-selection-validation-cQnQbx/dist/rustdom.node)
==5339==    by 0x6B9F47D: call_init.part.0 (dl-init.c:70)
==5339==    by 0x6B9F567: call_init (dl-init.c:33)
==5339==    by 0x6B9F567: _dl_init (dl-init.c:117)
==5339==    by 0x78ADBB4: _dl_catch_exception (dl-error-skeleton.c:182)
==5339==    by 0x6BA6FF5: dl_open_worker (dl-open.c:808)
==5339==    by 0x6BA6FF5: dl_open_worker (dl-open.c:771)
==5339==    by 0x78ADB57: _dl_catch_exception (dl-error-skeleton.c:208)
==5339==    by 0x6BA734D: _dl_open (dl-open.c:883)
==5339==    by 0x77C95FB: dlopen_doit (dlopen.c:56)
==5339== 
==5339== 276 bytes in 1 blocks are possibly lost in loss record 372 of 425
==5339==    at 0x73E1899: malloc (in /mnt/c/Users/guido/ghq/projects/rustdom/.tools/valgrind/usr/libexec/valgrind/vgpreload_memcheck-amd64-linux.so)
==5339==    by 0x231EE817: _RINvMsa_NtCsfBDUjroi3FF_9hashbrown3rawNtB6_13RawTableInner22fallible_with_capacityNtNtCs6i54tJFfzR_5alloc5alloc6GlobalECs4QMHp0v7l6B_4napi (in /home/guido/rustdom-selection-validation-cQnQbx/dist/rustdom.node)
==5339==    by 0x231ED055: _RINvMs6_NtCsfBDUjroi3FF_9hashbrown3rawINtB6_8RawTableTINtNtCsgxBkk5gSRhY_4core6option6OptionReENtNtNtCs4QMHp0v7l6B_4napi15bindgen_runtime15module_register17ClassRegistrationEE14reserve_rehashNCINvNtB8_3map11make_hasherBQ_B1v_NtCsip5QdaO9ESH_10rustc_hash13FxBuildHasherE0EB1B_ (in /home/guido/rustdom-selection-validation-cQnQbx/dist/rustdom.node)
==5339==    by 0x231F5098: _RNvNtNtCs4QMHp0v7l6B_4napi15bindgen_runtime15module_register14register_class (in /home/guido/rustdom-selection-validation-cQnQbx/dist/rustdom.node)
==5339==    by 0x231A1050: _RNvNvNvNvNtNtNtCs3Ir8cfnU9oH_7rustdom3dom18token_list_binding29___napi_helper__NativeTokenSet42___napi_register__NativeTokenSet_struct_2571__18___CTOR_PRIVATE_REF14___ctor_private (in /home/guido/rustdom-selection-validation-cQnQbx/dist/rustdom.node)
==5339==    by 0x6B9F47D: call_init.part.0 (dl-init.c:70)
==5339==    by 0x6B9F567: call_init (dl-init.c:33)
==5339==    by 0x6B9F567: _dl_init (dl-init.c:117)
==5339==    by 0x78ADBB4: _dl_catch_exception (dl-error-skeleton.c:182)
==5339==    by 0x6BA6FF5: dl_open_worker (dl-open.c:808)
==5339==    by 0x6BA6FF5: dl_open_worker (dl-open.c:771)
==5339==    by 0x78ADB57: _dl_catch_exception (dl-error-skeleton.c:208)
==5339==    by 0x6BA734D: _dl_open (dl-open.c:883)
==5339==    by 0x77C95FB: dlopen_doit (dlopen.c:56)
==5339== 
==5339== 276 bytes in 1 blocks are possibly lost in loss record 373 of 425
==5339==    at 0x73E1899: malloc (in /mnt/c/Users/guido/ghq/projects/rustdom/.tools/valgrind/usr/libexec/valgrind/vgpreload_memcheck-amd64-linux.so)
==5339==    by 0x231EE817: _RINvMsa_NtCsfBDUjroi3FF_9hashbrown3rawNtB6_13RawTableInner22fallible_with_capacityNtNtCs6i54tJFfzR_5alloc5alloc6GlobalECs4QMHp0v7l6B_4napi (in /home/guido/rustdom-selection-validation-cQnQbx/dist/rustdom.node)
==5339==    by 0x231ED055: _RINvMs6_NtCsfBDUjroi3FF_9hashbrown3rawINtB6_8RawTableTINtNtCsgxBkk5gSRhY_4core6option6OptionReENtNtNtCs4QMHp0v7l6B_4napi15bindgen_runtime15module_register17ClassRegistrationEE14reserve_rehashNCINvNtB8_3map11make_hasherBQ_B1v_NtCsip5QdaO9ESH_10rustc_hash13FxBuildHasherE0EB1B_ (in /home/guido/rustdom-selection-validation-cQnQbx/dist/rustdom.node)
==5339==    by 0x231F5098: _RNvNtNtCs4QMHp0v7l6B_4napi15bindgen_runtime15module_register14register_class (in /home/guido/rustdom-selection-validation-cQnQbx/dist/rustdom.node)
==5339==    by 0x231A10B0: _RNvNvNvNvNtNtNtCs3Ir8cfnU9oH_7rustdom3dom18token_list_binding30___napi_helper__NativeTokenList43___napi_register__NativeTokenList_struct_2561__18___CTOR_PRIVATE_REF14___ctor_private (in /home/guido/rustdom-selection-validation-cQnQbx/dist/rustdom.node)
==5339==    by 0x6B9F47D: call_init.part.0 (dl-init.c:70)
==5339==    by 0x6B9F567: call_init (dl-init.c:33)
==5339==    by 0x6B9F567: _dl_init (dl-init.c:117)
==5339==    by 0x78ADBB4: _dl_catch_exception (dl-error-skeleton.c:182)
==5339==    by 0x6BA6FF5: dl_open_worker (dl-open.c:808)
==5339==    by 0x6BA6FF5: dl_open_worker (dl-open.c:771)
==5339==    by 0x78ADB57: _dl_catch_exception (dl-error-skeleton.c:208)
==5339==    by 0x6BA734D: _dl_open (dl-open.c:883)
==5339==    by 0x77C95FB: dlopen_doit (dlopen.c:56)
==5339== 
==5339== 276 bytes in 1 blocks are possibly lost in loss record 374 of 425
==5339==    at 0x73E1899: malloc (in /mnt/c/Users/guido/ghq/projects/rustdom/.tools/valgrind/usr/libexec/valgrind/vgpreload_memcheck-amd64-linux.so)
==5339==    by 0x231EE817: _RINvMsa_NtCsfBDUjroi3FF_9hashbrown3rawNtB6_13RawTableInner22fallible_with_capacityNtNtCs6i54tJFfzR_5alloc5alloc6GlobalECs4QMHp0v7l6B_4napi (in /home/guido/rustdom-selection-validation-cQnQbx/dist/rustdom.node)
==5339==    by 0x231ED055: _RINvMs6_NtCsfBDUjroi3FF_9hashbrown3rawINtB6_8RawTableTINtNtCsgxBkk5gSRhY_4core6option6OptionReENtNtNtCs4QMHp0v7l6B_4napi15bindgen_runtime15module_register17ClassRegistrationEE14reserve_rehashNCINvNtB8_3map11make_hasherBQ_B1v_NtCsip5QdaO9ESH_10rustc_hash13FxBuildHasherE0EB1B_ (in /home/guido/rustdom-selection-validation-cQnQbx/dist/rustdom.node)
==5339==    by 0x231F5098: _RNvNtNtCs4QMHp0v7l6B_4napi15bindgen_runtime15module_register14register_class (in /home/guido/rustdom-selection-validation-cQnQbx/dist/rustdom.node)
==5339==    by 0x231A1FA0: _RNvNvNvNvNtNtNtCs3Ir8cfnU9oH_7rustdom3dom19abort_state_binding31___napi_helper__NativeAbortState42___napi_register__NativeAbortState_struct_31__18___CTOR_PRIVATE_REF14___ctor_private (in /home/guido/rustdom-selection-validation-cQnQbx/dist/rustdom.node)
==5339==    by 0x6B9F47D: call_init.part.0 (dl-init.c:70)
==5339==    by 0x6B9F567: call_init (dl-init.c:33)
==5339==    by 0x6B9F567: _dl_init (dl-init.c:117)
==5339==    by 0x78ADBB4: _dl_catch_exception (dl-error-skeleton.c:182)
==5339==    by 0x6BA6FF5: dl_open_worker (dl-open.c:808)
==5339==    by 0x6BA6FF5: dl_open_worker (dl-open.c:771)
==5339==    by 0x78ADB57: _dl_catch_exception (dl-error-skeleton.c:208)
==5339==    by 0x6BA734D: _dl_open (dl-open.c:883)
==5339==    by 0x77C95FB: dlopen_doit (dlopen.c:56)
==5339== 
==5339== 276 bytes in 1 blocks are possibly lost in loss record 375 of 425
==5339==    at 0x73E1899: malloc (in /mnt/c/Users/guido/ghq/projects/rustdom/.tools/valgrind/usr/libexec/valgrind/vgpreload_memcheck-amd64-linux.so)
==5339==    by 0x231EE817: _RINvMsa_NtCsfBDUjroi3FF_9hashbrown3rawNtB6_13RawTableInner22fallible_with_capacityNtNtCs6i54tJFfzR_5alloc5alloc6GlobalECs4QMHp0v7l6B_4napi (in /home/guido/rustdom-selection-validation-cQnQbx/dist/rustdom.node)
==5339==    by 0x231ED055: _RINvMs6_NtCsfBDUjroi3FF_9hashbrown3rawINtB6_8RawTableTINtNtCsgxBkk5gSRhY_4core6option6OptionReENtNtNtCs4QMHp0v7l6B_4napi15bindgen_runtime15module_register17ClassRegistrationEE14reserve_rehashNCINvNtB8_3map11make_hasherBQ_B1v_NtCsip5QdaO9ESH_10rustc_hash13FxBuildHasherE0EB1B_ (in /home/guido/rustdom-selection-validation-cQnQbx/dist/rustdom.node)
==5339==    by 0x231F5098: _RNvNtNtCs4QMHp0v7l6B_4napi15bindgen_runtime15module_register14register_class (in /home/guido/rustdom-selection-validation-cQnQbx/dist/rustdom.node)
==5339==    by 0x231A3DD0: _RNvNvNvNvNtNtNtCs3Ir8cfnU9oH_7rustdom3dom19event_state_binding31___napi_helper__NativeEventState43___napi_register__NativeEventState_struct_751__18___CTOR_PRIVATE_REF14___ctor_private (in /home/guido/rustdom-selection-validation-cQnQbx/dist/rustdom.node)
==5339==    by 0x6B9F47D: call_init.part.0 (dl-init.c:70)
==5339==    by 0x6B9F567: call_init (dl-init.c:33)
==5339==    by 0x6B9F567: _dl_init (dl-init.c:117)
==5339==    by 0x78ADBB4: _dl_catch_exception (dl-error-skeleton.c:182)
==5339==    by 0x6BA6FF5: dl_open_worker (dl-open.c:808)
==5339==    by 0x6BA6FF5: dl_open_worker (dl-open.c:771)
==5339==    by 0x78ADB57: _dl_catch_exception (dl-error-skeleton.c:208)
==5339==    by 0x6BA734D: _dl_open (dl-open.c:883)
==5339==    by 0x77C95FB: dlopen_doit (dlopen.c:56)
==5339== 
==5339== 276 bytes in 1 blocks are possibly lost in loss record 376 of 425
==5339==    at 0x73E1899: malloc (in /mnt/c/Users/guido/ghq/projects/rustdom/.tools/valgrind/usr/libexec/valgrind/vgpreload_memcheck-amd64-linux.so)
==5339==    by 0x231EE817: _RINvMsa_NtCsfBDUjroi3FF_9hashbrown3rawNtB6_13RawTableInner22fallible_with_capacityNtNtCs6i54tJFfzR_5alloc5alloc6GlobalECs4QMHp0v7l6B_4napi (in /home/guido/rustdom-selection-validation-cQnQbx/dist/rustdom.node)
==5339==    by 0x231ED055: _RINvMs6_NtCsfBDUjroi3FF_9hashbrown3rawINtB6_8RawTableTINtNtCsgxBkk5gSRhY_4core6option6OptionReENtNtNtCs4QMHp0v7l6B_4napi15bindgen_runtime15module_register17ClassRegistrationEE14reserve_rehashNCINvNtB8_3map11make_hasherBQ_B1v_NtCsip5QdaO9ESH_10rustc_hash13FxBuildHasherE0EB1B_ (in /home/guido/rustdom-selection-validation-cQnQbx/dist/rustdom.node)
==5339==    by 0x231F5098: _RNvNtNtCs4QMHp0v7l6B_4napi15bindgen_runtime15module_register14register_class (in /home/guido/rustdom-selection-validation-cQnQbx/dist/rustdom.node)
==5339==    by 0x231A73B0: _RNvNvNvNvNtNtNtCs3Ir8cfnU9oH_7rustdom3dom19file_reader_binding36___napi_helper__NativeFileReaderState49___napi_register__NativeFileReaderState_struct_1071__18___CTOR_PRIVATE_REF14___ctor_private (in /home/guido/rustdom-selection-validation-cQnQbx/dist/rustdom.node)
==5339==    by 0x6B9F47D: call_init.part.0 (dl-init.c:70)
==5339==    by 0x6B9F567: call_init (dl-init.c:33)
==5339==    by 0x6B9F567: _dl_init (dl-init.c:117)
==5339==    by 0x78ADBB4: _dl_catch_exception (dl-error-skeleton.c:182)
==5339==    by 0x6BA6FF5: dl_open_worker (dl-open.c:808)
==5339==    by 0x6BA6FF5: dl_open_worker (dl-open.c:771)
==5339==    by 0x78ADB57: _dl_catch_exception (dl-error-skeleton.c:208)
==5339==    by 0x6BA734D: _dl_open (dl-open.c:883)
==5339==    by 0x77C95FB: dlopen_doit (dlopen.c:56)
==5339== 
==5339== 276 bytes in 1 blocks are possibly lost in loss record 377 of 425
==5339==    at 0x73E1899: malloc (in /mnt/c/Users/guido/ghq/projects/rustdom/.tools/valgrind/usr/libexec/valgrind/vgpreload_memcheck-amd64-linux.so)
==5339==    by 0x231EE817: _RINvMsa_NtCsfBDUjroi3FF_9hashbrown3rawNtB6_13RawTableInner22fallible_with_capacityNtNtCs6i54tJFfzR_5alloc5alloc6GlobalECs4QMHp0v7l6B_4napi (in /home/guido/rustdom-selection-validation-cQnQbx/dist/rustdom.node)
==5339==    by 0x231ED055: _RINvMs6_NtCsfBDUjroi3FF_9hashbrown3rawINtB6_8RawTableTINtNtCsgxBkk5gSRhY_4core6option6OptionReENtNtNtCs4QMHp0v7l6B_4napi15bindgen_runtime15module_register17ClassRegistrationEE14reserve_rehashNCINvNtB8_3map11make_hasherBQ_B1v_NtCsip5QdaO9ESH_10rustc_hash13FxBuildHasherE0EB1B_ (in /home/guido/rustdom-selection-validation-cQnQbx/dist/rustdom.node)
==5339==    by 0x231F5098: _RNvNtNtCs4QMHp0v7l6B_4napi15bindgen_runtime15module_register14register_class (in /home/guido/rustdom-selection-validation-cQnQbx/dist/rustdom.node)
==5339==    by 0x231A82E0: _RNvNvNvNvNtNtNtCs3Ir8cfnU9oH_7rustdom3dom19range_clone_binding31___napi_helper__NativeRangeClone44___napi_register__NativeRangeClone_struct_1801__18___CTOR_PRIVATE_REF14___ctor_private (in /home/guido/rustdom-selection-validation-cQnQbx/dist/rustdom.node)
==5339==    by 0x6B9F47D: call_init.part.0 (dl-init.c:70)
==5339==    by 0x6B9F567: call_init (dl-init.c:33)
==5339==    by 0x6B9F567: _dl_init (dl-init.c:117)
==5339==    by 0x78ADBB4: _dl_catch_exception (dl-error-skeleton.c:182)
==5339==    by 0x6BA6FF5: dl_open_worker (dl-open.c:808)
==5339==    by 0x6BA6FF5: dl_open_worker (dl-open.c:771)
==5339==    by 0x78ADB57: _dl_catch_exception (dl-error-skeleton.c:208)
==5339==    by 0x6BA734D: _dl_open (dl-open.c:883)
==5339==    by 0x77C95FB: dlopen_doit (dlopen.c:56)
==5339== 
==5339== 276 bytes in 1 blocks are possibly lost in loss record 378 of 425
==5339==    at 0x73E1899: malloc (in /mnt/c/Users/guido/ghq/projects/rustdom/.tools/valgrind/usr/libexec/valgrind/vgpreload_memcheck-amd64-linux.so)
==5339==    by 0x231EE817: _RINvMsa_NtCsfBDUjroi3FF_9hashbrown3rawNtB6_13RawTableInner22fallible_with_capacityNtNtCs6i54tJFfzR_5alloc5alloc6GlobalECs4QMHp0v7l6B_4napi (in /home/guido/rustdom-selection-validation-cQnQbx/dist/rustdom.node)
==5339==    by 0x231ED055: _RINvMs6_NtCsfBDUjroi3FF_9hashbrown3rawINtB6_8RawTableTINtNtCsgxBkk5gSRhY_4core6option6OptionReENtNtNtCs4QMHp0v7l6B_4napi15bindgen_runtime15module_register17ClassRegistrationEE14reserve_rehashNCINvNtB8_3map11make_hasherBQ_B1v_NtCsip5QdaO9ESH_10rustc_hash13FxBuildHasherE0EB1B_ (in /home/guido/rustdom-selection-validation-cQnQbx/dist/rustdom.node)
==5339==    by 0x231F5098: _RNvNtNtCs4QMHp0v7l6B_4napi15bindgen_runtime15module_register14register_class (in /home/guido/rustdom-selection-validation-cQnQbx/dist/rustdom.node)
==5339==    by 0x231A8BB0: _RNvNvNvNvNtNtNtCs3Ir8cfnU9oH_7rustdom3dom19range_state_binding26___napi_helper__NativeRange39___napi_register__NativeRange_struct_2001__18___CTOR_PRIVATE_REF14___ctor_private (in /home/guido/rustdom-selection-validation-cQnQbx/dist/rustdom.node)
==5339==    by 0x6B9F47D: call_init.part.0 (dl-init.c:70)
==5339==    by 0x6B9F567: call_init (dl-init.c:33)
==5339==    by 0x6B9F567: _dl_init (dl-init.c:117)
==5339==    by 0x78ADBB4: _dl_catch_exception (dl-error-skeleton.c:182)
==5339==    by 0x6BA6FF5: dl_open_worker (dl-open.c:808)
==5339==    by 0x6BA6FF5: dl_open_worker (dl-open.c:771)
==5339==    by 0x78ADB57: _dl_catch_exception (dl-error-skeleton.c:208)
==5339==    by 0x6BA734D: _dl_open (dl-open.c:883)
==5339==    by 0x77C95FB: dlopen_doit (dlopen.c:56)
==5339== 
==5339== 276 bytes in 1 blocks are possibly lost in loss record 379 of 425
==5339==    at 0x73E1899: malloc (in /mnt/c/Users/guido/ghq/projects/rustdom/.tools/valgrind/usr/libexec/valgrind/vgpreload_memcheck-amd64-linux.so)
==5339==    by 0x231EE817: _RINvMsa_NtCsfBDUjroi3FF_9hashbrown3rawNtB6_13RawTableInner22fallible_with_capacityNtNtCs6i54tJFfzR_5alloc5alloc6GlobalECs4QMHp0v7l6B_4napi (in /home/guido/rustdom-selection-validation-cQnQbx/dist/rustdom.node)
==5339==    by 0x231ED055: _RINvMs6_NtCsfBDUjroi3FF_9hashbrown3rawINtB6_8RawTableTINtNtCsgxBkk5gSRhY_4core6option6OptionReENtNtNtCs4QMHp0v7l6B_4napi15bindgen_runtime15module_register17ClassRegistrationEE14reserve_rehashNCINvNtB8_3map11make_hasherBQ_B1v_NtCsip5QdaO9ESH_10rustc_hash13FxBuildHasherE0EB1B_ (in /home/guido/rustdom-selection-validation-cQnQbx/dist/rustdom.node)
==5339==    by 0x231F5098: _RNvNtNtCs4QMHp0v7l6B_4napi15bindgen_runtime15module_register14register_class (in /home/guido/rustdom-selection-validation-cQnQbx/dist/rustdom.node)
==5339==    by 0x231AB920: _RNvNvNvNvNtNtNtCs3Ir8cfnU9oH_7rustdom3dom19tree_cursor_binding30___napi_helper__NativeTraversal43___napi_register__NativeTraversal_struct_4491__18___CTOR_PRIVATE_REF14___ctor_private (in /home/guido/rustdom-selection-validation-cQnQbx/dist/rustdom.node)
==5339==    by 0x6B9F47D: call_init.part.0 (dl-init.c:70)
==5339==    by 0x6B9F567: call_init (dl-init.c:33)
==5339==    by 0x6B9F567: _dl_init (dl-init.c:117)
==5339==    by 0x78ADBB4: _dl_catch_exception (dl-error-skeleton.c:182)
==5339==    by 0x6BA6FF5: dl_open_worker (dl-open.c:808)
==5339==    by 0x6BA6FF5: dl_open_worker (dl-open.c:771)
==5339==    by 0x78ADB57: _dl_catch_exception (dl-error-skeleton.c:208)
==5339==    by 0x6BA734D: _dl_open (dl-open.c:883)
==5339==    by 0x77C95FB: dlopen_doit (dlopen.c:56)
==5339== 
==5339== 276 bytes in 1 blocks are possibly lost in loss record 380 of 425
==5339==    at 0x73E1899: malloc (in /mnt/c/Users/guido/ghq/projects/rustdom/.tools/valgrind/usr/libexec/valgrind/vgpreload_memcheck-amd64-linux.so)
==5339==    by 0x231EE817: _RINvMsa_NtCsfBDUjroi3FF_9hashbrown3rawNtB6_13RawTableInner22fallible_with_capacityNtNtCs6i54tJFfzR_5alloc5alloc6GlobalECs4QMHp0v7l6B_4napi (in /home/guido/rustdom-selection-validation-cQnQbx/dist/rustdom.node)
==5339==    by 0x231ED055: _RINvMs6_NtCsfBDUjroi3FF_9hashbrown3rawINtB6_8RawTableTINtNtCsgxBkk5gSRhY_4core6option6OptionReENtNtNtCs4QMHp0v7l6B_4napi15bindgen_runtime15module_register17ClassRegistrationEE14reserve_rehashNCINvNtB8_3map11make_hasherBQ_B1v_NtCsip5QdaO9ESH_10rustc_hash13FxBuildHasherE0EB1B_ (in /home/guido/rustdom-selection-validation-cQnQbx/dist/rustdom.node)
==5339==    by 0x231F5098: _RNvNtNtCs4QMHp0v7l6B_4napi15bindgen_runtime15module_register14register_class (in /home/guido/rustdom-selection-validation-cQnQbx/dist/rustdom.node)
==5339==    by 0x231AC3E0: _RNvNvNvNvNtNtNtCs3Ir8cfnU9oH_7rustdom3dom19tree_cursor_binding39___napi_helper__NativeTraversalOperation52___napi_register__NativeTraversalOperation_struct_4501__18___CTOR_PRIVATE_REF14___ctor_private (in /home/guido/rustdom-selection-validation-cQnQbx/dist/rustdom.node)
==5339==    by 0x6B9F47D: call_init.part.0 (dl-init.c:70)
==5339==    by 0x6B9F567: call_init (dl-init.c:33)
==5339==    by 0x6B9F567: _dl_init (dl-init.c:117)
==5339==    by 0x78ADBB4: _dl_catch_exception (dl-error-skeleton.c:182)
==5339==    by 0x6BA6FF5: dl_open_worker (dl-open.c:808)
==5339==    by 0x6BA6FF5: dl_open_worker (dl-open.c:771)
==5339==    by 0x78ADB57: _dl_catch_exception (dl-error-skeleton.c:208)
==5339==    by 0x6BA734D: _dl_open (dl-open.c:883)
==5339==    by 0x77C95FB: dlopen_doit (dlopen.c:56)
==5339== 
==5339== 276 bytes in 1 blocks are possibly lost in loss record 381 of 425
==5339==    at 0x73E1899: malloc (in /mnt/c/Users/guido/ghq/projects/rustdom/.tools/valgrind/usr/libexec/valgrind/vgpreload_memcheck-amd64-linux.so)
==5339==    by 0x231EE817: _RINvMsa_NtCsfBDUjroi3FF_9hashbrown3rawNtB6_13RawTableInner22fallible_with_capacityNtNtCs6i54tJFfzR_5alloc5alloc6GlobalECs4QMHp0v7l6B_4napi (in /home/guido/rustdom-selection-validation-cQnQbx/dist/rustdom.node)
==5339==    by 0x231ED055: _RINvMs6_NtCsfBDUjroi3FF_9hashbrown3rawINtB6_8RawTableTINtNtCsgxBkk5gSRhY_4core6option6OptionReENtNtNtCs4QMHp0v7l6B_4napi15bindgen_runtime15module_register17ClassRegistrationEE14reserve_rehashNCINvNtB8_3map11make_hasherBQ_B1v_NtCsip5QdaO9ESH_10rustc_hash13FxBuildHasherE0EB1B_ (in /home/guido/rustdom-selection-validation-cQnQbx/dist/rustdom.node)
==5339==    by 0x231F5098: _RNvNtNtCs4QMHp0v7l6B_4napi15bindgen_runtime15module_register14register_class (in /home/guido/rustdom-selection-validation-cQnQbx/dist/rustdom.node)
==5339==    by 0x231AC620: _RNvNvNvNvNtNtNtCs3Ir8cfnU9oH_7rustdom3dom19web_storage_binding32___napi_helper__NativeStorageArea45___napi_register__NativeStorageArea_struct_4631__18___CTOR_PRIVATE_REF14___ctor_private (in /home/guido/rustdom-selection-validation-cQnQbx/dist/rustdom.node)
==5339==    by 0x6B9F47D: call_init.part.0 (dl-init.c:70)
==5339==    by 0x6B9F567: call_init (dl-init.c:33)
==5339==    by 0x6B9F567: _dl_init (dl-init.c:117)
==5339==    by 0x78ADBB4: _dl_catch_exception (dl-error-skeleton.c:182)
==5339==    by 0x6BA6FF5: dl_open_worker (dl-open.c:808)
==5339==    by 0x6BA6FF5: dl_open_worker (dl-open.c:771)
==5339==    by 0x78ADB57: _dl_catch_exception (dl-error-skeleton.c:208)
==5339==    by 0x6BA734D: _dl_open (dl-open.c:883)
==5339==    by 0x77C95FB: dlopen_doit (dlopen.c:56)
==5339== 
==5339== 276 bytes in 1 blocks are possibly lost in loss record 382 of 425
==5339==    at 0x73E1899: malloc (in /mnt/c/Users/guido/ghq/projects/rustdom/.tools/valgrind/usr/libexec/valgrind/vgpreload_memcheck-amd64-linux.so)
==5339==    by 0x231EE817: _RINvMsa_NtCsfBDUjroi3FF_9hashbrown3rawNtB6_13RawTableInner22fallible_with_capacityNtNtCs6i54tJFfzR_5alloc5alloc6GlobalECs4QMHp0v7l6B_4napi (in /home/guido/rustdom-selection-validation-cQnQbx/dist/rustdom.node)
==5339==    by 0x231ED055: _RINvMs6_NtCsfBDUjroi3FF_9hashbrown3rawINtB6_8RawTableTINtNtCsgxBkk5gSRhY_4core6option6OptionReENtNtNtCs4QMHp0v7l6B_4napi15bindgen_runtime15module_register17ClassRegistrationEE14reserve_rehashNCINvNtB8_3map11make_hasherBQ_B1v_NtCsip5QdaO9ESH_10rustc_hash13FxBuildHasherE0EB1B_ (in /home/guido/rustdom-selection-validation-cQnQbx/dist/rustdom.node)
==5339==    by 0x231F5098: _RNvNtNtCs4QMHp0v7l6B_4napi15bindgen_runtime15module_register14register_class (in /home/guido/rustdom-selection-validation-cQnQbx/dist/rustdom.node)
==5339==    by 0x231AC680: _RNvNvNvNvNtNtNtCs3Ir8cfnU9oH_7rustdom3dom19web_storage_binding37___napi_helper__NativeStorageKeyCursor50___napi_register__NativeStorageKeyCursor_struct_4771__18___CTOR_PRIVATE_REF14___ctor_private (in /home/guido/rustdom-selection-validation-cQnQbx/dist/rustdom.node)
==5339==    by 0x6B9F47D: call_init.part.0 (dl-init.c:70)
==5339==    by 0x6B9F567: call_init (dl-init.c:33)
==5339==    by 0x6B9F567: _dl_init (dl-init.c:117)
==5339==    by 0x78ADBB4: _dl_catch_exception (dl-error-skeleton.c:182)
==5339==    by 0x6BA6FF5: dl_open_worker (dl-open.c:808)
==5339==    by 0x6BA6FF5: dl_open_worker (dl-open.c:771)
==5339==    by 0x78ADB57: _dl_catch_exception (dl-error-skeleton.c:208)
==5339==    by 0x6BA734D: _dl_open (dl-open.c:883)
==5339==    by 0x77C95FB: dlopen_doit (dlopen.c:56)
==5339== 
==5339== 276 bytes in 1 blocks are possibly lost in loss record 383 of 425
==5339==    at 0x73E1899: malloc (in /mnt/c/Users/guido/ghq/projects/rustdom/.tools/valgrind/usr/libexec/valgrind/vgpreload_memcheck-amd64-linux.so)
==5339==    by 0x231EE817: _RINvMsa_NtCsfBDUjroi3FF_9hashbrown3rawNtB6_13RawTableInner22fallible_with_capacityNtNtCs6i54tJFfzR_5alloc5alloc6GlobalECs4QMHp0v7l6B_4napi (in /home/guido/rustdom-selection-validation-cQnQbx/dist/rustdom.node)
==5339==    by 0x231ED055: _RINvMs6_NtCsfBDUjroi3FF_9hashbrown3rawINtB6_8RawTableTINtNtCsgxBkk5gSRhY_4core6option6OptionReENtNtNtCs4QMHp0v7l6B_4napi15bindgen_runtime15module_register17ClassRegistrationEE14reserve_rehashNCINvNtB8_3map11make_hasherBQ_B1v_NtCsip5QdaO9ESH_10rustc_hash13FxBuildHasherE0EB1B_ (in /home/guido/rustdom-selection-validation-cQnQbx/dist/rustdom.node)
==5339==    by 0x231F5098: _RNvNtNtCs4QMHp0v7l6B_4napi15bindgen_runtime15module_register14register_class (in /home/guido/rustdom-selection-validation-cQnQbx/dist/rustdom.node)
==5339==    by 0x231AE270: _RNvNvNvNvNtNtNtCs3Ir8cfnU9oH_7rustdom3dom21range_extract_binding33___napi_helper__NativeRangeExtract46___napi_register__NativeRangeExtract_struct_1881__18___CTOR_PRIVATE_REF14___ctor_private (in /home/guido/rustdom-selection-validation-cQnQbx/dist/rustdom.node)
==5339==    by 0x6B9F47D: call_init.part.0 (dl-init.c:70)
==5339==    by 0x6B9F567: call_init (dl-init.c:33)
==5339==    by 0x6B9F567: _dl_init (dl-init.c:117)
==5339==    by 0x78ADBB4: _dl_catch_exception (dl-error-skeleton.c:182)
==5339==    by 0x6BA6FF5: dl_open_worker (dl-open.c:808)
==5339==    by 0x6BA6FF5: dl_open_worker (dl-open.c:771)
==5339==    by 0x78ADB57: _dl_catch_exception (dl-error-skeleton.c:208)
==5339==    by 0x6BA734D: _dl_open (dl-open.c:883)
==5339==    by 0x77C95FB: dlopen_doit (dlopen.c:56)
==5339== 
==5339== 276 bytes in 1 blocks are possibly lost in loss record 384 of 425
==5339==    at 0x73E1899: malloc (in /mnt/c/Users/guido/ghq/projects/rustdom/.tools/valgrind/usr/libexec/valgrind/vgpreload_memcheck-amd64-linux.so)
==5339==    by 0x231EE817: _RINvMsa_NtCsfBDUjroi3FF_9hashbrown3rawNtB6_13RawTableInner22fallible_with_capacityNtNtCs6i54tJFfzR_5alloc5alloc6GlobalECs4QMHp0v7l6B_4napi (in /home/guido/rustdom-selection-validation-cQnQbx/dist/rustdom.node)
==5339==    by 0x231ED055: _RINvMs6_NtCsfBDUjroi3FF_9hashbrown3rawINtB6_8RawTableTINtNtCsgxBkk5gSRhY_4core6option6OptionReENtNtNtCs4QMHp0v7l6B_4napi15bindgen_runtime15module_register17ClassRegistrationEE14reserve_rehashNCINvNtB8_3map11make_hasherBQ_B1v_NtCsip5QdaO9ESH_10rustc_hash13FxBuildHasherE0EB1B_ (in /home/guido/rustdom-selection-validation-cQnQbx/dist/rustdom.node)
==5339==    by 0x231F5098: _RNvNtNtCs4QMHp0v7l6B_4napi15bindgen_runtime15module_register14register_class (in /home/guido/rustdom-selection-validation-cQnQbx/dist/rustdom.node)
==5339==    by 0x231AEB40: _RNvNvNvNvNtNtNtCs3Ir8cfnU9oH_7rustdom3dom23event_listeners_binding37___napi_helper__NativeListenerRegistry49___napi_register__NativeListenerRegistry_struct_571__18___CTOR_PRIVATE_REF14___ctor_private (in /home/guido/rustdom-selection-validation-cQnQbx/dist/rustdom.node)
==5339==    by 0x6B9F47D: call_init.part.0 (dl-init.c:70)
==5339==    by 0x6B9F567: call_init (dl-init.c:33)
==5339==    by 0x6B9F567: _dl_init (dl-init.c:117)
==5339==    by 0x78ADBB4: _dl_catch_exception (dl-error-skeleton.c:182)
==5339==    by 0x6BA6FF5: dl_open_worker (dl-open.c:808)
==5339==    by 0x6BA6FF5: dl_open_worker (dl-open.c:771)
==5339==    by 0x78ADB57: _dl_catch_exception (dl-error-skeleton.c:208)
==5339==    by 0x6BA734D: _dl_open (dl-open.c:883)
==5339==    by 0x77C95FB: dlopen_doit (dlopen.c:56)
==5339== 
==5339== 276 bytes in 1 blocks are possibly lost in loss record 385 of 425
==5339==    at 0x73E1899: malloc (in /mnt/c/Users/guido/ghq/projects/rustdom/.tools/valgrind/usr/libexec/valgrind/vgpreload_memcheck-amd64-linux.so)
==5339==    by 0x231EE817: _RINvMsa_NtCsfBDUjroi3FF_9hashbrown3rawNtB6_13RawTableInner22fallible_with_capacityNtNtCs6i54tJFfzR_5alloc5alloc6GlobalECs4QMHp0v7l6B_4napi (in /home/guido/rustdom-selection-validation-cQnQbx/dist/rustdom.node)
==5339==    by 0x231ED055: _RINvMs6_NtCsfBDUjroi3FF_9hashbrown3rawINtB6_8RawTableTINtNtCsgxBkk5gSRhY_4core6option6OptionReENtNtNtCs4QMHp0v7l6B_4napi15bindgen_runtime15module_register17ClassRegistrationEE14reserve_rehashNCINvNtB8_3map11make_hasherBQ_B1v_NtCsip5QdaO9ESH_10rustc_hash13FxBuildHasherE0EB1B_ (in /home/guido/rustdom-selection-validation-cQnQbx/dist/rustdom.node)
==5339==    by 0x231F5098: _RNvNtNtCs4QMHp0v7l6B_4napi15bindgen_runtime15module_register14register_class (in /home/guido/rustdom-selection-validation-cQnQbx/dist/rustdom.node)
==5339==    by 0x231B0320: _RNvNvNvNvNtNtNtCs3Ir8cfnU9oH_7rustdom3dom23mutation_record_binding35___napi_helper__NativeMutationRecord48___napi_register__NativeMutationRecord_struct_1471__18___CTOR_PRIVATE_REF14___ctor_private (in /home/guido/rustdom-selection-validation-cQnQbx/dist/rustdom.node)
==5339==    by 0x6B9F47D: call_init.part.0 (dl-init.c:70)
==5339==    by 0x6B9F567: call_init (dl-init.c:33)
==5339==    by 0x6B9F567: _dl_init (dl-init.c:117)
==5339==    by 0x78ADBB4: _dl_catch_exception (dl-error-skeleton.c:182)
==5339==    by 0x6BA6FF5: dl_open_worker (dl-open.c:808)
==5339==    by 0x6BA6FF5: dl_open_worker (dl-open.c:771)
==5339==    by 0x78ADB57: _dl_catch_exception (dl-error-skeleton.c:208)
==5339==    by 0x6BA734D: _dl_open (dl-open.c:883)
==5339==    by 0x77C95FB: dlopen_doit (dlopen.c:56)
==5339== 
==5339== 276 bytes in 1 blocks are possibly lost in loss record 386 of 425
==5339==    at 0x73E1899: malloc (in /mnt/c/Users/guido/ghq/projects/rustdom/.tools/valgrind/usr/libexec/valgrind/vgpreload_memcheck-amd64-linux.so)
==5339==    by 0x231EE817: _RINvMsa_NtCsfBDUjroi3FF_9hashbrown3rawNtB6_13RawTableInner22fallible_with_capacityNtNtCs6i54tJFfzR_5alloc5alloc6GlobalECs4QMHp0v7l6B_4napi (in /home/guido/rustdom-selection-validation-cQnQbx/dist/rustdom.node)
==5339==    by 0x231ED055: _RINvMs6_NtCsfBDUjroi3FF_9hashbrown3rawINtB6_8RawTableTINtNtCsgxBkk5gSRhY_4core6option6OptionReENtNtNtCs4QMHp0v7l6B_4napi15bindgen_runtime15module_register17ClassRegistrationEE14reserve_rehashNCINvNtB8_3map11make_hasherBQ_B1v_NtCsip5QdaO9ESH_10rustc_hash13FxBuildHasherE0EB1B_ (in /home/guido/rustdom-selection-validation-cQnQbx/dist/rustdom.node)
==5339==    by 0x231F5098: _RNvNtNtCs4QMHp0v7l6B_4napi15bindgen_runtime15module_register14register_class (in /home/guido/rustdom-selection-validation-cQnQbx/dist/rustdom.node)
==5339==    by 0x231B1AE0: _RNvNvNvNvNtNtNtCs3Ir8cfnU9oH_7rustdom3dom23slot_assignment_binding41___napi_helper__NativeSlotAssignmentDriver54___napi_register__NativeSlotAssignmentDriver_struct_2421__18___CTOR_PRIVATE_REF14___ctor_private (in /home/guido/rustdom-selection-validation-cQnQbx/dist/rustdom.node)
==5339==    by 0x6B9F47D: call_init.part.0 (dl-init.c:70)
==5339==    by 0x6B9F567: call_init (dl-init.c:33)
==5339==    by 0x6B9F567: _dl_init (dl-init.c:117)
==5339==    by 0x78ADBB4: _dl_catch_exception (dl-error-skeleton.c:182)
==5339==    by 0x6BA6FF5: dl_open_worker (dl-open.c:808)
==5339==    by 0x6BA6FF5: dl_open_worker (dl-open.c:771)
==5339==    by 0x78ADB57: _dl_catch_exception (dl-error-skeleton.c:208)
==5339==    by 0x6BA734D: _dl_open (dl-open.c:883)
==5339==    by 0x77C95FB: dlopen_doit (dlopen.c:56)
==5339== 
==5339== 276 bytes in 1 blocks are possibly lost in loss record 387 of 425
==5339==    at 0x73E1899: malloc (in /mnt/c/Users/guido/ghq/projects/rustdom/.tools/valgrind/usr/libexec/valgrind/vgpreload_memcheck-amd64-linux.so)
==5339==    by 0x231EE817: _RINvMsa_NtCsfBDUjroi3FF_9hashbrown3rawNtB6_13RawTableInner22fallible_with_capacityNtNtCs6i54tJFfzR_5alloc5alloc6GlobalECs4QMHp0v7l6B_4napi (in /home/guido/rustdom-selection-validation-cQnQbx/dist/rustdom.node)
==5339==    by 0x231ED055: _RINvMs6_NtCsfBDUjroi3FF_9hashbrown3rawINtB6_8RawTableTINtNtCsgxBkk5gSRhY_4core6option6OptionReENtNtNtCs4QMHp0v7l6B_4napi15bindgen_runtime15module_register17ClassRegistrationEE14reserve_rehashNCINvNtB8_3map11make_hasherBQ_B1v_NtCsip5QdaO9ESH_10rustc_hash13FxBuildHasherE0EB1B_ (in /home/guido/rustdom-selection-validation-cQnQbx/dist/rustdom.node)
==5339==    by 0x231F5098: _RNvNtNtCs4QMHp0v7l6B_4napi15bindgen_runtime15module_register14register_class (in /home/guido/rustdom-selection-validation-cQnQbx/dist/rustdom.node)
==5339==    by 0x231B23B0: _RNvNvNvNvNtNtNtCs3Ir8cfnU9oH_7rustdom3dom25observer_delivery_binding37___napi_helper__NativeObserverDelivery50___napi_register__NativeObserverDelivery_struct_1651__18___CTOR_PRIVATE_REF14___ctor_private (in /home/guido/rustdom-selection-validation-cQnQbx/dist/rustdom.node)
==5339==    by 0x6B9F47D: call_init.part.0 (dl-init.c:70)
==5339==    by 0x6B9F567: call_init (dl-init.c:33)
==5339==    by 0x6B9F567: _dl_init (dl-init.c:117)
==5339==    by 0x78ADBB4: _dl_catch_exception (dl-error-skeleton.c:182)
==5339==    by 0x6BA6FF5: dl_open_worker (dl-open.c:808)
==5339==    by 0x6BA6FF5: dl_open_worker (dl-open.c:771)
==5339==    by 0x78ADB57: _dl_catch_exception (dl-error-skeleton.c:208)
==5339==    by 0x6BA734D: _dl_open (dl-open.c:883)
==5339==    by 0x77C95FB: dlopen_doit (dlopen.c:56)
==5339== 
==5339== 276 bytes in 1 blocks are possibly lost in loss record 388 of 425
==5339==    at 0x73E1899: malloc (in /mnt/c/Users/guido/ghq/projects/rustdom/.tools/valgrind/usr/libexec/valgrind/vgpreload_memcheck-amd64-linux.so)
==5339==    by 0x231EE817: _RINvMsa_NtCsfBDUjroi3FF_9hashbrown3rawNtB6_13RawTableInner22fallible_with_capacityNtNtCs6i54tJFfzR_5alloc5alloc6GlobalECs4QMHp0v7l6B_4napi (in /home/guido/rustdom-selection-validation-cQnQbx/dist/rustdom.node)
==5339==    by 0x231ED055: _RINvMs6_NtCsfBDUjroi3FF_9hashbrown3rawINtB6_8RawTableTINtNtCsgxBkk5gSRhY_4core6option6OptionReENtNtNtCs4QMHp0v7l6B_4napi15bindgen_runtime15module_register17ClassRegistrationEE14reserve_rehashNCINvNtB8_3map11make_hasherBQ_B1v_NtCsip5QdaO9ESH_10rustc_hash13FxBuildHasherE0EB1B_ (in /home/guido/rustdom-selection-validation-cQnQbx/dist/rustdom.node)
==5339==    by 0x231F5098: _RNvNtNtCs4QMHp0v7l6B_4napi15bindgen_runtime15module_register14register_class (in /home/guido/rustdom-selection-validation-cQnQbx/dist/rustdom.node)
==5339==    by 0x231B30D0: _RNvNvNvNvNtNtNtCs3Ir8cfnU9oH_7rustdom3dom4tree25___napi_helper__NativeTree38___napi_register__NativeTree_struct_2921__18___CTOR_PRIVATE_REF14___ctor_private (in /home/guido/rustdom-selection-validation-cQnQbx/dist/rustdom.node)
==5339==    by 0x6B9F47D: call_init.part.0 (dl-init.c:70)
==5339==    by 0x6B9F567: call_init (dl-init.c:33)
==5339==    by 0x6B9F567: _dl_init (dl-init.c:117)
==5339==    by 0x78ADBB4: _dl_catch_exception (dl-error-skeleton.c:182)
==5339==    by 0x6BA6FF5: dl_open_worker (dl-open.c:808)
==5339==    by 0x6BA6FF5: dl_open_worker (dl-open.c:771)
==5339==    by 0x78ADB57: _dl_catch_exception (dl-error-skeleton.c:208)
==5339==    by 0x6BA734D: _dl_open (dl-open.c:883)
==5339==    by 0x77C95FB: dlopen_doit (dlopen.c:56)
==5339== 
==5339== 276 bytes in 1 blocks are possibly lost in loss record 389 of 425
==5339==    at 0x73E1899: malloc (in /mnt/c/Users/guido/ghq/projects/rustdom/.tools/valgrind/usr/libexec/valgrind/vgpreload_memcheck-amd64-linux.so)
==5339==    by 0x231EE817: _RINvMsa_NtCsfBDUjroi3FF_9hashbrown3rawNtB6_13RawTableInner22fallible_with_capacityNtNtCs6i54tJFfzR_5alloc5alloc6GlobalECs4QMHp0v7l6B_4napi (in /home/guido/rustdom-selection-validation-cQnQbx/dist/rustdom.node)
==5339==    by 0x231ED055: _RINvMs6_NtCsfBDUjroi3FF_9hashbrown3rawINtB6_8RawTableTINtNtCsgxBkk5gSRhY_4core6option6OptionReENtNtNtCs4QMHp0v7l6B_4napi15bindgen_runtime15module_register17ClassRegistrationEE14reserve_rehashNCINvNtB8_3map11make_hasherBQ_B1v_NtCsip5QdaO9ESH_10rustc_hash13FxBuildHasherE0EB1B_ (in /home/guido/rustdom-selection-validation-cQnQbx/dist/rustdom.node)
==5339==    by 0x231F5098: _RNvNtNtCs4QMHp0v7l6B_4napi15bindgen_runtime15module_register14register_class (in /home/guido/rustdom-selection-validation-cQnQbx/dist/rustdom.node)
==5339==    by 0x231B5590: _RNvNvNvNvNtNtNtCs3Ir8cfnU9oH_7rustdom3xml7binding30___napi_helper__NativeXmlParser43___napi_register__NativeXmlParser_struct_4851__18___CTOR_PRIVATE_REF14___ctor_private (in /home/guido/rustdom-selection-validation-cQnQbx/dist/rustdom.node)
==5339==    by 0x6B9F47D: call_init.part.0 (dl-init.c:70)
==5339==    by 0x6B9F567: call_init (dl-init.c:33)
==5339==    by 0x6B9F567: _dl_init (dl-init.c:117)
==5339==    by 0x78ADBB4: _dl_catch_exception (dl-error-skeleton.c:182)
==5339==    by 0x6BA6FF5: dl_open_worker (dl-open.c:808)
==5339==    by 0x6BA6FF5: dl_open_worker (dl-open.c:771)
==5339==    by 0x78ADB57: _dl_catch_exception (dl-error-skeleton.c:208)
==5339==    by 0x6BA734D: _dl_open (dl-open.c:883)
==5339==    by 0x77C95FB: dlopen_doit (dlopen.c:56)
==5339== 
==5339== 304 bytes in 1 blocks are possibly lost in loss record 390 of 425
==5339==    at 0x73E6A83: calloc (in /mnt/c/Users/guido/ghq/projects/rustdom/.tools/valgrind/usr/libexec/valgrind/vgpreload_memcheck-amd64-linux.so)
==5339==    by 0x6BAD7D9: calloc (rtld-malloc.h:44)
==5339==    by 0x6BAD7D9: allocate_dtv (dl-tls.c:375)
==5339==    by 0x6BAD7D9: _dl_allocate_tls (dl-tls.c:634)
==5339==    by 0x77CE774: allocate_stack (allocatestack.c:430)
==5339==    by 0x77CE774: pthread_create@@GLIBC_2.34 (pthread_create.c:647)
==5339==    by 0xB36670: node::inspector::Agent::Start(std::__cxx11::basic_string<char, std::char_traits<char>, std::allocator<char> > const&, node::DebugOptions const&, std::shared_ptr<node::ExclusiveAccess<node::HostPort, node::MutexBase<node::LibuvMutexTraits> > >, bool) (in /mnt/c/Users/guido/AppData/Local/Temp/rustdom-pr54-abort-retention-e991d78927094e13876cb3cd1a13dacf/.tools/node-v24.20.0-linux-x64/bin/node)
==5339==    by 0x8C22EE: node::Environment::InitializeInspector(std::unique_ptr<node::inspector::ParentInspectorHandle, std::default_delete<node::inspector::ParentInspectorHandle> >) (in /mnt/c/Users/guido/AppData/Local/Temp/rustdom-pr54-abort-retention-e991d78927094e13876cb3cd1a13dacf/.tools/node-v24.20.0-linux-x64/bin/node)
==5339==    by 0x80C68D: node::CreateEnvironment(node::IsolateData*, v8::Local<v8::Context>, std::vector<std::__cxx11::basic_string<char, std::char_traits<char>, std::allocator<char> >, std::allocator<std::__cxx11::basic_string<char, std::char_traits<char>, std::allocator<char> > > > const&, std::vector<std::__cxx11::basic_string<char, std::char_traits<char>, std::allocator<char> >, std::allocator<std::__cxx11::basic_string<char, std::char_traits<char>, std::allocator<char> > > > const&, node::EnvironmentFlags::Flags, node::ThreadId, std::unique_ptr<node::InspectorParentHandle, std::default_delete<node::InspectorParentHandle> >, std::basic_string_view<char, std::char_traits<char> >) (in /mnt/c/Users/guido/AppData/Local/Temp/rustdom-pr54-abort-retention-e991d78927094e13876cb3cd1a13dacf/.tools/node-v24.20.0-linux-x64/bin/node)
==5339==    by 0x80C878: node::CreateEnvironment(node::IsolateData*, v8::Local<v8::Context>, std::vector<std::__cxx11::basic_string<char, std::char_traits<char>, std::allocator<char> >, std::allocator<std::__cxx11::basic_string<char, std::char_traits<char>, std::allocator<char> > > > const&, std::vector<std::__cxx11::basic_string<char, std::char_traits<char>, std::allocator<char> >, std::allocator<std::__cxx11::basic_string<char, std::char_traits<char>, std::allocator<char> > > > const&, node::EnvironmentFlags::Flags, node::ThreadId, std::unique_ptr<node::InspectorParentHandle, std::default_delete<node::InspectorParentHandle> >) (in /mnt/c/Users/guido/AppData/Local/Temp/rustdom-pr54-abort-retention-e991d78927094e13876cb3cd1a13dacf/.tools/node-v24.20.0-linux-x64/bin/node)
==5339==    by 0x989D3E: node::NodeMainInstance::CreateMainEnvironment(node::ExitCode*) (in /mnt/c/Users/guido/AppData/Local/Temp/rustdom-pr54-abort-retention-e991d78927094e13876cb3cd1a13dacf/.tools/node-v24.20.0-linux-x64/bin/node)
==5339==    by 0x989F40: node::NodeMainInstance::Run() (in /mnt/c/Users/guido/AppData/Local/Temp/rustdom-pr54-abort-retention-e991d78927094e13876cb3cd1a13dacf/.tools/node-v24.20.0-linux-x64/bin/node)
==5339==    by 0x8C71A4: node::Start(int, char**) (in /mnt/c/Users/guido/AppData/Local/Temp/rustdom-pr54-abort-retention-e991d78927094e13876cb3cd1a13dacf/.tools/node-v24.20.0-linux-x64/bin/node)
==5339==    by 0x7762D8F: (below main) (libc_start_call_main.h:58)
==5339== 
==5339== 384 bytes in 1 blocks are still reachable in loss record 391 of 425
==5339==    at 0x73E1899: malloc (in /mnt/c/Users/guido/ghq/projects/rustdom/.tools/valgrind/usr/libexec/valgrind/vgpreload_memcheck-amd64-linux.so)
==5339==    by 0x6BACE4D: malloc (rtld-malloc.h:56)
==5339==    by 0x6BACE4D: allocate_dtv_entry (dl-tls.c:684)
==5339==    by 0x6BACE4D: allocate_and_init (dl-tls.c:709)
==5339==    by 0x6BACE4D: tls_get_addr_tail (dl-tls.c:907)
==5339==    by 0x6BB120B: __tls_get_addr (tls_get_addr.S:55)
==5339==    by 0x231FD48E: napi_register_module_v1 (in /home/guido/rustdom-selection-validation-cQnQbx/dist/rustdom.node)
==5339==    by 0x8CDED9: napi_module_register_by_symbol(v8::Local<v8::Object>, v8::Local<v8::Value>, v8::Local<v8::Context>, napi_value__* (*)(napi_env__*, napi_value__*), int) (in /mnt/c/Users/guido/AppData/Local/Temp/rustdom-pr54-abort-retention-e991d78927094e13876cb3cd1a13dacf/.tools/node-v24.20.0-linux-x64/bin/node)
==5339==    by 0x8D4822: std::_Function_handler<bool (node::binding::DLib*), node::binding::DLOpen(v8::FunctionCallbackInfo<v8::Value> const&)::{lambda(node::binding::DLib*)#1}>::_M_invoke(std::_Any_data const&, node::binding::DLib*&&) (in /mnt/c/Users/guido/AppData/Local/Temp/rustdom-pr54-abort-retention-e991d78927094e13876cb3cd1a13dacf/.tools/node-v24.20.0-linux-x64/bin/node)
==5339==    by 0x877346: node::Environment::TryLoadAddon(char const*, int, std::function<bool (node::binding::DLib*)> const&) (in /mnt/c/Users/guido/AppData/Local/Temp/rustdom-pr54-abort-retention-e991d78927094e13876cb3cd1a13dacf/.tools/node-v24.20.0-linux-x64/bin/node)
==5339==    by 0x8D269F: node::binding::DLOpen(v8::FunctionCallbackInfo<v8::Value> const&) (in /mnt/c/Users/guido/AppData/Local/Temp/rustdom-pr54-abort-retention-e991d78927094e13876cb3cd1a13dacf/.tools/node-v24.20.0-linux-x64/bin/node)
==5339==    by 0x1A2608C: Builtins_CallApiCallbackGeneric (in /mnt/c/Users/guido/AppData/Local/Temp/rustdom-pr54-abort-retention-e991d78927094e13876cb3cd1a13dacf/.tools/node-v24.20.0-linux-x64/bin/node)
==5339==    by 0x1A24653: Builtins_InterpreterEntryTrampoline (in /mnt/c/Users/guido/AppData/Local/Temp/rustdom-pr54-abort-retention-e991d78927094e13876cb3cd1a13dacf/.tools/node-v24.20.0-linux-x64/bin/node)
==5339==    by 0x1A24653: Builtins_InterpreterEntryTrampoline (in /mnt/c/Users/guido/AppData/Local/Temp/rustdom-pr54-abort-retention-e991d78927094e13876cb3cd1a13dacf/.tools/node-v24.20.0-linux-x64/bin/node)
==5339==    by 0x1A24653: Builtins_InterpreterEntryTrampoline (in /mnt/c/Users/guido/AppData/Local/Temp/rustdom-pr54-abort-retention-e991d78927094e13876cb3cd1a13dacf/.tools/node-v24.20.0-linux-x64/bin/node)
==5339== 
==5339== 392 bytes in 1 blocks are possibly lost in loss record 392 of 425
==5339==    at 0x73E2013: operator new(unsigned long) (in /mnt/c/Users/guido/ghq/projects/rustdom/.tools/valgrind/usr/libexec/valgrind/vgpreload_memcheck-amd64-linux.so)
==5339==    by 0x8CE4E7: napi_create_threadsafe_function (in /mnt/c/Users/guido/AppData/Local/Temp/rustdom-pr54-abort-retention-e991d78927094e13876cb3cd1a13dacf/.tools/node-v24.20.0-linux-x64/bin/node)
==5339==    by 0x231FD2BB: napi_register_module_v1 (in /home/guido/rustdom-selection-validation-cQnQbx/dist/rustdom.node)
==5339==    by 0x8CDED9: napi_module_register_by_symbol(v8::Local<v8::Object>, v8::Local<v8::Value>, v8::Local<v8::Context>, napi_value__* (*)(napi_env__*, napi_value__*), int) (in /mnt/c/Users/guido/AppData/Local/Temp/rustdom-pr54-abort-retention-e991d78927094e13876cb3cd1a13dacf/.tools/node-v24.20.0-linux-x64/bin/node)
==5339==    by 0x8D4822: std::_Function_handler<bool (node::binding::DLib*), node::binding::DLOpen(v8::FunctionCallbackInfo<v8::Value> const&)::{lambda(node::binding::DLib*)#1}>::_M_invoke(std::_Any_data const&, node::binding::DLib*&&) (in /mnt/c/Users/guido/AppData/Local/Temp/rustdom-pr54-abort-retention-e991d78927094e13876cb3cd1a13dacf/.tools/node-v24.20.0-linux-x64/bin/node)
==5339==    by 0x877346: node::Environment::TryLoadAddon(char const*, int, std::function<bool (node::binding::DLib*)> const&) (in /mnt/c/Users/guido/AppData/Local/Temp/rustdom-pr54-abort-retention-e991d78927094e13876cb3cd1a13dacf/.tools/node-v24.20.0-linux-x64/bin/node)
==5339==    by 0x8D269F: node::binding::DLOpen(v8::FunctionCallbackInfo<v8::Value> const&) (in /mnt/c/Users/guido/AppData/Local/Temp/rustdom-pr54-abort-retention-e991d78927094e13876cb3cd1a13dacf/.tools/node-v24.20.0-linux-x64/bin/node)
==5339==    by 0x1A2608C: Builtins_CallApiCallbackGeneric (in /mnt/c/Users/guido/AppData/Local/Temp/rustdom-pr54-abort-retention-e991d78927094e13876cb3cd1a13dacf/.tools/node-v24.20.0-linux-x64/bin/node)
==5339==    by 0x1A24653: Builtins_InterpreterEntryTrampoline (in /mnt/c/Users/guido/AppData/Local/Temp/rustdom-pr54-abort-retention-e991d78927094e13876cb3cd1a13dacf/.tools/node-v24.20.0-linux-x64/bin/node)
==5339==    by 0x1A24653: Builtins_InterpreterEntryTrampoline (in /mnt/c/Users/guido/AppData/Local/Temp/rustdom-pr54-abort-retention-e991d78927094e13876cb3cd1a13dacf/.tools/node-v24.20.0-linux-x64/bin/node)
==5339==    by 0x1A24653: Builtins_InterpreterEntryTrampoline (in /mnt/c/Users/guido/AppData/Local/Temp/rustdom-pr54-abort-retention-e991d78927094e13876cb3cd1a13dacf/.tools/node-v24.20.0-linux-x64/bin/node)
==5339==    by 0x1A24653: Builtins_InterpreterEntryTrampoline (in /mnt/c/Users/guido/AppData/Local/Temp/rustdom-pr54-abort-retention-e991d78927094e13876cb3cd1a13dacf/.tools/node-v24.20.0-linux-x64/bin/node)
==5339== 
==5339== 416 bytes in 1 blocks are possibly lost in loss record 393 of 425
==5339==    at 0x73E1899: malloc (in /mnt/c/Users/guido/ghq/projects/rustdom/.tools/valgrind/usr/libexec/valgrind/vgpreload_memcheck-amd64-linux.so)
==5339==    by 0x231F222C: _RNvMs5_NtCs6i54tJFfzR_5alloc7raw_vecNtB5_11RawVecInner11finish_growCs4QMHp0v7l6B_4napi (in /home/guido/rustdom-selection-validation-cQnQbx/dist/rustdom.node)
==5339==    by 0x231EFA4C: _RINvNvMs2_NtCs6i54tJFfzR_5alloc7raw_vecINtB8_11RawVecInnerpE7reserve21do_reserve_and_handleNtNtBa_5alloc6GlobalECs4QMHp0v7l6B_4napi (in /home/guido/rustdom-selection-validation-cQnQbx/dist/rustdom.node)
==5339==    by 0x231F5052: _RNvNtNtCs4QMHp0v7l6B_4napi15bindgen_runtime15module_register14register_class (in /home/guido/rustdom-selection-validation-cQnQbx/dist/rustdom.node)
==5339==    by 0x231A16AB: _RNvNvNvNvNtNtNtCs3Ir8cfnU9oH_7rustdom3dom18token_list_binding36___napi_impl_helper_NativeTokenSet_1540___napi_register__NativeTokenSet_impl_2661__18___CTOR_PRIVATE_REF14___ctor_private (in /home/guido/rustdom-selection-validation-cQnQbx/dist/rustdom.node)
==5339==    by 0x6B9F47D: call_init.part.0 (dl-init.c:70)
==5339==    by 0x6B9F567: call_init (dl-init.c:33)
==5339==    by 0x6B9F567: _dl_init (dl-init.c:117)
==5339==    by 0x78ADBB4: _dl_catch_exception (dl-error-skeleton.c:182)
==5339==    by 0x6BA6FF5: dl_open_worker (dl-open.c:808)
==5339==    by 0x6BA6FF5: dl_open_worker (dl-open.c:771)
==5339==    by 0x78ADB57: _dl_catch_exception (dl-error-skeleton.c:208)
==5339==    by 0x6BA734D: _dl_open (dl-open.c:883)
==5339==    by 0x77C95FB: dlopen_doit (dlopen.c:56)
==5339== 
==5339== 416 bytes in 1 blocks are possibly lost in loss record 394 of 425
==5339==    at 0x73E1899: malloc (in /mnt/c/Users/guido/ghq/projects/rustdom/.tools/valgrind/usr/libexec/valgrind/vgpreload_memcheck-amd64-linux.so)
==5339==    by 0x231F222C: _RNvMs5_NtCs6i54tJFfzR_5alloc7raw_vecNtB5_11RawVecInner11finish_growCs4QMHp0v7l6B_4napi (in /home/guido/rustdom-selection-validation-cQnQbx/dist/rustdom.node)
==5339==    by 0x231EFA4C: _RINvNvMs2_NtCs6i54tJFfzR_5alloc7raw_vecINtB8_11RawVecInnerpE7reserve21do_reserve_and_handleNtNtBa_5alloc6GlobalECs4QMHp0v7l6B_4napi (in /home/guido/rustdom-selection-validation-cQnQbx/dist/rustdom.node)
==5339==    by 0x231F5052: _RNvNtNtCs4QMHp0v7l6B_4napi15bindgen_runtime15module_register14register_class (in /home/guido/rustdom-selection-validation-cQnQbx/dist/rustdom.node)
==5339==    by 0x231A1D87: _RNvNvNvNvNtNtNtCs3Ir8cfnU9oH_7rustdom3dom18token_list_binding37___napi_impl_helper_NativeTokenList_1441___napi_register__NativeTokenList_impl_2611__18___CTOR_PRIVATE_REF14___ctor_private (in /home/guido/rustdom-selection-validation-cQnQbx/dist/rustdom.node)
==5339==    by 0x6B9F47D: call_init.part.0 (dl-init.c:70)
==5339==    by 0x6B9F567: call_init (dl-init.c:33)
==5339==    by 0x6B9F567: _dl_init (dl-init.c:117)
==5339==    by 0x78ADBB4: _dl_catch_exception (dl-error-skeleton.c:182)
==5339==    by 0x6BA6FF5: dl_open_worker (dl-open.c:808)
==5339==    by 0x6BA6FF5: dl_open_worker (dl-open.c:771)
==5339==    by 0x78ADB57: _dl_catch_exception (dl-error-skeleton.c:208)
==5339==    by 0x6BA734D: _dl_open (dl-open.c:883)
==5339==    by 0x77C95FB: dlopen_doit (dlopen.c:56)
==5339== 
==5339== 416 bytes in 1 blocks are possibly lost in loss record 395 of 425
==5339==    at 0x73E1899: malloc (in /mnt/c/Users/guido/ghq/projects/rustdom/.tools/valgrind/usr/libexec/valgrind/vgpreload_memcheck-amd64-linux.so)
==5339==    by 0x231F222C: _RNvMs5_NtCs6i54tJFfzR_5alloc7raw_vecNtB5_11RawVecInner11finish_growCs4QMHp0v7l6B_4napi (in /home/guido/rustdom-selection-validation-cQnQbx/dist/rustdom.node)
==5339==    by 0x231EFA4C: _RINvNvMs2_NtCs6i54tJFfzR_5alloc7raw_vecINtB8_11RawVecInnerpE7reserve21do_reserve_and_handleNtNtBa_5alloc6GlobalECs4QMHp0v7l6B_4napi (in /home/guido/rustdom-selection-validation-cQnQbx/dist/rustdom.node)
==5339==    by 0x231F5052: _RNvNtNtCs4QMHp0v7l6B_4napi15bindgen_runtime15module_register14register_class (in /home/guido/rustdom-selection-validation-cQnQbx/dist/rustdom.node)
==5339==    by 0x231A88FF: _RNvNvNvNvNtNtNtCs3Ir8cfnU9oH_7rustdom3dom19range_clone_binding37___napi_impl_helper_NativeRangeClone_942___napi_register__NativeRangeClone_impl_1851__18___CTOR_PRIVATE_REF14___ctor_private (in /home/guido/rustdom-selection-validation-cQnQbx/dist/rustdom.node)
==5339==    by 0x6B9F47D: call_init.part.0 (dl-init.c:70)
==5339==    by 0x6B9F567: call_init (dl-init.c:33)
==5339==    by 0x6B9F567: _dl_init (dl-init.c:117)
==5339==    by 0x78ADBB4: _dl_catch_exception (dl-error-skeleton.c:182)
==5339==    by 0x6BA6FF5: dl_open_worker (dl-open.c:808)
==5339==    by 0x6BA6FF5: dl_open_worker (dl-open.c:771)
==5339==    by 0x78ADB57: _dl_catch_exception (dl-error-skeleton.c:208)
==5339==    by 0x6BA734D: _dl_open (dl-open.c:883)
==5339==    by 0x77C95FB: dlopen_doit (dlopen.c:56)
==5339== 
==5339== 416 bytes in 1 blocks are possibly lost in loss record 396 of 425
==5339==    at 0x73E1899: malloc (in /mnt/c/Users/guido/ghq/projects/rustdom/.tools/valgrind/usr/libexec/valgrind/vgpreload_memcheck-amd64-linux.so)
==5339==    by 0x231F222C: _RNvMs5_NtCs6i54tJFfzR_5alloc7raw_vecNtB5_11RawVecInner11finish_growCs4QMHp0v7l6B_4napi (in /home/guido/rustdom-selection-validation-cQnQbx/dist/rustdom.node)
==5339==    by 0x231EFA4C: _RINvNvMs2_NtCs6i54tJFfzR_5alloc7raw_vecINtB8_11RawVecInnerpE7reserve21do_reserve_and_handleNtNtBa_5alloc6GlobalECs4QMHp0v7l6B_4napi (in /home/guido/rustdom-selection-validation-cQnQbx/dist/rustdom.node)
==5339==    by 0x231F5052: _RNvNtNtCs4QMHp0v7l6B_4napi15bindgen_runtime15module_register14register_class (in /home/guido/rustdom-selection-validation-cQnQbx/dist/rustdom.node)
==5339==    by 0x231AC52A: _RNvNvNvNvNtNtNtCs3Ir8cfnU9oH_7rustdom3dom19tree_cursor_binding46___napi_impl_helper_NativeTraversalOperation_1950___napi_register__NativeTraversalOperation_impl_4591__18___CTOR_PRIVATE_REF14___ctor_private (in /home/guido/rustdom-selection-validation-cQnQbx/dist/rustdom.node)
==5339==    by 0x6B9F47D: call_init.part.0 (dl-init.c:70)
==5339==    by 0x6B9F567: call_init (dl-init.c:33)
==5339==    by 0x6B9F567: _dl_init (dl-init.c:117)
==5339==    by 0x78ADBB4: _dl_catch_exception (dl-error-skeleton.c:182)
==5339==    by 0x6BA6FF5: dl_open_worker (dl-open.c:808)
==5339==    by 0x6BA6FF5: dl_open_worker (dl-open.c:771)
==5339==    by 0x78ADB57: _dl_catch_exception (dl-error-skeleton.c:208)
==5339==    by 0x6BA734D: _dl_open (dl-open.c:883)
==5339==    by 0x77C95FB: dlopen_doit (dlopen.c:56)
==5339== 
==5339== 416 bytes in 1 blocks are possibly lost in loss record 397 of 425
==5339==    at 0x73E1899: malloc (in /mnt/c/Users/guido/ghq/projects/rustdom/.tools/valgrind/usr/libexec/valgrind/vgpreload_memcheck-amd64-linux.so)
==5339==    by 0x231F222C: _RNvMs5_NtCs6i54tJFfzR_5alloc7raw_vecNtB5_11RawVecInner11finish_growCs4QMHp0v7l6B_4napi (in /home/guido/rustdom-selection-validation-cQnQbx/dist/rustdom.node)
==5339==    by 0x231EFA4C: _RINvNvMs2_NtCs6i54tJFfzR_5alloc7raw_vecINtB8_11RawVecInnerpE7reserve21do_reserve_and_handleNtNtBa_5alloc6GlobalECs4QMHp0v7l6B_4napi (in /home/guido/rustdom-selection-validation-cQnQbx/dist/rustdom.node)
==5339==    by 0x231F5052: _RNvNtNtCs4QMHp0v7l6B_4napi15bindgen_runtime15module_register14register_class (in /home/guido/rustdom-selection-validation-cQnQbx/dist/rustdom.node)
==5339==    by 0x231AE17A: _RNvNvNvNvNtNtNtCs3Ir8cfnU9oH_7rustdom3dom19web_storage_binding44___napi_impl_helper_NativeStorageKeyCursor_2148___napi_register__NativeStorageKeyCursor_impl_4791__18___CTOR_PRIVATE_REF14___ctor_private (in /home/guido/rustdom-selection-validation-cQnQbx/dist/rustdom.node)
==5339==    by 0x6B9F47D: call_init.part.0 (dl-init.c:70)
==5339==    by 0x6B9F567: call_init (dl-init.c:33)
==5339==    by 0x6B9F567: _dl_init (dl-init.c:117)
==5339==    by 0x78ADBB4: _dl_catch_exception (dl-error-skeleton.c:182)
==5339==    by 0x6BA6FF5: dl_open_worker (dl-open.c:808)
==5339==    by 0x6BA6FF5: dl_open_worker (dl-open.c:771)
==5339==    by 0x78ADB57: _dl_catch_exception (dl-error-skeleton.c:208)
==5339==    by 0x6BA734D: _dl_open (dl-open.c:883)
==5339==    by 0x77C95FB: dlopen_doit (dlopen.c:56)
==5339== 
==5339== 416 bytes in 1 blocks are possibly lost in loss record 398 of 425
==5339==    at 0x73E1899: malloc (in /mnt/c/Users/guido/ghq/projects/rustdom/.tools/valgrind/usr/libexec/valgrind/vgpreload_memcheck-amd64-linux.so)
==5339==    by 0x231F222C: _RNvMs5_NtCs6i54tJFfzR_5alloc7raw_vecNtB5_11RawVecInner11finish_growCs4QMHp0v7l6B_4napi (in /home/guido/rustdom-selection-validation-cQnQbx/dist/rustdom.node)
==5339==    by 0x231EFA4C: _RINvNvMs2_NtCs6i54tJFfzR_5alloc7raw_vecINtB8_11RawVecInnerpE7reserve21do_reserve_and_handleNtNtBa_5alloc6GlobalECs4QMHp0v7l6B_4napi (in /home/guido/rustdom-selection-validation-cQnQbx/dist/rustdom.node)
==5339==    by 0x231F5052: _RNvNtNtCs4QMHp0v7l6B_4napi15bindgen_runtime15module_register14register_class (in /home/guido/rustdom-selection-validation-cQnQbx/dist/rustdom.node)
==5339==    by 0x231AE88F: _RNvNvNvNvNtNtNtCs3Ir8cfnU9oH_7rustdom3dom21range_extract_binding40___napi_impl_helper_NativeRangeExtract_1044___napi_register__NativeRangeExtract_impl_1931__18___CTOR_PRIVATE_REF14___ctor_private (in /home/guido/rustdom-selection-validation-cQnQbx/dist/rustdom.node)
==5339==    by 0x6B9F47D: call_init.part.0 (dl-init.c:70)
==5339==    by 0x6B9F567: call_init (dl-init.c:33)
==5339==    by 0x6B9F567: _dl_init (dl-init.c:117)
==5339==    by 0x78ADBB4: _dl_catch_exception (dl-error-skeleton.c:182)
==5339==    by 0x6BA6FF5: dl_open_worker (dl-open.c:808)
==5339==    by 0x6BA6FF5: dl_open_worker (dl-open.c:771)
==5339==    by 0x78ADB57: _dl_catch_exception (dl-error-skeleton.c:208)
==5339==    by 0x6BA734D: _dl_open (dl-open.c:883)
==5339==    by 0x77C95FB: dlopen_doit (dlopen.c:56)
==5339== 
==5339== 416 bytes in 1 blocks are possibly lost in loss record 399 of 425
==5339==    at 0x73E1899: malloc (in /mnt/c/Users/guido/ghq/projects/rustdom/.tools/valgrind/usr/libexec/valgrind/vgpreload_memcheck-amd64-linux.so)
==5339==    by 0x231F222C: _RNvMs5_NtCs6i54tJFfzR_5alloc7raw_vecNtB5_11RawVecInner11finish_growCs4QMHp0v7l6B_4napi (in /home/guido/rustdom-selection-validation-cQnQbx/dist/rustdom.node)
==5339==    by 0x231EFA4C: _RINvNvMs2_NtCs6i54tJFfzR_5alloc7raw_vecINtB8_11RawVecInnerpE7reserve21do_reserve_and_handleNtNtBa_5alloc6GlobalECs4QMHp0v7l6B_4napi (in /home/guido/rustdom-selection-validation-cQnQbx/dist/rustdom.node)
==5339==    by 0x231F5052: _RNvNtNtCs4QMHp0v7l6B_4napi15bindgen_runtime15module_register14register_class (in /home/guido/rustdom-selection-validation-cQnQbx/dist/rustdom.node)
==5339==    by 0x231B20FF: _RNvNvNvNvNtNtNtCs3Ir8cfnU9oH_7rustdom3dom23slot_assignment_binding48___napi_impl_helper_NativeSlotAssignmentDriver_1352___napi_register__NativeSlotAssignmentDriver_impl_2471__18___CTOR_PRIVATE_REF14___ctor_private (in /home/guido/rustdom-selection-validation-cQnQbx/dist/rustdom.node)
==5339==    by 0x6B9F47D: call_init.part.0 (dl-init.c:70)
==5339==    by 0x6B9F567: call_init (dl-init.c:33)
==5339==    by 0x6B9F567: _dl_init (dl-init.c:117)
==5339==    by 0x78ADBB4: _dl_catch_exception (dl-error-skeleton.c:182)
==5339==    by 0x6BA6FF5: dl_open_worker (dl-open.c:808)
==5339==    by 0x6BA6FF5: dl_open_worker (dl-open.c:771)
==5339==    by 0x78ADB57: _dl_catch_exception (dl-error-skeleton.c:208)
==5339==    by 0x6BA734D: _dl_open (dl-open.c:883)
==5339==    by 0x77C95FB: dlopen_doit (dlopen.c:56)
==5339== 
==5339== 432 bytes in 1 blocks are still reachable in loss record 400 of 425
==5339==    at 0x73E6A83: calloc (in /mnt/c/Users/guido/ghq/projects/rustdom/.tools/valgrind/usr/libexec/valgrind/vgpreload_memcheck-amd64-linux.so)
==5339==    by 0x6BAF2DC: calloc (rtld-malloc.h:44)
==5339==    by 0x6BAF2DC: _dl_check_map_versions (dl-version.c:273)
==5339==    by 0x6BA7D13: dl_open_worker_begin (dl-open.c:600)
==5339==    by 0x78ADB57: _dl_catch_exception (dl-error-skeleton.c:208)
==5339==    by 0x6BA6F99: dl_open_worker (dl-open.c:782)
==5339==    by 0x78ADB57: _dl_catch_exception (dl-error-skeleton.c:208)
==5339==    by 0x6BA734D: _dl_open (dl-open.c:883)
==5339==    by 0x77C95FB: dlopen_doit (dlopen.c:56)
==5339==    by 0x78ADB57: _dl_catch_exception (dl-error-skeleton.c:208)
==5339==    by 0x78ADC22: _dl_catch_error (dl-error-skeleton.c:227)
==5339==    by 0x77C90ED: _dlerror_run (dlerror.c:138)
==5339==    by 0x77C9687: dlopen_implementation (dlopen.c:71)
==5339==    by 0x77C9687: dlopen@@GLIBC_2.34 (dlopen.c:81)
==5339== 
==5339== 448 bytes in 1 blocks are still reachable in loss record 401 of 425
==5339==    at 0x73E6A83: calloc (in /mnt/c/Users/guido/ghq/projects/rustdom/.tools/valgrind/usr/libexec/valgrind/vgpreload_memcheck-amd64-linux.so)
==5339==    by 0x1A04144: uv_loop_init (loop.c:39)
==5339==    by 0x19FB169: uv_default_loop (uv-common.c:854)
==5339==    by 0x19FB169: uv_default_loop (uv-common.c:850)
==5339==    by 0x8C6FEE: node::Start(int, char**) (in /mnt/c/Users/guido/AppData/Local/Temp/rustdom-pr54-abort-retention-e991d78927094e13876cb3cd1a13dacf/.tools/node-v24.20.0-linux-x64/bin/node)
==5339==    by 0x7762D8F: (below main) (libc_start_call_main.h:58)
==5339== 
==5339== 504 bytes in 1 blocks are still reachable in loss record 402 of 425
==5339==    at 0x73E2013: operator new(unsigned long) (in /mnt/c/Users/guido/ghq/projects/rustdom/.tools/valgrind/usr/libexec/valgrind/vgpreload_memcheck-amd64-linux.so)
==5339==    by 0x9D7230: node::NodePlatform::RegisterIsolate(v8::Isolate*, uv_loop_s*) (in /mnt/c/Users/guido/AppData/Local/Temp/rustdom-pr54-abort-retention-e991d78927094e13876cb3cd1a13dacf/.tools/node-v24.20.0-linux-x64/bin/node)
==5339==    by 0x807AF8: node::NewIsolate(v8::Isolate::CreateParams*, uv_loop_s*, node::MultiIsolatePlatform*, node::SnapshotData const*, node::IsolateSettings const&) (in /mnt/c/Users/guido/AppData/Local/Temp/rustdom-pr54-abort-retention-e991d78927094e13876cb3cd1a13dacf/.tools/node-v24.20.0-linux-x64/bin/node)
==5339==    by 0x989AB8: node::NodeMainInstance::NodeMainInstance(node::SnapshotData const*, uv_loop_s*, node::MultiIsolatePlatform*, std::vector<std::__cxx11::basic_string<char, std::char_traits<char>, std::allocator<char> >, std::allocator<std::__cxx11::basic_string<char, std::char_traits<char>, std::allocator<char> > > > const&, std::vector<std::__cxx11::basic_string<char, std::char_traits<char>, std::allocator<char> >, std::allocator<std::__cxx11::basic_string<char, std::char_traits<char>, std::allocator<char> > > > const&) (in /mnt/c/Users/guido/AppData/Local/Temp/rustdom-pr54-abort-retention-e991d78927094e13876cb3cd1a13dacf/.tools/node-v24.20.0-linux-x64/bin/node)
==5339==    by 0x8C7198: node::Start(int, char**) (in /mnt/c/Users/guido/AppData/Local/Temp/rustdom-pr54-abort-retention-e991d78927094e13876cb3cd1a13dacf/.tools/node-v24.20.0-linux-x64/bin/node)
==5339==    by 0x7762D8F: (below main) (libc_start_call_main.h:58)
==5339== 
==5339== 512 bytes in 1 blocks are possibly lost in loss record 403 of 425
==5339==    at 0x73E2013: operator new(unsigned long) (in /mnt/c/Users/guido/ghq/projects/rustdom/.tools/valgrind/usr/libexec/valgrind/vgpreload_memcheck-amd64-linux.so)
==5339==    by 0x8D0A45: std::_Deque_base<void*, std::allocator<void*> >::_M_initialize_map(unsigned long) (in /mnt/c/Users/guido/AppData/Local/Temp/rustdom-pr54-abort-retention-e991d78927094e13876cb3cd1a13dacf/.tools/node-v24.20.0-linux-x64/bin/node)
==5339==    by 0x8CE79E: node::Environment::CloseHandle<uv_handle_s, v8impl::(anonymous namespace)::ThreadSafeFunction::CloseHandlesAndMaybeDelete(bool)::{lambda(uv_handle_s*)#1}>(uv_handle_s*, v8impl::(anonymous namespace)::ThreadSafeFunction::CloseHandlesAndMaybeDelete(bool)::{lambda(uv_handle_s*)#1})::{lambda(uv_handle_s*)#1}::_FUN(uv_handle_s*) (in /mnt/c/Users/guido/AppData/Local/Temp/rustdom-pr54-abort-retention-e991d78927094e13876cb3cd1a13dacf/.tools/node-v24.20.0-linux-x64/bin/node)
==5339==    by 0x19FCD9D: uv__finish_close (core.c:363)
==5339==    by 0x19FCD9D: uv__run_closing_handles (core.c:377)
==5339==    by 0x19FCD9D: uv_run (core.c:475)
==5339==    by 0x879127: node::Environment::CleanupHandles() (in /mnt/c/Users/guido/AppData/Local/Temp/rustdom-pr54-abort-retention-e991d78927094e13876cb3cd1a13dacf/.tools/node-v24.20.0-linux-x64/bin/node)
==5339==    by 0x87921C: node::Environment::RunCleanup() (in /mnt/c/Users/guido/AppData/Local/Temp/rustdom-pr54-abort-retention-e991d78927094e13876cb3cd1a13dacf/.tools/node-v24.20.0-linux-x64/bin/node)
==5339==    by 0x80C498: node::FreeEnvironment(node::Environment*) (in /mnt/c/Users/guido/AppData/Local/Temp/rustdom-pr54-abort-retention-e991d78927094e13876cb3cd1a13dacf/.tools/node-v24.20.0-linux-x64/bin/node)
==5339==    by 0x989F82: node::NodeMainInstance::Run() (in /mnt/c/Users/guido/AppData/Local/Temp/rustdom-pr54-abort-retention-e991d78927094e13876cb3cd1a13dacf/.tools/node-v24.20.0-linux-x64/bin/node)
==5339==    by 0x8C71A4: node::Start(int, char**) (in /mnt/c/Users/guido/AppData/Local/Temp/rustdom-pr54-abort-retention-e991d78927094e13876cb3cd1a13dacf/.tools/node-v24.20.0-linux-x64/bin/node)
==5339==    by 0x7762D8F: (below main) (libc_start_call_main.h:58)
==5339== 
==5339== 520 bytes in 1 blocks are possibly lost in loss record 404 of 425
==5339==    at 0x73E1899: malloc (in /mnt/c/Users/guido/ghq/projects/rustdom/.tools/valgrind/usr/libexec/valgrind/vgpreload_memcheck-amd64-linux.so)
==5339==    by 0x231F222C: _RNvMs5_NtCs6i54tJFfzR_5alloc7raw_vecNtB5_11RawVecInner11finish_growCs4QMHp0v7l6B_4napi (in /home/guido/rustdom-selection-validation-cQnQbx/dist/rustdom.node)
==5339==    by 0x231EFA4C: _RINvNvMs2_NtCs6i54tJFfzR_5alloc7raw_vecINtB8_11RawVecInnerpE7reserve21do_reserve_and_handleNtNtBa_5alloc6GlobalECs4QMHp0v7l6B_4napi (in /home/guido/rustdom-selection-validation-cQnQbx/dist/rustdom.node)
==5339==    by 0x231F5052: _RNvNtNtCs4QMHp0v7l6B_4napi15bindgen_runtime15module_register14register_class (in /home/guido/rustdom-selection-validation-cQnQbx/dist/rustdom.node)
==5339==    by 0x231AC07F: _RNvNvNvNvNtNtNtCs3Ir8cfnU9oH_7rustdom3dom19tree_cursor_binding37___napi_impl_helper_NativeTraversal_1841___napi_register__NativeTraversal_impl_4571__18___CTOR_PRIVATE_REF14___ctor_private (in /home/guido/rustdom-selection-validation-cQnQbx/dist/rustdom.node)
==5339==    by 0x6B9F47D: call_init.part.0 (dl-init.c:70)
==5339==    by 0x6B9F567: call_init (dl-init.c:33)
==5339==    by 0x6B9F567: _dl_init (dl-init.c:117)
==5339==    by 0x78ADBB4: _dl_catch_exception (dl-error-skeleton.c:182)
==5339==    by 0x6BA6FF5: dl_open_worker (dl-open.c:808)
==5339==    by 0x6BA6FF5: dl_open_worker (dl-open.c:771)
==5339==    by 0x78ADB57: _dl_catch_exception (dl-error-skeleton.c:208)
==5339==    by 0x6BA734D: _dl_open (dl-open.c:883)
==5339==    by 0x77C95FB: dlopen_doit (dlopen.c:56)
==5339== 
==5339== 624 bytes in 1 blocks are possibly lost in loss record 405 of 425
==5339==    at 0x73E1899: malloc (in /mnt/c/Users/guido/ghq/projects/rustdom/.tools/valgrind/usr/libexec/valgrind/vgpreload_memcheck-amd64-linux.so)
==5339==    by 0x231F222C: _RNvMs5_NtCs6i54tJFfzR_5alloc7raw_vecNtB5_11RawVecInner11finish_growCs4QMHp0v7l6B_4napi (in /home/guido/rustdom-selection-validation-cQnQbx/dist/rustdom.node)
==5339==    by 0x231EFA4C: _RINvNvMs2_NtCs6i54tJFfzR_5alloc7raw_vecINtB8_11RawVecInnerpE7reserve21do_reserve_and_handleNtNtBa_5alloc6GlobalECs4QMHp0v7l6B_4napi (in /home/guido/rustdom-selection-validation-cQnQbx/dist/rustdom.node)
==5339==    by 0x231F5052: _RNvNtNtCs4QMHp0v7l6B_4napi15bindgen_runtime15module_register14register_class (in /home/guido/rustdom-selection-validation-cQnQbx/dist/rustdom.node)
==5339==    by 0x2319C32C: _RNvNvNvNvNtNtNtCs3Ir8cfnU9oH_7rustdom3dom12blob_binding39___napi_impl_helper_NativeBlobMetadata_143___napi_register__NativeBlobMetadata_impl_301__18___CTOR_PRIVATE_REF14___ctor_private (in /home/guido/rustdom-selection-validation-cQnQbx/dist/rustdom.node)
==5339==    by 0x6B9F47D: call_init.part.0 (dl-init.c:70)
==5339==    by 0x6B9F567: call_init (dl-init.c:33)
==5339==    by 0x6B9F567: _dl_init (dl-init.c:117)
==5339==    by 0x78ADBB4: _dl_catch_exception (dl-error-skeleton.c:182)
==5339==    by 0x6BA6FF5: dl_open_worker (dl-open.c:808)
==5339==    by 0x6BA6FF5: dl_open_worker (dl-open.c:771)
==5339==    by 0x78ADB57: _dl_catch_exception (dl-error-skeleton.c:208)
==5339==    by 0x6BA734D: _dl_open (dl-open.c:883)
==5339==    by 0x77C95FB: dlopen_doit (dlopen.c:56)
==5339== 
==5339== 624 bytes in 1 blocks are possibly lost in loss record 406 of 425
==5339==    at 0x73E1899: malloc (in /mnt/c/Users/guido/ghq/projects/rustdom/.tools/valgrind/usr/libexec/valgrind/vgpreload_memcheck-amd64-linux.so)
==5339==    by 0x231F222C: _RNvMs5_NtCs6i54tJFfzR_5alloc7raw_vecNtB5_11RawVecInner11finish_growCs4QMHp0v7l6B_4napi (in /home/guido/rustdom-selection-validation-cQnQbx/dist/rustdom.node)
==5339==    by 0x231EFA4C: _RINvNvMs2_NtCs6i54tJFfzR_5alloc7raw_vecINtB8_11RawVecInnerpE7reserve21do_reserve_and_handleNtNtBa_5alloc6GlobalECs4QMHp0v7l6B_4napi (in /home/guido/rustdom-selection-validation-cQnQbx/dist/rustdom.node)
==5339==    by 0x231F5052: _RNvNtNtCs4QMHp0v7l6B_4napi15bindgen_runtime15module_register14register_class (in /home/guido/rustdom-selection-validation-cQnQbx/dist/rustdom.node)
==5339==    by 0x231B2CE2: _RNvNvNvNvNtNtNtCs3Ir8cfnU9oH_7rustdom3dom25observer_delivery_binding43___napi_impl_helper_NativeObserverDelivery_848___napi_register__NativeObserverDelivery_impl_1721__18___CTOR_PRIVATE_REF14___ctor_private (in /home/guido/rustdom-selection-validation-cQnQbx/dist/rustdom.node)
==5339==    by 0x6B9F47D: call_init.part.0 (dl-init.c:70)
==5339==    by 0x6B9F567: call_init (dl-init.c:33)
==5339==    by 0x6B9F567: _dl_init (dl-init.c:117)
==5339==    by 0x78ADBB4: _dl_catch_exception (dl-error-skeleton.c:182)
==5339==    by 0x6BA6FF5: dl_open_worker (dl-open.c:808)
==5339==    by 0x6BA6FF5: dl_open_worker (dl-open.c:771)
==5339==    by 0x78ADB57: _dl_catch_exception (dl-error-skeleton.c:208)
==5339==    by 0x6BA734D: _dl_open (dl-open.c:883)
==5339==    by 0x77C95FB: dlopen_doit (dlopen.c:56)
==5339== 
==5339== 728 bytes in 1 blocks are possibly lost in loss record 407 of 425
==5339==    at 0x73E1899: malloc (in /mnt/c/Users/guido/ghq/projects/rustdom/.tools/valgrind/usr/libexec/valgrind/vgpreload_memcheck-amd64-linux.so)
==5339==    by 0x231F222C: _RNvMs5_NtCs6i54tJFfzR_5alloc7raw_vecNtB5_11RawVecInner11finish_growCs4QMHp0v7l6B_4napi (in /home/guido/rustdom-selection-validation-cQnQbx/dist/rustdom.node)
==5339==    by 0x231EFA4C: _RINvNvMs2_NtCs6i54tJFfzR_5alloc7raw_vecINtB8_11RawVecInnerpE7reserve21do_reserve_and_handleNtNtBa_5alloc6GlobalECs4QMHp0v7l6B_4napi (in /home/guido/rustdom-selection-validation-cQnQbx/dist/rustdom.node)
==5339==    by 0x231F5052: _RNvNtNtCs4QMHp0v7l6B_4napi15bindgen_runtime15module_register14register_class (in /home/guido/rustdom-selection-validation-cQnQbx/dist/rustdom.node)
==5339==    by 0x231A7E7F: _RNvNvNvNvNtNtNtCs3Ir8cfnU9oH_7rustdom3dom19file_reader_binding42___napi_impl_helper_NativeFileReaderState_547___napi_register__NativeFileReaderState_impl_1151__18___CTOR_PRIVATE_REF14___ctor_private (in /home/guido/rustdom-selection-validation-cQnQbx/dist/rustdom.node)
==5339==    by 0x6B9F47D: call_init.part.0 (dl-init.c:70)
==5339==    by 0x6B9F567: call_init (dl-init.c:33)
==5339==    by 0x6B9F567: _dl_init (dl-init.c:117)
==5339==    by 0x78ADBB4: _dl_catch_exception (dl-error-skeleton.c:182)
==5339==    by 0x6BA6FF5: dl_open_worker (dl-open.c:808)
==5339==    by 0x6BA6FF5: dl_open_worker (dl-open.c:771)
==5339==    by 0x78ADB57: _dl_catch_exception (dl-error-skeleton.c:208)
==5339==    by 0x6BA734D: _dl_open (dl-open.c:883)
==5339==    by 0x77C95FB: dlopen_doit (dlopen.c:56)
==5339== 
==5339== 832 bytes in 1 blocks are possibly lost in loss record 408 of 425
==5339==    at 0x73E1899: malloc (in /mnt/c/Users/guido/ghq/projects/rustdom/.tools/valgrind/usr/libexec/valgrind/vgpreload_memcheck-amd64-linux.so)
==5339==    by 0x231F222C: _RNvMs5_NtCs6i54tJFfzR_5alloc7raw_vecNtB5_11RawVecInner11finish_growCs4QMHp0v7l6B_4napi (in /home/guido/rustdom-selection-validation-cQnQbx/dist/rustdom.node)
==5339==    by 0x231EFA4C: _RINvNvMs2_NtCs6i54tJFfzR_5alloc7raw_vecINtB8_11RawVecInnerpE7reserve21do_reserve_and_handleNtNtBa_5alloc6GlobalECs4QMHp0v7l6B_4napi (in /home/guido/rustdom-selection-validation-cQnQbx/dist/rustdom.node)
==5339==    by 0x231F5052: _RNvNtNtCs4QMHp0v7l6B_4napi15bindgen_runtime15module_register14register_class (in /home/guido/rustdom-selection-validation-cQnQbx/dist/rustdom.node)
==5339==    by 0x231A0B64: _RNvNvNvNvNtNtNtCs3Ir8cfnU9oH_7rustdom3dom17selection_binding42___napi_impl_helper_NativeSelectionState_1246___napi_register__NativeSelectionState_impl_2341__18___CTOR_PRIVATE_REF14___ctor_private (in /home/guido/rustdom-selection-validation-cQnQbx/dist/rustdom.node)
==5339==    by 0x6B9F47D: call_init.part.0 (dl-init.c:70)
==5339==    by 0x6B9F567: call_init (dl-init.c:33)
==5339==    by 0x6B9F567: _dl_init (dl-init.c:117)
==5339==    by 0x78ADBB4: _dl_catch_exception (dl-error-skeleton.c:182)
==5339==    by 0x6BA6FF5: dl_open_worker (dl-open.c:808)
==5339==    by 0x6BA6FF5: dl_open_worker (dl-open.c:771)
==5339==    by 0x78ADB57: _dl_catch_exception (dl-error-skeleton.c:208)
==5339==    by 0x6BA734D: _dl_open (dl-open.c:883)
==5339==    by 0x77C95FB: dlopen_doit (dlopen.c:56)
==5339== 
==5339== 832 bytes in 1 blocks are possibly lost in loss record 409 of 425
==5339==    at 0x73E1899: malloc (in /mnt/c/Users/guido/ghq/projects/rustdom/.tools/valgrind/usr/libexec/valgrind/vgpreload_memcheck-amd64-linux.so)
==5339==    by 0x231F222C: _RNvMs5_NtCs6i54tJFfzR_5alloc7raw_vecNtB5_11RawVecInner11finish_growCs4QMHp0v7l6B_4napi (in /home/guido/rustdom-selection-validation-cQnQbx/dist/rustdom.node)
==5339==    by 0x231EFA4C: _RINvNvMs2_NtCs6i54tJFfzR_5alloc7raw_vecINtB8_11RawVecInnerpE7reserve21do_reserve_and_handleNtNtBa_5alloc6GlobalECs4QMHp0v7l6B_4napi (in /home/guido/rustdom-selection-validation-cQnQbx/dist/rustdom.node)
==5339==    by 0x231F5052: _RNvNtNtCs4QMHp0v7l6B_4napi15bindgen_runtime15module_register14register_class (in /home/guido/rustdom-selection-validation-cQnQbx/dist/rustdom.node)
==5339==    by 0x231B61F6: _RNvNvNvNvNtNtNtCs3Ir8cfnU9oH_7rustdom3xml7binding37___napi_impl_helper_NativeXmlParser_2241___napi_register__NativeXmlParser_impl_4941__18___CTOR_PRIVATE_REF14___ctor_private (in /home/guido/rustdom-selection-validation-cQnQbx/dist/rustdom.node)
==5339==    by 0x6B9F47D: call_init.part.0 (dl-init.c:70)
==5339==    by 0x6B9F567: call_init (dl-init.c:33)
==5339==    by 0x6B9F567: _dl_init (dl-init.c:117)
==5339==    by 0x78ADBB4: _dl_catch_exception (dl-error-skeleton.c:182)
==5339==    by 0x6BA6FF5: dl_open_worker (dl-open.c:808)
==5339==    by 0x6BA6FF5: dl_open_worker (dl-open.c:771)
==5339==    by 0x78ADB57: _dl_catch_exception (dl-error-skeleton.c:208)
==5339==    by 0x6BA734D: _dl_open (dl-open.c:883)
==5339==    by 0x77C95FB: dlopen_doit (dlopen.c:56)
==5339== 
==5339== 872 bytes in 1 blocks are still reachable in loss record 410 of 425
==5339==    at 0x73E1899: malloc (in /mnt/c/Users/guido/ghq/projects/rustdom/.tools/valgrind/usr/libexec/valgrind/vgpreload_memcheck-amd64-linux.so)
==5339==    by 0x2736195: icu_78::UnicodeSet::freeze() (in /mnt/c/Users/guido/AppData/Local/Temp/rustdom-pr54-abort-retention-e991d78927094e13876cb3cd1a13dacf/.tools/node-v24.20.0-linux-x64/bin/node)
==5339==    by 0x19953B1: v8::internal::BuildIgnoreSet() (in /mnt/c/Users/guido/AppData/Local/Temp/rustdom-pr54-abort-retention-e991d78927094e13876cb3cd1a13dacf/.tools/node-v24.20.0-linux-x64/bin/node)
==5339==    by 0x19953C8: v8::base::LazyInstanceImpl<v8::internal::IgnoreSetData, v8::base::StaticallyAllocatedInstanceTrait<v8::internal::IgnoreSetData>, v8::base::DefaultConstructTrait<v8::internal::IgnoreSetData>, v8::base::ThreadSafeInitOnceTrait, v8::base::LeakyInstanceTrait<v8::internal::IgnoreSetData> >::InitInstance(void*) (in /mnt/c/Users/guido/AppData/Local/Temp/rustdom-pr54-abort-retention-e991d78927094e13876cb3cd1a13dacf/.tools/node-v24.20.0-linux-x64/bin/node)
==5339==    by 0x27A547C: v8::base::CallOnceImpl(std::atomic<unsigned char>*, std::function<void ()>) (in /mnt/c/Users/guido/AppData/Local/Temp/rustdom-pr54-abort-retention-e991d78927094e13876cb3cd1a13dacf/.tools/node-v24.20.0-linux-x64/bin/node)
==5339==    by 0x1995422: v8::internal::RegExpCaseFolding::IgnoreSet() (in /mnt/c/Users/guido/AppData/Local/Temp/rustdom-pr54-abort-retention-e991d78927094e13876cb3cd1a13dacf/.tools/node-v24.20.0-linux-x64/bin/node)
==5339==    by 0x136F8C2: v8::internal::CharacterRange::AddCaseEquivalents(v8::internal::Isolate*, v8::internal::Zone*, v8::internal::ZoneList<v8::internal::CharacterRange>*, bool) (in /mnt/c/Users/guido/AppData/Local/Temp/rustdom-pr54-abort-retention-e991d78927094e13876cb3cd1a13dacf/.tools/node-v24.20.0-linux-x64/bin/node)
==5339==    by 0x1373A9C: v8::internal::TextNode::Accept(v8::internal::NodeVisitor*) (in /mnt/c/Users/guido/AppData/Local/Temp/rustdom-pr54-abort-retention-e991d78927094e13876cb3cd1a13dacf/.tools/node-v24.20.0-linux-x64/bin/node)
==5339==    by 0x137284D: v8::internal::ChoiceNode::Accept(v8::internal::NodeVisitor*) (in /mnt/c/Users/guido/AppData/Local/Temp/rustdom-pr54-abort-retention-e991d78927094e13876cb3cd1a13dacf/.tools/node-v24.20.0-linux-x64/bin/node)
==5339==    by 0x1372FA8: v8::internal::ActionNode::Accept(v8::internal::NodeVisitor*) (in /mnt/c/Users/guido/AppData/Local/Temp/rustdom-pr54-abort-retention-e991d78927094e13876cb3cd1a13dacf/.tools/node-v24.20.0-linux-x64/bin/node)
==5339==    by 0x1373337: v8::internal::LoopChoiceNode::Accept(v8::internal::NodeVisitor*) (in /mnt/c/Users/guido/AppData/Local/Temp/rustdom-pr54-abort-retention-e991d78927094e13876cb3cd1a13dacf/.tools/node-v24.20.0-linux-x64/bin/node)
==5339==    by 0x1372FA8: v8::internal::ActionNode::Accept(v8::internal::NodeVisitor*) (in /mnt/c/Users/guido/AppData/Local/Temp/rustdom-pr54-abort-retention-e991d78927094e13876cb3cd1a13dacf/.tools/node-v24.20.0-linux-x64/bin/node)
==5339== 
==5339== 1,144 bytes in 1 blocks are possibly lost in loss record 411 of 425
==5339==    at 0x73E1899: malloc (in /mnt/c/Users/guido/ghq/projects/rustdom/.tools/valgrind/usr/libexec/valgrind/vgpreload_memcheck-amd64-linux.so)
==5339==    by 0x231F222C: _RNvMs5_NtCs6i54tJFfzR_5alloc7raw_vecNtB5_11RawVecInner11finish_growCs4QMHp0v7l6B_4napi (in /home/guido/rustdom-selection-validation-cQnQbx/dist/rustdom.node)
==5339==    by 0x231EFA4C: _RINvNvMs2_NtCs6i54tJFfzR_5alloc7raw_vecINtB8_11RawVecInnerpE7reserve21do_reserve_and_handleNtNtBa_5alloc6GlobalECs4QMHp0v7l6B_4napi (in /home/guido/rustdom-selection-validation-cQnQbx/dist/rustdom.node)
==5339==    by 0x231F5052: _RNvNtNtCs4QMHp0v7l6B_4napi15bindgen_runtime15module_register14register_class (in /home/guido/rustdom-selection-validation-cQnQbx/dist/rustdom.node)
==5339==    by 0x2319D7CA: _RNvNvNvNvNtNtNtCs3Ir8cfnU9oH_7rustdom3dom16dom_rect_binding34___napi_impl_helper_NativeDomRect_238___napi_register__NativeDomRect_impl_521__18___CTOR_PRIVATE_REF14___ctor_private (in /home/guido/rustdom-selection-validation-cQnQbx/dist/rustdom.node)
==5339==    by 0x6B9F47D: call_init.part.0 (dl-init.c:70)
==5339==    by 0x6B9F567: call_init (dl-init.c:33)
==5339==    by 0x6B9F567: _dl_init (dl-init.c:117)
==5339==    by 0x78ADBB4: _dl_catch_exception (dl-error-skeleton.c:182)
==5339==    by 0x6BA6FF5: dl_open_worker (dl-open.c:808)
==5339==    by 0x6BA6FF5: dl_open_worker (dl-open.c:771)
==5339==    by 0x78ADB57: _dl_catch_exception (dl-error-skeleton.c:208)
==5339==    by 0x6BA734D: _dl_open (dl-open.c:883)
==5339==    by 0x77C95FB: dlopen_doit (dlopen.c:56)
==5339== 
==5339== 1,144 bytes in 1 blocks are possibly lost in loss record 412 of 425
==5339==    at 0x73E1899: malloc (in /mnt/c/Users/guido/ghq/projects/rustdom/.tools/valgrind/usr/libexec/valgrind/vgpreload_memcheck-amd64-linux.so)
==5339==    by 0x231F222C: _RNvMs5_NtCs6i54tJFfzR_5alloc7raw_vecNtB5_11RawVecInner11finish_growCs4QMHp0v7l6B_4napi (in /home/guido/rustdom-selection-validation-cQnQbx/dist/rustdom.node)
==5339==    by 0x231EFA4C: _RINvNvMs2_NtCs6i54tJFfzR_5alloc7raw_vecINtB8_11RawVecInnerpE7reserve21do_reserve_and_handleNtNtBa_5alloc6GlobalECs4QMHp0v7l6B_4napi (in /home/guido/rustdom-selection-validation-cQnQbx/dist/rustdom.node)
==5339==    by 0x231F5052: _RNvNtNtCs4QMHp0v7l6B_4napi15bindgen_runtime15module_register14register_class (in /home/guido/rustdom-selection-validation-cQnQbx/dist/rustdom.node)
==5339==    by 0x231AFC6B: _RNvNvNvNvNtNtNtCs3Ir8cfnU9oH_7rustdom3dom23event_listeners_binding43___napi_impl_helper_NativeListenerRegistry_347___napi_register__NativeListenerRegistry_impl_691__18___CTOR_PRIVATE_REF14___ctor_private (in /home/guido/rustdom-selection-validation-cQnQbx/dist/rustdom.node)
==5339==    by 0x6B9F47D: call_init.part.0 (dl-init.c:70)
==5339==    by 0x6B9F567: call_init (dl-init.c:33)
==5339==    by 0x6B9F567: _dl_init (dl-init.c:117)
==5339==    by 0x78ADBB4: _dl_catch_exception (dl-error-skeleton.c:182)
==5339==    by 0x6BA6FF5: dl_open_worker (dl-open.c:808)
==5339==    by 0x6BA6FF5: dl_open_worker (dl-open.c:771)
==5339==    by 0x78ADB57: _dl_catch_exception (dl-error-skeleton.c:208)
==5339==    by 0x6BA734D: _dl_open (dl-open.c:883)
==5339==    by 0x77C95FB: dlopen_doit (dlopen.c:56)
==5339== 
==5339== 1,144 bytes in 1 blocks are possibly lost in loss record 413 of 425
==5339==    at 0x73E1899: malloc (in /mnt/c/Users/guido/ghq/projects/rustdom/.tools/valgrind/usr/libexec/valgrind/vgpreload_memcheck-amd64-linux.so)
==5339==    by 0x231F222C: _RNvMs5_NtCs6i54tJFfzR_5alloc7raw_vecNtB5_11RawVecInner11finish_growCs4QMHp0v7l6B_4napi (in /home/guido/rustdom-selection-validation-cQnQbx/dist/rustdom.node)
==5339==    by 0x231EFA4C: _RINvNvMs2_NtCs6i54tJFfzR_5alloc7raw_vecINtB8_11RawVecInnerpE7reserve21do_reserve_and_handleNtNtBa_5alloc6GlobalECs4QMHp0v7l6B_4napi (in /home/guido/rustdom-selection-validation-cQnQbx/dist/rustdom.node)
==5339==    by 0x231F5052: _RNvNtNtCs4QMHp0v7l6B_4napi15bindgen_runtime15module_register14register_class (in /home/guido/rustdom-selection-validation-cQnQbx/dist/rustdom.node)
==5339==    by 0x231B142D: _RNvNvNvNvNtNtNtCs3Ir8cfnU9oH_7rustdom3dom23mutation_record_binding41___napi_impl_helper_NativeMutationRecord_746___napi_register__NativeMutationRecord_impl_1591__18___CTOR_PRIVATE_REF14___ctor_private (in /home/guido/rustdom-selection-validation-cQnQbx/dist/rustdom.node)
==5339==    by 0x6B9F47D: call_init.part.0 (dl-init.c:70)
==5339==    by 0x6B9F567: call_init (dl-init.c:33)
==5339==    by 0x6B9F567: _dl_init (dl-init.c:117)
==5339==    by 0x78ADBB4: _dl_catch_exception (dl-error-skeleton.c:182)
==5339==    by 0x6BA6FF5: dl_open_worker (dl-open.c:808)
==5339==    by 0x6BA6FF5: dl_open_worker (dl-open.c:771)
==5339==    by 0x78ADB57: _dl_catch_exception (dl-error-skeleton.c:208)
==5339==    by 0x6BA734D: _dl_open (dl-open.c:883)
==5339==    by 0x77C95FB: dlopen_doit (dlopen.c:56)
==5339== 
==5339== 1,248 bytes in 1 blocks are possibly lost in loss record 414 of 425
==5339==    at 0x73E1899: malloc (in /mnt/c/Users/guido/ghq/projects/rustdom/.tools/valgrind/usr/libexec/valgrind/vgpreload_memcheck-amd64-linux.so)
==5339==    by 0x231F222C: _RNvMs5_NtCs6i54tJFfzR_5alloc7raw_vecNtB5_11RawVecInner11finish_growCs4QMHp0v7l6B_4napi (in /home/guido/rustdom-selection-validation-cQnQbx/dist/rustdom.node)
==5339==    by 0x231EFA4C: _RINvNvMs2_NtCs6i54tJFfzR_5alloc7raw_vecINtB8_11RawVecInnerpE7reserve21do_reserve_and_handleNtNtBa_5alloc6GlobalECs4QMHp0v7l6B_4napi (in /home/guido/rustdom-selection-validation-cQnQbx/dist/rustdom.node)
==5339==    by 0x231F5052: _RNvNtNtCs4QMHp0v7l6B_4napi15bindgen_runtime15module_register14register_class (in /home/guido/rustdom-selection-validation-cQnQbx/dist/rustdom.node)
==5339==    by 0x231AD948: _RNvNvNvNvNtNtNtCs3Ir8cfnU9oH_7rustdom3dom19web_storage_binding39___napi_impl_helper_NativeStorageArea_2043___napi_register__NativeStorageArea_impl_4761__18___CTOR_PRIVATE_REF14___ctor_private (in /home/guido/rustdom-selection-validation-cQnQbx/dist/rustdom.node)
==5339==    by 0x6B9F47D: call_init.part.0 (dl-init.c:70)
==5339==    by 0x6B9F567: call_init (dl-init.c:33)
==5339==    by 0x6B9F567: _dl_init (dl-init.c:117)
==5339==    by 0x78ADBB4: _dl_catch_exception (dl-error-skeleton.c:182)
==5339==    by 0x6BA6FF5: dl_open_worker (dl-open.c:808)
==5339==    by 0x6BA6FF5: dl_open_worker (dl-open.c:771)
==5339==    by 0x78ADB57: _dl_catch_exception (dl-error-skeleton.c:208)
==5339==    by 0x6BA734D: _dl_open (dl-open.c:883)
==5339==    by 0x77C95FB: dlopen_doit (dlopen.c:56)
==5339== 
==5339== 1,258 bytes in 1 blocks are still reachable in loss record 415 of 425
==5339==    at 0x73E6A83: calloc (in /mnt/c/Users/guido/ghq/projects/rustdom/.tools/valgrind/usr/libexec/valgrind/vgpreload_memcheck-amd64-linux.so)
==5339==    by 0x6BA6A02: calloc (rtld-malloc.h:44)
==5339==    by 0x6BA6A02: _dl_new_object (dl-object.c:92)
==5339==    by 0x6BA1C82: _dl_map_object_from_fd (dl-load.c:1063)
==5339==    by 0x6BA3600: _dl_map_object (dl-load.c:2327)
==5339==    by 0x6BA79A8: dl_open_worker_begin (dl-open.c:534)
==5339==    by 0x78ADB57: _dl_catch_exception (dl-error-skeleton.c:208)
==5339==    by 0x6BA6F99: dl_open_worker (dl-open.c:782)
==5339==    by 0x78ADB57: _dl_catch_exception (dl-error-skeleton.c:208)
==5339==    by 0x6BA734D: _dl_open (dl-open.c:883)
==5339==    by 0x77C95FB: dlopen_doit (dlopen.c:56)
==5339==    by 0x78ADB57: _dl_catch_exception (dl-error-skeleton.c:208)
==5339==    by 0x78ADC22: _dl_catch_error (dl-error-skeleton.c:227)
==5339== 
==5339== 1,456 bytes in 1 blocks are possibly lost in loss record 416 of 425
==5339==    at 0x73E1899: malloc (in /mnt/c/Users/guido/ghq/projects/rustdom/.tools/valgrind/usr/libexec/valgrind/vgpreload_memcheck-amd64-linux.so)
==5339==    by 0x231F222C: _RNvMs5_NtCs6i54tJFfzR_5alloc7raw_vecNtB5_11RawVecInner11finish_growCs4QMHp0v7l6B_4napi (in /home/guido/rustdom-selection-validation-cQnQbx/dist/rustdom.node)
==5339==    by 0x231EFA4C: _RINvNvMs2_NtCs6i54tJFfzR_5alloc7raw_vecINtB8_11RawVecInnerpE7reserve21do_reserve_and_handleNtNtBa_5alloc6GlobalECs4QMHp0v7l6B_4napi (in /home/guido/rustdom-selection-validation-cQnQbx/dist/rustdom.node)
==5339==    by 0x231F5052: _RNvNtNtCs4QMHp0v7l6B_4napi15bindgen_runtime15module_register14register_class (in /home/guido/rustdom-selection-validation-cQnQbx/dist/rustdom.node)
==5339==    by 0x231A3556: _RNvNvNvNvNtNtNtCs3Ir8cfnU9oH_7rustdom3dom19abort_state_binding37___napi_impl_helper_NativeAbortState_041___napi_register__NativeAbortState_impl_201__18___CTOR_PRIVATE_REF14___ctor_private (in /home/guido/rustdom-selection-validation-cQnQbx/dist/rustdom.node)
==5339==    by 0x6B9F47D: call_init.part.0 (dl-init.c:70)
==5339==    by 0x6B9F567: call_init (dl-init.c:33)
==5339==    by 0x6B9F567: _dl_init (dl-init.c:117)
==5339==    by 0x78ADBB4: _dl_catch_exception (dl-error-skeleton.c:182)
==5339==    by 0x6BA6FF5: dl_open_worker (dl-open.c:808)
==5339==    by 0x6BA6FF5: dl_open_worker (dl-open.c:771)
==5339==    by 0x78ADB57: _dl_catch_exception (dl-error-skeleton.c:208)
==5339==    by 0x6BA734D: _dl_open (dl-open.c:883)
==5339==    by 0x77C95FB: dlopen_doit (dlopen.c:56)
==5339== 
==5339== 1,560 bytes in 1 blocks are possibly lost in loss record 417 of 425
==5339==    at 0x73E1899: malloc (in /mnt/c/Users/guido/ghq/projects/rustdom/.tools/valgrind/usr/libexec/valgrind/vgpreload_memcheck-amd64-linux.so)
==5339==    by 0x231F222C: _RNvMs5_NtCs6i54tJFfzR_5alloc7raw_vecNtB5_11RawVecInner11finish_growCs4QMHp0v7l6B_4napi (in /home/guido/rustdom-selection-validation-cQnQbx/dist/rustdom.node)
==5339==    by 0x231EFA4C: _RINvNvMs2_NtCs6i54tJFfzR_5alloc7raw_vecINtB8_11RawVecInnerpE7reserve21do_reserve_and_handleNtNtBa_5alloc6GlobalECs4QMHp0v7l6B_4napi (in /home/guido/rustdom-selection-validation-cQnQbx/dist/rustdom.node)
==5339==    by 0x231F5052: _RNvNtNtCs4QMHp0v7l6B_4napi15bindgen_runtime15module_register14register_class (in /home/guido/rustdom-selection-validation-cQnQbx/dist/rustdom.node)
==5339==    by 0x2319F5FD: _RNvNvNvNvNtNtNtCs3Ir8cfnU9oH_7rustdom3dom17form_data_binding42___napi_impl_helper_NativeFormDataEntries_647___napi_register__NativeFormDataEntries_impl_1371__18___CTOR_PRIVATE_REF14___ctor_private (in /home/guido/rustdom-selection-validation-cQnQbx/dist/rustdom.node)
==5339==    by 0x6B9F47D: call_init.part.0 (dl-init.c:70)
==5339==    by 0x6B9F567: call_init (dl-init.c:33)
==5339==    by 0x6B9F567: _dl_init (dl-init.c:117)
==5339==    by 0x78ADBB4: _dl_catch_exception (dl-error-skeleton.c:182)
==5339==    by 0x6BA6FF5: dl_open_worker (dl-open.c:808)
==5339==    by 0x6BA6FF5: dl_open_worker (dl-open.c:771)
==5339==    by 0x78ADB57: _dl_catch_exception (dl-error-skeleton.c:208)
==5339==    by 0x6BA734D: _dl_open (dl-open.c:883)
==5339==    by 0x77C95FB: dlopen_doit (dlopen.c:56)
==5339== 
==5339== 1,584 bytes in 1 blocks are possibly lost in loss record 418 of 425
==5339==    at 0x73E1899: malloc (in /mnt/c/Users/guido/ghq/projects/rustdom/.tools/valgrind/usr/libexec/valgrind/vgpreload_memcheck-amd64-linux.so)
==5339==    by 0x231EE817: _RINvMsa_NtCsfBDUjroi3FF_9hashbrown3rawNtB6_13RawTableInner22fallible_with_capacityNtNtCs6i54tJFfzR_5alloc5alloc6GlobalECs4QMHp0v7l6B_4napi (in /home/guido/rustdom-selection-validation-cQnQbx/dist/rustdom.node)
==5339==    by 0x231EDC55: _RINvMs6_NtCsfBDUjroi3FF_9hashbrown3rawINtB6_8RawTableTNtNtCsgxBkk5gSRhY_4core3any6TypeIdINtNtNtNtCs9k3SxhrAWiO_3std11collections4hash3map7HashMapINtNtBU_6option6OptionReENtNtNtCs4QMHp0v7l6B_4napi15bindgen_runtime15module_register17ClassRegistrationNtCsip5QdaO9ESH_10rustc_hash13FxBuildHasherEEE14reserve_rehashNCINvNtB8_3map11make_hasherBQ_B1o_B3Y_E0EB2O_ (in /home/guido/rustdom-selection-validation-cQnQbx/dist/rustdom.node)
==5339==    by 0x231F511C: _RNvNtNtCs4QMHp0v7l6B_4napi15bindgen_runtime15module_register14register_class (in /home/guido/rustdom-selection-validation-cQnQbx/dist/rustdom.node)
==5339==    by 0x231AC680: _RNvNvNvNvNtNtNtCs3Ir8cfnU9oH_7rustdom3dom19web_storage_binding37___napi_helper__NativeStorageKeyCursor50___napi_register__NativeStorageKeyCursor_struct_4771__18___CTOR_PRIVATE_REF14___ctor_private (in /home/guido/rustdom-selection-validation-cQnQbx/dist/rustdom.node)
==5339==    by 0x6B9F47D: call_init.part.0 (dl-init.c:70)
==5339==    by 0x6B9F567: call_init (dl-init.c:33)
==5339==    by 0x6B9F567: _dl_init (dl-init.c:117)
==5339==    by 0x78ADBB4: _dl_catch_exception (dl-error-skeleton.c:182)
==5339==    by 0x6BA6FF5: dl_open_worker (dl-open.c:808)
==5339==    by 0x6BA6FF5: dl_open_worker (dl-open.c:771)
==5339==    by 0x78ADB57: _dl_catch_exception (dl-error-skeleton.c:208)
==5339==    by 0x6BA734D: _dl_open (dl-open.c:883)
==5339==    by 0x77C95FB: dlopen_doit (dlopen.c:56)
==5339== 
==5339== 2,184 bytes in 1 blocks are possibly lost in loss record 419 of 425
==5339==    at 0x73E1899: malloc (in /mnt/c/Users/guido/ghq/projects/rustdom/.tools/valgrind/usr/libexec/valgrind/vgpreload_memcheck-amd64-linux.so)
==5339==    by 0x231F222C: _RNvMs5_NtCs6i54tJFfzR_5alloc7raw_vecNtB5_11RawVecInner11finish_growCs4QMHp0v7l6B_4napi (in /home/guido/rustdom-selection-validation-cQnQbx/dist/rustdom.node)
==5339==    by 0x231EFA4C: _RINvNvMs2_NtCs6i54tJFfzR_5alloc7raw_vecINtB8_11RawVecInnerpE7reserve21do_reserve_and_handleNtNtBa_5alloc6GlobalECs4QMHp0v7l6B_4napi (in /home/guido/rustdom-selection-validation-cQnQbx/dist/rustdom.node)
==5339==    by 0x231F5052: _RNvNtNtCs4QMHp0v7l6B_4napi15bindgen_runtime15module_register14register_class (in /home/guido/rustdom-selection-validation-cQnQbx/dist/rustdom.node)
==5339==    by 0x231AAC85: _RNvNvNvNvNtNtNtCs3Ir8cfnU9oH_7rustdom3dom19range_state_binding33___napi_impl_helper_NativeRange_1137___napi_register__NativeRange_impl_2221__18___CTOR_PRIVATE_REF14___ctor_private (in /home/guido/rustdom-selection-validation-cQnQbx/dist/rustdom.node)
==5339==    by 0x6B9F47D: call_init.part.0 (dl-init.c:70)
==5339==    by 0x6B9F567: call_init (dl-init.c:33)
==5339==    by 0x6B9F567: _dl_init (dl-init.c:117)
==5339==    by 0x78ADBB4: _dl_catch_exception (dl-error-skeleton.c:182)
==5339==    by 0x6BA6FF5: dl_open_worker (dl-open.c:808)
==5339==    by 0x6BA6FF5: dl_open_worker (dl-open.c:771)
==5339==    by 0x78ADB57: _dl_catch_exception (dl-error-skeleton.c:208)
==5339==    by 0x6BA734D: _dl_open (dl-open.c:883)
==5339==    by 0x77C95FB: dlopen_doit (dlopen.c:56)
==5339== 
==5339== 2,560 bytes in 1 blocks are still reachable in loss record 420 of 425
==5339==    at 0x73E6CD3: realloc (in /mnt/c/Users/guido/ghq/projects/rustdom/.tools/valgrind/usr/libexec/valgrind/vgpreload_memcheck-amd64-linux.so)
==5339==    by 0x231F220E: _RNvMs5_NtCs6i54tJFfzR_5alloc7raw_vecNtB5_11RawVecInner11finish_growCs4QMHp0v7l6B_4napi (in /home/guido/rustdom-selection-validation-cQnQbx/dist/rustdom.node)
==5339==    by 0x231F1FC9: _RNvMs4_NtCs6i54tJFfzR_5alloc7raw_vecINtB5_6RawVecTINtNtCsgxBkk5gSRhY_4core6option6OptionReETB1o_FUONtNtCsb61mMDCNxTA_8napi_sys5types10napi_env__EINtNtBR_6result6ResultONtB1B_12napi_value__NtNtCs4QMHp0v7l6B_4napi5error5ErrorEEEE8grow_oneB34_ (in /home/guido/rustdom-selection-validation-cQnQbx/dist/rustdom.node)
==5339==    by 0x231F5587: _RNvNtNtCs4QMHp0v7l6B_4napi15bindgen_runtime15module_register22register_module_export (in /home/guido/rustdom-selection-validation-cQnQbx/dist/rustdom.node)
==5339==    by 0x2319B6DB: _RNvNvNvNvNtNtCs3Ir8cfnU9oH_7rustdom3dom25observer_delivery_binding43___napi_register__ObserverDeliveryAction_1621__18___CTOR_PRIVATE_REF14___ctor_private (in /home/guido/rustdom-selection-validation-cQnQbx/dist/rustdom.node)
==5339==    by 0x6B9F47D: call_init.part.0 (dl-init.c:70)
==5339==    by 0x6B9F567: call_init (dl-init.c:33)
==5339==    by 0x6B9F567: _dl_init (dl-init.c:117)
==5339==    by 0x78ADBB4: _dl_catch_exception (dl-error-skeleton.c:182)
==5339==    by 0x6BA6FF5: dl_open_worker (dl-open.c:808)
==5339==    by 0x6BA6FF5: dl_open_worker (dl-open.c:771)
==5339==    by 0x78ADB57: _dl_catch_exception (dl-error-skeleton.c:208)
==5339==    by 0x6BA734D: _dl_open (dl-open.c:883)
==5339==    by 0x77C95FB: dlopen_doit (dlopen.c:56)
==5339== 
==5339== 2,600 bytes in 1 blocks are possibly lost in loss record 421 of 425
==5339==    at 0x73E1899: malloc (in /mnt/c/Users/guido/ghq/projects/rustdom/.tools/valgrind/usr/libexec/valgrind/vgpreload_memcheck-amd64-linux.so)
==5339==    by 0x231F222C: _RNvMs5_NtCs6i54tJFfzR_5alloc7raw_vecNtB5_11RawVecInner11finish_growCs4QMHp0v7l6B_4napi (in /home/guido/rustdom-selection-validation-cQnQbx/dist/rustdom.node)
==5339==    by 0x231EFA4C: _RINvNvMs2_NtCs6i54tJFfzR_5alloc7raw_vecINtB8_11RawVecInnerpE7reserve21do_reserve_and_handleNtNtBa_5alloc6GlobalECs4QMHp0v7l6B_4napi (in /home/guido/rustdom-selection-validation-cQnQbx/dist/rustdom.node)
==5339==    by 0x231F5052: _RNvNtNtCs4QMHp0v7l6B_4napi15bindgen_runtime15module_register14register_class (in /home/guido/rustdom-selection-validation-cQnQbx/dist/rustdom.node)
==5339==    by 0x231A64AC: _RNvNvNvNvNtNtNtCs3Ir8cfnU9oH_7rustdom3dom19event_state_binding37___napi_impl_helper_NativeEventState_442___napi_register__NativeEventState_impl_1041__18___CTOR_PRIVATE_REF14___ctor_private (in /home/guido/rustdom-selection-validation-cQnQbx/dist/rustdom.node)
==5339==    by 0x6B9F47D: call_init.part.0 (dl-init.c:70)
==5339==    by 0x6B9F567: call_init (dl-init.c:33)
==5339==    by 0x6B9F567: _dl_init (dl-init.c:117)
==5339==    by 0x78ADBB4: _dl_catch_exception (dl-error-skeleton.c:182)
==5339==    by 0x6BA6FF5: dl_open_worker (dl-open.c:808)
==5339==    by 0x6BA6FF5: dl_open_worker (dl-open.c:771)
==5339==    by 0x78ADB57: _dl_catch_exception (dl-error-skeleton.c:208)
==5339==    by 0x6BA734D: _dl_open (dl-open.c:883)
==5339==    by 0x77C95FB: dlopen_doit (dlopen.c:56)
==5339== 
==5339== 3,048 bytes in 1 blocks are still reachable in loss record 422 of 425
==5339==    at 0x73E1899: malloc (in /mnt/c/Users/guido/ghq/projects/rustdom/.tools/valgrind/usr/libexec/valgrind/vgpreload_memcheck-amd64-linux.so)
==5339==    by 0x2695174: uhash_open_78 (in /mnt/c/Users/guido/AppData/Local/Temp/rustdom-pr54-abort-retention-e991d78927094e13876cb3cd1a13dacf/.tools/node-v24.20.0-linux-x64/bin/node)
==5339==    by 0x26DFA19: ures_openDirectFillIn_78 (in /mnt/c/Users/guido/AppData/Local/Temp/rustdom-pr54-abort-retention-e991d78927094e13876cb3cd1a13dacf/.tools/node-v24.20.0-linux-x64/bin/node)
==5339==    by 0x20ABD70: icu_78::TimeZone::getTZDataVersion(UErrorCode&) (in /mnt/c/Users/guido/AppData/Local/Temp/rustdom-pr54-abort-retention-e991d78927094e13876cb3cd1a13dacf/.tools/node-v24.20.0-linux-x64/bin/node)
==5339==    by 0x99B4CD: node::Metadata::Versions::InitializeIntlVersions() (in /mnt/c/Users/guido/AppData/Local/Temp/rustdom-pr54-abort-retention-e991d78927094e13876cb3cd1a13dacf/.tools/node-v24.20.0-linux-x64/bin/node)
==5339==    by 0x8C3FB9: node::InitializeNodeWithArgsInternal(std::vector<std::__cxx11::basic_string<char, std::char_traits<char>, std::allocator<char> >, std::allocator<std::__cxx11::basic_string<char, std::char_traits<char>, std::allocator<char> > > >*, std::vector<std::__cxx11::basic_string<char, std::char_traits<char>, std::allocator<char> >, std::allocator<std::__cxx11::basic_string<char, std::char_traits<char>, std::allocator<char> > > >*, std::vector<std::__cxx11::basic_string<char, std::char_traits<char>, std::allocator<char> >, std::allocator<std::__cxx11::basic_string<char, std::char_traits<char>, std::allocator<char> > > >*, node::ProcessInitializationFlags::Flags) (in /mnt/c/Users/guido/AppData/Local/Temp/rustdom-pr54-abort-retention-e991d78927094e13876cb3cd1a13dacf/.tools/node-v24.20.0-linux-x64/bin/node)
==5339==    by 0x8C61BE: node::InitializeOncePerProcessInternal(std::vector<std::__cxx11::basic_string<char, std::char_traits<char>, std::allocator<char> >, std::allocator<std::__cxx11::basic_string<char, std::char_traits<char>, std::allocator<char> > > > const&, node::ProcessInitializationFlags::Flags) (in /mnt/c/Users/guido/AppData/Local/Temp/rustdom-pr54-abort-retention-e991d78927094e13876cb3cd1a13dacf/.tools/node-v24.20.0-linux-x64/bin/node)
==5339==    by 0x8C6F7B: node::Start(int, char**) (in /mnt/c/Users/guido/AppData/Local/Temp/rustdom-pr54-abort-retention-e991d78927094e13876cb3cd1a13dacf/.tools/node-v24.20.0-linux-x64/bin/node)
==5339==    by 0x7762D8F: (below main) (libc_start_call_main.h:58)
==5339== 
==5339== 3,048 bytes in 1 blocks are still reachable in loss record 423 of 425
==5339==    at 0x73E1899: malloc (in /mnt/c/Users/guido/ghq/projects/rustdom/.tools/valgrind/usr/libexec/valgrind/vgpreload_memcheck-amd64-linux.so)
==5339==    by 0x2695174: uhash_open_78 (in /mnt/c/Users/guido/AppData/Local/Temp/rustdom-pr54-abort-retention-e991d78927094e13876cb3cd1a13dacf/.tools/node-v24.20.0-linux-x64/bin/node)
==5339==    by 0x26A05E3: icu_78::locale_set_default_internal(char const*, UErrorCode&) (in /mnt/c/Users/guido/AppData/Local/Temp/rustdom-pr54-abort-retention-e991d78927094e13876cb3cd1a13dacf/.tools/node-v24.20.0-linux-x64/bin/node)
==5339==    by 0x26A08DE: icu_78::Locale::Locale() (in /mnt/c/Users/guido/AppData/Local/Temp/rustdom-pr54-abort-retention-e991d78927094e13876cb3cd1a13dacf/.tools/node-v24.20.0-linux-x64/bin/node)
==5339==    by 0xE43862: v8::internal::Isolate::DefaultLocale[abi:cxx11]() (in /mnt/c/Users/guido/AppData/Local/Temp/rustdom-pr54-abort-retention-e991d78927094e13876cb3cd1a13dacf/.tools/node-v24.20.0-linux-x64/bin/node)
==5339==    by 0xE43D73: v8::internal::LocalIsolate::LocalIsolate(v8::internal::Isolate*, v8::internal::ThreadKind) (in /mnt/c/Users/guido/AppData/Local/Temp/rustdom-pr54-abort-retention-e991d78927094e13876cb3cd1a13dacf/.tools/node-v24.20.0-linux-x64/bin/node)
==5339==    by 0xE41537: v8::internal::Isolate::Init(v8::internal::SnapshotData*, v8::internal::SnapshotData*, v8::internal::SnapshotData*, bool) (in /mnt/c/Users/guido/AppData/Local/Temp/rustdom-pr54-abort-retention-e991d78927094e13876cb3cd1a13dacf/.tools/node-v24.20.0-linux-x64/bin/node)
==5339==    by 0x141DAD2: v8::internal::Snapshot::Initialize(v8::internal::Isolate*) (in /mnt/c/Users/guido/AppData/Local/Temp/rustdom-pr54-abort-retention-e991d78927094e13876cb3cd1a13dacf/.tools/node-v24.20.0-linux-x64/bin/node)
==5339==    by 0xC8ABD5: v8::Isolate::Initialize(v8::Isolate*, v8::Isolate::CreateParams const&) (in /mnt/c/Users/guido/AppData/Local/Temp/rustdom-pr54-abort-retention-e991d78927094e13876cb3cd1a13dacf/.tools/node-v24.20.0-linux-x64/bin/node)
==5339==    by 0x807B3F: node::NewIsolate(v8::Isolate::CreateParams*, uv_loop_s*, node::MultiIsolatePlatform*, node::SnapshotData const*, node::IsolateSettings const&) (in /mnt/c/Users/guido/AppData/Local/Temp/rustdom-pr54-abort-retention-e991d78927094e13876cb3cd1a13dacf/.tools/node-v24.20.0-linux-x64/bin/node)
==5339==    by 0x989AB8: node::NodeMainInstance::NodeMainInstance(node::SnapshotData const*, uv_loop_s*, node::MultiIsolatePlatform*, std::vector<std::__cxx11::basic_string<char, std::char_traits<char>, std::allocator<char> >, std::allocator<std::__cxx11::basic_string<char, std::char_traits<char>, std::allocator<char> > > > const&, std::vector<std::__cxx11::basic_string<char, std::char_traits<char>, std::allocator<char> >, std::allocator<std::__cxx11::basic_string<char, std::char_traits<char>, std::allocator<char> > > > const&) (in /mnt/c/Users/guido/AppData/Local/Temp/rustdom-pr54-abort-retention-e991d78927094e13876cb3cd1a13dacf/.tools/node-v24.20.0-linux-x64/bin/node)
==5339==    by 0x8C7198: node::Start(int, char**) (in /mnt/c/Users/guido/AppData/Local/Temp/rustdom-pr54-abort-retention-e991d78927094e13876cb3cd1a13dacf/.tools/node-v24.20.0-linux-x64/bin/node)
==5339== 
==5339== 3,048 bytes in 1 blocks are still reachable in loss record 424 of 425
==5339==    at 0x73E1899: malloc (in /mnt/c/Users/guido/ghq/projects/rustdom/.tools/valgrind/usr/libexec/valgrind/vgpreload_memcheck-amd64-linux.so)
==5339==    by 0x2695174: uhash_open_78 (in /mnt/c/Users/guido/AppData/Local/Temp/rustdom-pr54-abort-retention-e991d78927094e13876cb3cd1a13dacf/.tools/node-v24.20.0-linux-x64/bin/node)
==5339==    by 0x21B2C71: icu_78::ZoneMeta::getCanonicalCLDRID(icu_78::UnicodeString const&, UErrorCode&) (in /mnt/c/Users/guido/AppData/Local/Temp/rustdom-pr54-abort-retention-e991d78927094e13876cb3cd1a13dacf/.tools/node-v24.20.0-linux-x64/bin/node)
==5339==    by 0x2116C0A: icu_78::OlsonTimeZone::OlsonTimeZone(UResourceBundle const*, UResourceBundle const*, icu_78::UnicodeString const&, UErrorCode&) (in /mnt/c/Users/guido/AppData/Local/Temp/rustdom-pr54-abort-retention-e991d78927094e13876cb3cd1a13dacf/.tools/node-v24.20.0-linux-x64/bin/node)
==5339==    by 0x20A8599: icu_78::(anonymous namespace)::createSystemTimeZone(icu_78::UnicodeString const&, UErrorCode&) [clone .part.0] (in /mnt/c/Users/guido/AppData/Local/Temp/rustdom-pr54-abort-retention-e991d78927094e13876cb3cd1a13dacf/.tools/node-v24.20.0-linux-x64/bin/node)
==5339==    by 0x20A8D11: icu_78::TimeZone::detectHostTimeZone() (in /mnt/c/Users/guido/AppData/Local/Temp/rustdom-pr54-abort-retention-e991d78927094e13876cb3cd1a13dacf/.tools/node-v24.20.0-linux-x64/bin/node)
==5339==    by 0x20A8F04: icu_78::TimeZone::createDefault() (in /mnt/c/Users/guido/AppData/Local/Temp/rustdom-pr54-abort-retention-e991d78927094e13876cb3cd1a13dacf/.tools/node-v24.20.0-linux-x64/bin/node)
==5339==    by 0x11420B9: v8::internal::ICUTimezoneCache::LocalTimeOffset(double, bool) (in /mnt/c/Users/guido/AppData/Local/Temp/rustdom-pr54-abort-retention-e991d78927094e13876cb3cd1a13dacf/.tools/node-v24.20.0-linux-x64/bin/node)
==5339==    by 0xD66BC7: v8::internal::DateCache::GetLocalOffsetFromOS(long, bool) (in /mnt/c/Users/guido/AppData/Local/Temp/rustdom-pr54-abort-retention-e991d78927094e13876cb3cd1a13dacf/.tools/node-v24.20.0-linux-x64/bin/node)
==5339==    by 0xD67A35: v8::internal::DateCache::LocalOffsetInMs(long, bool) [clone .part.0] (in /mnt/c/Users/guido/AppData/Local/Temp/rustdom-pr54-abort-retention-e991d78927094e13876cb3cd1a13dacf/.tools/node-v24.20.0-linux-x64/bin/node)
==5339==    by 0x11B0925: v8::internal::JSDate::DoGetField(v8::internal::Isolate*, v8::internal::JSDate::FieldIndex) (in /mnt/c/Users/guido/AppData/Local/Temp/rustdom-pr54-abort-retention-e991d78927094e13876cb3cd1a13dacf/.tools/node-v24.20.0-linux-x64/bin/node)
==5339==    by 0x11B0B88: v8::internal::JSDate::GetField(v8::internal::Isolate*, unsigned long, unsigned long) (in /mnt/c/Users/guido/AppData/Local/Temp/rustdom-pr54-abort-retention-e991d78927094e13876cb3cd1a13dacf/.tools/node-v24.20.0-linux-x64/bin/node)
==5339== 
==5339== 15,496 bytes in 1 blocks are possibly lost in loss record 425 of 425
==5339==    at 0x73E6CD3: realloc (in /mnt/c/Users/guido/ghq/projects/rustdom/.tools/valgrind/usr/libexec/valgrind/vgpreload_memcheck-amd64-linux.so)
==5339==    by 0x231F220E: _RNvMs5_NtCs6i54tJFfzR_5alloc7raw_vecNtB5_11RawVecInner11finish_growCs4QMHp0v7l6B_4napi (in /home/guido/rustdom-selection-validation-cQnQbx/dist/rustdom.node)
==5339==    by 0x231EFA4C: _RINvNvMs2_NtCs6i54tJFfzR_5alloc7raw_vecINtB8_11RawVecInnerpE7reserve21do_reserve_and_handleNtNtBa_5alloc6GlobalECs4QMHp0v7l6B_4napi (in /home/guido/rustdom-selection-validation-cQnQbx/dist/rustdom.node)
==5339==    by 0x231F5052: _RNvNtNtCs4QMHp0v7l6B_4napi15bindgen_runtime15module_register14register_class (in /home/guido/rustdom-selection-validation-cQnQbx/dist/rustdom.node)
==5339==    by 0x23195950: _RNvNvNtNtNtCs3Ir8cfnU9oH_7rustdom3dom4tree32___napi_impl_helper_NativeTree_1736___napi_register__NativeTree_impl_44320___ctor_private_inner (in /home/guido/rustdom-selection-validation-cQnQbx/dist/rustdom.node)
==5339==    by 0x231B5535: _RNvNvNvNvNtNtNtCs3Ir8cfnU9oH_7rustdom3dom4tree32___napi_impl_helper_NativeTree_1736___napi_register__NativeTree_impl_4431__18___CTOR_PRIVATE_REF14___ctor_private (in /home/guido/rustdom-selection-validation-cQnQbx/dist/rustdom.node)
==5339==    by 0x6B9F47D: call_init.part.0 (dl-init.c:70)
==5339==    by 0x6B9F567: call_init (dl-init.c:33)
==5339==    by 0x6B9F567: _dl_init (dl-init.c:117)
==5339==    by 0x78ADBB4: _dl_catch_exception (dl-error-skeleton.c:182)
==5339==    by 0x6BA6FF5: dl_open_worker (dl-open.c:808)
==5339==    by 0x6BA6FF5: dl_open_worker (dl-open.c:771)
==5339==    by 0x78ADB57: _dl_catch_exception (dl-error-skeleton.c:208)
==5339==    by 0x6BA734D: _dl_open (dl-open.c:883)
==5339== 
==5339== LEAK SUMMARY:
==5339==    definitely lost: 24 bytes in 1 blocks
==5339==    indirectly lost: 0 bytes in 0 blocks
==5339==      possibly lost: 48,675 bytes in 380 blocks
==5339==    still reachable: 18,189 bytes in 44 blocks
==5339==                       of which reachable via heuristic:
==5339==                         multipleinheritance: 48 bytes in 1 blocks
==5339==         suppressed: 0 bytes in 0 blocks
==5339== 
==5339== For lists of detected and suppressed errors, rerun with: -s
==5339== ERROR SUMMARY: 1 errors from 1 contexts (suppressed: 13787 from 2)
