==6492== Memcheck, a memory error detector
==6492== Copyright (C) 2002-2017, and GNU GPL'd, by Julian Seward et al.
==6492== Using Valgrind-3.18.1 and LibVEX; rerun with -h for copyright info
==6492== Command: /mnt/c/Users/guido/AppData/Local/Temp/rustdom-pr54-abort-retention-e991d78927094e13876cb3cd1a13dacf/.tools/node-v24.20.0-linux-x64/bin/node --jitless --expose-gc tests/helpers/selection-native-memory.cjs native 1000
==6492== Parent PID: 5821
==6492== 
==6492== Warning: set address range perms: large range [0xa71b000, 0x1a72a000) (noaccess)
==6492== 
==6492== HEAP SUMMARY:
==6492==     in use at exit: 67,040 bytes in 427 blocks
==6492==   total heap usage: 815,082 allocs, 814,655 frees, 315,004,022 bytes allocated
==6492== 
==6492== 2 bytes in 1 blocks are possibly lost in loss record 1 of 427
==6492==    at 0x73E1899: malloc (in /mnt/c/Users/guido/ghq/projects/rustdom/.tools/valgrind/usr/libexec/valgrind/vgpreload_memcheck-amd64-linux.so)
==6492==    by 0x232471D2: _RNvXs0_NvMs_NtNtCs6i54tJFfzR_5alloc3ffi5c_strNtBa_7CString3newReNtB5_11SpecNewImpl13spec_new_impl (in /home/guido/rustdom-selection-result-OEvCXh/dist/rustdom.node)
==6492==    by 0x231F117F: _RNvMs2_NtNtCs4QMHp0v7l6B_4napi9js_values15object_propertyNtB5_8Property14with_utf8_name (in /home/guido/rustdom-selection-result-OEvCXh/dist/rustdom.node)
==6492==    by 0x2319CD56: _RNvNvNvNvNtNtNtCs3Ir8cfnU9oH_7rustdom3dom16dom_rect_binding34___napi_impl_helper_NativeDomRect_238___napi_register__NativeDomRect_impl_521__18___CTOR_PRIVATE_REF14___ctor_private (in /home/guido/rustdom-selection-result-OEvCXh/dist/rustdom.node)
==6492==    by 0x6B9F47D: call_init.part.0 (dl-init.c:70)
==6492==    by 0x6B9F567: call_init (dl-init.c:33)
==6492==    by 0x6B9F567: _dl_init (dl-init.c:117)
==6492==    by 0x78ADBB4: _dl_catch_exception (dl-error-skeleton.c:182)
==6492==    by 0x6BA6FF5: dl_open_worker (dl-open.c:808)
==6492==    by 0x6BA6FF5: dl_open_worker (dl-open.c:771)
==6492==    by 0x78ADB57: _dl_catch_exception (dl-error-skeleton.c:208)
==6492==    by 0x6BA734D: _dl_open (dl-open.c:883)
==6492==    by 0x77C95FB: dlopen_doit (dlopen.c:56)
==6492==    by 0x78ADB57: _dl_catch_exception (dl-error-skeleton.c:208)
==6492== 
==6492== 2 bytes in 1 blocks are possibly lost in loss record 2 of 427
==6492==    at 0x73E1899: malloc (in /mnt/c/Users/guido/ghq/projects/rustdom/.tools/valgrind/usr/libexec/valgrind/vgpreload_memcheck-amd64-linux.so)
==6492==    by 0x232471D2: _RNvXs0_NvMs_NtNtCs6i54tJFfzR_5alloc3ffi5c_strNtBa_7CString3newReNtB5_11SpecNewImpl13spec_new_impl (in /home/guido/rustdom-selection-result-OEvCXh/dist/rustdom.node)
==6492==    by 0x231F117F: _RNvMs2_NtNtCs4QMHp0v7l6B_4napi9js_values15object_propertyNtB5_8Property14with_utf8_name (in /home/guido/rustdom-selection-result-OEvCXh/dist/rustdom.node)
==6492==    by 0x2319CDF1: _RNvNvNvNvNtNtNtCs3Ir8cfnU9oH_7rustdom3dom16dom_rect_binding34___napi_impl_helper_NativeDomRect_238___napi_register__NativeDomRect_impl_521__18___CTOR_PRIVATE_REF14___ctor_private (in /home/guido/rustdom-selection-result-OEvCXh/dist/rustdom.node)
==6492==    by 0x6B9F47D: call_init.part.0 (dl-init.c:70)
==6492==    by 0x6B9F567: call_init (dl-init.c:33)
==6492==    by 0x6B9F567: _dl_init (dl-init.c:117)
==6492==    by 0x78ADBB4: _dl_catch_exception (dl-error-skeleton.c:182)
==6492==    by 0x6BA6FF5: dl_open_worker (dl-open.c:808)
==6492==    by 0x6BA6FF5: dl_open_worker (dl-open.c:771)
==6492==    by 0x78ADB57: _dl_catch_exception (dl-error-skeleton.c:208)
==6492==    by 0x6BA734D: _dl_open (dl-open.c:883)
==6492==    by 0x77C95FB: dlopen_doit (dlopen.c:56)
==6492==    by 0x78ADB57: _dl_catch_exception (dl-error-skeleton.c:208)
==6492== 
==6492== 3 bytes in 1 blocks are possibly lost in loss record 3 of 427
==6492==    at 0x73E1899: malloc (in /mnt/c/Users/guido/ghq/projects/rustdom/.tools/valgrind/usr/libexec/valgrind/vgpreload_memcheck-amd64-linux.so)
==6492==    by 0x232471D2: _RNvXs0_NvMs_NtNtCs6i54tJFfzR_5alloc3ffi5c_strNtBa_7CString3newReNtB5_11SpecNewImpl13spec_new_impl (in /home/guido/rustdom-selection-result-OEvCXh/dist/rustdom.node)
==6492==    by 0x231F117F: _RNvMs2_NtNtCs4QMHp0v7l6B_4napi9js_values15object_propertyNtB5_8Property14with_utf8_name (in /home/guido/rustdom-selection-result-OEvCXh/dist/rustdom.node)
==6492==    by 0x231A23CE: _RNvNvNvNvNtNtNtCs3Ir8cfnU9oH_7rustdom3dom19abort_state_binding37___napi_impl_helper_NativeAbortState_041___napi_register__NativeAbortState_impl_201__18___CTOR_PRIVATE_REF14___ctor_private (in /home/guido/rustdom-selection-result-OEvCXh/dist/rustdom.node)
==6492==    by 0x6B9F47D: call_init.part.0 (dl-init.c:70)
==6492==    by 0x6B9F567: call_init (dl-init.c:33)
==6492==    by 0x6B9F567: _dl_init (dl-init.c:117)
==6492==    by 0x78ADBB4: _dl_catch_exception (dl-error-skeleton.c:182)
==6492==    by 0x6BA6FF5: dl_open_worker (dl-open.c:808)
==6492==    by 0x6BA6FF5: dl_open_worker (dl-open.c:771)
==6492==    by 0x78ADB57: _dl_catch_exception (dl-error-skeleton.c:208)
==6492==    by 0x6BA734D: _dl_open (dl-open.c:883)
==6492==    by 0x77C95FB: dlopen_doit (dlopen.c:56)
==6492==    by 0x78ADB57: _dl_catch_exception (dl-error-skeleton.c:208)
==6492== 
==6492== 4 bytes in 1 blocks are possibly lost in loss record 4 of 427
==6492==    at 0x73E1899: malloc (in /mnt/c/Users/guido/ghq/projects/rustdom/.tools/valgrind/usr/libexec/valgrind/vgpreload_memcheck-amd64-linux.so)
==6492==    by 0x232471D2: _RNvXs0_NvMs_NtNtCs6i54tJFfzR_5alloc3ffi5c_strNtBa_7CString3newReNtB5_11SpecNewImpl13spec_new_impl (in /home/guido/rustdom-selection-result-OEvCXh/dist/rustdom.node)
==6492==    by 0x231F117F: _RNvMs2_NtNtCs4QMHp0v7l6B_4napi9js_values15object_propertyNtB5_8Property14with_utf8_name (in /home/guido/rustdom-selection-result-OEvCXh/dist/rustdom.node)
==6492==    by 0x2319CB5A: _RNvNvNvNvNtNtNtCs3Ir8cfnU9oH_7rustdom3dom16dom_rect_binding34___napi_impl_helper_NativeDomRect_238___napi_register__NativeDomRect_impl_521__18___CTOR_PRIVATE_REF14___ctor_private (in /home/guido/rustdom-selection-result-OEvCXh/dist/rustdom.node)
==6492==    by 0x6B9F47D: call_init.part.0 (dl-init.c:70)
==6492==    by 0x6B9F567: call_init (dl-init.c:33)
==6492==    by 0x6B9F567: _dl_init (dl-init.c:117)
==6492==    by 0x78ADBB4: _dl_catch_exception (dl-error-skeleton.c:182)
==6492==    by 0x6BA6FF5: dl_open_worker (dl-open.c:808)
==6492==    by 0x6BA6FF5: dl_open_worker (dl-open.c:771)
==6492==    by 0x78ADB57: _dl_catch_exception (dl-error-skeleton.c:208)
==6492==    by 0x6BA734D: _dl_open (dl-open.c:883)
==6492==    by 0x77C95FB: dlopen_doit (dlopen.c:56)
==6492==    by 0x78ADB57: _dl_catch_exception (dl-error-skeleton.c:208)
==6492== 
==6492== 4 bytes in 1 blocks are possibly lost in loss record 5 of 427
==6492==    at 0x73E1899: malloc (in /mnt/c/Users/guido/ghq/projects/rustdom/.tools/valgrind/usr/libexec/valgrind/vgpreload_memcheck-amd64-linux.so)
==6492==    by 0x232471D2: _RNvXs0_NvMs_NtNtCs6i54tJFfzR_5alloc3ffi5c_strNtBa_7CString3newReNtB5_11SpecNewImpl13spec_new_impl (in /home/guido/rustdom-selection-result-OEvCXh/dist/rustdom.node)
==6492==    by 0x231F117F: _RNvMs2_NtNtCs4QMHp0v7l6B_4napi9js_values15object_propertyNtB5_8Property14with_utf8_name (in /home/guido/rustdom-selection-result-OEvCXh/dist/rustdom.node)
==6492==    by 0x2319E1CA: _RNvNvNvNvNtNtNtCs3Ir8cfnU9oH_7rustdom3dom17form_data_binding42___napi_impl_helper_NativeFormDataEntries_647___napi_register__NativeFormDataEntries_impl_1371__18___CTOR_PRIVATE_REF14___ctor_private (in /home/guido/rustdom-selection-result-OEvCXh/dist/rustdom.node)
==6492==    by 0x6B9F47D: call_init.part.0 (dl-init.c:70)
==6492==    by 0x6B9F567: call_init (dl-init.c:33)
==6492==    by 0x6B9F567: _dl_init (dl-init.c:117)
==6492==    by 0x78ADBB4: _dl_catch_exception (dl-error-skeleton.c:182)
==6492==    by 0x6BA6FF5: dl_open_worker (dl-open.c:808)
==6492==    by 0x6BA6FF5: dl_open_worker (dl-open.c:771)
==6492==    by 0x78ADB57: _dl_catch_exception (dl-error-skeleton.c:208)
==6492==    by 0x6BA734D: _dl_open (dl-open.c:883)
==6492==    by 0x77C95FB: dlopen_doit (dlopen.c:56)
==6492==    by 0x78ADB57: _dl_catch_exception (dl-error-skeleton.c:208)
==6492== 
==6492== 4 bytes in 1 blocks are possibly lost in loss record 6 of 427
==6492==    at 0x73E1899: malloc (in /mnt/c/Users/guido/ghq/projects/rustdom/.tools/valgrind/usr/libexec/valgrind/vgpreload_memcheck-amd64-linux.so)
==6492==    by 0x232471D2: _RNvXs0_NvMs_NtNtCs6i54tJFfzR_5alloc3ffi5c_strNtBa_7CString3newReNtB5_11SpecNewImpl13spec_new_impl (in /home/guido/rustdom-selection-result-OEvCXh/dist/rustdom.node)
==6492==    by 0x231F117F: _RNvMs2_NtNtCs4QMHp0v7l6B_4napi9js_values15object_propertyNtB5_8Property14with_utf8_name (in /home/guido/rustdom-selection-result-OEvCXh/dist/rustdom.node)
==6492==    by 0x2319E3D6: _RNvNvNvNvNtNtNtCs3Ir8cfnU9oH_7rustdom3dom17form_data_binding42___napi_impl_helper_NativeFormDataEntries_647___napi_register__NativeFormDataEntries_impl_1371__18___CTOR_PRIVATE_REF14___ctor_private (in /home/guido/rustdom-selection-result-OEvCXh/dist/rustdom.node)
==6492==    by 0x6B9F47D: call_init.part.0 (dl-init.c:70)
==6492==    by 0x6B9F567: call_init (dl-init.c:33)
==6492==    by 0x6B9F567: _dl_init (dl-init.c:117)
==6492==    by 0x78ADBB4: _dl_catch_exception (dl-error-skeleton.c:182)
==6492==    by 0x6BA6FF5: dl_open_worker (dl-open.c:808)
==6492==    by 0x6BA6FF5: dl_open_worker (dl-open.c:771)
==6492==    by 0x78ADB57: _dl_catch_exception (dl-error-skeleton.c:208)
==6492==    by 0x6BA734D: _dl_open (dl-open.c:883)
==6492==    by 0x77C95FB: dlopen_doit (dlopen.c:56)
==6492==    by 0x78ADB57: _dl_catch_exception (dl-error-skeleton.c:208)
==6492== 
==6492== 4 bytes in 1 blocks are possibly lost in loss record 7 of 427
==6492==    at 0x73E1899: malloc (in /mnt/c/Users/guido/ghq/projects/rustdom/.tools/valgrind/usr/libexec/valgrind/vgpreload_memcheck-amd64-linux.so)
==6492==    by 0x232471D2: _RNvXs0_NvMs_NtNtCs6i54tJFfzR_5alloc3ffi5c_strNtBa_7CString3newReNtB5_11SpecNewImpl13spec_new_impl (in /home/guido/rustdom-selection-result-OEvCXh/dist/rustdom.node)
==6492==    by 0x231F117F: _RNvMs2_NtNtCs4QMHp0v7l6B_4napi9js_values15object_propertyNtB5_8Property14with_utf8_name (in /home/guido/rustdom-selection-result-OEvCXh/dist/rustdom.node)
==6492==    by 0x2319E5E2: _RNvNvNvNvNtNtNtCs3Ir8cfnU9oH_7rustdom3dom17form_data_binding42___napi_impl_helper_NativeFormDataEntries_647___napi_register__NativeFormDataEntries_impl_1371__18___CTOR_PRIVATE_REF14___ctor_private (in /home/guido/rustdom-selection-result-OEvCXh/dist/rustdom.node)
==6492==    by 0x6B9F47D: call_init.part.0 (dl-init.c:70)
==6492==    by 0x6B9F567: call_init (dl-init.c:33)
==6492==    by 0x6B9F567: _dl_init (dl-init.c:117)
==6492==    by 0x78ADBB4: _dl_catch_exception (dl-error-skeleton.c:182)
==6492==    by 0x6BA6FF5: dl_open_worker (dl-open.c:808)
==6492==    by 0x6BA6FF5: dl_open_worker (dl-open.c:771)
==6492==    by 0x78ADB57: _dl_catch_exception (dl-error-skeleton.c:208)
==6492==    by 0x6BA734D: _dl_open (dl-open.c:883)
==6492==    by 0x77C95FB: dlopen_doit (dlopen.c:56)
==6492==    by 0x78ADB57: _dl_catch_exception (dl-error-skeleton.c:208)
==6492== 
==6492== 4 bytes in 1 blocks are possibly lost in loss record 8 of 427
==6492==    at 0x73E1899: malloc (in /mnt/c/Users/guido/ghq/projects/rustdom/.tools/valgrind/usr/libexec/valgrind/vgpreload_memcheck-amd64-linux.so)
==6492==    by 0x232471D2: _RNvXs0_NvMs_NtNtCs6i54tJFfzR_5alloc3ffi5c_strNtBa_7CString3newReNtB5_11SpecNewImpl13spec_new_impl (in /home/guido/rustdom-selection-result-OEvCXh/dist/rustdom.node)
==6492==    by 0x231F117F: _RNvMs2_NtNtCs4QMHp0v7l6B_4napi9js_values15object_propertyNtB5_8Property14with_utf8_name (in /home/guido/rustdom-selection-result-OEvCXh/dist/rustdom.node)
==6492==    by 0x2319E7EE: _RNvNvNvNvNtNtNtCs3Ir8cfnU9oH_7rustdom3dom17form_data_binding42___napi_impl_helper_NativeFormDataEntries_647___napi_register__NativeFormDataEntries_impl_1371__18___CTOR_PRIVATE_REF14___ctor_private (in /home/guido/rustdom-selection-result-OEvCXh/dist/rustdom.node)
==6492==    by 0x6B9F47D: call_init.part.0 (dl-init.c:70)
==6492==    by 0x6B9F567: call_init (dl-init.c:33)
==6492==    by 0x6B9F567: _dl_init (dl-init.c:117)
==6492==    by 0x78ADBB4: _dl_catch_exception (dl-error-skeleton.c:182)
==6492==    by 0x6BA6FF5: dl_open_worker (dl-open.c:808)
==6492==    by 0x6BA6FF5: dl_open_worker (dl-open.c:771)
==6492==    by 0x78ADB57: _dl_catch_exception (dl-error-skeleton.c:208)
==6492==    by 0x6BA734D: _dl_open (dl-open.c:883)
==6492==    by 0x77C95FB: dlopen_doit (dlopen.c:56)
==6492==    by 0x78ADB57: _dl_catch_exception (dl-error-skeleton.c:208)
==6492== 
==6492== 4 bytes in 1 blocks are possibly lost in loss record 9 of 427
==6492==    at 0x73E1899: malloc (in /mnt/c/Users/guido/ghq/projects/rustdom/.tools/valgrind/usr/libexec/valgrind/vgpreload_memcheck-amd64-linux.so)
==6492==    by 0x232471D2: _RNvXs0_NvMs_NtNtCs6i54tJFfzR_5alloc3ffi5c_strNtBa_7CString3newReNtB5_11SpecNewImpl13spec_new_impl (in /home/guido/rustdom-selection-result-OEvCXh/dist/rustdom.node)
==6492==    by 0x231F117F: _RNvMs2_NtNtCs4QMHp0v7l6B_4napi9js_values15object_propertyNtB5_8Property14with_utf8_name (in /home/guido/rustdom-selection-result-OEvCXh/dist/rustdom.node)
==6492==    by 0x231A0EDA: _RNvNvNvNvNtNtNtCs3Ir8cfnU9oH_7rustdom3dom18token_list_binding36___napi_impl_helper_NativeTokenSet_1540___napi_register__NativeTokenSet_impl_2671__18___CTOR_PRIVATE_REF14___ctor_private (in /home/guido/rustdom-selection-result-OEvCXh/dist/rustdom.node)
==6492==    by 0x6B9F47D: call_init.part.0 (dl-init.c:70)
==6492==    by 0x6B9F567: call_init (dl-init.c:33)
==6492==    by 0x6B9F567: _dl_init (dl-init.c:117)
==6492==    by 0x78ADBB4: _dl_catch_exception (dl-error-skeleton.c:182)
==6492==    by 0x6BA6FF5: dl_open_worker (dl-open.c:808)
==6492==    by 0x6BA6FF5: dl_open_worker (dl-open.c:771)
==6492==    by 0x78ADB57: _dl_catch_exception (dl-error-skeleton.c:208)
==6492==    by 0x6BA734D: _dl_open (dl-open.c:883)
==6492==    by 0x77C95FB: dlopen_doit (dlopen.c:56)
==6492==    by 0x78ADB57: _dl_catch_exception (dl-error-skeleton.c:208)
==6492== 
==6492== 4 bytes in 1 blocks are possibly lost in loss record 10 of 427
==6492==    at 0x73E1899: malloc (in /mnt/c/Users/guido/ghq/projects/rustdom/.tools/valgrind/usr/libexec/valgrind/vgpreload_memcheck-amd64-linux.so)
==6492==    by 0x232471D2: _RNvXs0_NvMs_NtNtCs6i54tJFfzR_5alloc3ffi5c_strNtBa_7CString3newReNtB5_11SpecNewImpl13spec_new_impl (in /home/guido/rustdom-selection-result-OEvCXh/dist/rustdom.node)
==6492==    by 0x231F117F: _RNvMs2_NtNtCs4QMHp0v7l6B_4napi9js_values15object_propertyNtB5_8Property14with_utf8_name (in /home/guido/rustdom-selection-result-OEvCXh/dist/rustdom.node)
==6492==    by 0x231A9000: _RNvNvNvNvNtNtNtCs3Ir8cfnU9oH_7rustdom3dom19range_state_binding33___napi_impl_helper_NativeRange_1137___napi_register__NativeRange_impl_2221__18___CTOR_PRIVATE_REF14___ctor_private (in /home/guido/rustdom-selection-result-OEvCXh/dist/rustdom.node)
==6492==    by 0x6B9F47D: call_init.part.0 (dl-init.c:70)
==6492==    by 0x6B9F567: call_init (dl-init.c:33)
==6492==    by 0x6B9F567: _dl_init (dl-init.c:117)
==6492==    by 0x78ADBB4: _dl_catch_exception (dl-error-skeleton.c:182)
==6492==    by 0x6BA6FF5: dl_open_worker (dl-open.c:808)
==6492==    by 0x6BA6FF5: dl_open_worker (dl-open.c:771)
==6492==    by 0x78ADB57: _dl_catch_exception (dl-error-skeleton.c:208)
==6492==    by 0x6BA734D: _dl_open (dl-open.c:883)
==6492==    by 0x77C95FB: dlopen_doit (dlopen.c:56)
==6492==    by 0x78ADB57: _dl_catch_exception (dl-error-skeleton.c:208)
==6492== 
==6492== 4 bytes in 1 blocks are possibly lost in loss record 11 of 427
==6492==    at 0x73E1899: malloc (in /mnt/c/Users/guido/ghq/projects/rustdom/.tools/valgrind/usr/libexec/valgrind/vgpreload_memcheck-amd64-linux.so)
==6492==    by 0x232471D2: _RNvXs0_NvMs_NtNtCs6i54tJFfzR_5alloc3ffi5c_strNtBa_7CString3newReNtB5_11SpecNewImpl13spec_new_impl (in /home/guido/rustdom-selection-result-OEvCXh/dist/rustdom.node)
==6492==    by 0x231F117F: _RNvMs2_NtNtCs4QMHp0v7l6B_4napi9js_values15object_propertyNtB5_8Property14with_utf8_name (in /home/guido/rustdom-selection-result-OEvCXh/dist/rustdom.node)
==6492==    by 0x231AC7BE: _RNvNvNvNvNtNtNtCs3Ir8cfnU9oH_7rustdom3dom19web_storage_binding39___napi_impl_helper_NativeStorageArea_2043___napi_register__NativeStorageArea_impl_4771__18___CTOR_PRIVATE_REF14___ctor_private (in /home/guido/rustdom-selection-result-OEvCXh/dist/rustdom.node)
==6492==    by 0x6B9F47D: call_init.part.0 (dl-init.c:70)
==6492==    by 0x6B9F567: call_init (dl-init.c:33)
==6492==    by 0x6B9F567: _dl_init (dl-init.c:117)
==6492==    by 0x78ADBB4: _dl_catch_exception (dl-error-skeleton.c:182)
==6492==    by 0x6BA6FF5: dl_open_worker (dl-open.c:808)
==6492==    by 0x6BA6FF5: dl_open_worker (dl-open.c:771)
==6492==    by 0x78ADB57: _dl_catch_exception (dl-error-skeleton.c:208)
==6492==    by 0x6BA734D: _dl_open (dl-open.c:883)
==6492==    by 0x77C95FB: dlopen_doit (dlopen.c:56)
==6492==    by 0x78ADB57: _dl_catch_exception (dl-error-skeleton.c:208)
==6492== 
==6492== 4 bytes in 1 blocks are possibly lost in loss record 12 of 427
==6492==    at 0x73E1899: malloc (in /mnt/c/Users/guido/ghq/projects/rustdom/.tools/valgrind/usr/libexec/valgrind/vgpreload_memcheck-amd64-linux.so)
==6492==    by 0x232471D2: _RNvXs0_NvMs_NtNtCs6i54tJFfzR_5alloc3ffi5c_strNtBa_7CString3newReNtB5_11SpecNewImpl13spec_new_impl (in /home/guido/rustdom-selection-result-OEvCXh/dist/rustdom.node)
==6492==    by 0x231F117F: _RNvMs2_NtNtCs4QMHp0v7l6B_4napi9js_values15object_propertyNtB5_8Property14with_utf8_name (in /home/guido/rustdom-selection-result-OEvCXh/dist/rustdom.node)
==6492==    by 0x231AC8C4: _RNvNvNvNvNtNtNtCs3Ir8cfnU9oH_7rustdom3dom19web_storage_binding39___napi_impl_helper_NativeStorageArea_2043___napi_register__NativeStorageArea_impl_4771__18___CTOR_PRIVATE_REF14___ctor_private (in /home/guido/rustdom-selection-result-OEvCXh/dist/rustdom.node)
==6492==    by 0x6B9F47D: call_init.part.0 (dl-init.c:70)
==6492==    by 0x6B9F567: call_init (dl-init.c:33)
==6492==    by 0x6B9F567: _dl_init (dl-init.c:117)
==6492==    by 0x78ADBB4: _dl_catch_exception (dl-error-skeleton.c:182)
==6492==    by 0x6BA6FF5: dl_open_worker (dl-open.c:808)
==6492==    by 0x6BA6FF5: dl_open_worker (dl-open.c:771)
==6492==    by 0x78ADB57: _dl_catch_exception (dl-error-skeleton.c:208)
==6492==    by 0x6BA734D: _dl_open (dl-open.c:883)
==6492==    by 0x77C95FB: dlopen_doit (dlopen.c:56)
==6492==    by 0x78ADB57: _dl_catch_exception (dl-error-skeleton.c:208)
==6492== 
==6492== 4 bytes in 1 blocks are possibly lost in loss record 13 of 427
==6492==    at 0x73E1899: malloc (in /mnt/c/Users/guido/ghq/projects/rustdom/.tools/valgrind/usr/libexec/valgrind/vgpreload_memcheck-amd64-linux.so)
==6492==    by 0x232471D2: _RNvXs0_NvMs_NtNtCs6i54tJFfzR_5alloc3ffi5c_strNtBa_7CString3newReNtB5_11SpecNewImpl13spec_new_impl (in /home/guido/rustdom-selection-result-OEvCXh/dist/rustdom.node)
==6492==    by 0x231F117F: _RNvMs2_NtNtCs4QMHp0v7l6B_4napi9js_values15object_propertyNtB5_8Property14with_utf8_name (in /home/guido/rustdom-selection-result-OEvCXh/dist/rustdom.node)
==6492==    by 0x231ACBD6: _RNvNvNvNvNtNtNtCs3Ir8cfnU9oH_7rustdom3dom19web_storage_binding39___napi_impl_helper_NativeStorageArea_2043___napi_register__NativeStorageArea_impl_4771__18___CTOR_PRIVATE_REF14___ctor_private (in /home/guido/rustdom-selection-result-OEvCXh/dist/rustdom.node)
==6492==    by 0x6B9F47D: call_init.part.0 (dl-init.c:70)
==6492==    by 0x6B9F567: call_init (dl-init.c:33)
==6492==    by 0x6B9F567: _dl_init (dl-init.c:117)
==6492==    by 0x78ADBB4: _dl_catch_exception (dl-error-skeleton.c:182)
==6492==    by 0x6BA6FF5: dl_open_worker (dl-open.c:808)
==6492==    by 0x6BA6FF5: dl_open_worker (dl-open.c:771)
==6492==    by 0x78ADB57: _dl_catch_exception (dl-error-skeleton.c:208)
==6492==    by 0x6BA734D: _dl_open (dl-open.c:883)
==6492==    by 0x77C95FB: dlopen_doit (dlopen.c:56)
==6492==    by 0x78ADB57: _dl_catch_exception (dl-error-skeleton.c:208)
==6492== 
==6492== 4 bytes in 1 blocks are possibly lost in loss record 14 of 427
==6492==    at 0x73E1899: malloc (in /mnt/c/Users/guido/ghq/projects/rustdom/.tools/valgrind/usr/libexec/valgrind/vgpreload_memcheck-amd64-linux.so)
==6492==    by 0x232471D2: _RNvXs0_NvMs_NtNtCs6i54tJFfzR_5alloc3ffi5c_strNtBa_7CString3newReNtB5_11SpecNewImpl13spec_new_impl (in /home/guido/rustdom-selection-result-OEvCXh/dist/rustdom.node)
==6492==    by 0x231F117F: _RNvMs2_NtNtCs4QMHp0v7l6B_4napi9js_values15object_propertyNtB5_8Property14with_utf8_name (in /home/guido/rustdom-selection-result-OEvCXh/dist/rustdom.node)
==6492==    by 0x231AE87B: _RNvNvNvNvNtNtNtCs3Ir8cfnU9oH_7rustdom3dom23event_listeners_binding43___napi_impl_helper_NativeListenerRegistry_347___napi_register__NativeListenerRegistry_impl_691__18___CTOR_PRIVATE_REF14___ctor_private (in /home/guido/rustdom-selection-result-OEvCXh/dist/rustdom.node)
==6492==    by 0x6B9F47D: call_init.part.0 (dl-init.c:70)
==6492==    by 0x6B9F567: call_init (dl-init.c:33)
==6492==    by 0x6B9F567: _dl_init (dl-init.c:117)
==6492==    by 0x78ADBB4: _dl_catch_exception (dl-error-skeleton.c:182)
==6492==    by 0x6BA6FF5: dl_open_worker (dl-open.c:808)
==6492==    by 0x6BA6FF5: dl_open_worker (dl-open.c:771)
==6492==    by 0x78ADB57: _dl_catch_exception (dl-error-skeleton.c:208)
==6492==    by 0x6BA734D: _dl_open (dl-open.c:883)
==6492==    by 0x77C95FB: dlopen_doit (dlopen.c:56)
==6492==    by 0x78ADB57: _dl_catch_exception (dl-error-skeleton.c:208)
==6492== 
==6492== 5 bytes in 1 blocks are possibly lost in loss record 15 of 427
==6492==    at 0x73E1899: malloc (in /mnt/c/Users/guido/ghq/projects/rustdom/.tools/valgrind/usr/libexec/valgrind/vgpreload_memcheck-amd64-linux.so)
==6492==    by 0x232471D2: _RNvXs0_NvMs_NtNtCs6i54tJFfzR_5alloc3ffi5c_strNtBa_7CString3newReNtB5_11SpecNewImpl13spec_new_impl (in /home/guido/rustdom-selection-result-OEvCXh/dist/rustdom.node)
==6492==    by 0x231F117F: _RNvMs2_NtNtCs4QMHp0v7l6B_4napi9js_values15object_propertyNtB5_8Property14with_utf8_name (in /home/guido/rustdom-selection-result-OEvCXh/dist/rustdom.node)
==6492==    by 0x2319C742: _RNvNvNvNvNtNtNtCs3Ir8cfnU9oH_7rustdom3dom16dom_rect_binding34___napi_impl_helper_NativeDomRect_238___napi_register__NativeDomRect_impl_521__18___CTOR_PRIVATE_REF14___ctor_private (in /home/guido/rustdom-selection-result-OEvCXh/dist/rustdom.node)
==6492==    by 0x6B9F47D: call_init.part.0 (dl-init.c:70)
==6492==    by 0x6B9F567: call_init (dl-init.c:33)
==6492==    by 0x6B9F567: _dl_init (dl-init.c:117)
==6492==    by 0x78ADBB4: _dl_catch_exception (dl-error-skeleton.c:182)
==6492==    by 0x6BA6FF5: dl_open_worker (dl-open.c:808)
==6492==    by 0x6BA6FF5: dl_open_worker (dl-open.c:771)
==6492==    by 0x78ADB57: _dl_catch_exception (dl-error-skeleton.c:208)
==6492==    by 0x6BA734D: _dl_open (dl-open.c:883)
==6492==    by 0x77C95FB: dlopen_doit (dlopen.c:56)
==6492==    by 0x78ADB57: _dl_catch_exception (dl-error-skeleton.c:208)
==6492== 
==6492== 5 bytes in 1 blocks are possibly lost in loss record 16 of 427
==6492==    at 0x73E1899: malloc (in /mnt/c/Users/guido/ghq/projects/rustdom/.tools/valgrind/usr/libexec/valgrind/vgpreload_memcheck-amd64-linux.so)
==6492==    by 0x232471D2: _RNvXs0_NvMs_NtNtCs6i54tJFfzR_5alloc3ffi5c_strNtBa_7CString3newReNtB5_11SpecNewImpl13spec_new_impl (in /home/guido/rustdom-selection-result-OEvCXh/dist/rustdom.node)
==6492==    by 0x231F117F: _RNvMs2_NtNtCs4QMHp0v7l6B_4napi9js_values15object_propertyNtB5_8Property14with_utf8_name (in /home/guido/rustdom-selection-result-OEvCXh/dist/rustdom.node)
==6492==    by 0x2319E4DC: _RNvNvNvNvNtNtNtCs3Ir8cfnU9oH_7rustdom3dom17form_data_binding42___napi_impl_helper_NativeFormDataEntries_647___napi_register__NativeFormDataEntries_impl_1371__18___CTOR_PRIVATE_REF14___ctor_private (in /home/guido/rustdom-selection-result-OEvCXh/dist/rustdom.node)
==6492==    by 0x6B9F47D: call_init.part.0 (dl-init.c:70)
==6492==    by 0x6B9F567: call_init (dl-init.c:33)
==6492==    by 0x6B9F567: _dl_init (dl-init.c:117)
==6492==    by 0x78ADBB4: _dl_catch_exception (dl-error-skeleton.c:182)
==6492==    by 0x6BA6FF5: dl_open_worker (dl-open.c:808)
==6492==    by 0x6BA6FF5: dl_open_worker (dl-open.c:771)
==6492==    by 0x78ADB57: _dl_catch_exception (dl-error-skeleton.c:208)
==6492==    by 0x6BA734D: _dl_open (dl-open.c:883)
==6492==    by 0x77C95FB: dlopen_doit (dlopen.c:56)
==6492==    by 0x78ADB57: _dl_catch_exception (dl-error-skeleton.c:208)
==6492== 
==6492== 5 bytes in 1 blocks are possibly lost in loss record 17 of 427
==6492==    at 0x73E1899: malloc (in /mnt/c/Users/guido/ghq/projects/rustdom/.tools/valgrind/usr/libexec/valgrind/vgpreload_memcheck-amd64-linux.so)
==6492==    by 0x232471D2: _RNvXs0_NvMs_NtNtCs6i54tJFfzR_5alloc3ffi5c_strNtBa_7CString3newReNtB5_11SpecNewImpl13spec_new_impl (in /home/guido/rustdom-selection-result-OEvCXh/dist/rustdom.node)
==6492==    by 0x231F117F: _RNvMs2_NtNtCs4QMHp0v7l6B_4napi9js_values15object_propertyNtB5_8Property14with_utf8_name (in /home/guido/rustdom-selection-result-OEvCXh/dist/rustdom.node)
==6492==    by 0x231A0FCF: _RNvNvNvNvNtNtNtCs3Ir8cfnU9oH_7rustdom3dom18token_list_binding36___napi_impl_helper_NativeTokenSet_1540___napi_register__NativeTokenSet_impl_2671__18___CTOR_PRIVATE_REF14___ctor_private (in /home/guido/rustdom-selection-result-OEvCXh/dist/rustdom.node)
==6492==    by 0x6B9F47D: call_init.part.0 (dl-init.c:70)
==6492==    by 0x6B9F567: call_init (dl-init.c:33)
==6492==    by 0x6B9F567: _dl_init (dl-init.c:117)
==6492==    by 0x78ADBB4: _dl_catch_exception (dl-error-skeleton.c:182)
==6492==    by 0x6BA6FF5: dl_open_worker (dl-open.c:808)
==6492==    by 0x6BA6FF5: dl_open_worker (dl-open.c:771)
==6492==    by 0x78ADB57: _dl_catch_exception (dl-error-skeleton.c:208)
==6492==    by 0x6BA734D: _dl_open (dl-open.c:883)
==6492==    by 0x77C95FB: dlopen_doit (dlopen.c:56)
==6492==    by 0x78ADB57: _dl_catch_exception (dl-error-skeleton.c:208)
==6492== 
==6492== 5 bytes in 1 blocks are possibly lost in loss record 18 of 427
==6492==    at 0x73E1899: malloc (in /mnt/c/Users/guido/ghq/projects/rustdom/.tools/valgrind/usr/libexec/valgrind/vgpreload_memcheck-amd64-linux.so)
==6492==    by 0x232471D2: _RNvXs0_NvMs_NtNtCs6i54tJFfzR_5alloc3ffi5c_strNtBa_7CString3newReNtB5_11SpecNewImpl13spec_new_impl (in /home/guido/rustdom-selection-result-OEvCXh/dist/rustdom.node)
==6492==    by 0x231F117F: _RNvMs2_NtNtCs4QMHp0v7l6B_4napi9js_values15object_propertyNtB5_8Property14with_utf8_name (in /home/guido/rustdom-selection-result-OEvCXh/dist/rustdom.node)
==6492==    by 0x231A4306: _RNvNvNvNvNtNtNtCs3Ir8cfnU9oH_7rustdom3dom19event_state_binding37___napi_impl_helper_NativeEventState_442___napi_register__NativeEventState_impl_1041__18___CTOR_PRIVATE_REF14___ctor_private (in /home/guido/rustdom-selection-result-OEvCXh/dist/rustdom.node)
==6492==    by 0x6B9F47D: call_init.part.0 (dl-init.c:70)
==6492==    by 0x6B9F567: call_init (dl-init.c:33)
==6492==    by 0x6B9F567: _dl_init (dl-init.c:117)
==6492==    by 0x78ADBB4: _dl_catch_exception (dl-error-skeleton.c:182)
==6492==    by 0x6BA6FF5: dl_open_worker (dl-open.c:808)
==6492==    by 0x6BA6FF5: dl_open_worker (dl-open.c:771)
==6492==    by 0x78ADB57: _dl_catch_exception (dl-error-skeleton.c:208)
==6492==    by 0x6BA734D: _dl_open (dl-open.c:883)
==6492==    by 0x77C95FB: dlopen_doit (dlopen.c:56)
==6492==    by 0x78ADB57: _dl_catch_exception (dl-error-skeleton.c:208)
==6492== 
==6492== 5 bytes in 1 blocks are possibly lost in loss record 19 of 427
==6492==    at 0x73E1899: malloc (in /mnt/c/Users/guido/ghq/projects/rustdom/.tools/valgrind/usr/libexec/valgrind/vgpreload_memcheck-amd64-linux.so)
==6492==    by 0x232471D2: _RNvXs0_NvMs_NtNtCs6i54tJFfzR_5alloc3ffi5c_strNtBa_7CString3newReNtB5_11SpecNewImpl13spec_new_impl (in /home/guido/rustdom-selection-result-OEvCXh/dist/rustdom.node)
==6492==    by 0x231F117F: _RNvMs2_NtNtCs4QMHp0v7l6B_4napi9js_values15object_propertyNtB5_8Property14with_utf8_name (in /home/guido/rustdom-selection-result-OEvCXh/dist/rustdom.node)
==6492==    by 0x231A8EFA: _RNvNvNvNvNtNtNtCs3Ir8cfnU9oH_7rustdom3dom19range_state_binding33___napi_impl_helper_NativeRange_1137___napi_register__NativeRange_impl_2221__18___CTOR_PRIVATE_REF14___ctor_private (in /home/guido/rustdom-selection-result-OEvCXh/dist/rustdom.node)
==6492==    by 0x6B9F47D: call_init.part.0 (dl-init.c:70)
==6492==    by 0x6B9F567: call_init (dl-init.c:33)
==6492==    by 0x6B9F567: _dl_init (dl-init.c:117)
==6492==    by 0x78ADBB4: _dl_catch_exception (dl-error-skeleton.c:182)
==6492==    by 0x6BA6FF5: dl_open_worker (dl-open.c:808)
==6492==    by 0x6BA6FF5: dl_open_worker (dl-open.c:771)
==6492==    by 0x78ADB57: _dl_catch_exception (dl-error-skeleton.c:208)
==6492==    by 0x6BA734D: _dl_open (dl-open.c:883)
==6492==    by 0x77C95FB: dlopen_doit (dlopen.c:56)
==6492==    by 0x78ADB57: _dl_catch_exception (dl-error-skeleton.c:208)
==6492== 
==6492== 5 bytes in 1 blocks are possibly lost in loss record 20 of 427
==6492==    at 0x73E1899: malloc (in /mnt/c/Users/guido/ghq/projects/rustdom/.tools/valgrind/usr/libexec/valgrind/vgpreload_memcheck-amd64-linux.so)
==6492==    by 0x232471D2: _RNvXs0_NvMs_NtNtCs6i54tJFfzR_5alloc3ffi5c_strNtBa_7CString3newReNtB5_11SpecNewImpl13spec_new_impl (in /home/guido/rustdom-selection-result-OEvCXh/dist/rustdom.node)
==6492==    by 0x231F117F: _RNvMs2_NtNtCs4QMHp0v7l6B_4napi9js_values15object_propertyNtB5_8Property14with_utf8_name (in /home/guido/rustdom-selection-result-OEvCXh/dist/rustdom.node)
==6492==    by 0x231ACCDC: _RNvNvNvNvNtNtNtCs3Ir8cfnU9oH_7rustdom3dom19web_storage_binding39___napi_impl_helper_NativeStorageArea_2043___napi_register__NativeStorageArea_impl_4771__18___CTOR_PRIVATE_REF14___ctor_private (in /home/guido/rustdom-selection-result-OEvCXh/dist/rustdom.node)
==6492==    by 0x6B9F47D: call_init.part.0 (dl-init.c:70)
==6492==    by 0x6B9F567: call_init (dl-init.c:33)
==6492==    by 0x6B9F567: _dl_init (dl-init.c:117)
==6492==    by 0x78ADBB4: _dl_catch_exception (dl-error-skeleton.c:182)
==6492==    by 0x6BA6FF5: dl_open_worker (dl-open.c:808)
==6492==    by 0x6BA6FF5: dl_open_worker (dl-open.c:771)
==6492==    by 0x78ADB57: _dl_catch_exception (dl-error-skeleton.c:208)
==6492==    by 0x6BA734D: _dl_open (dl-open.c:883)
==6492==    by 0x77C95FB: dlopen_doit (dlopen.c:56)
==6492==    by 0x78ADB57: _dl_catch_exception (dl-error-skeleton.c:208)
==6492== 
==6492== 5 bytes in 1 blocks are possibly lost in loss record 21 of 427
==6492==    at 0x73E1899: malloc (in /mnt/c/Users/guido/ghq/projects/rustdom/.tools/valgrind/usr/libexec/valgrind/vgpreload_memcheck-amd64-linux.so)
==6492==    by 0x232471D2: _RNvXs0_NvMs_NtNtCs6i54tJFfzR_5alloc3ffi5c_strNtBa_7CString3newReNtB5_11SpecNewImpl13spec_new_impl (in /home/guido/rustdom-selection-result-OEvCXh/dist/rustdom.node)
==6492==    by 0x231F117F: _RNvMs2_NtNtCs4QMHp0v7l6B_4napi9js_values15object_propertyNtB5_8Property14with_utf8_name (in /home/guido/rustdom-selection-result-OEvCXh/dist/rustdom.node)
==6492==    by 0x231ADD0A: _RNvNvNvNvNtNtNtCs3Ir8cfnU9oH_7rustdom3dom19web_storage_binding44___napi_impl_helper_NativeStorageKeyCursor_2148___napi_register__NativeStorageKeyCursor_impl_4801__18___CTOR_PRIVATE_REF14___ctor_private (in /home/guido/rustdom-selection-result-OEvCXh/dist/rustdom.node)
==6492==    by 0x6B9F47D: call_init.part.0 (dl-init.c:70)
==6492==    by 0x6B9F567: call_init (dl-init.c:33)
==6492==    by 0x6B9F567: _dl_init (dl-init.c:117)
==6492==    by 0x78ADBB4: _dl_catch_exception (dl-error-skeleton.c:182)
==6492==    by 0x6BA6FF5: dl_open_worker (dl-open.c:808)
==6492==    by 0x6BA6FF5: dl_open_worker (dl-open.c:771)
==6492==    by 0x78ADB57: _dl_catch_exception (dl-error-skeleton.c:208)
==6492==    by 0x6BA734D: _dl_open (dl-open.c:883)
==6492==    by 0x77C95FB: dlopen_doit (dlopen.c:56)
==6492==    by 0x78ADB57: _dl_catch_exception (dl-error-skeleton.c:208)
==6492== 
==6492== 5 bytes in 1 blocks are possibly lost in loss record 22 of 427
==6492==    at 0x73E1899: malloc (in /mnt/c/Users/guido/ghq/projects/rustdom/.tools/valgrind/usr/libexec/valgrind/vgpreload_memcheck-amd64-linux.so)
==6492==    by 0x232471D2: _RNvXs0_NvMs_NtNtCs6i54tJFfzR_5alloc3ffi5c_strNtBa_7CString3newReNtB5_11SpecNewImpl13spec_new_impl (in /home/guido/rustdom-selection-result-OEvCXh/dist/rustdom.node)
==6492==    by 0x231F117F: _RNvMs2_NtNtCs4QMHp0v7l6B_4napi9js_values15object_propertyNtB5_8Property14with_utf8_name (in /home/guido/rustdom-selection-result-OEvCXh/dist/rustdom.node)
==6492==    by 0x231B045C: _RNvNvNvNvNtNtNtCs3Ir8cfnU9oH_7rustdom3dom23mutation_record_binding41___napi_impl_helper_NativeMutationRecord_746___napi_register__NativeMutationRecord_impl_1591__18___CTOR_PRIVATE_REF14___ctor_private (in /home/guido/rustdom-selection-result-OEvCXh/dist/rustdom.node)
==6492==    by 0x6B9F47D: call_init.part.0 (dl-init.c:70)
==6492==    by 0x6B9F567: call_init (dl-init.c:33)
==6492==    by 0x6B9F567: _dl_init (dl-init.c:117)
==6492==    by 0x78ADBB4: _dl_catch_exception (dl-error-skeleton.c:182)
==6492==    by 0x6BA6FF5: dl_open_worker (dl-open.c:808)
==6492==    by 0x6BA6FF5: dl_open_worker (dl-open.c:771)
==6492==    by 0x78ADB57: _dl_catch_exception (dl-error-skeleton.c:208)
==6492==    by 0x6BA734D: _dl_open (dl-open.c:883)
==6492==    by 0x77C95FB: dlopen_doit (dlopen.c:56)
==6492==    by 0x78ADB57: _dl_catch_exception (dl-error-skeleton.c:208)
==6492== 
==6492== 5 bytes in 1 blocks are possibly lost in loss record 23 of 427
==6492==    at 0x73E1899: malloc (in /mnt/c/Users/guido/ghq/projects/rustdom/.tools/valgrind/usr/libexec/valgrind/vgpreload_memcheck-amd64-linux.so)
==6492==    by 0x232471D2: _RNvXs0_NvMs_NtNtCs6i54tJFfzR_5alloc3ffi5c_strNtBa_7CString3newReNtB5_11SpecNewImpl13spec_new_impl (in /home/guido/rustdom-selection-result-OEvCXh/dist/rustdom.node)
==6492==    by 0x231F117F: _RNvMs2_NtNtCs4QMHp0v7l6B_4napi9js_values15object_propertyNtB5_8Property14with_utf8_name (in /home/guido/rustdom-selection-result-OEvCXh/dist/rustdom.node)
==6492==    by 0x231B56C8: _RNvNvNvNvNtNtNtCs3Ir8cfnU9oH_7rustdom3xml7binding37___napi_impl_helper_NativeXmlParser_2241___napi_register__NativeXmlParser_impl_4951__18___CTOR_PRIVATE_REF14___ctor_private (in /home/guido/rustdom-selection-result-OEvCXh/dist/rustdom.node)
==6492==    by 0x6B9F47D: call_init.part.0 (dl-init.c:70)
==6492==    by 0x6B9F567: call_init (dl-init.c:33)
==6492==    by 0x6B9F567: _dl_init (dl-init.c:117)
==6492==    by 0x78ADBB4: _dl_catch_exception (dl-error-skeleton.c:182)
==6492==    by 0x6BA6FF5: dl_open_worker (dl-open.c:808)
==6492==    by 0x6BA6FF5: dl_open_worker (dl-open.c:771)
==6492==    by 0x78ADB57: _dl_catch_exception (dl-error-skeleton.c:208)
==6492==    by 0x6BA734D: _dl_open (dl-open.c:883)
==6492==    by 0x77C95FB: dlopen_doit (dlopen.c:56)
==6492==    by 0x78ADB57: _dl_catch_exception (dl-error-skeleton.c:208)
==6492== 
==6492== 6 bytes in 1 blocks are possibly lost in loss record 24 of 427
==6492==    at 0x73E1899: malloc (in /mnt/c/Users/guido/ghq/projects/rustdom/.tools/valgrind/usr/libexec/valgrind/vgpreload_memcheck-amd64-linux.so)
==6492==    by 0x232471D2: _RNvXs0_NvMs_NtNtCs6i54tJFfzR_5alloc3ffi5c_strNtBa_7CString3newReNtB5_11SpecNewImpl13spec_new_impl (in /home/guido/rustdom-selection-result-OEvCXh/dist/rustdom.node)
==6492==    by 0x231F117F: _RNvMs2_NtNtCs4QMHp0v7l6B_4napi9js_values15object_propertyNtB5_8Property14with_utf8_name (in /home/guido/rustdom-selection-result-OEvCXh/dist/rustdom.node)
==6492==    by 0x2319C848: _RNvNvNvNvNtNtNtCs3Ir8cfnU9oH_7rustdom3dom16dom_rect_binding34___napi_impl_helper_NativeDomRect_238___napi_register__NativeDomRect_impl_521__18___CTOR_PRIVATE_REF14___ctor_private (in /home/guido/rustdom-selection-result-OEvCXh/dist/rustdom.node)
==6492==    by 0x6B9F47D: call_init.part.0 (dl-init.c:70)
==6492==    by 0x6B9F567: call_init (dl-init.c:33)
==6492==    by 0x6B9F567: _dl_init (dl-init.c:117)
==6492==    by 0x78ADBB4: _dl_catch_exception (dl-error-skeleton.c:182)
==6492==    by 0x6BA6FF5: dl_open_worker (dl-open.c:808)
==6492==    by 0x6BA6FF5: dl_open_worker (dl-open.c:771)
==6492==    by 0x78ADB57: _dl_catch_exception (dl-error-skeleton.c:208)
==6492==    by 0x6BA734D: _dl_open (dl-open.c:883)
==6492==    by 0x77C95FB: dlopen_doit (dlopen.c:56)
==6492==    by 0x78ADB57: _dl_catch_exception (dl-error-skeleton.c:208)
==6492== 
==6492== 6 bytes in 1 blocks are possibly lost in loss record 25 of 427
==6492==    at 0x73E1899: malloc (in /mnt/c/Users/guido/ghq/projects/rustdom/.tools/valgrind/usr/libexec/valgrind/vgpreload_memcheck-amd64-linux.so)
==6492==    by 0x232471D2: _RNvXs0_NvMs_NtNtCs6i54tJFfzR_5alloc3ffi5c_strNtBa_7CString3newReNtB5_11SpecNewImpl13spec_new_impl (in /home/guido/rustdom-selection-result-OEvCXh/dist/rustdom.node)
==6492==    by 0x231F117F: _RNvMs2_NtNtCs4QMHp0v7l6B_4napi9js_values15object_propertyNtB5_8Property14with_utf8_name (in /home/guido/rustdom-selection-result-OEvCXh/dist/rustdom.node)
==6492==    by 0x2319CC60: _RNvNvNvNvNtNtNtCs3Ir8cfnU9oH_7rustdom3dom16dom_rect_binding34___napi_impl_helper_NativeDomRect_238___napi_register__NativeDomRect_impl_521__18___CTOR_PRIVATE_REF14___ctor_private (in /home/guido/rustdom-selection-result-OEvCXh/dist/rustdom.node)
==6492==    by 0x6B9F47D: call_init.part.0 (dl-init.c:70)
==6492==    by 0x6B9F567: call_init (dl-init.c:33)
==6492==    by 0x6B9F567: _dl_init (dl-init.c:117)
==6492==    by 0x78ADBB4: _dl_catch_exception (dl-error-skeleton.c:182)
==6492==    by 0x6BA6FF5: dl_open_worker (dl-open.c:808)
==6492==    by 0x6BA6FF5: dl_open_worker (dl-open.c:771)
==6492==    by 0x78ADB57: _dl_catch_exception (dl-error-skeleton.c:208)
==6492==    by 0x6BA734D: _dl_open (dl-open.c:883)
==6492==    by 0x77C95FB: dlopen_doit (dlopen.c:56)
==6492==    by 0x78ADB57: _dl_catch_exception (dl-error-skeleton.c:208)
==6492== 
==6492== 6 bytes in 1 blocks are possibly lost in loss record 26 of 427
==6492==    at 0x73E1899: malloc (in /mnt/c/Users/guido/ghq/projects/rustdom/.tools/valgrind/usr/libexec/valgrind/vgpreload_memcheck-amd64-linux.so)
==6492==    by 0x232471D2: _RNvXs0_NvMs_NtNtCs6i54tJFfzR_5alloc3ffi5c_strNtBa_7CString3newReNtB5_11SpecNewImpl13spec_new_impl (in /home/guido/rustdom-selection-result-OEvCXh/dist/rustdom.node)
==6492==    by 0x231F117F: _RNvMs2_NtNtCs4QMHp0v7l6B_4napi9js_values15object_propertyNtB5_8Property14with_utf8_name (in /home/guido/rustdom-selection-result-OEvCXh/dist/rustdom.node)
==6492==    by 0x231A70EB: _RNvNvNvNvNtNtNtCs3Ir8cfnU9oH_7rustdom3dom19file_reader_binding42___napi_impl_helper_NativeFileReaderState_547___napi_register__NativeFileReaderState_impl_1151__18___CTOR_PRIVATE_REF14___ctor_private (in /home/guido/rustdom-selection-result-OEvCXh/dist/rustdom.node)
==6492==    by 0x6B9F47D: call_init.part.0 (dl-init.c:70)
==6492==    by 0x6B9F567: call_init (dl-init.c:33)
==6492==    by 0x6B9F567: _dl_init (dl-init.c:117)
==6492==    by 0x78ADBB4: _dl_catch_exception (dl-error-skeleton.c:182)
==6492==    by 0x6BA6FF5: dl_open_worker (dl-open.c:808)
==6492==    by 0x6BA6FF5: dl_open_worker (dl-open.c:771)
==6492==    by 0x78ADB57: _dl_catch_exception (dl-error-skeleton.c:208)
==6492==    by 0x6BA734D: _dl_open (dl-open.c:883)
==6492==    by 0x77C95FB: dlopen_doit (dlopen.c:56)
==6492==    by 0x78ADB57: _dl_catch_exception (dl-error-skeleton.c:208)
==6492== 
==6492== 6 bytes in 1 blocks are possibly lost in loss record 27 of 427
==6492==    at 0x73E1899: malloc (in /mnt/c/Users/guido/ghq/projects/rustdom/.tools/valgrind/usr/libexec/valgrind/vgpreload_memcheck-amd64-linux.so)
==6492==    by 0x232471D2: _RNvXs0_NvMs_NtNtCs6i54tJFfzR_5alloc3ffi5c_strNtBa_7CString3newReNtB5_11SpecNewImpl13spec_new_impl (in /home/guido/rustdom-selection-result-OEvCXh/dist/rustdom.node)
==6492==    by 0x231F117F: _RNvMs2_NtNtCs4QMHp0v7l6B_4napi9js_values15object_propertyNtB5_8Property14with_utf8_name (in /home/guido/rustdom-selection-result-OEvCXh/dist/rustdom.node)
==6492==    by 0x231A71DA: _RNvNvNvNvNtNtNtCs3Ir8cfnU9oH_7rustdom3dom19file_reader_binding42___napi_impl_helper_NativeFileReaderState_547___napi_register__NativeFileReaderState_impl_1151__18___CTOR_PRIVATE_REF14___ctor_private (in /home/guido/rustdom-selection-result-OEvCXh/dist/rustdom.node)
==6492==    by 0x6B9F47D: call_init.part.0 (dl-init.c:70)
==6492==    by 0x6B9F567: call_init (dl-init.c:33)
==6492==    by 0x6B9F567: _dl_init (dl-init.c:117)
==6492==    by 0x78ADBB4: _dl_catch_exception (dl-error-skeleton.c:182)
==6492==    by 0x6BA6FF5: dl_open_worker (dl-open.c:808)
==6492==    by 0x6BA6FF5: dl_open_worker (dl-open.c:771)
==6492==    by 0x78ADB57: _dl_catch_exception (dl-error-skeleton.c:208)
==6492==    by 0x6BA734D: _dl_open (dl-open.c:883)
==6492==    by 0x77C95FB: dlopen_doit (dlopen.c:56)
==6492==    by 0x78ADB57: _dl_catch_exception (dl-error-skeleton.c:208)
==6492== 
==6492== 6 bytes in 1 blocks are possibly lost in loss record 28 of 427
==6492==    at 0x73E1899: malloc (in /mnt/c/Users/guido/ghq/projects/rustdom/.tools/valgrind/usr/libexec/valgrind/vgpreload_memcheck-amd64-linux.so)
==6492==    by 0x232471D2: _RNvXs0_NvMs_NtNtCs6i54tJFfzR_5alloc3ffi5c_strNtBa_7CString3newReNtB5_11SpecNewImpl13spec_new_impl (in /home/guido/rustdom-selection-result-OEvCXh/dist/rustdom.node)
==6492==    by 0x231F117F: _RNvMs2_NtNtCs4QMHp0v7l6B_4napi9js_values15object_propertyNtB5_8Property14with_utf8_name (in /home/guido/rustdom-selection-result-OEvCXh/dist/rustdom.node)
==6492==    by 0x231A9B42: _RNvNvNvNvNtNtNtCs3Ir8cfnU9oH_7rustdom3dom19range_state_binding33___napi_impl_helper_NativeRange_1137___napi_register__NativeRange_impl_2221__18___CTOR_PRIVATE_REF14___ctor_private (in /home/guido/rustdom-selection-result-OEvCXh/dist/rustdom.node)
==6492==    by 0x6B9F47D: call_init.part.0 (dl-init.c:70)
==6492==    by 0x6B9F567: call_init (dl-init.c:33)
==6492==    by 0x6B9F567: _dl_init (dl-init.c:117)
==6492==    by 0x78ADBB4: _dl_catch_exception (dl-error-skeleton.c:182)
==6492==    by 0x6BA6FF5: dl_open_worker (dl-open.c:808)
==6492==    by 0x6BA6FF5: dl_open_worker (dl-open.c:771)
==6492==    by 0x78ADB57: _dl_catch_exception (dl-error-skeleton.c:208)
==6492==    by 0x6BA734D: _dl_open (dl-open.c:883)
==6492==    by 0x77C95FB: dlopen_doit (dlopen.c:56)
==6492==    by 0x78ADB57: _dl_catch_exception (dl-error-skeleton.c:208)
==6492== 
==6492== 6 bytes in 1 blocks are possibly lost in loss record 29 of 427
==6492==    at 0x73E1899: malloc (in /mnt/c/Users/guido/ghq/projects/rustdom/.tools/valgrind/usr/libexec/valgrind/vgpreload_memcheck-amd64-linux.so)
==6492==    by 0x232471D2: _RNvXs0_NvMs_NtNtCs6i54tJFfzR_5alloc3ffi5c_strNtBa_7CString3newReNtB5_11SpecNewImpl13spec_new_impl (in /home/guido/rustdom-selection-result-OEvCXh/dist/rustdom.node)
==6492==    by 0x231F117F: _RNvMs2_NtNtCs4QMHp0v7l6B_4napi9js_values15object_propertyNtB5_8Property14with_utf8_name (in /home/guido/rustdom-selection-result-OEvCXh/dist/rustdom.node)
==6492==    by 0x231AB929: _RNvNvNvNvNtNtNtCs3Ir8cfnU9oH_7rustdom3dom19tree_cursor_binding37___napi_impl_helper_NativeTraversal_1841___napi_register__NativeTraversal_impl_4581__18___CTOR_PRIVATE_REF14___ctor_private (in /home/guido/rustdom-selection-result-OEvCXh/dist/rustdom.node)
==6492==    by 0x6B9F47D: call_init.part.0 (dl-init.c:70)
==6492==    by 0x6B9F567: call_init (dl-init.c:33)
==6492==    by 0x6B9F567: _dl_init (dl-init.c:117)
==6492==    by 0x78ADBB4: _dl_catch_exception (dl-error-skeleton.c:182)
==6492==    by 0x6BA6FF5: dl_open_worker (dl-open.c:808)
==6492==    by 0x6BA6FF5: dl_open_worker (dl-open.c:771)
==6492==    by 0x78ADB57: _dl_catch_exception (dl-error-skeleton.c:208)
==6492==    by 0x6BA734D: _dl_open (dl-open.c:883)
==6492==    by 0x77C95FB: dlopen_doit (dlopen.c:56)
==6492==    by 0x78ADB57: _dl_catch_exception (dl-error-skeleton.c:208)
==6492== 
==6492== 6 bytes in 1 blocks are possibly lost in loss record 30 of 427
==6492==    at 0x73E1899: malloc (in /mnt/c/Users/guido/ghq/projects/rustdom/.tools/valgrind/usr/libexec/valgrind/vgpreload_memcheck-amd64-linux.so)
==6492==    by 0x232471D2: _RNvXs0_NvMs_NtNtCs6i54tJFfzR_5alloc3ffi5c_strNtBa_7CString3newReNtB5_11SpecNewImpl13spec_new_impl (in /home/guido/rustdom-selection-result-OEvCXh/dist/rustdom.node)
==6492==    by 0x231F117F: _RNvMs2_NtNtCs4QMHp0v7l6B_4napi9js_values15object_propertyNtB5_8Property14with_utf8_name (in /home/guido/rustdom-selection-result-OEvCXh/dist/rustdom.node)
==6492==    by 0x231AC4AB: _RNvNvNvNvNtNtNtCs3Ir8cfnU9oH_7rustdom3dom19web_storage_binding39___napi_impl_helper_NativeStorageArea_2043___napi_register__NativeStorageArea_impl_4771__18___CTOR_PRIVATE_REF14___ctor_private (in /home/guido/rustdom-selection-result-OEvCXh/dist/rustdom.node)
==6492==    by 0x6B9F47D: call_init.part.0 (dl-init.c:70)
==6492==    by 0x6B9F567: call_init (dl-init.c:33)
==6492==    by 0x6B9F567: _dl_init (dl-init.c:117)
==6492==    by 0x78ADBB4: _dl_catch_exception (dl-error-skeleton.c:182)
==6492==    by 0x6BA6FF5: dl_open_worker (dl-open.c:808)
==6492==    by 0x6BA6FF5: dl_open_worker (dl-open.c:771)
==6492==    by 0x78ADB57: _dl_catch_exception (dl-error-skeleton.c:208)
==6492==    by 0x6BA734D: _dl_open (dl-open.c:883)
==6492==    by 0x77C95FB: dlopen_doit (dlopen.c:56)
==6492==    by 0x78ADB57: _dl_catch_exception (dl-error-skeleton.c:208)
==6492== 
==6492== 6 bytes in 1 blocks are possibly lost in loss record 31 of 427
==6492==    at 0x73E1899: malloc (in /mnt/c/Users/guido/ghq/projects/rustdom/.tools/valgrind/usr/libexec/valgrind/vgpreload_memcheck-amd64-linux.so)
==6492==    by 0x232471D2: _RNvXs0_NvMs_NtNtCs6i54tJFfzR_5alloc3ffi5c_strNtBa_7CString3newReNtB5_11SpecNewImpl13spec_new_impl (in /home/guido/rustdom-selection-result-OEvCXh/dist/rustdom.node)
==6492==    by 0x231F117F: _RNvMs2_NtNtCs4QMHp0v7l6B_4napi9js_values15object_propertyNtB5_8Property14with_utf8_name (in /home/guido/rustdom-selection-result-OEvCXh/dist/rustdom.node)
==6492==    by 0x231ACE8D: _RNvNvNvNvNtNtNtCs3Ir8cfnU9oH_7rustdom3dom19web_storage_binding39___napi_impl_helper_NativeStorageArea_2043___napi_register__NativeStorageArea_impl_4771__18___CTOR_PRIVATE_REF14___ctor_private (in /home/guido/rustdom-selection-result-OEvCXh/dist/rustdom.node)
==6492==    by 0x6B9F47D: call_init.part.0 (dl-init.c:70)
==6492==    by 0x6B9F567: call_init (dl-init.c:33)
==6492==    by 0x6B9F567: _dl_init (dl-init.c:117)
==6492==    by 0x78ADBB4: _dl_catch_exception (dl-error-skeleton.c:182)
==6492==    by 0x6BA6FF5: dl_open_worker (dl-open.c:808)
==6492==    by 0x6BA6FF5: dl_open_worker (dl-open.c:771)
==6492==    by 0x78ADB57: _dl_catch_exception (dl-error-skeleton.c:208)
==6492==    by 0x6BA734D: _dl_open (dl-open.c:883)
==6492==    by 0x77C95FB: dlopen_doit (dlopen.c:56)
==6492==    by 0x78ADB57: _dl_catch_exception (dl-error-skeleton.c:208)
==6492== 
==6492== 6 bytes in 1 blocks are possibly lost in loss record 32 of 427
==6492==    at 0x73E1899: malloc (in /mnt/c/Users/guido/ghq/projects/rustdom/.tools/valgrind/usr/libexec/valgrind/vgpreload_memcheck-amd64-linux.so)
==6492==    by 0x232471D2: _RNvXs0_NvMs_NtNtCs6i54tJFfzR_5alloc3ffi5c_strNtBa_7CString3newReNtB5_11SpecNewImpl13spec_new_impl (in /home/guido/rustdom-selection-result-OEvCXh/dist/rustdom.node)
==6492==    by 0x231F117F: _RNvMs2_NtNtCs4QMHp0v7l6B_4napi9js_values15object_propertyNtB5_8Property14with_utf8_name (in /home/guido/rustdom-selection-result-OEvCXh/dist/rustdom.node)
==6492==    by 0x2318CBBB: _RNvNvNtNtNtCs3Ir8cfnU9oH_7rustdom3dom4tree32___napi_impl_helper_NativeTree_1736___napi_register__NativeTree_impl_44420___ctor_private_inner (in /home/guido/rustdom-selection-result-OEvCXh/dist/rustdom.node)
==6492==    by 0x231B5185: _RNvNvNvNvNtNtNtCs3Ir8cfnU9oH_7rustdom3dom4tree32___napi_impl_helper_NativeTree_1736___napi_register__NativeTree_impl_4441__18___CTOR_PRIVATE_REF14___ctor_private (in /home/guido/rustdom-selection-result-OEvCXh/dist/rustdom.node)
==6492==    by 0x6B9F47D: call_init.part.0 (dl-init.c:70)
==6492==    by 0x6B9F567: call_init (dl-init.c:33)
==6492==    by 0x6B9F567: _dl_init (dl-init.c:117)
==6492==    by 0x78ADBB4: _dl_catch_exception (dl-error-skeleton.c:182)
==6492==    by 0x6BA6FF5: dl_open_worker (dl-open.c:808)
==6492==    by 0x6BA6FF5: dl_open_worker (dl-open.c:771)
==6492==    by 0x78ADB57: _dl_catch_exception (dl-error-skeleton.c:208)
==6492==    by 0x6BA734D: _dl_open (dl-open.c:883)
==6492==    by 0x77C95FB: dlopen_doit (dlopen.c:56)
==6492== 
==6492== 6 bytes in 1 blocks are possibly lost in loss record 33 of 427
==6492==    at 0x73E1899: malloc (in /mnt/c/Users/guido/ghq/projects/rustdom/.tools/valgrind/usr/libexec/valgrind/vgpreload_memcheck-amd64-linux.so)
==6492==    by 0x232471D2: _RNvXs0_NvMs_NtNtCs6i54tJFfzR_5alloc3ffi5c_strNtBa_7CString3newReNtB5_11SpecNewImpl13spec_new_impl (in /home/guido/rustdom-selection-result-OEvCXh/dist/rustdom.node)
==6492==    by 0x231F117F: _RNvMs2_NtNtCs4QMHp0v7l6B_4napi9js_values15object_propertyNtB5_8Property14with_utf8_name (in /home/guido/rustdom-selection-result-OEvCXh/dist/rustdom.node)
==6492==    by 0x231B53BB: _RNvNvNvNvNtNtNtCs3Ir8cfnU9oH_7rustdom3xml7binding37___napi_impl_helper_NativeXmlParser_2241___napi_register__NativeXmlParser_impl_4951__18___CTOR_PRIVATE_REF14___ctor_private (in /home/guido/rustdom-selection-result-OEvCXh/dist/rustdom.node)
==6492==    by 0x6B9F47D: call_init.part.0 (dl-init.c:70)
==6492==    by 0x6B9F567: call_init (dl-init.c:33)
==6492==    by 0x6B9F567: _dl_init (dl-init.c:117)
==6492==    by 0x78ADBB4: _dl_catch_exception (dl-error-skeleton.c:182)
==6492==    by 0x6BA6FF5: dl_open_worker (dl-open.c:808)
==6492==    by 0x6BA6FF5: dl_open_worker (dl-open.c:771)
==6492==    by 0x78ADB57: _dl_catch_exception (dl-error-skeleton.c:208)
==6492==    by 0x6BA734D: _dl_open (dl-open.c:883)
==6492==    by 0x77C95FB: dlopen_doit (dlopen.c:56)
==6492==    by 0x78ADB57: _dl_catch_exception (dl-error-skeleton.c:208)
==6492== 
==6492== 7 bytes in 1 blocks are possibly lost in loss record 34 of 427
==6492==    at 0x73E1899: malloc (in /mnt/c/Users/guido/ghq/projects/rustdom/.tools/valgrind/usr/libexec/valgrind/vgpreload_memcheck-amd64-linux.so)
==6492==    by 0x232471D2: _RNvXs0_NvMs_NtNtCs6i54tJFfzR_5alloc3ffi5c_strNtBa_7CString3newReNtB5_11SpecNewImpl13spec_new_impl (in /home/guido/rustdom-selection-result-OEvCXh/dist/rustdom.node)
==6492==    by 0x231F117F: _RNvMs2_NtNtCs4QMHp0v7l6B_4napi9js_values15object_propertyNtB5_8Property14with_utf8_name (in /home/guido/rustdom-selection-result-OEvCXh/dist/rustdom.node)
==6492==    by 0x2319C45B: _RNvNvNvNvNtNtNtCs3Ir8cfnU9oH_7rustdom3dom16dom_rect_binding34___napi_impl_helper_NativeDomRect_238___napi_register__NativeDomRect_impl_521__18___CTOR_PRIVATE_REF14___ctor_private (in /home/guido/rustdom-selection-result-OEvCXh/dist/rustdom.node)
==6492==    by 0x6B9F47D: call_init.part.0 (dl-init.c:70)
==6492==    by 0x6B9F567: call_init (dl-init.c:33)
==6492==    by 0x6B9F567: _dl_init (dl-init.c:117)
==6492==    by 0x78ADBB4: _dl_catch_exception (dl-error-skeleton.c:182)
==6492==    by 0x6BA6FF5: dl_open_worker (dl-open.c:808)
==6492==    by 0x6BA6FF5: dl_open_worker (dl-open.c:771)
==6492==    by 0x78ADB57: _dl_catch_exception (dl-error-skeleton.c:208)
==6492==    by 0x6BA734D: _dl_open (dl-open.c:883)
==6492==    by 0x77C95FB: dlopen_doit (dlopen.c:56)
==6492==    by 0x78ADB57: _dl_catch_exception (dl-error-skeleton.c:208)
==6492== 
==6492== 7 bytes in 1 blocks are possibly lost in loss record 35 of 427
==6492==    at 0x73E1899: malloc (in /mnt/c/Users/guido/ghq/projects/rustdom/.tools/valgrind/usr/libexec/valgrind/vgpreload_memcheck-amd64-linux.so)
==6492==    by 0x232471D2: _RNvXs0_NvMs_NtNtCs6i54tJFfzR_5alloc3ffi5c_strNtBa_7CString3newReNtB5_11SpecNewImpl13spec_new_impl (in /home/guido/rustdom-selection-result-OEvCXh/dist/rustdom.node)
==6492==    by 0x231F117F: _RNvMs2_NtNtCs4QMHp0v7l6B_4napi9js_values15object_propertyNtB5_8Property14with_utf8_name (in /home/guido/rustdom-selection-result-OEvCXh/dist/rustdom.node)
==6492==    by 0x2319C64C: _RNvNvNvNvNtNtNtCs3Ir8cfnU9oH_7rustdom3dom16dom_rect_binding34___napi_impl_helper_NativeDomRect_238___napi_register__NativeDomRect_impl_521__18___CTOR_PRIVATE_REF14___ctor_private (in /home/guido/rustdom-selection-result-OEvCXh/dist/rustdom.node)
==6492==    by 0x6B9F47D: call_init.part.0 (dl-init.c:70)
==6492==    by 0x6B9F567: call_init (dl-init.c:33)
==6492==    by 0x6B9F567: _dl_init (dl-init.c:117)
==6492==    by 0x78ADBB4: _dl_catch_exception (dl-error-skeleton.c:182)
==6492==    by 0x6BA6FF5: dl_open_worker (dl-open.c:808)
==6492==    by 0x6BA6FF5: dl_open_worker (dl-open.c:771)
==6492==    by 0x78ADB57: _dl_catch_exception (dl-error-skeleton.c:208)
==6492==    by 0x6BA734D: _dl_open (dl-open.c:883)
==6492==    by 0x77C95FB: dlopen_doit (dlopen.c:56)
==6492==    by 0x78ADB57: _dl_catch_exception (dl-error-skeleton.c:208)
==6492== 
==6492== 7 bytes in 1 blocks are possibly lost in loss record 36 of 427
==6492==    at 0x73E1899: malloc (in /mnt/c/Users/guido/ghq/projects/rustdom/.tools/valgrind/usr/libexec/valgrind/vgpreload_memcheck-amd64-linux.so)
==6492==    by 0x232471D2: _RNvXs0_NvMs_NtNtCs6i54tJFfzR_5alloc3ffi5c_strNtBa_7CString3newReNtB5_11SpecNewImpl13spec_new_impl (in /home/guido/rustdom-selection-result-OEvCXh/dist/rustdom.node)
==6492==    by 0x231F117F: _RNvMs2_NtNtCs4QMHp0v7l6B_4napi9js_values15object_propertyNtB5_8Property14with_utf8_name (in /home/guido/rustdom-selection-result-OEvCXh/dist/rustdom.node)
==6492==    by 0x2319DBBB: _RNvNvNvNvNtNtNtCs3Ir8cfnU9oH_7rustdom3dom17form_data_binding42___napi_impl_helper_NativeFormDataEntries_647___napi_register__NativeFormDataEntries_impl_1371__18___CTOR_PRIVATE_REF14___ctor_private (in /home/guido/rustdom-selection-result-OEvCXh/dist/rustdom.node)
==6492==    by 0x6B9F47D: call_init.part.0 (dl-init.c:70)
==6492==    by 0x6B9F567: call_init (dl-init.c:33)
==6492==    by 0x6B9F567: _dl_init (dl-init.c:117)
==6492==    by 0x78ADBB4: _dl_catch_exception (dl-error-skeleton.c:182)
==6492==    by 0x6BA6FF5: dl_open_worker (dl-open.c:808)
==6492==    by 0x6BA6FF5: dl_open_worker (dl-open.c:771)
==6492==    by 0x78ADB57: _dl_catch_exception (dl-error-skeleton.c:208)
==6492==    by 0x6BA734D: _dl_open (dl-open.c:883)
==6492==    by 0x77C95FB: dlopen_doit (dlopen.c:56)
==6492==    by 0x78ADB57: _dl_catch_exception (dl-error-skeleton.c:208)
==6492== 
==6492== 7 bytes in 1 blocks are possibly lost in loss record 37 of 427
==6492==    at 0x73E1899: malloc (in /mnt/c/Users/guido/ghq/projects/rustdom/.tools/valgrind/usr/libexec/valgrind/vgpreload_memcheck-amd64-linux.so)
==6492==    by 0x232471D2: _RNvXs0_NvMs_NtNtCs6i54tJFfzR_5alloc3ffi5c_strNtBa_7CString3newReNtB5_11SpecNewImpl13spec_new_impl (in /home/guido/rustdom-selection-result-OEvCXh/dist/rustdom.node)
==6492==    by 0x231F117F: _RNvMs2_NtNtCs4QMHp0v7l6B_4napi9js_values15object_propertyNtB5_8Property14with_utf8_name (in /home/guido/rustdom-selection-result-OEvCXh/dist/rustdom.node)
==6492==    by 0x2319DCAB: _RNvNvNvNvNtNtNtCs3Ir8cfnU9oH_7rustdom3dom17form_data_binding42___napi_impl_helper_NativeFormDataEntries_647___napi_register__NativeFormDataEntries_impl_1371__18___CTOR_PRIVATE_REF14___ctor_private (in /home/guido/rustdom-selection-result-OEvCXh/dist/rustdom.node)
==6492==    by 0x6B9F47D: call_init.part.0 (dl-init.c:70)
==6492==    by 0x6B9F567: call_init (dl-init.c:33)
==6492==    by 0x6B9F567: _dl_init (dl-init.c:117)
==6492==    by 0x78ADBB4: _dl_catch_exception (dl-error-skeleton.c:182)
==6492==    by 0x6BA6FF5: dl_open_worker (dl-open.c:808)
==6492==    by 0x6BA6FF5: dl_open_worker (dl-open.c:771)
==6492==    by 0x78ADB57: _dl_catch_exception (dl-error-skeleton.c:208)
==6492==    by 0x6BA734D: _dl_open (dl-open.c:883)
==6492==    by 0x77C95FB: dlopen_doit (dlopen.c:56)
==6492==    by 0x78ADB57: _dl_catch_exception (dl-error-skeleton.c:208)
==6492== 
==6492== 7 bytes in 1 blocks are possibly lost in loss record 38 of 427
==6492==    at 0x73E1899: malloc (in /mnt/c/Users/guido/ghq/projects/rustdom/.tools/valgrind/usr/libexec/valgrind/vgpreload_memcheck-amd64-linux.so)
==6492==    by 0x232471D2: _RNvXs0_NvMs_NtNtCs6i54tJFfzR_5alloc3ffi5c_strNtBa_7CString3newReNtB5_11SpecNewImpl13spec_new_impl (in /home/guido/rustdom-selection-result-OEvCXh/dist/rustdom.node)
==6492==    by 0x231F117F: _RNvMs2_NtNtCs4QMHp0v7l6B_4napi9js_values15object_propertyNtB5_8Property14with_utf8_name (in /home/guido/rustdom-selection-result-OEvCXh/dist/rustdom.node)
==6492==    by 0x2319DEB8: _RNvNvNvNvNtNtNtCs3Ir8cfnU9oH_7rustdom3dom17form_data_binding42___napi_impl_helper_NativeFormDataEntries_647___napi_register__NativeFormDataEntries_impl_1371__18___CTOR_PRIVATE_REF14___ctor_private (in /home/guido/rustdom-selection-result-OEvCXh/dist/rustdom.node)
==6492==    by 0x6B9F47D: call_init.part.0 (dl-init.c:70)
==6492==    by 0x6B9F567: call_init (dl-init.c:33)
==6492==    by 0x6B9F567: _dl_init (dl-init.c:117)
==6492==    by 0x78ADBB4: _dl_catch_exception (dl-error-skeleton.c:182)
==6492==    by 0x6BA6FF5: dl_open_worker (dl-open.c:808)
==6492==    by 0x6BA6FF5: dl_open_worker (dl-open.c:771)
==6492==    by 0x78ADB57: _dl_catch_exception (dl-error-skeleton.c:208)
==6492==    by 0x6BA734D: _dl_open (dl-open.c:883)
==6492==    by 0x77C95FB: dlopen_doit (dlopen.c:56)
==6492==    by 0x78ADB57: _dl_catch_exception (dl-error-skeleton.c:208)
==6492== 
==6492== 7 bytes in 1 blocks are possibly lost in loss record 39 of 427
==6492==    at 0x73E1899: malloc (in /mnt/c/Users/guido/ghq/projects/rustdom/.tools/valgrind/usr/libexec/valgrind/vgpreload_memcheck-amd64-linux.so)
==6492==    by 0x232471D2: _RNvXs0_NvMs_NtNtCs6i54tJFfzR_5alloc3ffi5c_strNtBa_7CString3newReNtB5_11SpecNewImpl13spec_new_impl (in /home/guido/rustdom-selection-result-OEvCXh/dist/rustdom.node)
==6492==    by 0x231F117F: _RNvMs2_NtNtCs4QMHp0v7l6B_4napi9js_values15object_propertyNtB5_8Property14with_utf8_name (in /home/guido/rustdom-selection-result-OEvCXh/dist/rustdom.node)
==6492==    by 0x2319E2D0: _RNvNvNvNvNtNtNtCs3Ir8cfnU9oH_7rustdom3dom17form_data_binding42___napi_impl_helper_NativeFormDataEntries_647___napi_register__NativeFormDataEntries_impl_1371__18___CTOR_PRIVATE_REF14___ctor_private (in /home/guido/rustdom-selection-result-OEvCXh/dist/rustdom.node)
==6492==    by 0x6B9F47D: call_init.part.0 (dl-init.c:70)
==6492==    by 0x6B9F567: call_init (dl-init.c:33)
==6492==    by 0x6B9F567: _dl_init (dl-init.c:117)
==6492==    by 0x78ADBB4: _dl_catch_exception (dl-error-skeleton.c:182)
==6492==    by 0x6BA6FF5: dl_open_worker (dl-open.c:808)
==6492==    by 0x6BA6FF5: dl_open_worker (dl-open.c:771)
==6492==    by 0x78ADB57: _dl_catch_exception (dl-error-skeleton.c:208)
==6492==    by 0x6BA734D: _dl_open (dl-open.c:883)
==6492==    by 0x77C95FB: dlopen_doit (dlopen.c:56)
==6492==    by 0x78ADB57: _dl_catch_exception (dl-error-skeleton.c:208)
==6492== 
==6492== 7 bytes in 1 blocks are possibly lost in loss record 40 of 427
==6492==    at 0x73E1899: malloc (in /mnt/c/Users/guido/ghq/projects/rustdom/.tools/valgrind/usr/libexec/valgrind/vgpreload_memcheck-amd64-linux.so)
==6492==    by 0x232471D2: _RNvXs0_NvMs_NtNtCs6i54tJFfzR_5alloc3ffi5c_strNtBa_7CString3newReNtB5_11SpecNewImpl13spec_new_impl (in /home/guido/rustdom-selection-result-OEvCXh/dist/rustdom.node)
==6492==    by 0x231F117F: _RNvMs2_NtNtCs4QMHp0v7l6B_4napi9js_values15object_propertyNtB5_8Property14with_utf8_name (in /home/guido/rustdom-selection-result-OEvCXh/dist/rustdom.node)
==6492==    by 0x2319E6E8: _RNvNvNvNvNtNtNtCs3Ir8cfnU9oH_7rustdom3dom17form_data_binding42___napi_impl_helper_NativeFormDataEntries_647___napi_register__NativeFormDataEntries_impl_1371__18___CTOR_PRIVATE_REF14___ctor_private (in /home/guido/rustdom-selection-result-OEvCXh/dist/rustdom.node)
==6492==    by 0x6B9F47D: call_init.part.0 (dl-init.c:70)
==6492==    by 0x6B9F567: call_init (dl-init.c:33)
==6492==    by 0x6B9F567: _dl_init (dl-init.c:117)
==6492==    by 0x78ADBB4: _dl_catch_exception (dl-error-skeleton.c:182)
==6492==    by 0x6BA6FF5: dl_open_worker (dl-open.c:808)
==6492==    by 0x6BA6FF5: dl_open_worker (dl-open.c:771)
==6492==    by 0x78ADB57: _dl_catch_exception (dl-error-skeleton.c:208)
==6492==    by 0x6BA734D: _dl_open (dl-open.c:883)
==6492==    by 0x77C95FB: dlopen_doit (dlopen.c:56)
==6492==    by 0x78ADB57: _dl_catch_exception (dl-error-skeleton.c:208)
==6492== 
==6492== 7 bytes in 1 blocks are possibly lost in loss record 41 of 427
==6492==    at 0x73E1899: malloc (in /mnt/c/Users/guido/ghq/projects/rustdom/.tools/valgrind/usr/libexec/valgrind/vgpreload_memcheck-amd64-linux.so)
==6492==    by 0x232471D2: _RNvXs0_NvMs_NtNtCs6i54tJFfzR_5alloc3ffi5c_strNtBa_7CString3newReNtB5_11SpecNewImpl13spec_new_impl (in /home/guido/rustdom-selection-result-OEvCXh/dist/rustdom.node)
==6492==    by 0x231F117F: _RNvMs2_NtNtCs4QMHp0v7l6B_4napi9js_values15object_propertyNtB5_8Property14with_utf8_name (in /home/guido/rustdom-selection-result-OEvCXh/dist/rustdom.node)
==6492==    by 0x231A013E: _RNvNvNvNvNtNtNtCs3Ir8cfnU9oH_7rustdom3dom17selection_binding42___napi_impl_helper_NativeSelectionState_1246___napi_register__NativeSelectionState_impl_2341__18___CTOR_PRIVATE_REF14___ctor_private (in /home/guido/rustdom-selection-result-OEvCXh/dist/rustdom.node)
==6492==    by 0x6B9F47D: call_init.part.0 (dl-init.c:70)
==6492==    by 0x6B9F567: call_init (dl-init.c:33)
==6492==    by 0x6B9F567: _dl_init (dl-init.c:117)
==6492==    by 0x78ADBB4: _dl_catch_exception (dl-error-skeleton.c:182)
==6492==    by 0x6BA6FF5: dl_open_worker (dl-open.c:808)
==6492==    by 0x6BA6FF5: dl_open_worker (dl-open.c:771)
==6492==    by 0x78ADB57: _dl_catch_exception (dl-error-skeleton.c:208)
==6492==    by 0x6BA734D: _dl_open (dl-open.c:883)
==6492==    by 0x77C95FB: dlopen_doit (dlopen.c:56)
==6492==    by 0x78ADB57: _dl_catch_exception (dl-error-skeleton.c:208)
==6492== 
==6492== 7 bytes in 1 blocks are possibly lost in loss record 42 of 427
==6492==    at 0x73E1899: malloc (in /mnt/c/Users/guido/ghq/projects/rustdom/.tools/valgrind/usr/libexec/valgrind/vgpreload_memcheck-amd64-linux.so)
==6492==    by 0x232471D2: _RNvXs0_NvMs_NtNtCs6i54tJFfzR_5alloc3ffi5c_strNtBa_7CString3newReNtB5_11SpecNewImpl13spec_new_impl (in /home/guido/rustdom-selection-result-OEvCXh/dist/rustdom.node)
==6492==    by 0x231F117F: _RNvMs2_NtNtCs4QMHp0v7l6B_4napi9js_values15object_propertyNtB5_8Property14with_utf8_name (in /home/guido/rustdom-selection-result-OEvCXh/dist/rustdom.node)
==6492==    by 0x231A74E6: _RNvNvNvNvNtNtNtCs3Ir8cfnU9oH_7rustdom3dom19file_reader_binding42___napi_impl_helper_NativeFileReaderState_547___napi_register__NativeFileReaderState_impl_1151__18___CTOR_PRIVATE_REF14___ctor_private (in /home/guido/rustdom-selection-result-OEvCXh/dist/rustdom.node)
==6492==    by 0x6B9F47D: call_init.part.0 (dl-init.c:70)
==6492==    by 0x6B9F567: call_init (dl-init.c:33)
==6492==    by 0x6B9F567: _dl_init (dl-init.c:117)
==6492==    by 0x78ADBB4: _dl_catch_exception (dl-error-skeleton.c:182)
==6492==    by 0x6BA6FF5: dl_open_worker (dl-open.c:808)
==6492==    by 0x6BA6FF5: dl_open_worker (dl-open.c:771)
==6492==    by 0x78ADB57: _dl_catch_exception (dl-error-skeleton.c:208)
==6492==    by 0x6BA734D: _dl_open (dl-open.c:883)
==6492==    by 0x77C95FB: dlopen_doit (dlopen.c:56)
==6492==    by 0x78ADB57: _dl_catch_exception (dl-error-skeleton.c:208)
==6492== 
==6492== 7 bytes in 1 blocks are possibly lost in loss record 43 of 427
==6492==    at 0x73E1899: malloc (in /mnt/c/Users/guido/ghq/projects/rustdom/.tools/valgrind/usr/libexec/valgrind/vgpreload_memcheck-amd64-linux.so)
==6492==    by 0x232471D2: _RNvXs0_NvMs_NtNtCs6i54tJFfzR_5alloc3ffi5c_strNtBa_7CString3newReNtB5_11SpecNewImpl13spec_new_impl (in /home/guido/rustdom-selection-result-OEvCXh/dist/rustdom.node)
==6492==    by 0x231F117F: _RNvMs2_NtNtCs4QMHp0v7l6B_4napi9js_values15object_propertyNtB5_8Property14with_utf8_name (in /home/guido/rustdom-selection-result-OEvCXh/dist/rustdom.node)
==6492==    by 0x231A801B: _RNvNvNvNvNtNtNtCs3Ir8cfnU9oH_7rustdom3dom19range_clone_binding37___napi_impl_helper_NativeRangeClone_942___napi_register__NativeRangeClone_impl_1851__18___CTOR_PRIVATE_REF14___ctor_private (in /home/guido/rustdom-selection-result-OEvCXh/dist/rustdom.node)
==6492==    by 0x6B9F47D: call_init.part.0 (dl-init.c:70)
==6492==    by 0x6B9F567: call_init (dl-init.c:33)
==6492==    by 0x6B9F567: _dl_init (dl-init.c:117)
==6492==    by 0x78ADBB4: _dl_catch_exception (dl-error-skeleton.c:182)
==6492==    by 0x6BA6FF5: dl_open_worker (dl-open.c:808)
==6492==    by 0x6BA6FF5: dl_open_worker (dl-open.c:771)
==6492==    by 0x78ADB57: _dl_catch_exception (dl-error-skeleton.c:208)
==6492==    by 0x6BA734D: _dl_open (dl-open.c:883)
==6492==    by 0x77C95FB: dlopen_doit (dlopen.c:56)
==6492==    by 0x78ADB57: _dl_catch_exception (dl-error-skeleton.c:208)
==6492== 
==6492== 7 bytes in 1 blocks are possibly lost in loss record 44 of 427
==6492==    at 0x73E1899: malloc (in /mnt/c/Users/guido/ghq/projects/rustdom/.tools/valgrind/usr/libexec/valgrind/vgpreload_memcheck-amd64-linux.so)
==6492==    by 0x232471D2: _RNvXs0_NvMs_NtNtCs6i54tJFfzR_5alloc3ffi5c_strNtBa_7CString3newReNtB5_11SpecNewImpl13spec_new_impl (in /home/guido/rustdom-selection-result-OEvCXh/dist/rustdom.node)
==6492==    by 0x231F117F: _RNvMs2_NtNtCs4QMHp0v7l6B_4napi9js_values15object_propertyNtB5_8Property14with_utf8_name (in /home/guido/rustdom-selection-result-OEvCXh/dist/rustdom.node)
==6492==    by 0x231A972A: _RNvNvNvNvNtNtNtCs3Ir8cfnU9oH_7rustdom3dom19range_state_binding33___napi_impl_helper_NativeRange_1137___napi_register__NativeRange_impl_2221__18___CTOR_PRIVATE_REF14___ctor_private (in /home/guido/rustdom-selection-result-OEvCXh/dist/rustdom.node)
==6492==    by 0x6B9F47D: call_init.part.0 (dl-init.c:70)
==6492==    by 0x6B9F567: call_init (dl-init.c:33)
==6492==    by 0x6B9F567: _dl_init (dl-init.c:117)
==6492==    by 0x78ADBB4: _dl_catch_exception (dl-error-skeleton.c:182)
==6492==    by 0x6BA6FF5: dl_open_worker (dl-open.c:808)
==6492==    by 0x6BA6FF5: dl_open_worker (dl-open.c:771)
==6492==    by 0x78ADB57: _dl_catch_exception (dl-error-skeleton.c:208)
==6492==    by 0x6BA734D: _dl_open (dl-open.c:883)
==6492==    by 0x77C95FB: dlopen_doit (dlopen.c:56)
==6492==    by 0x78ADB57: _dl_catch_exception (dl-error-skeleton.c:208)
==6492== 
==6492== 7 bytes in 1 blocks are possibly lost in loss record 45 of 427
==6492==    at 0x73E1899: malloc (in /mnt/c/Users/guido/ghq/projects/rustdom/.tools/valgrind/usr/libexec/valgrind/vgpreload_memcheck-amd64-linux.so)
==6492==    by 0x232471D2: _RNvXs0_NvMs_NtNtCs6i54tJFfzR_5alloc3ffi5c_strNtBa_7CString3newReNtB5_11SpecNewImpl13spec_new_impl (in /home/guido/rustdom-selection-result-OEvCXh/dist/rustdom.node)
==6492==    by 0x231F117F: _RNvMs2_NtNtCs4QMHp0v7l6B_4napi9js_values15object_propertyNtB5_8Property14with_utf8_name (in /home/guido/rustdom-selection-result-OEvCXh/dist/rustdom.node)
==6492==    by 0x231AB65B: _RNvNvNvNvNtNtNtCs3Ir8cfnU9oH_7rustdom3dom19tree_cursor_binding37___napi_impl_helper_NativeTraversal_1841___napi_register__NativeTraversal_impl_4581__18___CTOR_PRIVATE_REF14___ctor_private (in /home/guido/rustdom-selection-result-OEvCXh/dist/rustdom.node)
==6492==    by 0x6B9F47D: call_init.part.0 (dl-init.c:70)
==6492==    by 0x6B9F567: call_init (dl-init.c:33)
==6492==    by 0x6B9F567: _dl_init (dl-init.c:117)
==6492==    by 0x78ADBB4: _dl_catch_exception (dl-error-skeleton.c:182)
==6492==    by 0x6BA6FF5: dl_open_worker (dl-open.c:808)
==6492==    by 0x6BA6FF5: dl_open_worker (dl-open.c:771)
==6492==    by 0x78ADB57: _dl_catch_exception (dl-error-skeleton.c:208)
==6492==    by 0x6BA734D: _dl_open (dl-open.c:883)
==6492==    by 0x77C95FB: dlopen_doit (dlopen.c:56)
==6492==    by 0x78ADB57: _dl_catch_exception (dl-error-skeleton.c:208)
==6492== 
==6492== 7 bytes in 1 blocks are possibly lost in loss record 46 of 427
==6492==    at 0x73E1899: malloc (in /mnt/c/Users/guido/ghq/projects/rustdom/.tools/valgrind/usr/libexec/valgrind/vgpreload_memcheck-amd64-linux.so)
==6492==    by 0x232471D2: _RNvXs0_NvMs_NtNtCs6i54tJFfzR_5alloc3ffi5c_strNtBa_7CString3newReNtB5_11SpecNewImpl13spec_new_impl (in /home/guido/rustdom-selection-result-OEvCXh/dist/rustdom.node)
==6492==    by 0x231F117F: _RNvMs2_NtNtCs4QMHp0v7l6B_4napi9js_values15object_propertyNtB5_8Property14with_utf8_name (in /home/guido/rustdom-selection-result-OEvCXh/dist/rustdom.node)
==6492==    by 0x231AB73A: _RNvNvNvNvNtNtNtCs3Ir8cfnU9oH_7rustdom3dom19tree_cursor_binding37___napi_impl_helper_NativeTraversal_1841___napi_register__NativeTraversal_impl_4581__18___CTOR_PRIVATE_REF14___ctor_private (in /home/guido/rustdom-selection-result-OEvCXh/dist/rustdom.node)
==6492==    by 0x6B9F47D: call_init.part.0 (dl-init.c:70)
==6492==    by 0x6B9F567: call_init (dl-init.c:33)
==6492==    by 0x6B9F567: _dl_init (dl-init.c:117)
==6492==    by 0x78ADBB4: _dl_catch_exception (dl-error-skeleton.c:182)
==6492==    by 0x6BA6FF5: dl_open_worker (dl-open.c:808)
==6492==    by 0x6BA6FF5: dl_open_worker (dl-open.c:771)
==6492==    by 0x78ADB57: _dl_catch_exception (dl-error-skeleton.c:208)
==6492==    by 0x6BA734D: _dl_open (dl-open.c:883)
==6492==    by 0x77C95FB: dlopen_doit (dlopen.c:56)
==6492==    by 0x78ADB57: _dl_catch_exception (dl-error-skeleton.c:208)
==6492== 
==6492== 7 bytes in 1 blocks are possibly lost in loss record 47 of 427
==6492==    at 0x73E1899: malloc (in /mnt/c/Users/guido/ghq/projects/rustdom/.tools/valgrind/usr/libexec/valgrind/vgpreload_memcheck-amd64-linux.so)
==6492==    by 0x232471D2: _RNvXs0_NvMs_NtNtCs6i54tJFfzR_5alloc3ffi5c_strNtBa_7CString3newReNtB5_11SpecNewImpl13spec_new_impl (in /home/guido/rustdom-selection-result-OEvCXh/dist/rustdom.node)
==6492==    by 0x231F117F: _RNvMs2_NtNtCs4QMHp0v7l6B_4napi9js_values15object_propertyNtB5_8Property14with_utf8_name (in /home/guido/rustdom-selection-result-OEvCXh/dist/rustdom.node)
==6492==    by 0x231AC0BA: _RNvNvNvNvNtNtNtCs3Ir8cfnU9oH_7rustdom3dom19tree_cursor_binding46___napi_impl_helper_NativeTraversalOperation_1950___napi_register__NativeTraversalOperation_impl_4601__18___CTOR_PRIVATE_REF14___ctor_private (in /home/guido/rustdom-selection-result-OEvCXh/dist/rustdom.node)
==6492==    by 0x6B9F47D: call_init.part.0 (dl-init.c:70)
==6492==    by 0x6B9F567: call_init (dl-init.c:33)
==6492==    by 0x6B9F567: _dl_init (dl-init.c:117)
==6492==    by 0x78ADBB4: _dl_catch_exception (dl-error-skeleton.c:182)
==6492==    by 0x6BA6FF5: dl_open_worker (dl-open.c:808)
==6492==    by 0x6BA6FF5: dl_open_worker (dl-open.c:771)
==6492==    by 0x78ADB57: _dl_catch_exception (dl-error-skeleton.c:208)
==6492==    by 0x6BA734D: _dl_open (dl-open.c:883)
==6492==    by 0x77C95FB: dlopen_doit (dlopen.c:56)
==6492==    by 0x78ADB57: _dl_catch_exception (dl-error-skeleton.c:208)
==6492== 
==6492== 7 bytes in 1 blocks are possibly lost in loss record 48 of 427
==6492==    at 0x73E1899: malloc (in /mnt/c/Users/guido/ghq/projects/rustdom/.tools/valgrind/usr/libexec/valgrind/vgpreload_memcheck-amd64-linux.so)
==6492==    by 0x232471D2: _RNvXs0_NvMs_NtNtCs6i54tJFfzR_5alloc3ffi5c_strNtBa_7CString3newReNtB5_11SpecNewImpl13spec_new_impl (in /home/guido/rustdom-selection-result-OEvCXh/dist/rustdom.node)
==6492==    by 0x231F117F: _RNvMs2_NtNtCs4QMHp0v7l6B_4napi9js_values15object_propertyNtB5_8Property14with_utf8_name (in /home/guido/rustdom-selection-result-OEvCXh/dist/rustdom.node)
==6492==    by 0x231AC6B8: _RNvNvNvNvNtNtNtCs3Ir8cfnU9oH_7rustdom3dom19web_storage_binding39___napi_impl_helper_NativeStorageArea_2043___napi_register__NativeStorageArea_impl_4771__18___CTOR_PRIVATE_REF14___ctor_private (in /home/guido/rustdom-selection-result-OEvCXh/dist/rustdom.node)
==6492==    by 0x6B9F47D: call_init.part.0 (dl-init.c:70)
==6492==    by 0x6B9F567: call_init (dl-init.c:33)
==6492==    by 0x6B9F567: _dl_init (dl-init.c:117)
==6492==    by 0x78ADBB4: _dl_catch_exception (dl-error-skeleton.c:182)
==6492==    by 0x6BA6FF5: dl_open_worker (dl-open.c:808)
==6492==    by 0x6BA6FF5: dl_open_worker (dl-open.c:771)
==6492==    by 0x78ADB57: _dl_catch_exception (dl-error-skeleton.c:208)
==6492==    by 0x6BA734D: _dl_open (dl-open.c:883)
==6492==    by 0x77C95FB: dlopen_doit (dlopen.c:56)
==6492==    by 0x78ADB57: _dl_catch_exception (dl-error-skeleton.c:208)
==6492== 
==6492== 7 bytes in 1 blocks are possibly lost in loss record 49 of 427
==6492==    at 0x73E1899: malloc (in /mnt/c/Users/guido/ghq/projects/rustdom/.tools/valgrind/usr/libexec/valgrind/vgpreload_memcheck-amd64-linux.so)
==6492==    by 0x232471D2: _RNvXs0_NvMs_NtNtCs6i54tJFfzR_5alloc3ffi5c_strNtBa_7CString3newReNtB5_11SpecNewImpl13spec_new_impl (in /home/guido/rustdom-selection-result-OEvCXh/dist/rustdom.node)
==6492==    by 0x231F117F: _RNvMs2_NtNtCs4QMHp0v7l6B_4napi9js_values15object_propertyNtB5_8Property14with_utf8_name (in /home/guido/rustdom-selection-result-OEvCXh/dist/rustdom.node)
==6492==    by 0x231ADFAB: _RNvNvNvNvNtNtNtCs3Ir8cfnU9oH_7rustdom3dom21range_extract_binding40___napi_impl_helper_NativeRangeExtract_1044___napi_register__NativeRangeExtract_impl_1931__18___CTOR_PRIVATE_REF14___ctor_private (in /home/guido/rustdom-selection-result-OEvCXh/dist/rustdom.node)
==6492==    by 0x6B9F47D: call_init.part.0 (dl-init.c:70)
==6492==    by 0x6B9F567: call_init (dl-init.c:33)
==6492==    by 0x6B9F567: _dl_init (dl-init.c:117)
==6492==    by 0x78ADBB4: _dl_catch_exception (dl-error-skeleton.c:182)
==6492==    by 0x6BA6FF5: dl_open_worker (dl-open.c:808)
==6492==    by 0x6BA6FF5: dl_open_worker (dl-open.c:771)
==6492==    by 0x78ADB57: _dl_catch_exception (dl-error-skeleton.c:208)
==6492==    by 0x6BA734D: _dl_open (dl-open.c:883)
==6492==    by 0x77C95FB: dlopen_doit (dlopen.c:56)
==6492==    by 0x78ADB57: _dl_catch_exception (dl-error-skeleton.c:208)
==6492== 
==6492== 7 bytes in 1 blocks are possibly lost in loss record 50 of 427
==6492==    at 0x73E1899: malloc (in /mnt/c/Users/guido/ghq/projects/rustdom/.tools/valgrind/usr/libexec/valgrind/vgpreload_memcheck-amd64-linux.so)
==6492==    by 0x232471D2: _RNvXs0_NvMs_NtNtCs6i54tJFfzR_5alloc3ffi5c_strNtBa_7CString3newReNtB5_11SpecNewImpl13spec_new_impl (in /home/guido/rustdom-selection-result-OEvCXh/dist/rustdom.node)
==6492==    by 0x231F117F: _RNvMs2_NtNtCs4QMHp0v7l6B_4napi9js_values15object_propertyNtB5_8Property14with_utf8_name (in /home/guido/rustdom-selection-result-OEvCXh/dist/rustdom.node)
==6492==    by 0x231AEE88: _RNvNvNvNvNtNtNtCs3Ir8cfnU9oH_7rustdom3dom23event_listeners_binding43___napi_impl_helper_NativeListenerRegistry_347___napi_register__NativeListenerRegistry_impl_691__18___CTOR_PRIVATE_REF14___ctor_private (in /home/guido/rustdom-selection-result-OEvCXh/dist/rustdom.node)
==6492==    by 0x6B9F47D: call_init.part.0 (dl-init.c:70)
==6492==    by 0x6B9F567: call_init (dl-init.c:33)
==6492==    by 0x6B9F567: _dl_init (dl-init.c:117)
==6492==    by 0x78ADBB4: _dl_catch_exception (dl-error-skeleton.c:182)
==6492==    by 0x6BA6FF5: dl_open_worker (dl-open.c:808)
==6492==    by 0x6BA6FF5: dl_open_worker (dl-open.c:771)
==6492==    by 0x78ADB57: _dl_catch_exception (dl-error-skeleton.c:208)
==6492==    by 0x6BA734D: _dl_open (dl-open.c:883)
==6492==    by 0x77C95FB: dlopen_doit (dlopen.c:56)
==6492==    by 0x78ADB57: _dl_catch_exception (dl-error-skeleton.c:208)
==6492== 
==6492== 7 bytes in 1 blocks are possibly lost in loss record 51 of 427
==6492==    at 0x73E1899: malloc (in /mnt/c/Users/guido/ghq/projects/rustdom/.tools/valgrind/usr/libexec/valgrind/vgpreload_memcheck-amd64-linux.so)
==6492==    by 0x232471D2: _RNvXs0_NvMs_NtNtCs6i54tJFfzR_5alloc3ffi5c_strNtBa_7CString3newReNtB5_11SpecNewImpl13spec_new_impl (in /home/guido/rustdom-selection-result-OEvCXh/dist/rustdom.node)
==6492==    by 0x231F117F: _RNvMs2_NtNtCs4QMHp0v7l6B_4napi9js_values15object_propertyNtB5_8Property14with_utf8_name (in /home/guido/rustdom-selection-result-OEvCXh/dist/rustdom.node)
==6492==    by 0x231B0A25: _RNvNvNvNvNtNtNtCs3Ir8cfnU9oH_7rustdom3dom23mutation_record_binding41___napi_impl_helper_NativeMutationRecord_746___napi_register__NativeMutationRecord_impl_1591__18___CTOR_PRIVATE_REF14___ctor_private (in /home/guido/rustdom-selection-result-OEvCXh/dist/rustdom.node)
==6492==    by 0x6B9F47D: call_init.part.0 (dl-init.c:70)
==6492==    by 0x6B9F567: call_init (dl-init.c:33)
==6492==    by 0x6B9F567: _dl_init (dl-init.c:117)
==6492==    by 0x78ADBB4: _dl_catch_exception (dl-error-skeleton.c:182)
==6492==    by 0x6BA6FF5: dl_open_worker (dl-open.c:808)
==6492==    by 0x6BA6FF5: dl_open_worker (dl-open.c:771)
==6492==    by 0x78ADB57: _dl_catch_exception (dl-error-skeleton.c:208)
==6492==    by 0x6BA734D: _dl_open (dl-open.c:883)
==6492==    by 0x77C95FB: dlopen_doit (dlopen.c:56)
==6492==    by 0x78ADB57: _dl_catch_exception (dl-error-skeleton.c:208)
==6492== 
==6492== 7 bytes in 1 blocks are possibly lost in loss record 52 of 427
==6492==    at 0x73E1899: malloc (in /mnt/c/Users/guido/ghq/projects/rustdom/.tools/valgrind/usr/libexec/valgrind/vgpreload_memcheck-amd64-linux.so)
==6492==    by 0x232471D2: _RNvXs0_NvMs_NtNtCs6i54tJFfzR_5alloc3ffi5c_strNtBa_7CString3newReNtB5_11SpecNewImpl13spec_new_impl (in /home/guido/rustdom-selection-result-OEvCXh/dist/rustdom.node)
==6492==    by 0x231F117F: _RNvMs2_NtNtCs4QMHp0v7l6B_4napi9js_values15object_propertyNtB5_8Property14with_utf8_name (in /home/guido/rustdom-selection-result-OEvCXh/dist/rustdom.node)
==6492==    by 0x231B181B: _RNvNvNvNvNtNtNtCs3Ir8cfnU9oH_7rustdom3dom23slot_assignment_binding48___napi_impl_helper_NativeSlotAssignmentDriver_1352___napi_register__NativeSlotAssignmentDriver_impl_2481__18___CTOR_PRIVATE_REF14___ctor_private (in /home/guido/rustdom-selection-result-OEvCXh/dist/rustdom.node)
==6492==    by 0x6B9F47D: call_init.part.0 (dl-init.c:70)
==6492==    by 0x6B9F567: call_init (dl-init.c:33)
==6492==    by 0x6B9F567: _dl_init (dl-init.c:117)
==6492==    by 0x78ADBB4: _dl_catch_exception (dl-error-skeleton.c:182)
==6492==    by 0x6BA6FF5: dl_open_worker (dl-open.c:808)
==6492==    by 0x6BA6FF5: dl_open_worker (dl-open.c:771)
==6492==    by 0x78ADB57: _dl_catch_exception (dl-error-skeleton.c:208)
==6492==    by 0x6BA734D: _dl_open (dl-open.c:883)
==6492==    by 0x77C95FB: dlopen_doit (dlopen.c:56)
==6492==    by 0x78ADB57: _dl_catch_exception (dl-error-skeleton.c:208)
==6492== 
==6492== 7 bytes in 1 blocks are possibly lost in loss record 53 of 427
==6492==    at 0x73E1899: malloc (in /mnt/c/Users/guido/ghq/projects/rustdom/.tools/valgrind/usr/libexec/valgrind/vgpreload_memcheck-amd64-linux.so)
==6492==    by 0x232471D2: _RNvXs0_NvMs_NtNtCs6i54tJFfzR_5alloc3ffi5c_strNtBa_7CString3newReNtB5_11SpecNewImpl13spec_new_impl (in /home/guido/rustdom-selection-result-OEvCXh/dist/rustdom.node)
==6492==    by 0x231F117F: _RNvMs2_NtNtCs4QMHp0v7l6B_4napi9js_values15object_propertyNtB5_8Property14with_utf8_name (in /home/guido/rustdom-selection-result-OEvCXh/dist/rustdom.node)
==6492==    by 0x231B20EB: _RNvNvNvNvNtNtNtCs3Ir8cfnU9oH_7rustdom3dom25observer_delivery_binding43___napi_impl_helper_NativeObserverDelivery_848___napi_register__NativeObserverDelivery_impl_1721__18___CTOR_PRIVATE_REF14___ctor_private (in /home/guido/rustdom-selection-result-OEvCXh/dist/rustdom.node)
==6492==    by 0x6B9F47D: call_init.part.0 (dl-init.c:70)
==6492==    by 0x6B9F567: call_init (dl-init.c:33)
==6492==    by 0x6B9F567: _dl_init (dl-init.c:117)
==6492==    by 0x78ADBB4: _dl_catch_exception (dl-error-skeleton.c:182)
==6492==    by 0x6BA6FF5: dl_open_worker (dl-open.c:808)
==6492==    by 0x6BA6FF5: dl_open_worker (dl-open.c:771)
==6492==    by 0x78ADB57: _dl_catch_exception (dl-error-skeleton.c:208)
==6492==    by 0x6BA734D: _dl_open (dl-open.c:883)
==6492==    by 0x77C95FB: dlopen_doit (dlopen.c:56)
==6492==    by 0x78ADB57: _dl_catch_exception (dl-error-skeleton.c:208)
==6492== 
==6492== 7 bytes in 1 blocks are possibly lost in loss record 54 of 427
==6492==    at 0x73E1899: malloc (in /mnt/c/Users/guido/ghq/projects/rustdom/.tools/valgrind/usr/libexec/valgrind/vgpreload_memcheck-amd64-linux.so)
==6492==    by 0x232471D2: _RNvXs0_NvMs_NtNtCs6i54tJFfzR_5alloc3ffi5c_strNtBa_7CString3newReNtB5_11SpecNewImpl13spec_new_impl (in /home/guido/rustdom-selection-result-OEvCXh/dist/rustdom.node)
==6492==    by 0x231F117F: _RNvMs2_NtNtCs4QMHp0v7l6B_4napi9js_values15object_propertyNtB5_8Property14with_utf8_name (in /home/guido/rustdom-selection-result-OEvCXh/dist/rustdom.node)
==6492==    by 0x2318881E: _RNvNvNtNtNtCs3Ir8cfnU9oH_7rustdom3dom4tree32___napi_impl_helper_NativeTree_1736___napi_register__NativeTree_impl_44420___ctor_private_inner (in /home/guido/rustdom-selection-result-OEvCXh/dist/rustdom.node)
==6492==    by 0x231B5185: _RNvNvNvNvNtNtNtCs3Ir8cfnU9oH_7rustdom3dom4tree32___napi_impl_helper_NativeTree_1736___napi_register__NativeTree_impl_4441__18___CTOR_PRIVATE_REF14___ctor_private (in /home/guido/rustdom-selection-result-OEvCXh/dist/rustdom.node)
==6492==    by 0x6B9F47D: call_init.part.0 (dl-init.c:70)
==6492==    by 0x6B9F567: call_init (dl-init.c:33)
==6492==    by 0x6B9F567: _dl_init (dl-init.c:117)
==6492==    by 0x78ADBB4: _dl_catch_exception (dl-error-skeleton.c:182)
==6492==    by 0x6BA6FF5: dl_open_worker (dl-open.c:808)
==6492==    by 0x6BA6FF5: dl_open_worker (dl-open.c:771)
==6492==    by 0x78ADB57: _dl_catch_exception (dl-error-skeleton.c:208)
==6492==    by 0x6BA734D: _dl_open (dl-open.c:883)
==6492==    by 0x77C95FB: dlopen_doit (dlopen.c:56)
==6492== 
==6492== 7 bytes in 1 blocks are possibly lost in loss record 55 of 427
==6492==    at 0x73E1899: malloc (in /mnt/c/Users/guido/ghq/projects/rustdom/.tools/valgrind/usr/libexec/valgrind/vgpreload_memcheck-amd64-linux.so)
==6492==    by 0x232471D2: _RNvXs0_NvMs_NtNtCs6i54tJFfzR_5alloc3ffi5c_strNtBa_7CString3newReNtB5_11SpecNewImpl13spec_new_impl (in /home/guido/rustdom-selection-result-OEvCXh/dist/rustdom.node)
==6492==    by 0x231F117F: _RNvMs2_NtNtCs4QMHp0v7l6B_4napi9js_values15object_propertyNtB5_8Property14with_utf8_name (in /home/guido/rustdom-selection-result-OEvCXh/dist/rustdom.node)
==6492==    by 0x2318E139: _RNvNvNtNtNtCs3Ir8cfnU9oH_7rustdom3dom4tree32___napi_impl_helper_NativeTree_1736___napi_register__NativeTree_impl_44420___ctor_private_inner (in /home/guido/rustdom-selection-result-OEvCXh/dist/rustdom.node)
==6492==    by 0x231B5185: _RNvNvNvNvNtNtNtCs3Ir8cfnU9oH_7rustdom3dom4tree32___napi_impl_helper_NativeTree_1736___napi_register__NativeTree_impl_4441__18___CTOR_PRIVATE_REF14___ctor_private (in /home/guido/rustdom-selection-result-OEvCXh/dist/rustdom.node)
==6492==    by 0x6B9F47D: call_init.part.0 (dl-init.c:70)
==6492==    by 0x6B9F567: call_init (dl-init.c:33)
==6492==    by 0x6B9F567: _dl_init (dl-init.c:117)
==6492==    by 0x78ADBB4: _dl_catch_exception (dl-error-skeleton.c:182)
==6492==    by 0x6BA6FF5: dl_open_worker (dl-open.c:808)
==6492==    by 0x6BA6FF5: dl_open_worker (dl-open.c:771)
==6492==    by 0x78ADB57: _dl_catch_exception (dl-error-skeleton.c:208)
==6492==    by 0x6BA734D: _dl_open (dl-open.c:883)
==6492==    by 0x77C95FB: dlopen_doit (dlopen.c:56)
==6492== 
==6492== 8 bytes in 1 blocks are still reachable in loss record 56 of 427
==6492==    at 0x73E2013: operator new(unsigned long) (in /mnt/c/Users/guido/ghq/projects/rustdom/.tools/valgrind/usr/libexec/valgrind/vgpreload_memcheck-amd64-linux.so)
==6492==    by 0xD5A757: v8::internal::ThreadIsolation::Initialize(v8::ThreadIsolatedAllocator*) (in /mnt/c/Users/guido/AppData/Local/Temp/rustdom-pr54-abort-retention-e991d78927094e13876cb3cd1a13dacf/.tools/node-v24.20.0-linux-x64/bin/node)
==6492==    by 0x102CF76: v8::internal::V8::Initialize() (in /mnt/c/Users/guido/AppData/Local/Temp/rustdom-pr54-abort-retention-e991d78927094e13876cb3cd1a13dacf/.tools/node-v24.20.0-linux-x64/bin/node)
==6492==    by 0xC79C7D: v8::V8::Initialize(int) (in /mnt/c/Users/guido/AppData/Local/Temp/rustdom-pr54-abort-retention-e991d78927094e13876cb3cd1a13dacf/.tools/node-v24.20.0-linux-x64/bin/node)
==6492==    by 0x8C6C57: node::InitializeOncePerProcessInternal(std::vector<std::__cxx11::basic_string<char, std::char_traits<char>, std::allocator<char> >, std::allocator<std::__cxx11::basic_string<char, std::char_traits<char>, std::allocator<char> > > > const&, node::ProcessInitializationFlags::Flags) (in /mnt/c/Users/guido/AppData/Local/Temp/rustdom-pr54-abort-retention-e991d78927094e13876cb3cd1a13dacf/.tools/node-v24.20.0-linux-x64/bin/node)
==6492==    by 0x8C6F7B: node::Start(int, char**) (in /mnt/c/Users/guido/AppData/Local/Temp/rustdom-pr54-abort-retention-e991d78927094e13876cb3cd1a13dacf/.tools/node-v24.20.0-linux-x64/bin/node)
==6492==    by 0x7762D8F: (below main) (libc_start_call_main.h:58)
==6492== 
==6492== 8 bytes in 1 blocks are still reachable in loss record 57 of 427
==6492==    at 0x73E2013: operator new(unsigned long) (in /mnt/c/Users/guido/ghq/projects/rustdom/.tools/valgrind/usr/libexec/valgrind/vgpreload_memcheck-amd64-linux.so)
==6492==    by 0x19D6DAA: cppgc::internal::HeapRegistry::RegisterHeap(cppgc::internal::HeapBase&) (in /mnt/c/Users/guido/AppData/Local/Temp/rustdom-pr54-abort-retention-e991d78927094e13876cb3cd1a13dacf/.tools/node-v24.20.0-linux-x64/bin/node)
==6492==    by 0x19BF670: cppgc::internal::HeapBase::HeapBase(std::shared_ptr<cppgc::Platform>, std::vector<std::unique_ptr<cppgc::CustomSpaceBase, std::default_delete<cppgc::CustomSpaceBase> >, std::allocator<std::unique_ptr<cppgc::CustomSpaceBase, std::default_delete<cppgc::CustomSpaceBase> > > > const&, cppgc::Heap::StackSupport, cppgc::Heap::MarkingType, cppgc::Heap::SweepingType, cppgc::internal::GarbageCollector&) (in /mnt/c/Users/guido/AppData/Local/Temp/rustdom-pr54-abort-retention-e991d78927094e13876cb3cd1a13dacf/.tools/node-v24.20.0-linux-x64/bin/node)
==6492==    by 0xE90E3A: v8::CppHeap::Create(v8::Platform*, v8::CppHeapCreateParams const&) (in /mnt/c/Users/guido/AppData/Local/Temp/rustdom-pr54-abort-retention-e991d78927094e13876cb3cd1a13dacf/.tools/node-v24.20.0-linux-x64/bin/node)
==6492==    by 0x807D2A: node::NewIsolate(v8::Isolate::CreateParams*, uv_loop_s*, node::MultiIsolatePlatform*, node::SnapshotData const*, node::IsolateSettings const&) (in /mnt/c/Users/guido/AppData/Local/Temp/rustdom-pr54-abort-retention-e991d78927094e13876cb3cd1a13dacf/.tools/node-v24.20.0-linux-x64/bin/node)
==6492==    by 0x989AB8: node::NodeMainInstance::NodeMainInstance(node::SnapshotData const*, uv_loop_s*, node::MultiIsolatePlatform*, std::vector<std::__cxx11::basic_string<char, std::char_traits<char>, std::allocator<char> >, std::allocator<std::__cxx11::basic_string<char, std::char_traits<char>, std::allocator<char> > > > const&, std::vector<std::__cxx11::basic_string<char, std::char_traits<char>, std::allocator<char> >, std::allocator<std::__cxx11::basic_string<char, std::char_traits<char>, std::allocator<char> > > > const&) (in /mnt/c/Users/guido/AppData/Local/Temp/rustdom-pr54-abort-retention-e991d78927094e13876cb3cd1a13dacf/.tools/node-v24.20.0-linux-x64/bin/node)
==6492==    by 0x8C7198: node::Start(int, char**) (in /mnt/c/Users/guido/AppData/Local/Temp/rustdom-pr54-abort-retention-e991d78927094e13876cb3cd1a13dacf/.tools/node-v24.20.0-linux-x64/bin/node)
==6492==    by 0x7762D8F: (below main) (libc_start_call_main.h:58)
==6492== 
==6492== 8 bytes in 1 blocks are possibly lost in loss record 58 of 427
==6492==    at 0x73E1899: malloc (in /mnt/c/Users/guido/ghq/projects/rustdom/.tools/valgrind/usr/libexec/valgrind/vgpreload_memcheck-amd64-linux.so)
==6492==    by 0x232471D2: _RNvXs0_NvMs_NtNtCs6i54tJFfzR_5alloc3ffi5c_strNtBa_7CString3newReNtB5_11SpecNewImpl13spec_new_impl (in /home/guido/rustdom-selection-result-OEvCXh/dist/rustdom.node)
==6492==    by 0x231F117F: _RNvMs2_NtNtCs4QMHp0v7l6B_4napi9js_values15object_propertyNtB5_8Property14with_utf8_name (in /home/guido/rustdom-selection-result-OEvCXh/dist/rustdom.node)
==6492==    by 0x2319BB37: _RNvNvNvNvNtNtNtCs3Ir8cfnU9oH_7rustdom3dom12blob_binding39___napi_impl_helper_NativeBlobMetadata_143___napi_register__NativeBlobMetadata_impl_301__18___CTOR_PRIVATE_REF14___ctor_private (in /home/guido/rustdom-selection-result-OEvCXh/dist/rustdom.node)
==6492==    by 0x6B9F47D: call_init.part.0 (dl-init.c:70)
==6492==    by 0x6B9F567: call_init (dl-init.c:33)
==6492==    by 0x6B9F567: _dl_init (dl-init.c:117)
==6492==    by 0x78ADBB4: _dl_catch_exception (dl-error-skeleton.c:182)
==6492==    by 0x6BA6FF5: dl_open_worker (dl-open.c:808)
==6492==    by 0x6BA6FF5: dl_open_worker (dl-open.c:771)
==6492==    by 0x78ADB57: _dl_catch_exception (dl-error-skeleton.c:208)
==6492==    by 0x6BA734D: _dl_open (dl-open.c:883)
==6492==    by 0x77C95FB: dlopen_doit (dlopen.c:56)
==6492==    by 0x78ADB57: _dl_catch_exception (dl-error-skeleton.c:208)
==6492== 
==6492== 8 bytes in 1 blocks are possibly lost in loss record 59 of 427
==6492==    at 0x73E1899: malloc (in /mnt/c/Users/guido/ghq/projects/rustdom/.tools/valgrind/usr/libexec/valgrind/vgpreload_memcheck-amd64-linux.so)
==6492==    by 0x232471D2: _RNvXs0_NvMs_NtNtCs6i54tJFfzR_5alloc3ffi5c_strNtBa_7CString3newReNtB5_11SpecNewImpl13spec_new_impl (in /home/guido/rustdom-selection-result-OEvCXh/dist/rustdom.node)
==6492==    by 0x231F117F: _RNvMs2_NtNtCs4QMHp0v7l6B_4napi9js_values15object_propertyNtB5_8Property14with_utf8_name (in /home/guido/rustdom-selection-result-OEvCXh/dist/rustdom.node)
==6492==    by 0x2319DFBE: _RNvNvNvNvNtNtNtCs3Ir8cfnU9oH_7rustdom3dom17form_data_binding42___napi_impl_helper_NativeFormDataEntries_647___napi_register__NativeFormDataEntries_impl_1371__18___CTOR_PRIVATE_REF14___ctor_private (in /home/guido/rustdom-selection-result-OEvCXh/dist/rustdom.node)
==6492==    by 0x6B9F47D: call_init.part.0 (dl-init.c:70)
==6492==    by 0x6B9F567: call_init (dl-init.c:33)
==6492==    by 0x6B9F567: _dl_init (dl-init.c:117)
==6492==    by 0x78ADBB4: _dl_catch_exception (dl-error-skeleton.c:182)
==6492==    by 0x6BA6FF5: dl_open_worker (dl-open.c:808)
==6492==    by 0x6BA6FF5: dl_open_worker (dl-open.c:771)
==6492==    by 0x78ADB57: _dl_catch_exception (dl-error-skeleton.c:208)
==6492==    by 0x6BA734D: _dl_open (dl-open.c:883)
==6492==    by 0x77C95FB: dlopen_doit (dlopen.c:56)
==6492==    by 0x78ADB57: _dl_catch_exception (dl-error-skeleton.c:208)
==6492== 
==6492== 8 bytes in 1 blocks are possibly lost in loss record 60 of 427
==6492==    at 0x73E1899: malloc (in /mnt/c/Users/guido/ghq/projects/rustdom/.tools/valgrind/usr/libexec/valgrind/vgpreload_memcheck-amd64-linux.so)
==6492==    by 0x232471D2: _RNvXs0_NvMs_NtNtCs6i54tJFfzR_5alloc3ffi5c_strNtBa_7CString3newReNtB5_11SpecNewImpl13spec_new_impl (in /home/guido/rustdom-selection-result-OEvCXh/dist/rustdom.node)
==6492==    by 0x231F117F: _RNvMs2_NtNtCs4QMHp0v7l6B_4napi9js_values15object_propertyNtB5_8Property14with_utf8_name (in /home/guido/rustdom-selection-result-OEvCXh/dist/rustdom.node)
==6492==    by 0x2319E0C4: _RNvNvNvNvNtNtNtCs3Ir8cfnU9oH_7rustdom3dom17form_data_binding42___napi_impl_helper_NativeFormDataEntries_647___napi_register__NativeFormDataEntries_impl_1371__18___CTOR_PRIVATE_REF14___ctor_private (in /home/guido/rustdom-selection-result-OEvCXh/dist/rustdom.node)
==6492==    by 0x6B9F47D: call_init.part.0 (dl-init.c:70)
==6492==    by 0x6B9F567: call_init (dl-init.c:33)
==6492==    by 0x6B9F567: _dl_init (dl-init.c:117)
==6492==    by 0x78ADBB4: _dl_catch_exception (dl-error-skeleton.c:182)
==6492==    by 0x6BA6FF5: dl_open_worker (dl-open.c:808)
==6492==    by 0x6BA6FF5: dl_open_worker (dl-open.c:771)
==6492==    by 0x78ADB57: _dl_catch_exception (dl-error-skeleton.c:208)
==6492==    by 0x6BA734D: _dl_open (dl-open.c:883)
==6492==    by 0x77C95FB: dlopen_doit (dlopen.c:56)
==6492==    by 0x78ADB57: _dl_catch_exception (dl-error-skeleton.c:208)
==6492== 
==6492== 8 bytes in 1 blocks are possibly lost in loss record 61 of 427
==6492==    at 0x73E1899: malloc (in /mnt/c/Users/guido/ghq/projects/rustdom/.tools/valgrind/usr/libexec/valgrind/vgpreload_memcheck-amd64-linux.so)
==6492==    by 0x232471D2: _RNvXs0_NvMs_NtNtCs6i54tJFfzR_5alloc3ffi5c_strNtBa_7CString3newReNtB5_11SpecNewImpl13spec_new_impl (in /home/guido/rustdom-selection-result-OEvCXh/dist/rustdom.node)
==6492==    by 0x231F117F: _RNvMs2_NtNtCs4QMHp0v7l6B_4napi9js_values15object_propertyNtB5_8Property14with_utf8_name (in /home/guido/rustdom-selection-result-OEvCXh/dist/rustdom.node)
==6492==    by 0x231A107C: _RNvNvNvNvNtNtNtCs3Ir8cfnU9oH_7rustdom3dom18token_list_binding36___napi_impl_helper_NativeTokenSet_1540___napi_register__NativeTokenSet_impl_2671__18___CTOR_PRIVATE_REF14___ctor_private (in /home/guido/rustdom-selection-result-OEvCXh/dist/rustdom.node)
==6492==    by 0x6B9F47D: call_init.part.0 (dl-init.c:70)
==6492==    by 0x6B9F567: call_init (dl-init.c:33)
==6492==    by 0x6B9F567: _dl_init (dl-init.c:117)
==6492==    by 0x78ADBB4: _dl_catch_exception (dl-error-skeleton.c:182)
==6492==    by 0x6BA6FF5: dl_open_worker (dl-open.c:808)
==6492==    by 0x6BA6FF5: dl_open_worker (dl-open.c:771)
==6492==    by 0x78ADB57: _dl_catch_exception (dl-error-skeleton.c:208)
==6492==    by 0x6BA734D: _dl_open (dl-open.c:883)
==6492==    by 0x77C95FB: dlopen_doit (dlopen.c:56)
==6492==    by 0x78ADB57: _dl_catch_exception (dl-error-skeleton.c:208)
==6492== 
==6492== 8 bytes in 1 blocks are possibly lost in loss record 62 of 427
==6492==    at 0x73E1899: malloc (in /mnt/c/Users/guido/ghq/projects/rustdom/.tools/valgrind/usr/libexec/valgrind/vgpreload_memcheck-amd64-linux.so)
==6492==    by 0x232471D2: _RNvXs0_NvMs_NtNtCs6i54tJFfzR_5alloc3ffi5c_strNtBa_7CString3newReNtB5_11SpecNewImpl13spec_new_impl (in /home/guido/rustdom-selection-result-OEvCXh/dist/rustdom.node)
==6492==    by 0x231F117F: _RNvMs2_NtNtCs4QMHp0v7l6B_4napi9js_values15object_propertyNtB5_8Property14with_utf8_name (in /home/guido/rustdom-selection-result-OEvCXh/dist/rustdom.node)
==6492==    by 0x231A1CDB: _RNvNvNvNvNtNtNtCs3Ir8cfnU9oH_7rustdom3dom19abort_state_binding37___napi_impl_helper_NativeAbortState_041___napi_register__NativeAbortState_impl_201__18___CTOR_PRIVATE_REF14___ctor_private (in /home/guido/rustdom-selection-result-OEvCXh/dist/rustdom.node)
==6492==    by 0x6B9F47D: call_init.part.0 (dl-init.c:70)
==6492==    by 0x6B9F567: call_init (dl-init.c:33)
==6492==    by 0x6B9F567: _dl_init (dl-init.c:117)
==6492==    by 0x78ADBB4: _dl_catch_exception (dl-error-skeleton.c:182)
==6492==    by 0x6BA6FF5: dl_open_worker (dl-open.c:808)
==6492==    by 0x6BA6FF5: dl_open_worker (dl-open.c:771)
==6492==    by 0x78ADB57: _dl_catch_exception (dl-error-skeleton.c:208)
==6492==    by 0x6BA734D: _dl_open (dl-open.c:883)
==6492==    by 0x77C95FB: dlopen_doit (dlopen.c:56)
==6492==    by 0x78ADB57: _dl_catch_exception (dl-error-skeleton.c:208)
==6492== 
==6492== 8 bytes in 1 blocks are possibly lost in loss record 63 of 427
==6492==    at 0x73E1899: malloc (in /mnt/c/Users/guido/ghq/projects/rustdom/.tools/valgrind/usr/libexec/valgrind/vgpreload_memcheck-amd64-linux.so)
==6492==    by 0x232471D2: _RNvXs0_NvMs_NtNtCs6i54tJFfzR_5alloc3ffi5c_strNtBa_7CString3newReNtB5_11SpecNewImpl13spec_new_impl (in /home/guido/rustdom-selection-result-OEvCXh/dist/rustdom.node)
==6492==    by 0x231F117F: _RNvMs2_NtNtCs4QMHp0v7l6B_4napi9js_values15object_propertyNtB5_8Property14with_utf8_name (in /home/guido/rustdom-selection-result-OEvCXh/dist/rustdom.node)
==6492==    by 0x231A4D42: _RNvNvNvNvNtNtNtCs3Ir8cfnU9oH_7rustdom3dom19event_state_binding37___napi_impl_helper_NativeEventState_442___napi_register__NativeEventState_impl_1041__18___CTOR_PRIVATE_REF14___ctor_private (in /home/guido/rustdom-selection-result-OEvCXh/dist/rustdom.node)
==6492==    by 0x6B9F47D: call_init.part.0 (dl-init.c:70)
==6492==    by 0x6B9F567: call_init (dl-init.c:33)
==6492==    by 0x6B9F567: _dl_init (dl-init.c:117)
==6492==    by 0x78ADBB4: _dl_catch_exception (dl-error-skeleton.c:182)
==6492==    by 0x6BA6FF5: dl_open_worker (dl-open.c:808)
==6492==    by 0x6BA6FF5: dl_open_worker (dl-open.c:771)
==6492==    by 0x78ADB57: _dl_catch_exception (dl-error-skeleton.c:208)
==6492==    by 0x6BA734D: _dl_open (dl-open.c:883)
==6492==    by 0x77C95FB: dlopen_doit (dlopen.c:56)
==6492==    by 0x78ADB57: _dl_catch_exception (dl-error-skeleton.c:208)
==6492== 
==6492== 8 bytes in 1 blocks are possibly lost in loss record 64 of 427
==6492==    at 0x73E1899: malloc (in /mnt/c/Users/guido/ghq/projects/rustdom/.tools/valgrind/usr/libexec/valgrind/vgpreload_memcheck-amd64-linux.so)
==6492==    by 0x232471D2: _RNvXs0_NvMs_NtNtCs6i54tJFfzR_5alloc3ffi5c_strNtBa_7CString3newReNtB5_11SpecNewImpl13spec_new_impl (in /home/guido/rustdom-selection-result-OEvCXh/dist/rustdom.node)
==6492==    by 0x231F117F: _RNvMs2_NtNtCs4QMHp0v7l6B_4napi9js_values15object_propertyNtB5_8Property14with_utf8_name (in /home/guido/rustdom-selection-result-OEvCXh/dist/rustdom.node)
==6492==    by 0x231AB830: _RNvNvNvNvNtNtNtCs3Ir8cfnU9oH_7rustdom3dom19tree_cursor_binding37___napi_impl_helper_NativeTraversal_1841___napi_register__NativeTraversal_impl_4581__18___CTOR_PRIVATE_REF14___ctor_private (in /home/guido/rustdom-selection-result-OEvCXh/dist/rustdom.node)
==6492==    by 0x6B9F47D: call_init.part.0 (dl-init.c:70)
==6492==    by 0x6B9F567: call_init (dl-init.c:33)
==6492==    by 0x6B9F567: _dl_init (dl-init.c:117)
==6492==    by 0x78ADBB4: _dl_catch_exception (dl-error-skeleton.c:182)
==6492==    by 0x6BA6FF5: dl_open_worker (dl-open.c:808)
==6492==    by 0x6BA6FF5: dl_open_worker (dl-open.c:771)
==6492==    by 0x78ADB57: _dl_catch_exception (dl-error-skeleton.c:208)
==6492==    by 0x6BA734D: _dl_open (dl-open.c:883)
==6492==    by 0x77C95FB: dlopen_doit (dlopen.c:56)
==6492==    by 0x78ADB57: _dl_catch_exception (dl-error-skeleton.c:208)
==6492== 
==6492== 8 bytes in 1 blocks are possibly lost in loss record 65 of 427
==6492==    at 0x73E1899: malloc (in /mnt/c/Users/guido/ghq/projects/rustdom/.tools/valgrind/usr/libexec/valgrind/vgpreload_memcheck-amd64-linux.so)
==6492==    by 0x232471D2: _RNvXs0_NvMs_NtNtCs6i54tJFfzR_5alloc3ffi5c_strNtBa_7CString3newReNtB5_11SpecNewImpl13spec_new_impl (in /home/guido/rustdom-selection-result-OEvCXh/dist/rustdom.node)
==6492==    by 0x231F117F: _RNvMs2_NtNtCs4QMHp0v7l6B_4napi9js_values15object_propertyNtB5_8Property14with_utf8_name (in /home/guido/rustdom-selection-result-OEvCXh/dist/rustdom.node)
==6492==    by 0x231ACAD0: _RNvNvNvNvNtNtNtCs3Ir8cfnU9oH_7rustdom3dom19web_storage_binding39___napi_impl_helper_NativeStorageArea_2043___napi_register__NativeStorageArea_impl_4771__18___CTOR_PRIVATE_REF14___ctor_private (in /home/guido/rustdom-selection-result-OEvCXh/dist/rustdom.node)
==6492==    by 0x6B9F47D: call_init.part.0 (dl-init.c:70)
==6492==    by 0x6B9F567: call_init (dl-init.c:33)
==6492==    by 0x6B9F567: _dl_init (dl-init.c:117)
==6492==    by 0x78ADBB4: _dl_catch_exception (dl-error-skeleton.c:182)
==6492==    by 0x6BA6FF5: dl_open_worker (dl-open.c:808)
==6492==    by 0x6BA6FF5: dl_open_worker (dl-open.c:771)
==6492==    by 0x78ADB57: _dl_catch_exception (dl-error-skeleton.c:208)
==6492==    by 0x6BA734D: _dl_open (dl-open.c:883)
==6492==    by 0x77C95FB: dlopen_doit (dlopen.c:56)
==6492==    by 0x78ADB57: _dl_catch_exception (dl-error-skeleton.c:208)
==6492== 
==6492== 8 bytes in 1 blocks are possibly lost in loss record 66 of 427
==6492==    at 0x73E1899: malloc (in /mnt/c/Users/guido/ghq/projects/rustdom/.tools/valgrind/usr/libexec/valgrind/vgpreload_memcheck-amd64-linux.so)
==6492==    by 0x232471D2: _RNvXs0_NvMs_NtNtCs6i54tJFfzR_5alloc3ffi5c_strNtBa_7CString3newReNtB5_11SpecNewImpl13spec_new_impl (in /home/guido/rustdom-selection-result-OEvCXh/dist/rustdom.node)
==6492==    by 0x231F117F: _RNvMs2_NtNtCs4QMHp0v7l6B_4napi9js_values15object_propertyNtB5_8Property14with_utf8_name (in /home/guido/rustdom-selection-result-OEvCXh/dist/rustdom.node)
==6492==    by 0x2318C9AF: _RNvNvNtNtNtCs3Ir8cfnU9oH_7rustdom3dom4tree32___napi_impl_helper_NativeTree_1736___napi_register__NativeTree_impl_44420___ctor_private_inner (in /home/guido/rustdom-selection-result-OEvCXh/dist/rustdom.node)
==6492==    by 0x231B5185: _RNvNvNvNvNtNtNtCs3Ir8cfnU9oH_7rustdom3dom4tree32___napi_impl_helper_NativeTree_1736___napi_register__NativeTree_impl_4441__18___CTOR_PRIVATE_REF14___ctor_private (in /home/guido/rustdom-selection-result-OEvCXh/dist/rustdom.node)
==6492==    by 0x6B9F47D: call_init.part.0 (dl-init.c:70)
==6492==    by 0x6B9F567: call_init (dl-init.c:33)
==6492==    by 0x6B9F567: _dl_init (dl-init.c:117)
==6492==    by 0x78ADBB4: _dl_catch_exception (dl-error-skeleton.c:182)
==6492==    by 0x6BA6FF5: dl_open_worker (dl-open.c:808)
==6492==    by 0x6BA6FF5: dl_open_worker (dl-open.c:771)
==6492==    by 0x78ADB57: _dl_catch_exception (dl-error-skeleton.c:208)
==6492==    by 0x6BA734D: _dl_open (dl-open.c:883)
==6492==    by 0x77C95FB: dlopen_doit (dlopen.c:56)
==6492== 
==6492== 8 bytes in 1 blocks are possibly lost in loss record 67 of 427
==6492==    at 0x73E1899: malloc (in /mnt/c/Users/guido/ghq/projects/rustdom/.tools/valgrind/usr/libexec/valgrind/vgpreload_memcheck-amd64-linux.so)
==6492==    by 0x232471D2: _RNvXs0_NvMs_NtNtCs6i54tJFfzR_5alloc3ffi5c_strNtBa_7CString3newReNtB5_11SpecNewImpl13spec_new_impl (in /home/guido/rustdom-selection-result-OEvCXh/dist/rustdom.node)
==6492==    by 0x231F117F: _RNvMs2_NtNtCs4QMHp0v7l6B_4napi9js_values15object_propertyNtB5_8Property14with_utf8_name (in /home/guido/rustdom-selection-result-OEvCXh/dist/rustdom.node)
==6492==    by 0x2318DF2D: _RNvNvNtNtNtCs3Ir8cfnU9oH_7rustdom3dom4tree32___napi_impl_helper_NativeTree_1736___napi_register__NativeTree_impl_44420___ctor_private_inner (in /home/guido/rustdom-selection-result-OEvCXh/dist/rustdom.node)
==6492==    by 0x231B5185: _RNvNvNvNvNtNtNtCs3Ir8cfnU9oH_7rustdom3dom4tree32___napi_impl_helper_NativeTree_1736___napi_register__NativeTree_impl_4441__18___CTOR_PRIVATE_REF14___ctor_private (in /home/guido/rustdom-selection-result-OEvCXh/dist/rustdom.node)
==6492==    by 0x6B9F47D: call_init.part.0 (dl-init.c:70)
==6492==    by 0x6B9F567: call_init (dl-init.c:33)
==6492==    by 0x6B9F567: _dl_init (dl-init.c:117)
==6492==    by 0x78ADBB4: _dl_catch_exception (dl-error-skeleton.c:182)
==6492==    by 0x6BA6FF5: dl_open_worker (dl-open.c:808)
==6492==    by 0x6BA6FF5: dl_open_worker (dl-open.c:771)
==6492==    by 0x78ADB57: _dl_catch_exception (dl-error-skeleton.c:208)
==6492==    by 0x6BA734D: _dl_open (dl-open.c:883)
==6492==    by 0x77C95FB: dlopen_doit (dlopen.c:56)
==6492== 
==6492== 8 bytes in 1 blocks are possibly lost in loss record 68 of 427
==6492==    at 0x73E1899: malloc (in /mnt/c/Users/guido/ghq/projects/rustdom/.tools/valgrind/usr/libexec/valgrind/vgpreload_memcheck-amd64-linux.so)
==6492==    by 0x232471D2: _RNvXs0_NvMs_NtNtCs6i54tJFfzR_5alloc3ffi5c_strNtBa_7CString3newReNtB5_11SpecNewImpl13spec_new_impl (in /home/guido/rustdom-selection-result-OEvCXh/dist/rustdom.node)
==6492==    by 0x231F117F: _RNvMs2_NtNtCs4QMHp0v7l6B_4napi9js_values15object_propertyNtB5_8Property14with_utf8_name (in /home/guido/rustdom-selection-result-OEvCXh/dist/rustdom.node)
==6492==    by 0x2318EE87: _RNvNvNtNtNtCs3Ir8cfnU9oH_7rustdom3dom4tree32___napi_impl_helper_NativeTree_1736___napi_register__NativeTree_impl_44420___ctor_private_inner (in /home/guido/rustdom-selection-result-OEvCXh/dist/rustdom.node)
==6492==    by 0x231B5185: _RNvNvNvNvNtNtNtCs3Ir8cfnU9oH_7rustdom3dom4tree32___napi_impl_helper_NativeTree_1736___napi_register__NativeTree_impl_4441__18___CTOR_PRIVATE_REF14___ctor_private (in /home/guido/rustdom-selection-result-OEvCXh/dist/rustdom.node)
==6492==    by 0x6B9F47D: call_init.part.0 (dl-init.c:70)
==6492==    by 0x6B9F567: call_init (dl-init.c:33)
==6492==    by 0x6B9F567: _dl_init (dl-init.c:117)
==6492==    by 0x78ADBB4: _dl_catch_exception (dl-error-skeleton.c:182)
==6492==    by 0x6BA6FF5: dl_open_worker (dl-open.c:808)
==6492==    by 0x6BA6FF5: dl_open_worker (dl-open.c:771)
==6492==    by 0x78ADB57: _dl_catch_exception (dl-error-skeleton.c:208)
==6492==    by 0x6BA734D: _dl_open (dl-open.c:883)
==6492==    by 0x77C95FB: dlopen_doit (dlopen.c:56)
==6492== 
==6492== 9 bytes in 1 blocks are possibly lost in loss record 69 of 427
==6492==    at 0x73E1899: malloc (in /mnt/c/Users/guido/ghq/projects/rustdom/.tools/valgrind/usr/libexec/valgrind/vgpreload_memcheck-amd64-linux.so)
==6492==    by 0x232471D2: _RNvXs0_NvMs_NtNtCs6i54tJFfzR_5alloc3ffi5c_strNtBa_7CString3newReNtB5_11SpecNewImpl13spec_new_impl (in /home/guido/rustdom-selection-result-OEvCXh/dist/rustdom.node)
==6492==    by 0x231F117F: _RNvMs2_NtNtCs4QMHp0v7l6B_4napi9js_values15object_propertyNtB5_8Property14with_utf8_name (in /home/guido/rustdom-selection-result-OEvCXh/dist/rustdom.node)
==6492==    by 0x2319B83C: _RNvNvNvNvNtNtNtCs3Ir8cfnU9oH_7rustdom3dom12blob_binding39___napi_impl_helper_NativeBlobMetadata_143___napi_register__NativeBlobMetadata_impl_301__18___CTOR_PRIVATE_REF14___ctor_private (in /home/guido/rustdom-selection-result-OEvCXh/dist/rustdom.node)
==6492==    by 0x6B9F47D: call_init.part.0 (dl-init.c:70)
==6492==    by 0x6B9F567: call_init (dl-init.c:33)
==6492==    by 0x6B9F567: _dl_init (dl-init.c:117)
==6492==    by 0x78ADBB4: _dl_catch_exception (dl-error-skeleton.c:182)
==6492==    by 0x6BA6FF5: dl_open_worker (dl-open.c:808)
==6492==    by 0x6BA6FF5: dl_open_worker (dl-open.c:771)
==6492==    by 0x78ADB57: _dl_catch_exception (dl-error-skeleton.c:208)
==6492==    by 0x6BA734D: _dl_open (dl-open.c:883)
==6492==    by 0x77C95FB: dlopen_doit (dlopen.c:56)
==6492==    by 0x78ADB57: _dl_catch_exception (dl-error-skeleton.c:208)
==6492== 
==6492== 9 bytes in 1 blocks are possibly lost in loss record 70 of 427
==6492==    at 0x73E1899: malloc (in /mnt/c/Users/guido/ghq/projects/rustdom/.tools/valgrind/usr/libexec/valgrind/vgpreload_memcheck-amd64-linux.so)
==6492==    by 0x232471D2: _RNvXs0_NvMs_NtNtCs6i54tJFfzR_5alloc3ffi5c_strNtBa_7CString3newReNtB5_11SpecNewImpl13spec_new_impl (in /home/guido/rustdom-selection-result-OEvCXh/dist/rustdom.node)
==6492==    by 0x231F117F: _RNvMs2_NtNtCs4QMHp0v7l6B_4napi9js_values15object_propertyNtB5_8Property14with_utf8_name (in /home/guido/rustdom-selection-result-OEvCXh/dist/rustdom.node)
==6492==    by 0x2319BA32: _RNvNvNvNvNtNtNtCs3Ir8cfnU9oH_7rustdom3dom12blob_binding39___napi_impl_helper_NativeBlobMetadata_143___napi_register__NativeBlobMetadata_impl_301__18___CTOR_PRIVATE_REF14___ctor_private (in /home/guido/rustdom-selection-result-OEvCXh/dist/rustdom.node)
==6492==    by 0x6B9F47D: call_init.part.0 (dl-init.c:70)
==6492==    by 0x6B9F567: call_init (dl-init.c:33)
==6492==    by 0x6B9F567: _dl_init (dl-init.c:117)
==6492==    by 0x78ADBB4: _dl_catch_exception (dl-error-skeleton.c:182)
==6492==    by 0x6BA6FF5: dl_open_worker (dl-open.c:808)
==6492==    by 0x6BA6FF5: dl_open_worker (dl-open.c:771)
==6492==    by 0x78ADB57: _dl_catch_exception (dl-error-skeleton.c:208)
==6492==    by 0x6BA734D: _dl_open (dl-open.c:883)
==6492==    by 0x77C95FB: dlopen_doit (dlopen.c:56)
==6492==    by 0x78ADB57: _dl_catch_exception (dl-error-skeleton.c:208)
==6492== 
==6492== 9 bytes in 1 blocks are possibly lost in loss record 71 of 427
==6492==    at 0x73E1899: malloc (in /mnt/c/Users/guido/ghq/projects/rustdom/.tools/valgrind/usr/libexec/valgrind/vgpreload_memcheck-amd64-linux.so)
==6492==    by 0x232471D2: _RNvXs0_NvMs_NtNtCs6i54tJFfzR_5alloc3ffi5c_strNtBa_7CString3newReNtB5_11SpecNewImpl13spec_new_impl (in /home/guido/rustdom-selection-result-OEvCXh/dist/rustdom.node)
==6492==    by 0x231F117F: _RNvMs2_NtNtCs4QMHp0v7l6B_4napi9js_values15object_propertyNtB5_8Property14with_utf8_name (in /home/guido/rustdom-selection-result-OEvCXh/dist/rustdom.node)
==6492==    by 0x2319C94E: _RNvNvNvNvNtNtNtCs3Ir8cfnU9oH_7rustdom3dom16dom_rect_binding34___napi_impl_helper_NativeDomRect_238___napi_register__NativeDomRect_impl_521__18___CTOR_PRIVATE_REF14___ctor_private (in /home/guido/rustdom-selection-result-OEvCXh/dist/rustdom.node)
==6492==    by 0x6B9F47D: call_init.part.0 (dl-init.c:70)
==6492==    by 0x6B9F567: call_init (dl-init.c:33)
==6492==    by 0x6B9F567: _dl_init (dl-init.c:117)
==6492==    by 0x78ADBB4: _dl_catch_exception (dl-error-skeleton.c:182)
==6492==    by 0x6BA6FF5: dl_open_worker (dl-open.c:808)
==6492==    by 0x6BA6FF5: dl_open_worker (dl-open.c:771)
==6492==    by 0x78ADB57: _dl_catch_exception (dl-error-skeleton.c:208)
==6492==    by 0x6BA734D: _dl_open (dl-open.c:883)
==6492==    by 0x77C95FB: dlopen_doit (dlopen.c:56)
==6492==    by 0x78ADB57: _dl_catch_exception (dl-error-skeleton.c:208)
==6492== 
==6492== 9 bytes in 1 blocks are possibly lost in loss record 72 of 427
==6492==    at 0x73E1899: malloc (in /mnt/c/Users/guido/ghq/projects/rustdom/.tools/valgrind/usr/libexec/valgrind/vgpreload_memcheck-amd64-linux.so)
==6492==    by 0x232471D2: _RNvXs0_NvMs_NtNtCs6i54tJFfzR_5alloc3ffi5c_strNtBa_7CString3newReNtB5_11SpecNewImpl13spec_new_impl (in /home/guido/rustdom-selection-result-OEvCXh/dist/rustdom.node)
==6492==    by 0x231F117F: _RNvMs2_NtNtCs4QMHp0v7l6B_4napi9js_values15object_propertyNtB5_8Property14with_utf8_name (in /home/guido/rustdom-selection-result-OEvCXh/dist/rustdom.node)
==6492==    by 0x2319E8F4: _RNvNvNvNvNtNtNtCs3Ir8cfnU9oH_7rustdom3dom17form_data_binding42___napi_impl_helper_NativeFormDataEntries_647___napi_register__NativeFormDataEntries_impl_1371__18___CTOR_PRIVATE_REF14___ctor_private (in /home/guido/rustdom-selection-result-OEvCXh/dist/rustdom.node)
==6492==    by 0x6B9F47D: call_init.part.0 (dl-init.c:70)
==6492==    by 0x6B9F567: call_init (dl-init.c:33)
==6492==    by 0x6B9F567: _dl_init (dl-init.c:117)
==6492==    by 0x78ADBB4: _dl_catch_exception (dl-error-skeleton.c:182)
==6492==    by 0x6BA6FF5: dl_open_worker (dl-open.c:808)
==6492==    by 0x6BA6FF5: dl_open_worker (dl-open.c:771)
==6492==    by 0x78ADB57: _dl_catch_exception (dl-error-skeleton.c:208)
==6492==    by 0x6BA734D: _dl_open (dl-open.c:883)
==6492==    by 0x77C95FB: dlopen_doit (dlopen.c:56)
==6492==    by 0x78ADB57: _dl_catch_exception (dl-error-skeleton.c:208)
==6492== 
==6492== 9 bytes in 1 blocks are possibly lost in loss record 73 of 427
==6492==    at 0x73E1899: malloc (in /mnt/c/Users/guido/ghq/projects/rustdom/.tools/valgrind/usr/libexec/valgrind/vgpreload_memcheck-amd64-linux.so)
==6492==    by 0x232471D2: _RNvXs0_NvMs_NtNtCs6i54tJFfzR_5alloc3ffi5c_strNtBa_7CString3newReNtB5_11SpecNewImpl13spec_new_impl (in /home/guido/rustdom-selection-result-OEvCXh/dist/rustdom.node)
==6492==    by 0x231F117F: _RNvMs2_NtNtCs4QMHp0v7l6B_4napi9js_values15object_propertyNtB5_8Property14with_utf8_name (in /home/guido/rustdom-selection-result-OEvCXh/dist/rustdom.node)
==6492==    by 0x2319FF42: _RNvNvNvNvNtNtNtCs3Ir8cfnU9oH_7rustdom3dom17selection_binding42___napi_impl_helper_NativeSelectionState_1246___napi_register__NativeSelectionState_impl_2341__18___CTOR_PRIVATE_REF14___ctor_private (in /home/guido/rustdom-selection-result-OEvCXh/dist/rustdom.node)
==6492==    by 0x6B9F47D: call_init.part.0 (dl-init.c:70)
==6492==    by 0x6B9F567: call_init (dl-init.c:33)
==6492==    by 0x6B9F567: _dl_init (dl-init.c:117)
==6492==    by 0x78ADBB4: _dl_catch_exception (dl-error-skeleton.c:182)
==6492==    by 0x6BA6FF5: dl_open_worker (dl-open.c:808)
==6492==    by 0x6BA6FF5: dl_open_worker (dl-open.c:771)
==6492==    by 0x78ADB57: _dl_catch_exception (dl-error-skeleton.c:208)
==6492==    by 0x6BA734D: _dl_open (dl-open.c:883)
==6492==    by 0x77C95FB: dlopen_doit (dlopen.c:56)
==6492==    by 0x78ADB57: _dl_catch_exception (dl-error-skeleton.c:208)
==6492== 
==6492== 9 bytes in 1 blocks are possibly lost in loss record 74 of 427
==6492==    at 0x73E1899: malloc (in /mnt/c/Users/guido/ghq/projects/rustdom/.tools/valgrind/usr/libexec/valgrind/vgpreload_memcheck-amd64-linux.so)
==6492==    by 0x232471D2: _RNvXs0_NvMs_NtNtCs6i54tJFfzR_5alloc3ffi5c_strNtBa_7CString3newReNtB5_11SpecNewImpl13spec_new_impl (in /home/guido/rustdom-selection-result-OEvCXh/dist/rustdom.node)
==6492==    by 0x231F117F: _RNvMs2_NtNtCs4QMHp0v7l6B_4napi9js_values15object_propertyNtB5_8Property14with_utf8_name (in /home/guido/rustdom-selection-result-OEvCXh/dist/rustdom.node)
==6492==    by 0x231A0DEB: _RNvNvNvNvNtNtNtCs3Ir8cfnU9oH_7rustdom3dom18token_list_binding36___napi_impl_helper_NativeTokenSet_1540___napi_register__NativeTokenSet_impl_2671__18___CTOR_PRIVATE_REF14___ctor_private (in /home/guido/rustdom-selection-result-OEvCXh/dist/rustdom.node)
==6492==    by 0x6B9F47D: call_init.part.0 (dl-init.c:70)
==6492==    by 0x6B9F567: call_init (dl-init.c:33)
==6492==    by 0x6B9F567: _dl_init (dl-init.c:117)
==6492==    by 0x78ADBB4: _dl_catch_exception (dl-error-skeleton.c:182)
==6492==    by 0x6BA6FF5: dl_open_worker (dl-open.c:808)
==6492==    by 0x6BA6FF5: dl_open_worker (dl-open.c:771)
==6492==    by 0x78ADB57: _dl_catch_exception (dl-error-skeleton.c:208)
==6492==    by 0x6BA734D: _dl_open (dl-open.c:883)
==6492==    by 0x77C95FB: dlopen_doit (dlopen.c:56)
==6492==    by 0x78ADB57: _dl_catch_exception (dl-error-skeleton.c:208)
==6492== 
==6492== 9 bytes in 1 blocks are possibly lost in loss record 75 of 427
==6492==    at 0x73E1899: malloc (in /mnt/c/Users/guido/ghq/projects/rustdom/.tools/valgrind/usr/libexec/valgrind/vgpreload_memcheck-amd64-linux.so)
==6492==    by 0x232471D2: _RNvXs0_NvMs_NtNtCs6i54tJFfzR_5alloc3ffi5c_strNtBa_7CString3newReNtB5_11SpecNewImpl13spec_new_impl (in /home/guido/rustdom-selection-result-OEvCXh/dist/rustdom.node)
==6492==    by 0x231F117F: _RNvMs2_NtNtCs4QMHp0v7l6B_4napi9js_values15object_propertyNtB5_8Property14with_utf8_name (in /home/guido/rustdom-selection-result-OEvCXh/dist/rustdom.node)
==6492==    by 0x231A17E7: _RNvNvNvNvNtNtNtCs3Ir8cfnU9oH_7rustdom3dom18token_list_binding37___napi_impl_helper_NativeTokenList_1441___napi_register__NativeTokenList_impl_2621__18___CTOR_PRIVATE_REF14___ctor_private (in /home/guido/rustdom-selection-result-OEvCXh/dist/rustdom.node)
==6492==    by 0x6B9F47D: call_init.part.0 (dl-init.c:70)
==6492==    by 0x6B9F567: call_init (dl-init.c:33)
==6492==    by 0x6B9F567: _dl_init (dl-init.c:117)
==6492==    by 0x78ADBB4: _dl_catch_exception (dl-error-skeleton.c:182)
==6492==    by 0x6BA6FF5: dl_open_worker (dl-open.c:808)
==6492==    by 0x6BA6FF5: dl_open_worker (dl-open.c:771)
==6492==    by 0x78ADB57: _dl_catch_exception (dl-error-skeleton.c:208)
==6492==    by 0x6BA734D: _dl_open (dl-open.c:883)
==6492==    by 0x77C95FB: dlopen_doit (dlopen.c:56)
==6492==    by 0x78ADB57: _dl_catch_exception (dl-error-skeleton.c:208)
==6492== 
==6492== 9 bytes in 1 blocks are possibly lost in loss record 76 of 427
==6492==    at 0x73E1899: malloc (in /mnt/c/Users/guido/ghq/projects/rustdom/.tools/valgrind/usr/libexec/valgrind/vgpreload_memcheck-amd64-linux.so)
==6492==    by 0x232471D2: _RNvXs0_NvMs_NtNtCs6i54tJFfzR_5alloc3ffi5c_strNtBa_7CString3newReNtB5_11SpecNewImpl13spec_new_impl (in /home/guido/rustdom-selection-result-OEvCXh/dist/rustdom.node)
==6492==    by 0x231F117F: _RNvMs2_NtNtCs4QMHp0v7l6B_4napi9js_values15object_propertyNtB5_8Property14with_utf8_name (in /home/guido/rustdom-selection-result-OEvCXh/dist/rustdom.node)
==6492==    by 0x231A810A: _RNvNvNvNvNtNtNtCs3Ir8cfnU9oH_7rustdom3dom19range_clone_binding37___napi_impl_helper_NativeRangeClone_942___napi_register__NativeRangeClone_impl_1851__18___CTOR_PRIVATE_REF14___ctor_private (in /home/guido/rustdom-selection-result-OEvCXh/dist/rustdom.node)
==6492==    by 0x6B9F47D: call_init.part.0 (dl-init.c:70)
==6492==    by 0x6B9F567: call_init (dl-init.c:33)
==6492==    by 0x6B9F567: _dl_init (dl-init.c:117)
==6492==    by 0x78ADBB4: _dl_catch_exception (dl-error-skeleton.c:182)
==6492==    by 0x6BA6FF5: dl_open_worker (dl-open.c:808)
==6492==    by 0x6BA6FF5: dl_open_worker (dl-open.c:771)
==6492==    by 0x78ADB57: _dl_catch_exception (dl-error-skeleton.c:208)
==6492==    by 0x6BA734D: _dl_open (dl-open.c:883)
==6492==    by 0x77C95FB: dlopen_doit (dlopen.c:56)
==6492==    by 0x78ADB57: _dl_catch_exception (dl-error-skeleton.c:208)
==6492== 
==6492== 9 bytes in 1 blocks are possibly lost in loss record 77 of 427
==6492==    at 0x73E1899: malloc (in /mnt/c/Users/guido/ghq/projects/rustdom/.tools/valgrind/usr/libexec/valgrind/vgpreload_memcheck-amd64-linux.so)
==6492==    by 0x232471D2: _RNvXs0_NvMs_NtNtCs6i54tJFfzR_5alloc3ffi5c_strNtBa_7CString3newReNtB5_11SpecNewImpl13spec_new_impl (in /home/guido/rustdom-selection-result-OEvCXh/dist/rustdom.node)
==6492==    by 0x231F117F: _RNvMs2_NtNtCs4QMHp0v7l6B_4napi9js_values15object_propertyNtB5_8Property14with_utf8_name (in /home/guido/rustdom-selection-result-OEvCXh/dist/rustdom.node)
==6492==    by 0x231A9830: _RNvNvNvNvNtNtNtCs3Ir8cfnU9oH_7rustdom3dom19range_state_binding33___napi_impl_helper_NativeRange_1137___napi_register__NativeRange_impl_2221__18___CTOR_PRIVATE_REF14___ctor_private (in /home/guido/rustdom-selection-result-OEvCXh/dist/rustdom.node)
==6492==    by 0x6B9F47D: call_init.part.0 (dl-init.c:70)
==6492==    by 0x6B9F567: call_init (dl-init.c:33)
==6492==    by 0x6B9F567: _dl_init (dl-init.c:117)
==6492==    by 0x78ADBB4: _dl_catch_exception (dl-error-skeleton.c:182)
==6492==    by 0x6BA6FF5: dl_open_worker (dl-open.c:808)
==6492==    by 0x6BA6FF5: dl_open_worker (dl-open.c:771)
==6492==    by 0x78ADB57: _dl_catch_exception (dl-error-skeleton.c:208)
==6492==    by 0x6BA734D: _dl_open (dl-open.c:883)
==6492==    by 0x77C95FB: dlopen_doit (dlopen.c:56)
==6492==    by 0x78ADB57: _dl_catch_exception (dl-error-skeleton.c:208)
==6492== 
==6492== 9 bytes in 1 blocks are possibly lost in loss record 78 of 427
==6492==    at 0x73E1899: malloc (in /mnt/c/Users/guido/ghq/projects/rustdom/.tools/valgrind/usr/libexec/valgrind/vgpreload_memcheck-amd64-linux.so)
==6492==    by 0x232471D2: _RNvXs0_NvMs_NtNtCs6i54tJFfzR_5alloc3ffi5c_strNtBa_7CString3newReNtB5_11SpecNewImpl13spec_new_impl (in /home/guido/rustdom-selection-result-OEvCXh/dist/rustdom.node)
==6492==    by 0x231F117F: _RNvMs2_NtNtCs4QMHp0v7l6B_4napi9js_values15object_propertyNtB5_8Property14with_utf8_name (in /home/guido/rustdom-selection-result-OEvCXh/dist/rustdom.node)
==6492==    by 0x231AC3BB: _RNvNvNvNvNtNtNtCs3Ir8cfnU9oH_7rustdom3dom19web_storage_binding39___napi_impl_helper_NativeStorageArea_2043___napi_register__NativeStorageArea_impl_4771__18___CTOR_PRIVATE_REF14___ctor_private (in /home/guido/rustdom-selection-result-OEvCXh/dist/rustdom.node)
==6492==    by 0x6B9F47D: call_init.part.0 (dl-init.c:70)
==6492==    by 0x6B9F567: call_init (dl-init.c:33)
==6492==    by 0x6B9F567: _dl_init (dl-init.c:117)
==6492==    by 0x78ADBB4: _dl_catch_exception (dl-error-skeleton.c:182)
==6492==    by 0x6BA6FF5: dl_open_worker (dl-open.c:808)
==6492==    by 0x6BA6FF5: dl_open_worker (dl-open.c:771)
==6492==    by 0x78ADB57: _dl_catch_exception (dl-error-skeleton.c:208)
==6492==    by 0x6BA734D: _dl_open (dl-open.c:883)
==6492==    by 0x77C95FB: dlopen_doit (dlopen.c:56)
==6492==    by 0x78ADB57: _dl_catch_exception (dl-error-skeleton.c:208)
==6492== 
==6492== 9 bytes in 1 blocks are possibly lost in loss record 79 of 427
==6492==    at 0x73E1899: malloc (in /mnt/c/Users/guido/ghq/projects/rustdom/.tools/valgrind/usr/libexec/valgrind/vgpreload_memcheck-amd64-linux.so)
==6492==    by 0x232471D2: _RNvXs0_NvMs_NtNtCs6i54tJFfzR_5alloc3ffi5c_strNtBa_7CString3newReNtB5_11SpecNewImpl13spec_new_impl (in /home/guido/rustdom-selection-result-OEvCXh/dist/rustdom.node)
==6492==    by 0x231F117F: _RNvMs2_NtNtCs4QMHp0v7l6B_4napi9js_values15object_propertyNtB5_8Property14with_utf8_name (in /home/guido/rustdom-selection-result-OEvCXh/dist/rustdom.node)
==6492==    by 0x231AE09A: _RNvNvNvNvNtNtNtCs3Ir8cfnU9oH_7rustdom3dom21range_extract_binding40___napi_impl_helper_NativeRangeExtract_1044___napi_register__NativeRangeExtract_impl_1931__18___CTOR_PRIVATE_REF14___ctor_private (in /home/guido/rustdom-selection-result-OEvCXh/dist/rustdom.node)
==6492==    by 0x6B9F47D: call_init.part.0 (dl-init.c:70)
==6492==    by 0x6B9F567: call_init (dl-init.c:33)
==6492==    by 0x6B9F567: _dl_init (dl-init.c:117)
==6492==    by 0x78ADBB4: _dl_catch_exception (dl-error-skeleton.c:182)
==6492==    by 0x6BA6FF5: dl_open_worker (dl-open.c:808)
==6492==    by 0x6BA6FF5: dl_open_worker (dl-open.c:771)
==6492==    by 0x78ADB57: _dl_catch_exception (dl-error-skeleton.c:208)
==6492==    by 0x6BA734D: _dl_open (dl-open.c:883)
==6492==    by 0x77C95FB: dlopen_doit (dlopen.c:56)
==6492==    by 0x78ADB57: _dl_catch_exception (dl-error-skeleton.c:208)
==6492== 
==6492== 9 bytes in 1 blocks are possibly lost in loss record 80 of 427
==6492==    at 0x73E1899: malloc (in /mnt/c/Users/guido/ghq/projects/rustdom/.tools/valgrind/usr/libexec/valgrind/vgpreload_memcheck-amd64-linux.so)
==6492==    by 0x232471D2: _RNvXs0_NvMs_NtNtCs6i54tJFfzR_5alloc3ffi5c_strNtBa_7CString3newReNtB5_11SpecNewImpl13spec_new_impl (in /home/guido/rustdom-selection-result-OEvCXh/dist/rustdom.node)
==6492==    by 0x231F117F: _RNvMs2_NtNtCs4QMHp0v7l6B_4napi9js_values15object_propertyNtB5_8Property14with_utf8_name (in /home/guido/rustdom-selection-result-OEvCXh/dist/rustdom.node)
==6492==    by 0x231AEF8E: _RNvNvNvNvNtNtNtCs3Ir8cfnU9oH_7rustdom3dom23event_listeners_binding43___napi_impl_helper_NativeListenerRegistry_347___napi_register__NativeListenerRegistry_impl_691__18___CTOR_PRIVATE_REF14___ctor_private (in /home/guido/rustdom-selection-result-OEvCXh/dist/rustdom.node)
==6492==    by 0x6B9F47D: call_init.part.0 (dl-init.c:70)
==6492==    by 0x6B9F567: call_init (dl-init.c:33)
==6492==    by 0x6B9F567: _dl_init (dl-init.c:117)
==6492==    by 0x78ADBB4: _dl_catch_exception (dl-error-skeleton.c:182)
==6492==    by 0x6BA6FF5: dl_open_worker (dl-open.c:808)
==6492==    by 0x6BA6FF5: dl_open_worker (dl-open.c:771)
==6492==    by 0x78ADB57: _dl_catch_exception (dl-error-skeleton.c:208)
==6492==    by 0x6BA734D: _dl_open (dl-open.c:883)
==6492==    by 0x77C95FB: dlopen_doit (dlopen.c:56)
==6492==    by 0x78ADB57: _dl_catch_exception (dl-error-skeleton.c:208)
==6492== 
==6492== 9 bytes in 1 blocks are possibly lost in loss record 81 of 427
==6492==    at 0x73E1899: malloc (in /mnt/c/Users/guido/ghq/projects/rustdom/.tools/valgrind/usr/libexec/valgrind/vgpreload_memcheck-amd64-linux.so)
==6492==    by 0x232471D2: _RNvXs0_NvMs_NtNtCs6i54tJFfzR_5alloc3ffi5c_strNtBa_7CString3newReNtB5_11SpecNewImpl13spec_new_impl (in /home/guido/rustdom-selection-result-OEvCXh/dist/rustdom.node)
==6492==    by 0x231F117F: _RNvMs2_NtNtCs4QMHp0v7l6B_4napi9js_values15object_propertyNtB5_8Property14with_utf8_name (in /home/guido/rustdom-selection-result-OEvCXh/dist/rustdom.node)
==6492==    by 0x231B0668: _RNvNvNvNvNtNtNtCs3Ir8cfnU9oH_7rustdom3dom23mutation_record_binding41___napi_impl_helper_NativeMutationRecord_746___napi_register__NativeMutationRecord_impl_1591__18___CTOR_PRIVATE_REF14___ctor_private (in /home/guido/rustdom-selection-result-OEvCXh/dist/rustdom.node)
==6492==    by 0x6B9F47D: call_init.part.0 (dl-init.c:70)
==6492==    by 0x6B9F567: call_init (dl-init.c:33)
==6492==    by 0x6B9F567: _dl_init (dl-init.c:117)
==6492==    by 0x78ADBB4: _dl_catch_exception (dl-error-skeleton.c:182)
==6492==    by 0x6BA6FF5: dl_open_worker (dl-open.c:808)
==6492==    by 0x6BA6FF5: dl_open_worker (dl-open.c:771)
==6492==    by 0x78ADB57: _dl_catch_exception (dl-error-skeleton.c:208)
==6492==    by 0x6BA734D: _dl_open (dl-open.c:883)
==6492==    by 0x77C95FB: dlopen_doit (dlopen.c:56)
==6492==    by 0x78ADB57: _dl_catch_exception (dl-error-skeleton.c:208)
==6492== 
==6492== 9 bytes in 1 blocks are possibly lost in loss record 82 of 427
==6492==    at 0x73E1899: malloc (in /mnt/c/Users/guido/ghq/projects/rustdom/.tools/valgrind/usr/libexec/valgrind/vgpreload_memcheck-amd64-linux.so)
==6492==    by 0x232471D2: _RNvXs0_NvMs_NtNtCs6i54tJFfzR_5alloc3ffi5c_strNtBa_7CString3newReNtB5_11SpecNewImpl13spec_new_impl (in /home/guido/rustdom-selection-result-OEvCXh/dist/rustdom.node)
==6492==    by 0x231F117F: _RNvMs2_NtNtCs4QMHp0v7l6B_4napi9js_values15object_propertyNtB5_8Property14with_utf8_name (in /home/guido/rustdom-selection-result-OEvCXh/dist/rustdom.node)
==6492==    by 0x231B190A: _RNvNvNvNvNtNtNtCs3Ir8cfnU9oH_7rustdom3dom23slot_assignment_binding48___napi_impl_helper_NativeSlotAssignmentDriver_1352___napi_register__NativeSlotAssignmentDriver_impl_2481__18___CTOR_PRIVATE_REF14___ctor_private (in /home/guido/rustdom-selection-result-OEvCXh/dist/rustdom.node)
==6492==    by 0x6B9F47D: call_init.part.0 (dl-init.c:70)
==6492==    by 0x6B9F567: call_init (dl-init.c:33)
==6492==    by 0x6B9F567: _dl_init (dl-init.c:117)
==6492==    by 0x78ADBB4: _dl_catch_exception (dl-error-skeleton.c:182)
==6492==    by 0x6BA6FF5: dl_open_worker (dl-open.c:808)
==6492==    by 0x6BA6FF5: dl_open_worker (dl-open.c:771)
==6492==    by 0x78ADB57: _dl_catch_exception (dl-error-skeleton.c:208)
==6492==    by 0x6BA734D: _dl_open (dl-open.c:883)
==6492==    by 0x77C95FB: dlopen_doit (dlopen.c:56)
==6492==    by 0x78ADB57: _dl_catch_exception (dl-error-skeleton.c:208)
==6492== 
==6492== 9 bytes in 1 blocks are possibly lost in loss record 83 of 427
==6492==    at 0x73E1899: malloc (in /mnt/c/Users/guido/ghq/projects/rustdom/.tools/valgrind/usr/libexec/valgrind/vgpreload_memcheck-amd64-linux.so)
==6492==    by 0x232471D2: _RNvXs0_NvMs_NtNtCs6i54tJFfzR_5alloc3ffi5c_strNtBa_7CString3newReNtB5_11SpecNewImpl13spec_new_impl (in /home/guido/rustdom-selection-result-OEvCXh/dist/rustdom.node)
==6492==    by 0x231F117F: _RNvMs2_NtNtCs4QMHp0v7l6B_4napi9js_values15object_propertyNtB5_8Property14with_utf8_name (in /home/guido/rustdom-selection-result-OEvCXh/dist/rustdom.node)
==6492==    by 0x231B21DB: _RNvNvNvNvNtNtNtCs3Ir8cfnU9oH_7rustdom3dom25observer_delivery_binding43___napi_impl_helper_NativeObserverDelivery_848___napi_register__NativeObserverDelivery_impl_1721__18___CTOR_PRIVATE_REF14___ctor_private (in /home/guido/rustdom-selection-result-OEvCXh/dist/rustdom.node)
==6492==    by 0x6B9F47D: call_init.part.0 (dl-init.c:70)
==6492==    by 0x6B9F567: call_init (dl-init.c:33)
==6492==    by 0x6B9F567: _dl_init (dl-init.c:117)
==6492==    by 0x78ADBB4: _dl_catch_exception (dl-error-skeleton.c:182)
==6492==    by 0x6BA6FF5: dl_open_worker (dl-open.c:808)
==6492==    by 0x6BA6FF5: dl_open_worker (dl-open.c:771)
==6492==    by 0x78ADB57: _dl_catch_exception (dl-error-skeleton.c:208)
==6492==    by 0x6BA734D: _dl_open (dl-open.c:883)
==6492==    by 0x77C95FB: dlopen_doit (dlopen.c:56)
==6492==    by 0x78ADB57: _dl_catch_exception (dl-error-skeleton.c:208)
==6492== 
==6492== 9 bytes in 1 blocks are possibly lost in loss record 84 of 427
==6492==    at 0x73E1899: malloc (in /mnt/c/Users/guido/ghq/projects/rustdom/.tools/valgrind/usr/libexec/valgrind/vgpreload_memcheck-amd64-linux.so)
==6492==    by 0x232471D2: _RNvXs0_NvMs_NtNtCs6i54tJFfzR_5alloc3ffi5c_strNtBa_7CString3newReNtB5_11SpecNewImpl13spec_new_impl (in /home/guido/rustdom-selection-result-OEvCXh/dist/rustdom.node)
==6492==    by 0x231F117F: _RNvMs2_NtNtCs4QMHp0v7l6B_4napi9js_values15object_propertyNtB5_8Property14with_utf8_name (in /home/guido/rustdom-selection-result-OEvCXh/dist/rustdom.node)
==6492==    by 0x23188638: _RNvNvNtNtNtCs3Ir8cfnU9oH_7rustdom3dom4tree32___napi_impl_helper_NativeTree_1736___napi_register__NativeTree_impl_44420___ctor_private_inner (in /home/guido/rustdom-selection-result-OEvCXh/dist/rustdom.node)
==6492==    by 0x231B5185: _RNvNvNvNvNtNtNtCs3Ir8cfnU9oH_7rustdom3dom4tree32___napi_impl_helper_NativeTree_1736___napi_register__NativeTree_impl_4441__18___CTOR_PRIVATE_REF14___ctor_private (in /home/guido/rustdom-selection-result-OEvCXh/dist/rustdom.node)
==6492==    by 0x6B9F47D: call_init.part.0 (dl-init.c:70)
==6492==    by 0x6B9F567: call_init (dl-init.c:33)
==6492==    by 0x6B9F567: _dl_init (dl-init.c:117)
==6492==    by 0x78ADBB4: _dl_catch_exception (dl-error-skeleton.c:182)
==6492==    by 0x6BA6FF5: dl_open_worker (dl-open.c:808)
==6492==    by 0x6BA6FF5: dl_open_worker (dl-open.c:771)
==6492==    by 0x78ADB57: _dl_catch_exception (dl-error-skeleton.c:208)
==6492==    by 0x6BA734D: _dl_open (dl-open.c:883)
==6492==    by 0x77C95FB: dlopen_doit (dlopen.c:56)
==6492== 
==6492== 9 bytes in 1 blocks are possibly lost in loss record 85 of 427
==6492==    at 0x73E1899: malloc (in /mnt/c/Users/guido/ghq/projects/rustdom/.tools/valgrind/usr/libexec/valgrind/vgpreload_memcheck-amd64-linux.so)
==6492==    by 0x232471D2: _RNvXs0_NvMs_NtNtCs6i54tJFfzR_5alloc3ffi5c_strNtBa_7CString3newReNtB5_11SpecNewImpl13spec_new_impl (in /home/guido/rustdom-selection-result-OEvCXh/dist/rustdom.node)
==6492==    by 0x231F117F: _RNvMs2_NtNtCs4QMHp0v7l6B_4napi9js_values15object_propertyNtB5_8Property14with_utf8_name (in /home/guido/rustdom-selection-result-OEvCXh/dist/rustdom.node)
==6492==    by 0x2318A5DD: _RNvNvNtNtNtCs3Ir8cfnU9oH_7rustdom3dom4tree32___napi_impl_helper_NativeTree_1736___napi_register__NativeTree_impl_44420___ctor_private_inner (in /home/guido/rustdom-selection-result-OEvCXh/dist/rustdom.node)
==6492==    by 0x231B5185: _RNvNvNvNvNtNtNtCs3Ir8cfnU9oH_7rustdom3dom4tree32___napi_impl_helper_NativeTree_1736___napi_register__NativeTree_impl_4441__18___CTOR_PRIVATE_REF14___ctor_private (in /home/guido/rustdom-selection-result-OEvCXh/dist/rustdom.node)
==6492==    by 0x6B9F47D: call_init.part.0 (dl-init.c:70)
==6492==    by 0x6B9F567: call_init (dl-init.c:33)
==6492==    by 0x6B9F567: _dl_init (dl-init.c:117)
==6492==    by 0x78ADBB4: _dl_catch_exception (dl-error-skeleton.c:182)
==6492==    by 0x6BA6FF5: dl_open_worker (dl-open.c:808)
==6492==    by 0x6BA6FF5: dl_open_worker (dl-open.c:771)
==6492==    by 0x78ADB57: _dl_catch_exception (dl-error-skeleton.c:208)
==6492==    by 0x6BA734D: _dl_open (dl-open.c:883)
==6492==    by 0x77C95FB: dlopen_doit (dlopen.c:56)
==6492== 
==6492== 9 bytes in 1 blocks are possibly lost in loss record 86 of 427
==6492==    at 0x73E1899: malloc (in /mnt/c/Users/guido/ghq/projects/rustdom/.tools/valgrind/usr/libexec/valgrind/vgpreload_memcheck-amd64-linux.so)
==6492==    by 0x232471D2: _RNvXs0_NvMs_NtNtCs6i54tJFfzR_5alloc3ffi5c_strNtBa_7CString3newReNtB5_11SpecNewImpl13spec_new_impl (in /home/guido/rustdom-selection-result-OEvCXh/dist/rustdom.node)
==6492==    by 0x231F117F: _RNvMs2_NtNtCs4QMHp0v7l6B_4napi9js_values15object_propertyNtB5_8Property14with_utf8_name (in /home/guido/rustdom-selection-result-OEvCXh/dist/rustdom.node)
==6492==    by 0x2318A9F5: _RNvNvNtNtNtCs3Ir8cfnU9oH_7rustdom3dom4tree32___napi_impl_helper_NativeTree_1736___napi_register__NativeTree_impl_44420___ctor_private_inner (in /home/guido/rustdom-selection-result-OEvCXh/dist/rustdom.node)
==6492==    by 0x231B5185: _RNvNvNvNvNtNtNtCs3Ir8cfnU9oH_7rustdom3dom4tree32___napi_impl_helper_NativeTree_1736___napi_register__NativeTree_impl_4441__18___CTOR_PRIVATE_REF14___ctor_private (in /home/guido/rustdom-selection-result-OEvCXh/dist/rustdom.node)
==6492==    by 0x6B9F47D: call_init.part.0 (dl-init.c:70)
==6492==    by 0x6B9F567: call_init (dl-init.c:33)
==6492==    by 0x6B9F567: _dl_init (dl-init.c:117)
==6492==    by 0x78ADBB4: _dl_catch_exception (dl-error-skeleton.c:182)
==6492==    by 0x6BA6FF5: dl_open_worker (dl-open.c:808)
==6492==    by 0x6BA6FF5: dl_open_worker (dl-open.c:771)
==6492==    by 0x78ADB57: _dl_catch_exception (dl-error-skeleton.c:208)
==6492==    by 0x6BA734D: _dl_open (dl-open.c:883)
==6492==    by 0x77C95FB: dlopen_doit (dlopen.c:56)
==6492== 
==6492== 9 bytes in 1 blocks are possibly lost in loss record 87 of 427
==6492==    at 0x73E1899: malloc (in /mnt/c/Users/guido/ghq/projects/rustdom/.tools/valgrind/usr/libexec/valgrind/vgpreload_memcheck-amd64-linux.so)
==6492==    by 0x232471D2: _RNvXs0_NvMs_NtNtCs6i54tJFfzR_5alloc3ffi5c_strNtBa_7CString3newReNtB5_11SpecNewImpl13spec_new_impl (in /home/guido/rustdom-selection-result-OEvCXh/dist/rustdom.node)
==6492==    by 0x231F117F: _RNvMs2_NtNtCs4QMHp0v7l6B_4napi9js_values15object_propertyNtB5_8Property14with_utf8_name (in /home/guido/rustdom-selection-result-OEvCXh/dist/rustdom.node)
==6492==    by 0x2318BE6D: _RNvNvNtNtNtCs3Ir8cfnU9oH_7rustdom3dom4tree32___napi_impl_helper_NativeTree_1736___napi_register__NativeTree_impl_44420___ctor_private_inner (in /home/guido/rustdom-selection-result-OEvCXh/dist/rustdom.node)
==6492==    by 0x231B5185: _RNvNvNvNvNtNtNtCs3Ir8cfnU9oH_7rustdom3dom4tree32___napi_impl_helper_NativeTree_1736___napi_register__NativeTree_impl_4441__18___CTOR_PRIVATE_REF14___ctor_private (in /home/guido/rustdom-selection-result-OEvCXh/dist/rustdom.node)
==6492==    by 0x6B9F47D: call_init.part.0 (dl-init.c:70)
==6492==    by 0x6B9F567: call_init (dl-init.c:33)
==6492==    by 0x6B9F567: _dl_init (dl-init.c:117)
==6492==    by 0x78ADBB4: _dl_catch_exception (dl-error-skeleton.c:182)
==6492==    by 0x6BA6FF5: dl_open_worker (dl-open.c:808)
==6492==    by 0x6BA6FF5: dl_open_worker (dl-open.c:771)
==6492==    by 0x78ADB57: _dl_catch_exception (dl-error-skeleton.c:208)
==6492==    by 0x6BA734D: _dl_open (dl-open.c:883)
==6492==    by 0x77C95FB: dlopen_doit (dlopen.c:56)
==6492== 
==6492== 9 bytes in 1 blocks are possibly lost in loss record 88 of 427
==6492==    at 0x73E1899: malloc (in /mnt/c/Users/guido/ghq/projects/rustdom/.tools/valgrind/usr/libexec/valgrind/vgpreload_memcheck-amd64-linux.so)
==6492==    by 0x232471D2: _RNvXs0_NvMs_NtNtCs6i54tJFfzR_5alloc3ffi5c_strNtBa_7CString3newReNtB5_11SpecNewImpl13spec_new_impl (in /home/guido/rustdom-selection-result-OEvCXh/dist/rustdom.node)
==6492==    by 0x231F117F: _RNvMs2_NtNtCs4QMHp0v7l6B_4napi9js_values15object_propertyNtB5_8Property14with_utf8_name (in /home/guido/rustdom-selection-result-OEvCXh/dist/rustdom.node)
==6492==    by 0x2318E75D: _RNvNvNtNtNtCs3Ir8cfnU9oH_7rustdom3dom4tree32___napi_impl_helper_NativeTree_1736___napi_register__NativeTree_impl_44420___ctor_private_inner (in /home/guido/rustdom-selection-result-OEvCXh/dist/rustdom.node)
==6492==    by 0x231B5185: _RNvNvNvNvNtNtNtCs3Ir8cfnU9oH_7rustdom3dom4tree32___napi_impl_helper_NativeTree_1736___napi_register__NativeTree_impl_4441__18___CTOR_PRIVATE_REF14___ctor_private (in /home/guido/rustdom-selection-result-OEvCXh/dist/rustdom.node)
==6492==    by 0x6B9F47D: call_init.part.0 (dl-init.c:70)
==6492==    by 0x6B9F567: call_init (dl-init.c:33)
==6492==    by 0x6B9F567: _dl_init (dl-init.c:117)
==6492==    by 0x78ADBB4: _dl_catch_exception (dl-error-skeleton.c:182)
==6492==    by 0x6BA6FF5: dl_open_worker (dl-open.c:808)
==6492==    by 0x6BA6FF5: dl_open_worker (dl-open.c:771)
==6492==    by 0x78ADB57: _dl_catch_exception (dl-error-skeleton.c:208)
==6492==    by 0x6BA734D: _dl_open (dl-open.c:883)
==6492==    by 0x77C95FB: dlopen_doit (dlopen.c:56)
==6492== 
==6492== 9 bytes in 1 blocks are possibly lost in loss record 89 of 427
==6492==    at 0x73E1899: malloc (in /mnt/c/Users/guido/ghq/projects/rustdom/.tools/valgrind/usr/libexec/valgrind/vgpreload_memcheck-amd64-linux.so)
==6492==    by 0x232471D2: _RNvXs0_NvMs_NtNtCs6i54tJFfzR_5alloc3ffi5c_strNtBa_7CString3newReNtB5_11SpecNewImpl13spec_new_impl (in /home/guido/rustdom-selection-result-OEvCXh/dist/rustdom.node)
==6492==    by 0x231F117F: _RNvMs2_NtNtCs4QMHp0v7l6B_4napi9js_values15object_propertyNtB5_8Property14with_utf8_name (in /home/guido/rustdom-selection-result-OEvCXh/dist/rustdom.node)
==6492==    by 0x2318E863: _RNvNvNtNtNtCs3Ir8cfnU9oH_7rustdom3dom4tree32___napi_impl_helper_NativeTree_1736___napi_register__NativeTree_impl_44420___ctor_private_inner (in /home/guido/rustdom-selection-result-OEvCXh/dist/rustdom.node)
==6492==    by 0x231B5185: _RNvNvNvNvNtNtNtCs3Ir8cfnU9oH_7rustdom3dom4tree32___napi_impl_helper_NativeTree_1736___napi_register__NativeTree_impl_4441__18___CTOR_PRIVATE_REF14___ctor_private (in /home/guido/rustdom-selection-result-OEvCXh/dist/rustdom.node)
==6492==    by 0x6B9F47D: call_init.part.0 (dl-init.c:70)
==6492==    by 0x6B9F567: call_init (dl-init.c:33)
==6492==    by 0x6B9F567: _dl_init (dl-init.c:117)
==6492==    by 0x78ADBB4: _dl_catch_exception (dl-error-skeleton.c:182)
==6492==    by 0x6BA6FF5: dl_open_worker (dl-open.c:808)
==6492==    by 0x6BA6FF5: dl_open_worker (dl-open.c:771)
==6492==    by 0x78ADB57: _dl_catch_exception (dl-error-skeleton.c:208)
==6492==    by 0x6BA734D: _dl_open (dl-open.c:883)
==6492==    by 0x77C95FB: dlopen_doit (dlopen.c:56)
==6492== 
==6492== 10 bytes in 1 blocks are possibly lost in loss record 90 of 427
==6492==    at 0x73E1899: malloc (in /mnt/c/Users/guido/ghq/projects/rustdom/.tools/valgrind/usr/libexec/valgrind/vgpreload_memcheck-amd64-linux.so)
==6492==    by 0x232471D2: _RNvXs0_NvMs_NtNtCs6i54tJFfzR_5alloc3ffi5c_strNtBa_7CString3newReNtB5_11SpecNewImpl13spec_new_impl (in /home/guido/rustdom-selection-result-OEvCXh/dist/rustdom.node)
==6492==    by 0x231F117F: _RNvMs2_NtNtCs4QMHp0v7l6B_4napi9js_values15object_propertyNtB5_8Property14with_utf8_name (in /home/guido/rustdom-selection-result-OEvCXh/dist/rustdom.node)
==6492==    by 0x2319FD3B: _RNvNvNvNvNtNtNtCs3Ir8cfnU9oH_7rustdom3dom17selection_binding42___napi_impl_helper_NativeSelectionState_1246___napi_register__NativeSelectionState_impl_2341__18___CTOR_PRIVATE_REF14___ctor_private (in /home/guido/rustdom-selection-result-OEvCXh/dist/rustdom.node)
==6492==    by 0x6B9F47D: call_init.part.0 (dl-init.c:70)
==6492==    by 0x6B9F567: call_init (dl-init.c:33)
==6492==    by 0x6B9F567: _dl_init (dl-init.c:117)
==6492==    by 0x78ADBB4: _dl_catch_exception (dl-error-skeleton.c:182)
==6492==    by 0x6BA6FF5: dl_open_worker (dl-open.c:808)
==6492==    by 0x6BA6FF5: dl_open_worker (dl-open.c:771)
==6492==    by 0x78ADB57: _dl_catch_exception (dl-error-skeleton.c:208)
==6492==    by 0x6BA734D: _dl_open (dl-open.c:883)
==6492==    by 0x77C95FB: dlopen_doit (dlopen.c:56)
==6492==    by 0x78ADB57: _dl_catch_exception (dl-error-skeleton.c:208)
==6492== 
==6492== 10 bytes in 1 blocks are possibly lost in loss record 91 of 427
==6492==    at 0x73E1899: malloc (in /mnt/c/Users/guido/ghq/projects/rustdom/.tools/valgrind/usr/libexec/valgrind/vgpreload_memcheck-amd64-linux.so)
==6492==    by 0x232471D2: _RNvXs0_NvMs_NtNtCs6i54tJFfzR_5alloc3ffi5c_strNtBa_7CString3newReNtB5_11SpecNewImpl13spec_new_impl (in /home/guido/rustdom-selection-result-OEvCXh/dist/rustdom.node)
==6492==    by 0x231F117F: _RNvMs2_NtNtCs4QMHp0v7l6B_4napi9js_values15object_propertyNtB5_8Property14with_utf8_name (in /home/guido/rustdom-selection-result-OEvCXh/dist/rustdom.node)
==6492==    by 0x231A0048: _RNvNvNvNvNtNtNtCs3Ir8cfnU9oH_7rustdom3dom17selection_binding42___napi_impl_helper_NativeSelectionState_1246___napi_register__NativeSelectionState_impl_2341__18___CTOR_PRIVATE_REF14___ctor_private (in /home/guido/rustdom-selection-result-OEvCXh/dist/rustdom.node)
==6492==    by 0x6B9F47D: call_init.part.0 (dl-init.c:70)
==6492==    by 0x6B9F567: call_init (dl-init.c:33)
==6492==    by 0x6B9F567: _dl_init (dl-init.c:117)
==6492==    by 0x78ADBB4: _dl_catch_exception (dl-error-skeleton.c:182)
==6492==    by 0x6BA6FF5: dl_open_worker (dl-open.c:808)
==6492==    by 0x6BA6FF5: dl_open_worker (dl-open.c:771)
==6492==    by 0x78ADB57: _dl_catch_exception (dl-error-skeleton.c:208)
==6492==    by 0x6BA734D: _dl_open (dl-open.c:883)
==6492==    by 0x77C95FB: dlopen_doit (dlopen.c:56)
==6492==    by 0x78ADB57: _dl_catch_exception (dl-error-skeleton.c:208)
==6492== 
==6492== 10 bytes in 1 blocks are possibly lost in loss record 92 of 427
==6492==    at 0x73E1899: malloc (in /mnt/c/Users/guido/ghq/projects/rustdom/.tools/valgrind/usr/libexec/valgrind/vgpreload_memcheck-amd64-linux.so)
==6492==    by 0x232471D2: _RNvXs0_NvMs_NtNtCs6i54tJFfzR_5alloc3ffi5c_strNtBa_7CString3newReNtB5_11SpecNewImpl13spec_new_impl (in /home/guido/rustdom-selection-result-OEvCXh/dist/rustdom.node)
==6492==    by 0x231F117F: _RNvMs2_NtNtCs4QMHp0v7l6B_4napi9js_values15object_propertyNtB5_8Property14with_utf8_name (in /home/guido/rustdom-selection-result-OEvCXh/dist/rustdom.node)
==6492==    by 0x231A20CC: _RNvNvNvNvNtNtNtCs3Ir8cfnU9oH_7rustdom3dom19abort_state_binding37___napi_impl_helper_NativeAbortState_041___napi_register__NativeAbortState_impl_201__18___CTOR_PRIVATE_REF14___ctor_private (in /home/guido/rustdom-selection-result-OEvCXh/dist/rustdom.node)
==6492==    by 0x6B9F47D: call_init.part.0 (dl-init.c:70)
==6492==    by 0x6B9F567: call_init (dl-init.c:33)
==6492==    by 0x6B9F567: _dl_init (dl-init.c:117)
==6492==    by 0x78ADBB4: _dl_catch_exception (dl-error-skeleton.c:182)
==6492==    by 0x6BA6FF5: dl_open_worker (dl-open.c:808)
==6492==    by 0x6BA6FF5: dl_open_worker (dl-open.c:771)
==6492==    by 0x78ADB57: _dl_catch_exception (dl-error-skeleton.c:208)
==6492==    by 0x6BA734D: _dl_open (dl-open.c:883)
==6492==    by 0x77C95FB: dlopen_doit (dlopen.c:56)
==6492==    by 0x78ADB57: _dl_catch_exception (dl-error-skeleton.c:208)
==6492== 
==6492== 10 bytes in 1 blocks are possibly lost in loss record 93 of 427
==6492==    at 0x73E1899: malloc (in /mnt/c/Users/guido/ghq/projects/rustdom/.tools/valgrind/usr/libexec/valgrind/vgpreload_memcheck-amd64-linux.so)
==6492==    by 0x232471D2: _RNvXs0_NvMs_NtNtCs6i54tJFfzR_5alloc3ffi5c_strNtBa_7CString3newReNtB5_11SpecNewImpl13spec_new_impl (in /home/guido/rustdom-selection-result-OEvCXh/dist/rustdom.node)
==6492==    by 0x231F117F: _RNvMs2_NtNtCs4QMHp0v7l6B_4napi9js_values15object_propertyNtB5_8Property14with_utf8_name (in /home/guido/rustdom-selection-result-OEvCXh/dist/rustdom.node)
==6492==    by 0x231A28EC: _RNvNvNvNvNtNtNtCs3Ir8cfnU9oH_7rustdom3dom19abort_state_binding37___napi_impl_helper_NativeAbortState_041___napi_register__NativeAbortState_impl_201__18___CTOR_PRIVATE_REF14___ctor_private (in /home/guido/rustdom-selection-result-OEvCXh/dist/rustdom.node)
==6492==    by 0x6B9F47D: call_init.part.0 (dl-init.c:70)
==6492==    by 0x6B9F567: call_init (dl-init.c:33)
==6492==    by 0x6B9F567: _dl_init (dl-init.c:117)
==6492==    by 0x78ADBB4: _dl_catch_exception (dl-error-skeleton.c:182)
==6492==    by 0x6BA6FF5: dl_open_worker (dl-open.c:808)
==6492==    by 0x6BA6FF5: dl_open_worker (dl-open.c:771)
==6492==    by 0x78ADB57: _dl_catch_exception (dl-error-skeleton.c:208)
==6492==    by 0x6BA734D: _dl_open (dl-open.c:883)
==6492==    by 0x77C95FB: dlopen_doit (dlopen.c:56)
==6492==    by 0x78ADB57: _dl_catch_exception (dl-error-skeleton.c:208)
==6492== 
==6492== 10 bytes in 1 blocks are possibly lost in loss record 94 of 427
==6492==    at 0x73E1899: malloc (in /mnt/c/Users/guido/ghq/projects/rustdom/.tools/valgrind/usr/libexec/valgrind/vgpreload_memcheck-amd64-linux.so)
==6492==    by 0x232471D2: _RNvXs0_NvMs_NtNtCs6i54tJFfzR_5alloc3ffi5c_strNtBa_7CString3newReNtB5_11SpecNewImpl13spec_new_impl (in /home/guido/rustdom-selection-result-OEvCXh/dist/rustdom.node)
==6492==    by 0x231F117F: _RNvMs2_NtNtCs4QMHp0v7l6B_4napi9js_values15object_propertyNtB5_8Property14with_utf8_name (in /home/guido/rustdom-selection-result-OEvCXh/dist/rustdom.node)
==6492==    by 0x231A4004: _RNvNvNvNvNtNtNtCs3Ir8cfnU9oH_7rustdom3dom19event_state_binding37___napi_impl_helper_NativeEventState_442___napi_register__NativeEventState_impl_1041__18___CTOR_PRIVATE_REF14___ctor_private (in /home/guido/rustdom-selection-result-OEvCXh/dist/rustdom.node)
==6492==    by 0x6B9F47D: call_init.part.0 (dl-init.c:70)
==6492==    by 0x6B9F567: call_init (dl-init.c:33)
==6492==    by 0x6B9F567: _dl_init (dl-init.c:117)
==6492==    by 0x78ADBB4: _dl_catch_exception (dl-error-skeleton.c:182)
==6492==    by 0x6BA6FF5: dl_open_worker (dl-open.c:808)
==6492==    by 0x6BA6FF5: dl_open_worker (dl-open.c:771)
==6492==    by 0x78ADB57: _dl_catch_exception (dl-error-skeleton.c:208)
==6492==    by 0x6BA734D: _dl_open (dl-open.c:883)
==6492==    by 0x77C95FB: dlopen_doit (dlopen.c:56)
==6492==    by 0x78ADB57: _dl_catch_exception (dl-error-skeleton.c:208)
==6492== 
==6492== 10 bytes in 1 blocks are possibly lost in loss record 95 of 427
==6492==    at 0x73E1899: malloc (in /mnt/c/Users/guido/ghq/projects/rustdom/.tools/valgrind/usr/libexec/valgrind/vgpreload_memcheck-amd64-linux.so)
==6492==    by 0x232471D2: _RNvXs0_NvMs_NtNtCs6i54tJFfzR_5alloc3ffi5c_strNtBa_7CString3newReNtB5_11SpecNewImpl13spec_new_impl (in /home/guido/rustdom-selection-result-OEvCXh/dist/rustdom.node)
==6492==    by 0x231F117F: _RNvMs2_NtNtCs4QMHp0v7l6B_4napi9js_values15object_propertyNtB5_8Property14with_utf8_name (in /home/guido/rustdom-selection-result-OEvCXh/dist/rustdom.node)
==6492==    by 0x231A5260: _RNvNvNvNvNtNtNtCs3Ir8cfnU9oH_7rustdom3dom19event_state_binding37___napi_impl_helper_NativeEventState_442___napi_register__NativeEventState_impl_1041__18___CTOR_PRIVATE_REF14___ctor_private (in /home/guido/rustdom-selection-result-OEvCXh/dist/rustdom.node)
==6492==    by 0x6B9F47D: call_init.part.0 (dl-init.c:70)
==6492==    by 0x6B9F567: call_init (dl-init.c:33)
==6492==    by 0x6B9F567: _dl_init (dl-init.c:117)
==6492==    by 0x78ADBB4: _dl_catch_exception (dl-error-skeleton.c:182)
==6492==    by 0x6BA6FF5: dl_open_worker (dl-open.c:808)
==6492==    by 0x6BA6FF5: dl_open_worker (dl-open.c:771)
==6492==    by 0x78ADB57: _dl_catch_exception (dl-error-skeleton.c:208)
==6492==    by 0x6BA734D: _dl_open (dl-open.c:883)
==6492==    by 0x77C95FB: dlopen_doit (dlopen.c:56)
==6492==    by 0x78ADB57: _dl_catch_exception (dl-error-skeleton.c:208)
==6492== 
==6492== 10 bytes in 1 blocks are possibly lost in loss record 96 of 427
==6492==    at 0x73E1899: malloc (in /mnt/c/Users/guido/ghq/projects/rustdom/.tools/valgrind/usr/libexec/valgrind/vgpreload_memcheck-amd64-linux.so)
==6492==    by 0x232471D2: _RNvXs0_NvMs_NtNtCs6i54tJFfzR_5alloc3ffi5c_strNtBa_7CString3newReNtB5_11SpecNewImpl13spec_new_impl (in /home/guido/rustdom-selection-result-OEvCXh/dist/rustdom.node)
==6492==    by 0x231F117F: _RNvMs2_NtNtCs4QMHp0v7l6B_4napi9js_values15object_propertyNtB5_8Property14with_utf8_name (in /home/guido/rustdom-selection-result-OEvCXh/dist/rustdom.node)
==6492==    by 0x231A8CDD: _RNvNvNvNvNtNtNtCs3Ir8cfnU9oH_7rustdom3dom19range_state_binding33___napi_impl_helper_NativeRange_1137___napi_register__NativeRange_impl_2221__18___CTOR_PRIVATE_REF14___ctor_private (in /home/guido/rustdom-selection-result-OEvCXh/dist/rustdom.node)
==6492==    by 0x6B9F47D: call_init.part.0 (dl-init.c:70)
==6492==    by 0x6B9F567: call_init (dl-init.c:33)
==6492==    by 0x6B9F567: _dl_init (dl-init.c:117)
==6492==    by 0x78ADBB4: _dl_catch_exception (dl-error-skeleton.c:182)
==6492==    by 0x6BA6FF5: dl_open_worker (dl-open.c:808)
==6492==    by 0x6BA6FF5: dl_open_worker (dl-open.c:771)
==6492==    by 0x78ADB57: _dl_catch_exception (dl-error-skeleton.c:208)
==6492==    by 0x6BA734D: _dl_open (dl-open.c:883)
==6492==    by 0x77C95FB: dlopen_doit (dlopen.c:56)
==6492==    by 0x78ADB57: _dl_catch_exception (dl-error-skeleton.c:208)
==6492== 
==6492== 10 bytes in 1 blocks are possibly lost in loss record 97 of 427
==6492==    at 0x73E1899: malloc (in /mnt/c/Users/guido/ghq/projects/rustdom/.tools/valgrind/usr/libexec/valgrind/vgpreload_memcheck-amd64-linux.so)
==6492==    by 0x232471D2: _RNvXs0_NvMs_NtNtCs6i54tJFfzR_5alloc3ffi5c_strNtBa_7CString3newReNtB5_11SpecNewImpl13spec_new_impl (in /home/guido/rustdom-selection-result-OEvCXh/dist/rustdom.node)
==6492==    by 0x231F117F: _RNvMs2_NtNtCs4QMHp0v7l6B_4napi9js_values15object_propertyNtB5_8Property14with_utf8_name (in /home/guido/rustdom-selection-result-OEvCXh/dist/rustdom.node)
==6492==    by 0x231A9106: _RNvNvNvNvNtNtNtCs3Ir8cfnU9oH_7rustdom3dom19range_state_binding33___napi_impl_helper_NativeRange_1137___napi_register__NativeRange_impl_2221__18___CTOR_PRIVATE_REF14___ctor_private (in /home/guido/rustdom-selection-result-OEvCXh/dist/rustdom.node)
==6492==    by 0x6B9F47D: call_init.part.0 (dl-init.c:70)
==6492==    by 0x6B9F567: call_init (dl-init.c:33)
==6492==    by 0x6B9F567: _dl_init (dl-init.c:117)
==6492==    by 0x78ADBB4: _dl_catch_exception (dl-error-skeleton.c:182)
==6492==    by 0x6BA6FF5: dl_open_worker (dl-open.c:808)
==6492==    by 0x6BA6FF5: dl_open_worker (dl-open.c:771)
==6492==    by 0x78ADB57: _dl_catch_exception (dl-error-skeleton.c:208)
==6492==    by 0x6BA734D: _dl_open (dl-open.c:883)
==6492==    by 0x77C95FB: dlopen_doit (dlopen.c:56)
==6492==    by 0x78ADB57: _dl_catch_exception (dl-error-skeleton.c:208)
==6492== 
==6492== 10 bytes in 1 blocks are possibly lost in loss record 98 of 427
==6492==    at 0x73E1899: malloc (in /mnt/c/Users/guido/ghq/projects/rustdom/.tools/valgrind/usr/libexec/valgrind/vgpreload_memcheck-amd64-linux.so)
==6492==    by 0x232471D2: _RNvXs0_NvMs_NtNtCs6i54tJFfzR_5alloc3ffi5c_strNtBa_7CString3newReNtB5_11SpecNewImpl13spec_new_impl (in /home/guido/rustdom-selection-result-OEvCXh/dist/rustdom.node)
==6492==    by 0x231F117F: _RNvMs2_NtNtCs4QMHp0v7l6B_4napi9js_values15object_propertyNtB5_8Property14with_utf8_name (in /home/guido/rustdom-selection-result-OEvCXh/dist/rustdom.node)
==6492==    by 0x231AC9CA: _RNvNvNvNvNtNtNtCs3Ir8cfnU9oH_7rustdom3dom19web_storage_binding39___napi_impl_helper_NativeStorageArea_2043___napi_register__NativeStorageArea_impl_4771__18___CTOR_PRIVATE_REF14___ctor_private (in /home/guido/rustdom-selection-result-OEvCXh/dist/rustdom.node)
==6492==    by 0x6B9F47D: call_init.part.0 (dl-init.c:70)
==6492==    by 0x6B9F567: call_init (dl-init.c:33)
==6492==    by 0x6B9F567: _dl_init (dl-init.c:117)
==6492==    by 0x78ADBB4: _dl_catch_exception (dl-error-skeleton.c:182)
==6492==    by 0x6BA6FF5: dl_open_worker (dl-open.c:808)
==6492==    by 0x6BA6FF5: dl_open_worker (dl-open.c:771)
==6492==    by 0x78ADB57: _dl_catch_exception (dl-error-skeleton.c:208)
==6492==    by 0x6BA734D: _dl_open (dl-open.c:883)
==6492==    by 0x77C95FB: dlopen_doit (dlopen.c:56)
==6492==    by 0x78ADB57: _dl_catch_exception (dl-error-skeleton.c:208)
==6492== 
==6492== 10 bytes in 1 blocks are possibly lost in loss record 99 of 427
==6492==    at 0x73E1899: malloc (in /mnt/c/Users/guido/ghq/projects/rustdom/.tools/valgrind/usr/libexec/valgrind/vgpreload_memcheck-amd64-linux.so)
==6492==    by 0x232471D2: _RNvXs0_NvMs_NtNtCs6i54tJFfzR_5alloc3ffi5c_strNtBa_7CString3newReNtB5_11SpecNewImpl13spec_new_impl (in /home/guido/rustdom-selection-result-OEvCXh/dist/rustdom.node)
==6492==    by 0x231F117F: _RNvMs2_NtNtCs4QMHp0v7l6B_4napi9js_values15object_propertyNtB5_8Property14with_utf8_name (in /home/guido/rustdom-selection-result-OEvCXh/dist/rustdom.node)
==6492==    by 0x2318A2CB: _RNvNvNtNtNtCs3Ir8cfnU9oH_7rustdom3dom4tree32___napi_impl_helper_NativeTree_1736___napi_register__NativeTree_impl_44420___ctor_private_inner (in /home/guido/rustdom-selection-result-OEvCXh/dist/rustdom.node)
==6492==    by 0x231B5185: _RNvNvNvNvNtNtNtCs3Ir8cfnU9oH_7rustdom3dom4tree32___napi_impl_helper_NativeTree_1736___napi_register__NativeTree_impl_4441__18___CTOR_PRIVATE_REF14___ctor_private (in /home/guido/rustdom-selection-result-OEvCXh/dist/rustdom.node)
==6492==    by 0x6B9F47D: call_init.part.0 (dl-init.c:70)
==6492==    by 0x6B9F567: call_init (dl-init.c:33)
==6492==    by 0x6B9F567: _dl_init (dl-init.c:117)
==6492==    by 0x78ADBB4: _dl_catch_exception (dl-error-skeleton.c:182)
==6492==    by 0x6BA6FF5: dl_open_worker (dl-open.c:808)
==6492==    by 0x6BA6FF5: dl_open_worker (dl-open.c:771)
==6492==    by 0x78ADB57: _dl_catch_exception (dl-error-skeleton.c:208)
==6492==    by 0x6BA734D: _dl_open (dl-open.c:883)
==6492==    by 0x77C95FB: dlopen_doit (dlopen.c:56)
==6492== 
==6492== 10 bytes in 1 blocks are possibly lost in loss record 100 of 427
==6492==    at 0x73E1899: malloc (in /mnt/c/Users/guido/ghq/projects/rustdom/.tools/valgrind/usr/libexec/valgrind/vgpreload_memcheck-amd64-linux.so)
==6492==    by 0x232471D2: _RNvXs0_NvMs_NtNtCs6i54tJFfzR_5alloc3ffi5c_strNtBa_7CString3newReNtB5_11SpecNewImpl13spec_new_impl (in /home/guido/rustdom-selection-result-OEvCXh/dist/rustdom.node)
==6492==    by 0x231F117F: _RNvMs2_NtNtCs4QMHp0v7l6B_4napi9js_values15object_propertyNtB5_8Property14with_utf8_name (in /home/guido/rustdom-selection-result-OEvCXh/dist/rustdom.node)
==6492==    by 0x2318BF73: _RNvNvNtNtNtCs3Ir8cfnU9oH_7rustdom3dom4tree32___napi_impl_helper_NativeTree_1736___napi_register__NativeTree_impl_44420___ctor_private_inner (in /home/guido/rustdom-selection-result-OEvCXh/dist/rustdom.node)
==6492==    by 0x231B5185: _RNvNvNvNvNtNtNtCs3Ir8cfnU9oH_7rustdom3dom4tree32___napi_impl_helper_NativeTree_1736___napi_register__NativeTree_impl_4441__18___CTOR_PRIVATE_REF14___ctor_private (in /home/guido/rustdom-selection-result-OEvCXh/dist/rustdom.node)
==6492==    by 0x6B9F47D: call_init.part.0 (dl-init.c:70)
==6492==    by 0x6B9F567: call_init (dl-init.c:33)
==6492==    by 0x6B9F567: _dl_init (dl-init.c:117)
==6492==    by 0x78ADBB4: _dl_catch_exception (dl-error-skeleton.c:182)
==6492==    by 0x6BA6FF5: dl_open_worker (dl-open.c:808)
==6492==    by 0x6BA6FF5: dl_open_worker (dl-open.c:771)
==6492==    by 0x78ADB57: _dl_catch_exception (dl-error-skeleton.c:208)
==6492==    by 0x6BA734D: _dl_open (dl-open.c:883)
==6492==    by 0x77C95FB: dlopen_doit (dlopen.c:56)
==6492== 
==6492== 10 bytes in 1 blocks are possibly lost in loss record 101 of 427
==6492==    at 0x73E1899: malloc (in /mnt/c/Users/guido/ghq/projects/rustdom/.tools/valgrind/usr/libexec/valgrind/vgpreload_memcheck-amd64-linux.so)
==6492==    by 0x232471D2: _RNvXs0_NvMs_NtNtCs6i54tJFfzR_5alloc3ffi5c_strNtBa_7CString3newReNtB5_11SpecNewImpl13spec_new_impl (in /home/guido/rustdom-selection-result-OEvCXh/dist/rustdom.node)
==6492==    by 0x231F117F: _RNvMs2_NtNtCs4QMHp0v7l6B_4napi9js_values15object_propertyNtB5_8Property14with_utf8_name (in /home/guido/rustdom-selection-result-OEvCXh/dist/rustdom.node)
==6492==    by 0x2318DD21: _RNvNvNtNtNtCs3Ir8cfnU9oH_7rustdom3dom4tree32___napi_impl_helper_NativeTree_1736___napi_register__NativeTree_impl_44420___ctor_private_inner (in /home/guido/rustdom-selection-result-OEvCXh/dist/rustdom.node)
==6492==    by 0x231B5185: _RNvNvNvNvNtNtNtCs3Ir8cfnU9oH_7rustdom3dom4tree32___napi_impl_helper_NativeTree_1736___napi_register__NativeTree_impl_4441__18___CTOR_PRIVATE_REF14___ctor_private (in /home/guido/rustdom-selection-result-OEvCXh/dist/rustdom.node)
==6492==    by 0x6B9F47D: call_init.part.0 (dl-init.c:70)
==6492==    by 0x6B9F567: call_init (dl-init.c:33)
==6492==    by 0x6B9F567: _dl_init (dl-init.c:117)
==6492==    by 0x78ADBB4: _dl_catch_exception (dl-error-skeleton.c:182)
==6492==    by 0x6BA6FF5: dl_open_worker (dl-open.c:808)
==6492==    by 0x6BA6FF5: dl_open_worker (dl-open.c:771)
==6492==    by 0x78ADB57: _dl_catch_exception (dl-error-skeleton.c:208)
==6492==    by 0x6BA734D: _dl_open (dl-open.c:883)
==6492==    by 0x77C95FB: dlopen_doit (dlopen.c:56)
==6492== 
==6492== 10 bytes in 1 blocks are possibly lost in loss record 102 of 427
==6492==    at 0x73E1899: malloc (in /mnt/c/Users/guido/ghq/projects/rustdom/.tools/valgrind/usr/libexec/valgrind/vgpreload_memcheck-amd64-linux.so)
==6492==    by 0x232471D2: _RNvXs0_NvMs_NtNtCs6i54tJFfzR_5alloc3ffi5c_strNtBa_7CString3newReNtB5_11SpecNewImpl13spec_new_impl (in /home/guido/rustdom-selection-result-OEvCXh/dist/rustdom.node)
==6492==    by 0x231F117F: _RNvMs2_NtNtCs4QMHp0v7l6B_4napi9js_values15object_propertyNtB5_8Property14with_utf8_name (in /home/guido/rustdom-selection-result-OEvCXh/dist/rustdom.node)
==6492==    by 0x23190BDA: _RNvNvNtNtNtCs3Ir8cfnU9oH_7rustdom3dom4tree32___napi_impl_helper_NativeTree_1736___napi_register__NativeTree_impl_44420___ctor_private_inner (in /home/guido/rustdom-selection-result-OEvCXh/dist/rustdom.node)
==6492==    by 0x231B5185: _RNvNvNvNvNtNtNtCs3Ir8cfnU9oH_7rustdom3dom4tree32___napi_impl_helper_NativeTree_1736___napi_register__NativeTree_impl_4441__18___CTOR_PRIVATE_REF14___ctor_private (in /home/guido/rustdom-selection-result-OEvCXh/dist/rustdom.node)
==6492==    by 0x6B9F47D: call_init.part.0 (dl-init.c:70)
==6492==    by 0x6B9F567: call_init (dl-init.c:33)
==6492==    by 0x6B9F567: _dl_init (dl-init.c:117)
==6492==    by 0x78ADBB4: _dl_catch_exception (dl-error-skeleton.c:182)
==6492==    by 0x6BA6FF5: dl_open_worker (dl-open.c:808)
==6492==    by 0x6BA6FF5: dl_open_worker (dl-open.c:771)
==6492==    by 0x78ADB57: _dl_catch_exception (dl-error-skeleton.c:208)
==6492==    by 0x6BA734D: _dl_open (dl-open.c:883)
==6492==    by 0x77C95FB: dlopen_doit (dlopen.c:56)
==6492== 
==6492== 10 bytes in 1 blocks are possibly lost in loss record 103 of 427
==6492==    at 0x73E1899: malloc (in /mnt/c/Users/guido/ghq/projects/rustdom/.tools/valgrind/usr/libexec/valgrind/vgpreload_memcheck-amd64-linux.so)
==6492==    by 0x232471D2: _RNvXs0_NvMs_NtNtCs6i54tJFfzR_5alloc3ffi5c_strNtBa_7CString3newReNtB5_11SpecNewImpl13spec_new_impl (in /home/guido/rustdom-selection-result-OEvCXh/dist/rustdom.node)
==6492==    by 0x231F117F: _RNvMs2_NtNtCs4QMHp0v7l6B_4napi9js_values15object_propertyNtB5_8Property14with_utf8_name (in /home/guido/rustdom-selection-result-OEvCXh/dist/rustdom.node)
==6492==    by 0x231B58D4: _RNvNvNvNvNtNtNtCs3Ir8cfnU9oH_7rustdom3xml7binding37___napi_impl_helper_NativeXmlParser_2241___napi_register__NativeXmlParser_impl_4951__18___CTOR_PRIVATE_REF14___ctor_private (in /home/guido/rustdom-selection-result-OEvCXh/dist/rustdom.node)
==6492==    by 0x6B9F47D: call_init.part.0 (dl-init.c:70)
==6492==    by 0x6B9F567: call_init (dl-init.c:33)
==6492==    by 0x6B9F567: _dl_init (dl-init.c:117)
==6492==    by 0x78ADBB4: _dl_catch_exception (dl-error-skeleton.c:182)
==6492==    by 0x6BA6FF5: dl_open_worker (dl-open.c:808)
==6492==    by 0x6BA6FF5: dl_open_worker (dl-open.c:771)
==6492==    by 0x78ADB57: _dl_catch_exception (dl-error-skeleton.c:208)
==6492==    by 0x6BA734D: _dl_open (dl-open.c:883)
==6492==    by 0x77C95FB: dlopen_doit (dlopen.c:56)
==6492==    by 0x78ADB57: _dl_catch_exception (dl-error-skeleton.c:208)
==6492== 
==6492== 11 bytes in 1 blocks are still reachable in loss record 104 of 427
==6492==    at 0x73E1899: malloc (in /mnt/c/Users/guido/ghq/projects/rustdom/.tools/valgrind/usr/libexec/valgrind/vgpreload_memcheck-amd64-linux.so)
==6492==    by 0x26DEC47: init_entry(char const*, char const*, UErrorCode*) (in /mnt/c/Users/guido/AppData/Local/Temp/rustdom-pr54-abort-retention-e991d78927094e13876cb3cd1a13dacf/.tools/node-v24.20.0-linux-x64/bin/node)
==6492==    by 0x26DFA7A: ures_openDirectFillIn_78 (in /mnt/c/Users/guido/AppData/Local/Temp/rustdom-pr54-abort-retention-e991d78927094e13876cb3cd1a13dacf/.tools/node-v24.20.0-linux-x64/bin/node)
==6492==    by 0x20ABD70: icu_78::TimeZone::getTZDataVersion(UErrorCode&) (in /mnt/c/Users/guido/AppData/Local/Temp/rustdom-pr54-abort-retention-e991d78927094e13876cb3cd1a13dacf/.tools/node-v24.20.0-linux-x64/bin/node)
==6492==    by 0x99B4CD: node::Metadata::Versions::InitializeIntlVersions() (in /mnt/c/Users/guido/AppData/Local/Temp/rustdom-pr54-abort-retention-e991d78927094e13876cb3cd1a13dacf/.tools/node-v24.20.0-linux-x64/bin/node)
==6492==    by 0x8C3FB9: node::InitializeNodeWithArgsInternal(std::vector<std::__cxx11::basic_string<char, std::char_traits<char>, std::allocator<char> >, std::allocator<std::__cxx11::basic_string<char, std::char_traits<char>, std::allocator<char> > > >*, std::vector<std::__cxx11::basic_string<char, std::char_traits<char>, std::allocator<char> >, std::allocator<std::__cxx11::basic_string<char, std::char_traits<char>, std::allocator<char> > > >*, std::vector<std::__cxx11::basic_string<char, std::char_traits<char>, std::allocator<char> >, std::allocator<std::__cxx11::basic_string<char, std::char_traits<char>, std::allocator<char> > > >*, node::ProcessInitializationFlags::Flags) (in /mnt/c/Users/guido/AppData/Local/Temp/rustdom-pr54-abort-retention-e991d78927094e13876cb3cd1a13dacf/.tools/node-v24.20.0-linux-x64/bin/node)
==6492==    by 0x8C61BE: node::InitializeOncePerProcessInternal(std::vector<std::__cxx11::basic_string<char, std::char_traits<char>, std::allocator<char> >, std::allocator<std::__cxx11::basic_string<char, std::char_traits<char>, std::allocator<char> > > > const&, node::ProcessInitializationFlags::Flags) (in /mnt/c/Users/guido/AppData/Local/Temp/rustdom-pr54-abort-retention-e991d78927094e13876cb3cd1a13dacf/.tools/node-v24.20.0-linux-x64/bin/node)
==6492==    by 0x8C6F7B: node::Start(int, char**) (in /mnt/c/Users/guido/AppData/Local/Temp/rustdom-pr54-abort-retention-e991d78927094e13876cb3cd1a13dacf/.tools/node-v24.20.0-linux-x64/bin/node)
==6492==    by 0x7762D8F: (below main) (libc_start_call_main.h:58)
==6492== 
==6492== 11 bytes in 1 blocks are possibly lost in loss record 105 of 427
==6492==    at 0x73E1899: malloc (in /mnt/c/Users/guido/ghq/projects/rustdom/.tools/valgrind/usr/libexec/valgrind/vgpreload_memcheck-amd64-linux.so)
==6492==    by 0x232471D2: _RNvXs0_NvMs_NtNtCs6i54tJFfzR_5alloc3ffi5c_strNtBa_7CString3newReNtB5_11SpecNewImpl13spec_new_impl (in /home/guido/rustdom-selection-result-OEvCXh/dist/rustdom.node)
==6492==    by 0x231F117F: _RNvMs2_NtNtCs4QMHp0v7l6B_4napi9js_values15object_propertyNtB5_8Property14with_utf8_name (in /home/guido/rustdom-selection-result-OEvCXh/dist/rustdom.node)
==6492==    by 0x2319BBE4: _RNvNvNvNvNtNtNtCs3Ir8cfnU9oH_7rustdom3dom12blob_binding39___napi_impl_helper_NativeBlobMetadata_143___napi_register__NativeBlobMetadata_impl_301__18___CTOR_PRIVATE_REF14___ctor_private (in /home/guido/rustdom-selection-result-OEvCXh/dist/rustdom.node)
==6492==    by 0x6B9F47D: call_init.part.0 (dl-init.c:70)
==6492==    by 0x6B9F567: call_init (dl-init.c:33)
==6492==    by 0x6B9F567: _dl_init (dl-init.c:117)
==6492==    by 0x78ADBB4: _dl_catch_exception (dl-error-skeleton.c:182)
==6492==    by 0x6BA6FF5: dl_open_worker (dl-open.c:808)
==6492==    by 0x6BA6FF5: dl_open_worker (dl-open.c:771)
==6492==    by 0x78ADB57: _dl_catch_exception (dl-error-skeleton.c:208)
==6492==    by 0x6BA734D: _dl_open (dl-open.c:883)
==6492==    by 0x77C95FB: dlopen_doit (dlopen.c:56)
==6492==    by 0x78ADB57: _dl_catch_exception (dl-error-skeleton.c:208)
==6492== 
==6492== 11 bytes in 1 blocks are possibly lost in loss record 106 of 427
==6492==    at 0x73E1899: malloc (in /mnt/c/Users/guido/ghq/projects/rustdom/.tools/valgrind/usr/libexec/valgrind/vgpreload_memcheck-amd64-linux.so)
==6492==    by 0x232471D2: _RNvXs0_NvMs_NtNtCs6i54tJFfzR_5alloc3ffi5c_strNtBa_7CString3newReNtB5_11SpecNewImpl13spec_new_impl (in /home/guido/rustdom-selection-result-OEvCXh/dist/rustdom.node)
==6492==    by 0x231F117F: _RNvMs2_NtNtCs4QMHp0v7l6B_4napi9js_values15object_propertyNtB5_8Property14with_utf8_name (in /home/guido/rustdom-selection-result-OEvCXh/dist/rustdom.node)
==6492==    by 0x2319CA54: _RNvNvNvNvNtNtNtCs3Ir8cfnU9oH_7rustdom3dom16dom_rect_binding34___napi_impl_helper_NativeDomRect_238___napi_register__NativeDomRect_impl_521__18___CTOR_PRIVATE_REF14___ctor_private (in /home/guido/rustdom-selection-result-OEvCXh/dist/rustdom.node)
==6492==    by 0x6B9F47D: call_init.part.0 (dl-init.c:70)
==6492==    by 0x6B9F567: call_init (dl-init.c:33)
==6492==    by 0x6B9F567: _dl_init (dl-init.c:117)
==6492==    by 0x78ADBB4: _dl_catch_exception (dl-error-skeleton.c:182)
==6492==    by 0x6BA6FF5: dl_open_worker (dl-open.c:808)
==6492==    by 0x6BA6FF5: dl_open_worker (dl-open.c:771)
==6492==    by 0x78ADB57: _dl_catch_exception (dl-error-skeleton.c:208)
==6492==    by 0x6BA734D: _dl_open (dl-open.c:883)
==6492==    by 0x77C95FB: dlopen_doit (dlopen.c:56)
==6492==    by 0x78ADB57: _dl_catch_exception (dl-error-skeleton.c:208)
==6492== 
==6492== 11 bytes in 1 blocks are possibly lost in loss record 107 of 427
==6492==    at 0x73E1899: malloc (in /mnt/c/Users/guido/ghq/projects/rustdom/.tools/valgrind/usr/libexec/valgrind/vgpreload_memcheck-amd64-linux.so)
==6492==    by 0x232471D2: _RNvXs0_NvMs_NtNtCs6i54tJFfzR_5alloc3ffi5c_strNtBa_7CString3newReNtB5_11SpecNewImpl13spec_new_impl (in /home/guido/rustdom-selection-result-OEvCXh/dist/rustdom.node)
==6492==    by 0x231F117F: _RNvMs2_NtNtCs4QMHp0v7l6B_4napi9js_values15object_propertyNtB5_8Property14with_utf8_name (in /home/guido/rustdom-selection-result-OEvCXh/dist/rustdom.node)
==6492==    by 0x2319E99F: _RNvNvNvNvNtNtNtCs3Ir8cfnU9oH_7rustdom3dom17form_data_binding42___napi_impl_helper_NativeFormDataEntries_647___napi_register__NativeFormDataEntries_impl_1371__18___CTOR_PRIVATE_REF14___ctor_private (in /home/guido/rustdom-selection-result-OEvCXh/dist/rustdom.node)
==6492==    by 0x6B9F47D: call_init.part.0 (dl-init.c:70)
==6492==    by 0x6B9F567: call_init (dl-init.c:33)
==6492==    by 0x6B9F567: _dl_init (dl-init.c:117)
==6492==    by 0x78ADBB4: _dl_catch_exception (dl-error-skeleton.c:182)
==6492==    by 0x6BA6FF5: dl_open_worker (dl-open.c:808)
==6492==    by 0x6BA6FF5: dl_open_worker (dl-open.c:771)
==6492==    by 0x78ADB57: _dl_catch_exception (dl-error-skeleton.c:208)
==6492==    by 0x6BA734D: _dl_open (dl-open.c:883)
==6492==    by 0x77C95FB: dlopen_doit (dlopen.c:56)
==6492==    by 0x78ADB57: _dl_catch_exception (dl-error-skeleton.c:208)
==6492== 
==6492== 11 bytes in 1 blocks are possibly lost in loss record 108 of 427
==6492==    at 0x73E1899: malloc (in /mnt/c/Users/guido/ghq/projects/rustdom/.tools/valgrind/usr/libexec/valgrind/vgpreload_memcheck-amd64-linux.so)
==6492==    by 0x232471D2: _RNvXs0_NvMs_NtNtCs6i54tJFfzR_5alloc3ffi5c_strNtBa_7CString3newReNtB5_11SpecNewImpl13spec_new_impl (in /home/guido/rustdom-selection-result-OEvCXh/dist/rustdom.node)
==6492==    by 0x231F117F: _RNvMs2_NtNtCs4QMHp0v7l6B_4napi9js_values15object_propertyNtB5_8Property14with_utf8_name (in /home/guido/rustdom-selection-result-OEvCXh/dist/rustdom.node)
==6492==    by 0x231A02EF: _RNvNvNvNvNtNtNtCs3Ir8cfnU9oH_7rustdom3dom17selection_binding42___napi_impl_helper_NativeSelectionState_1246___napi_register__NativeSelectionState_impl_2341__18___CTOR_PRIVATE_REF14___ctor_private (in /home/guido/rustdom-selection-result-OEvCXh/dist/rustdom.node)
==6492==    by 0x6B9F47D: call_init.part.0 (dl-init.c:70)
==6492==    by 0x6B9F567: call_init (dl-init.c:33)
==6492==    by 0x6B9F567: _dl_init (dl-init.c:117)
==6492==    by 0x78ADBB4: _dl_catch_exception (dl-error-skeleton.c:182)
==6492==    by 0x6BA6FF5: dl_open_worker (dl-open.c:808)
==6492==    by 0x6BA6FF5: dl_open_worker (dl-open.c:771)
==6492==    by 0x78ADB57: _dl_catch_exception (dl-error-skeleton.c:208)
==6492==    by 0x6BA734D: _dl_open (dl-open.c:883)
==6492==    by 0x77C95FB: dlopen_doit (dlopen.c:56)
==6492==    by 0x78ADB57: _dl_catch_exception (dl-error-skeleton.c:208)
==6492== 
==6492== 11 bytes in 1 blocks are possibly lost in loss record 109 of 427
==6492==    at 0x73E1899: malloc (in /mnt/c/Users/guido/ghq/projects/rustdom/.tools/valgrind/usr/libexec/valgrind/vgpreload_memcheck-amd64-linux.so)
==6492==    by 0x232471D2: _RNvXs0_NvMs_NtNtCs6i54tJFfzR_5alloc3ffi5c_strNtBa_7CString3newReNtB5_11SpecNewImpl13spec_new_impl (in /home/guido/rustdom-selection-result-OEvCXh/dist/rustdom.node)
==6492==    by 0x231F117F: _RNvMs2_NtNtCs4QMHp0v7l6B_4napi9js_values15object_propertyNtB5_8Property14with_utf8_name (in /home/guido/rustdom-selection-result-OEvCXh/dist/rustdom.node)
==6492==    by 0x231A165B: _RNvNvNvNvNtNtNtCs3Ir8cfnU9oH_7rustdom3dom18token_list_binding37___napi_impl_helper_NativeTokenList_1441___napi_register__NativeTokenList_impl_2621__18___CTOR_PRIVATE_REF14___ctor_private (in /home/guido/rustdom-selection-result-OEvCXh/dist/rustdom.node)
==6492==    by 0x6B9F47D: call_init.part.0 (dl-init.c:70)
==6492==    by 0x6B9F567: call_init (dl-init.c:33)
==6492==    by 0x6B9F567: _dl_init (dl-init.c:117)
==6492==    by 0x78ADBB4: _dl_catch_exception (dl-error-skeleton.c:182)
==6492==    by 0x6BA6FF5: dl_open_worker (dl-open.c:808)
==6492==    by 0x6BA6FF5: dl_open_worker (dl-open.c:771)
==6492==    by 0x78ADB57: _dl_catch_exception (dl-error-skeleton.c:208)
==6492==    by 0x6BA734D: _dl_open (dl-open.c:883)
==6492==    by 0x77C95FB: dlopen_doit (dlopen.c:56)
==6492==    by 0x78ADB57: _dl_catch_exception (dl-error-skeleton.c:208)
==6492== 
==6492== 11 bytes in 1 blocks are possibly lost in loss record 110 of 427
==6492==    at 0x73E1899: malloc (in /mnt/c/Users/guido/ghq/projects/rustdom/.tools/valgrind/usr/libexec/valgrind/vgpreload_memcheck-amd64-linux.so)
==6492==    by 0x232471D2: _RNvXs0_NvMs_NtNtCs6i54tJFfzR_5alloc3ffi5c_strNtBa_7CString3newReNtB5_11SpecNewImpl13spec_new_impl (in /home/guido/rustdom-selection-result-OEvCXh/dist/rustdom.node)
==6492==    by 0x231F117F: _RNvMs2_NtNtCs4QMHp0v7l6B_4napi9js_values15object_propertyNtB5_8Property14with_utf8_name (in /home/guido/rustdom-selection-result-OEvCXh/dist/rustdom.node)
==6492==    by 0x231A174F: _RNvNvNvNvNtNtNtCs3Ir8cfnU9oH_7rustdom3dom18token_list_binding37___napi_impl_helper_NativeTokenList_1441___napi_register__NativeTokenList_impl_2621__18___CTOR_PRIVATE_REF14___ctor_private (in /home/guido/rustdom-selection-result-OEvCXh/dist/rustdom.node)
==6492==    by 0x6B9F47D: call_init.part.0 (dl-init.c:70)
==6492==    by 0x6B9F567: call_init (dl-init.c:33)
==6492==    by 0x6B9F567: _dl_init (dl-init.c:117)
==6492==    by 0x78ADBB4: _dl_catch_exception (dl-error-skeleton.c:182)
==6492==    by 0x6BA6FF5: dl_open_worker (dl-open.c:808)
==6492==    by 0x6BA6FF5: dl_open_worker (dl-open.c:771)
==6492==    by 0x78ADB57: _dl_catch_exception (dl-error-skeleton.c:208)
==6492==    by 0x6BA734D: _dl_open (dl-open.c:883)
==6492==    by 0x77C95FB: dlopen_doit (dlopen.c:56)
==6492==    by 0x78ADB57: _dl_catch_exception (dl-error-skeleton.c:208)
==6492== 
==6492== 11 bytes in 1 blocks are possibly lost in loss record 111 of 427
==6492==    at 0x73E1899: malloc (in /mnt/c/Users/guido/ghq/projects/rustdom/.tools/valgrind/usr/libexec/valgrind/vgpreload_memcheck-amd64-linux.so)
==6492==    by 0x232471D2: _RNvXs0_NvMs_NtNtCs6i54tJFfzR_5alloc3ffi5c_strNtBa_7CString3newReNtB5_11SpecNewImpl13spec_new_impl (in /home/guido/rustdom-selection-result-OEvCXh/dist/rustdom.node)
==6492==    by 0x231F117F: _RNvMs2_NtNtCs4QMHp0v7l6B_4napi9js_values15object_propertyNtB5_8Property14with_utf8_name (in /home/guido/rustdom-selection-result-OEvCXh/dist/rustdom.node)
==6492==    by 0x231A2997: _RNvNvNvNvNtNtNtCs3Ir8cfnU9oH_7rustdom3dom19abort_state_binding37___napi_impl_helper_NativeAbortState_041___napi_register__NativeAbortState_impl_201__18___CTOR_PRIVATE_REF14___ctor_private (in /home/guido/rustdom-selection-result-OEvCXh/dist/rustdom.node)
==6492==    by 0x6B9F47D: call_init.part.0 (dl-init.c:70)
==6492==    by 0x6B9F567: call_init (dl-init.c:33)
==6492==    by 0x6B9F567: _dl_init (dl-init.c:117)
==6492==    by 0x78ADBB4: _dl_catch_exception (dl-error-skeleton.c:182)
==6492==    by 0x6BA6FF5: dl_open_worker (dl-open.c:808)
==6492==    by 0x6BA6FF5: dl_open_worker (dl-open.c:771)
==6492==    by 0x78ADB57: _dl_catch_exception (dl-error-skeleton.c:208)
==6492==    by 0x6BA734D: _dl_open (dl-open.c:883)
==6492==    by 0x77C95FB: dlopen_doit (dlopen.c:56)
==6492==    by 0x78ADB57: _dl_catch_exception (dl-error-skeleton.c:208)
==6492== 
==6492== 11 bytes in 1 blocks are possibly lost in loss record 112 of 427
==6492==    at 0x73E1899: malloc (in /mnt/c/Users/guido/ghq/projects/rustdom/.tools/valgrind/usr/libexec/valgrind/vgpreload_memcheck-amd64-linux.so)
==6492==    by 0x232471D2: _RNvXs0_NvMs_NtNtCs6i54tJFfzR_5alloc3ffi5c_strNtBa_7CString3newReNtB5_11SpecNewImpl13spec_new_impl (in /home/guido/rustdom-selection-result-OEvCXh/dist/rustdom.node)
==6492==    by 0x231F117F: _RNvMs2_NtNtCs4QMHp0v7l6B_4napi9js_values15object_propertyNtB5_8Property14with_utf8_name (in /home/guido/rustdom-selection-result-OEvCXh/dist/rustdom.node)
==6492==    by 0x231A3BFB: _RNvNvNvNvNtNtNtCs3Ir8cfnU9oH_7rustdom3dom19event_state_binding37___napi_impl_helper_NativeEventState_442___napi_register__NativeEventState_impl_1041__18___CTOR_PRIVATE_REF14___ctor_private (in /home/guido/rustdom-selection-result-OEvCXh/dist/rustdom.node)
==6492==    by 0x6B9F47D: call_init.part.0 (dl-init.c:70)
==6492==    by 0x6B9F567: call_init (dl-init.c:33)
==6492==    by 0x6B9F567: _dl_init (dl-init.c:117)
==6492==    by 0x78ADBB4: _dl_catch_exception (dl-error-skeleton.c:182)
==6492==    by 0x6BA6FF5: dl_open_worker (dl-open.c:808)
==6492==    by 0x6BA6FF5: dl_open_worker (dl-open.c:771)
==6492==    by 0x78ADB57: _dl_catch_exception (dl-error-skeleton.c:208)
==6492==    by 0x6BA734D: _dl_open (dl-open.c:883)
==6492==    by 0x77C95FB: dlopen_doit (dlopen.c:56)
==6492==    by 0x78ADB57: _dl_catch_exception (dl-error-skeleton.c:208)
==6492== 
==6492== 11 bytes in 1 blocks are possibly lost in loss record 113 of 427
==6492==    at 0x73E1899: malloc (in /mnt/c/Users/guido/ghq/projects/rustdom/.tools/valgrind/usr/libexec/valgrind/vgpreload_memcheck-amd64-linux.so)
==6492==    by 0x232471D2: _RNvXs0_NvMs_NtNtCs6i54tJFfzR_5alloc3ffi5c_strNtBa_7CString3newReNtB5_11SpecNewImpl13spec_new_impl (in /home/guido/rustdom-selection-result-OEvCXh/dist/rustdom.node)
==6492==    by 0x231F117F: _RNvMs2_NtNtCs4QMHp0v7l6B_4napi9js_values15object_propertyNtB5_8Property14with_utf8_name (in /home/guido/rustdom-selection-result-OEvCXh/dist/rustdom.node)
==6492==    by 0x231A3F0E: _RNvNvNvNvNtNtNtCs3Ir8cfnU9oH_7rustdom3dom19event_state_binding37___napi_impl_helper_NativeEventState_442___napi_register__NativeEventState_impl_1041__18___CTOR_PRIVATE_REF14___ctor_private (in /home/guido/rustdom-selection-result-OEvCXh/dist/rustdom.node)
==6492==    by 0x6B9F47D: call_init.part.0 (dl-init.c:70)
==6492==    by 0x6B9F567: call_init (dl-init.c:33)
==6492==    by 0x6B9F567: _dl_init (dl-init.c:117)
==6492==    by 0x78ADBB4: _dl_catch_exception (dl-error-skeleton.c:182)
==6492==    by 0x6BA6FF5: dl_open_worker (dl-open.c:808)
==6492==    by 0x6BA6FF5: dl_open_worker (dl-open.c:771)
==6492==    by 0x78ADB57: _dl_catch_exception (dl-error-skeleton.c:208)
==6492==    by 0x6BA734D: _dl_open (dl-open.c:883)
==6492==    by 0x77C95FB: dlopen_doit (dlopen.c:56)
==6492==    by 0x78ADB57: _dl_catch_exception (dl-error-skeleton.c:208)
==6492== 
==6492== 11 bytes in 1 blocks are possibly lost in loss record 114 of 427
==6492==    at 0x73E1899: malloc (in /mnt/c/Users/guido/ghq/projects/rustdom/.tools/valgrind/usr/libexec/valgrind/vgpreload_memcheck-amd64-linux.so)
==6492==    by 0x232471D2: _RNvXs0_NvMs_NtNtCs6i54tJFfzR_5alloc3ffi5c_strNtBa_7CString3newReNtB5_11SpecNewImpl13spec_new_impl (in /home/guido/rustdom-selection-result-OEvCXh/dist/rustdom.node)
==6492==    by 0x231F117F: _RNvMs2_NtNtCs4QMHp0v7l6B_4napi9js_values15object_propertyNtB5_8Property14with_utf8_name (in /home/guido/rustdom-selection-result-OEvCXh/dist/rustdom.node)
==6492==    by 0x231A440C: _RNvNvNvNvNtNtNtCs3Ir8cfnU9oH_7rustdom3dom19event_state_binding37___napi_impl_helper_NativeEventState_442___napi_register__NativeEventState_impl_1041__18___CTOR_PRIVATE_REF14___ctor_private (in /home/guido/rustdom-selection-result-OEvCXh/dist/rustdom.node)
==6492==    by 0x6B9F47D: call_init.part.0 (dl-init.c:70)
==6492==    by 0x6B9F567: call_init (dl-init.c:33)
==6492==    by 0x6B9F567: _dl_init (dl-init.c:117)
==6492==    by 0x78ADBB4: _dl_catch_exception (dl-error-skeleton.c:182)
==6492==    by 0x6BA6FF5: dl_open_worker (dl-open.c:808)
==6492==    by 0x6BA6FF5: dl_open_worker (dl-open.c:771)
==6492==    by 0x78ADB57: _dl_catch_exception (dl-error-skeleton.c:208)
==6492==    by 0x6BA734D: _dl_open (dl-open.c:883)
==6492==    by 0x77C95FB: dlopen_doit (dlopen.c:56)
==6492==    by 0x78ADB57: _dl_catch_exception (dl-error-skeleton.c:208)
==6492== 
==6492== 11 bytes in 1 blocks are possibly lost in loss record 115 of 427
==6492==    at 0x73E1899: malloc (in /mnt/c/Users/guido/ghq/projects/rustdom/.tools/valgrind/usr/libexec/valgrind/vgpreload_memcheck-amd64-linux.so)
==6492==    by 0x232471D2: _RNvXs0_NvMs_NtNtCs6i54tJFfzR_5alloc3ffi5c_strNtBa_7CString3newReNtB5_11SpecNewImpl13spec_new_impl (in /home/guido/rustdom-selection-result-OEvCXh/dist/rustdom.node)
==6492==    by 0x231F117F: _RNvMs2_NtNtCs4QMHp0v7l6B_4napi9js_values15object_propertyNtB5_8Property14with_utf8_name (in /home/guido/rustdom-selection-result-OEvCXh/dist/rustdom.node)
==6492==    by 0x231A4824: _RNvNvNvNvNtNtNtCs3Ir8cfnU9oH_7rustdom3dom19event_state_binding37___napi_impl_helper_NativeEventState_442___napi_register__NativeEventState_impl_1041__18___CTOR_PRIVATE_REF14___ctor_private (in /home/guido/rustdom-selection-result-OEvCXh/dist/rustdom.node)
==6492==    by 0x6B9F47D: call_init.part.0 (dl-init.c:70)
==6492==    by 0x6B9F567: call_init (dl-init.c:33)
==6492==    by 0x6B9F567: _dl_init (dl-init.c:117)
==6492==    by 0x78ADBB4: _dl_catch_exception (dl-error-skeleton.c:182)
==6492==    by 0x6BA6FF5: dl_open_worker (dl-open.c:808)
==6492==    by 0x6BA6FF5: dl_open_worker (dl-open.c:771)
==6492==    by 0x78ADB57: _dl_catch_exception (dl-error-skeleton.c:208)
==6492==    by 0x6BA734D: _dl_open (dl-open.c:883)
==6492==    by 0x77C95FB: dlopen_doit (dlopen.c:56)
==6492==    by 0x78ADB57: _dl_catch_exception (dl-error-skeleton.c:208)
==6492== 
==6492== 11 bytes in 1 blocks are possibly lost in loss record 116 of 427
==6492==    at 0x73E1899: malloc (in /mnt/c/Users/guido/ghq/projects/rustdom/.tools/valgrind/usr/libexec/valgrind/vgpreload_memcheck-amd64-linux.so)
==6492==    by 0x232471D2: _RNvXs0_NvMs_NtNtCs6i54tJFfzR_5alloc3ffi5c_strNtBa_7CString3newReNtB5_11SpecNewImpl13spec_new_impl (in /home/guido/rustdom-selection-result-OEvCXh/dist/rustdom.node)
==6492==    by 0x231F117F: _RNvMs2_NtNtCs4QMHp0v7l6B_4napi9js_values15object_propertyNtB5_8Property14with_utf8_name (in /home/guido/rustdom-selection-result-OEvCXh/dist/rustdom.node)
==6492==    by 0x231A4F4E: _RNvNvNvNvNtNtNtCs3Ir8cfnU9oH_7rustdom3dom19event_state_binding37___napi_impl_helper_NativeEventState_442___napi_register__NativeEventState_impl_1041__18___CTOR_PRIVATE_REF14___ctor_private (in /home/guido/rustdom-selection-result-OEvCXh/dist/rustdom.node)
==6492==    by 0x6B9F47D: call_init.part.0 (dl-init.c:70)
==6492==    by 0x6B9F567: call_init (dl-init.c:33)
==6492==    by 0x6B9F567: _dl_init (dl-init.c:117)
==6492==    by 0x78ADBB4: _dl_catch_exception (dl-error-skeleton.c:182)
==6492==    by 0x6BA6FF5: dl_open_worker (dl-open.c:808)
==6492==    by 0x6BA6FF5: dl_open_worker (dl-open.c:771)
==6492==    by 0x78ADB57: _dl_catch_exception (dl-error-skeleton.c:208)
==6492==    by 0x6BA734D: _dl_open (dl-open.c:883)
==6492==    by 0x77C95FB: dlopen_doit (dlopen.c:56)
==6492==    by 0x78ADB57: _dl_catch_exception (dl-error-skeleton.c:208)
==6492== 
==6492== 11 bytes in 1 blocks are possibly lost in loss record 117 of 427
==6492==    at 0x73E1899: malloc (in /mnt/c/Users/guido/ghq/projects/rustdom/.tools/valgrind/usr/libexec/valgrind/vgpreload_memcheck-amd64-linux.so)
==6492==    by 0x232471D2: _RNvXs0_NvMs_NtNtCs6i54tJFfzR_5alloc3ffi5c_strNtBa_7CString3newReNtB5_11SpecNewImpl13spec_new_impl (in /home/guido/rustdom-selection-result-OEvCXh/dist/rustdom.node)
==6492==    by 0x231F117F: _RNvMs2_NtNtCs4QMHp0v7l6B_4napi9js_values15object_propertyNtB5_8Property14with_utf8_name (in /home/guido/rustdom-selection-result-OEvCXh/dist/rustdom.node)
==6492==    by 0x231A73E0: _RNvNvNvNvNtNtNtCs3Ir8cfnU9oH_7rustdom3dom19file_reader_binding42___napi_impl_helper_NativeFileReaderState_547___napi_register__NativeFileReaderState_impl_1151__18___CTOR_PRIVATE_REF14___ctor_private (in /home/guido/rustdom-selection-result-OEvCXh/dist/rustdom.node)
==6492==    by 0x6B9F47D: call_init.part.0 (dl-init.c:70)
==6492==    by 0x6B9F567: call_init (dl-init.c:33)
==6492==    by 0x6B9F567: _dl_init (dl-init.c:117)
==6492==    by 0x78ADBB4: _dl_catch_exception (dl-error-skeleton.c:182)
==6492==    by 0x6BA6FF5: dl_open_worker (dl-open.c:808)
==6492==    by 0x6BA6FF5: dl_open_worker (dl-open.c:771)
==6492==    by 0x78ADB57: _dl_catch_exception (dl-error-skeleton.c:208)
==6492==    by 0x6BA734D: _dl_open (dl-open.c:883)
==6492==    by 0x77C95FB: dlopen_doit (dlopen.c:56)
==6492==    by 0x78ADB57: _dl_catch_exception (dl-error-skeleton.c:208)
==6492== 
==6492== 11 bytes in 1 blocks are possibly lost in loss record 118 of 427
==6492==    at 0x73E1899: malloc (in /mnt/c/Users/guido/ghq/projects/rustdom/.tools/valgrind/usr/libexec/valgrind/vgpreload_memcheck-amd64-linux.so)
==6492==    by 0x232471D2: _RNvXs0_NvMs_NtNtCs6i54tJFfzR_5alloc3ffi5c_strNtBa_7CString3newReNtB5_11SpecNewImpl13spec_new_impl (in /home/guido/rustdom-selection-result-OEvCXh/dist/rustdom.node)
==6492==    by 0x231F117F: _RNvMs2_NtNtCs4QMHp0v7l6B_4napi9js_values15object_propertyNtB5_8Property14with_utf8_name (in /home/guido/rustdom-selection-result-OEvCXh/dist/rustdom.node)
==6492==    by 0x231A75EC: _RNvNvNvNvNtNtNtCs3Ir8cfnU9oH_7rustdom3dom19file_reader_binding42___napi_impl_helper_NativeFileReaderState_547___napi_register__NativeFileReaderState_impl_1151__18___CTOR_PRIVATE_REF14___ctor_private (in /home/guido/rustdom-selection-result-OEvCXh/dist/rustdom.node)
==6492==    by 0x6B9F47D: call_init.part.0 (dl-init.c:70)
==6492==    by 0x6B9F567: call_init (dl-init.c:33)
==6492==    by 0x6B9F567: _dl_init (dl-init.c:117)
==6492==    by 0x78ADBB4: _dl_catch_exception (dl-error-skeleton.c:182)
==6492==    by 0x6BA6FF5: dl_open_worker (dl-open.c:808)
==6492==    by 0x6BA6FF5: dl_open_worker (dl-open.c:771)
==6492==    by 0x78ADB57: _dl_catch_exception (dl-error-skeleton.c:208)
==6492==    by 0x6BA734D: _dl_open (dl-open.c:883)
==6492==    by 0x77C95FB: dlopen_doit (dlopen.c:56)
==6492==    by 0x78ADB57: _dl_catch_exception (dl-error-skeleton.c:208)
==6492== 
==6492== 11 bytes in 1 blocks are possibly lost in loss record 119 of 427
==6492==    at 0x73E1899: malloc (in /mnt/c/Users/guido/ghq/projects/rustdom/.tools/valgrind/usr/libexec/valgrind/vgpreload_memcheck-amd64-linux.so)
==6492==    by 0x232471D2: _RNvXs0_NvMs_NtNtCs6i54tJFfzR_5alloc3ffi5c_strNtBa_7CString3newReNtB5_11SpecNewImpl13spec_new_impl (in /home/guido/rustdom-selection-result-OEvCXh/dist/rustdom.node)
==6492==    by 0x231F117F: _RNvMs2_NtNtCs4QMHp0v7l6B_4napi9js_values15object_propertyNtB5_8Property14with_utf8_name (in /home/guido/rustdom-selection-result-OEvCXh/dist/rustdom.node)
==6492==    by 0x231A7697: _RNvNvNvNvNtNtNtCs3Ir8cfnU9oH_7rustdom3dom19file_reader_binding42___napi_impl_helper_NativeFileReaderState_547___napi_register__NativeFileReaderState_impl_1151__18___CTOR_PRIVATE_REF14___ctor_private (in /home/guido/rustdom-selection-result-OEvCXh/dist/rustdom.node)
==6492==    by 0x6B9F47D: call_init.part.0 (dl-init.c:70)
==6492==    by 0x6B9F567: call_init (dl-init.c:33)
==6492==    by 0x6B9F567: _dl_init (dl-init.c:117)
==6492==    by 0x78ADBB4: _dl_catch_exception (dl-error-skeleton.c:182)
==6492==    by 0x6BA6FF5: dl_open_worker (dl-open.c:808)
==6492==    by 0x6BA6FF5: dl_open_worker (dl-open.c:771)
==6492==    by 0x78ADB57: _dl_catch_exception (dl-error-skeleton.c:208)
==6492==    by 0x6BA734D: _dl_open (dl-open.c:883)
==6492==    by 0x77C95FB: dlopen_doit (dlopen.c:56)
==6492==    by 0x78ADB57: _dl_catch_exception (dl-error-skeleton.c:208)
==6492== 
==6492== 11 bytes in 1 blocks are possibly lost in loss record 120 of 427
==6492==    at 0x73E1899: malloc (in /mnt/c/Users/guido/ghq/projects/rustdom/.tools/valgrind/usr/libexec/valgrind/vgpreload_memcheck-amd64-linux.so)
==6492==    by 0x232471D2: _RNvXs0_NvMs_NtNtCs6i54tJFfzR_5alloc3ffi5c_strNtBa_7CString3newReNtB5_11SpecNewImpl13spec_new_impl (in /home/guido/rustdom-selection-result-OEvCXh/dist/rustdom.node)
==6492==    by 0x231F117F: _RNvMs2_NtNtCs4QMHp0v7l6B_4napi9js_values15object_propertyNtB5_8Property14with_utf8_name (in /home/guido/rustdom-selection-result-OEvCXh/dist/rustdom.node)
==6492==    by 0x231A82BB: _RNvNvNvNvNtNtNtCs3Ir8cfnU9oH_7rustdom3dom19range_clone_binding37___napi_impl_helper_NativeRangeClone_942___napi_register__NativeRangeClone_impl_1851__18___CTOR_PRIVATE_REF14___ctor_private (in /home/guido/rustdom-selection-result-OEvCXh/dist/rustdom.node)
==6492==    by 0x6B9F47D: call_init.part.0 (dl-init.c:70)
==6492==    by 0x6B9F567: call_init (dl-init.c:33)
==6492==    by 0x6B9F567: _dl_init (dl-init.c:117)
==6492==    by 0x78ADBB4: _dl_catch_exception (dl-error-skeleton.c:182)
==6492==    by 0x6BA6FF5: dl_open_worker (dl-open.c:808)
==6492==    by 0x6BA6FF5: dl_open_worker (dl-open.c:771)
==6492==    by 0x78ADB57: _dl_catch_exception (dl-error-skeleton.c:208)
==6492==    by 0x6BA734D: _dl_open (dl-open.c:883)
==6492==    by 0x77C95FB: dlopen_doit (dlopen.c:56)
==6492==    by 0x78ADB57: _dl_catch_exception (dl-error-skeleton.c:208)
==6492== 
==6492== 11 bytes in 1 blocks are possibly lost in loss record 121 of 427
==6492==    at 0x73E1899: malloc (in /mnt/c/Users/guido/ghq/projects/rustdom/.tools/valgrind/usr/libexec/valgrind/vgpreload_memcheck-amd64-linux.so)
==6492==    by 0x232471D2: _RNvXs0_NvMs_NtNtCs6i54tJFfzR_5alloc3ffi5c_strNtBa_7CString3newReNtB5_11SpecNewImpl13spec_new_impl (in /home/guido/rustdom-selection-result-OEvCXh/dist/rustdom.node)
==6492==    by 0x231F117F: _RNvMs2_NtNtCs4QMHp0v7l6B_4napi9js_values15object_propertyNtB5_8Property14with_utf8_name (in /home/guido/rustdom-selection-result-OEvCXh/dist/rustdom.node)
==6492==    by 0x231A920C: _RNvNvNvNvNtNtNtCs3Ir8cfnU9oH_7rustdom3dom19range_state_binding33___napi_impl_helper_NativeRange_1137___napi_register__NativeRange_impl_2221__18___CTOR_PRIVATE_REF14___ctor_private (in /home/guido/rustdom-selection-result-OEvCXh/dist/rustdom.node)
==6492==    by 0x6B9F47D: call_init.part.0 (dl-init.c:70)
==6492==    by 0x6B9F567: call_init (dl-init.c:33)
==6492==    by 0x6B9F567: _dl_init (dl-init.c:117)
==6492==    by 0x78ADBB4: _dl_catch_exception (dl-error-skeleton.c:182)
==6492==    by 0x6BA6FF5: dl_open_worker (dl-open.c:808)
==6492==    by 0x6BA6FF5: dl_open_worker (dl-open.c:771)
==6492==    by 0x78ADB57: _dl_catch_exception (dl-error-skeleton.c:208)
==6492==    by 0x6BA734D: _dl_open (dl-open.c:883)
==6492==    by 0x77C95FB: dlopen_doit (dlopen.c:56)
==6492==    by 0x78ADB57: _dl_catch_exception (dl-error-skeleton.c:208)
==6492== 
==6492== 11 bytes in 1 blocks are possibly lost in loss record 122 of 427
==6492==    at 0x73E1899: malloc (in /mnt/c/Users/guido/ghq/projects/rustdom/.tools/valgrind/usr/libexec/valgrind/vgpreload_memcheck-amd64-linux.so)
==6492==    by 0x232471D2: _RNvXs0_NvMs_NtNtCs6i54tJFfzR_5alloc3ffi5c_strNtBa_7CString3newReNtB5_11SpecNewImpl13spec_new_impl (in /home/guido/rustdom-selection-result-OEvCXh/dist/rustdom.node)
==6492==    by 0x231F117F: _RNvMs2_NtNtCs4QMHp0v7l6B_4napi9js_values15object_propertyNtB5_8Property14with_utf8_name (in /home/guido/rustdom-selection-result-OEvCXh/dist/rustdom.node)
==6492==    by 0x231A9CF3: _RNvNvNvNvNtNtNtCs3Ir8cfnU9oH_7rustdom3dom19range_state_binding33___napi_impl_helper_NativeRange_1137___napi_register__NativeRange_impl_2221__18___CTOR_PRIVATE_REF14___ctor_private (in /home/guido/rustdom-selection-result-OEvCXh/dist/rustdom.node)
==6492==    by 0x6B9F47D: call_init.part.0 (dl-init.c:70)
==6492==    by 0x6B9F567: call_init (dl-init.c:33)
==6492==    by 0x6B9F567: _dl_init (dl-init.c:117)
==6492==    by 0x78ADBB4: _dl_catch_exception (dl-error-skeleton.c:182)
==6492==    by 0x6BA6FF5: dl_open_worker (dl-open.c:808)
==6492==    by 0x6BA6FF5: dl_open_worker (dl-open.c:771)
==6492==    by 0x78ADB57: _dl_catch_exception (dl-error-skeleton.c:208)
==6492==    by 0x6BA734D: _dl_open (dl-open.c:883)
==6492==    by 0x77C95FB: dlopen_doit (dlopen.c:56)
==6492==    by 0x78ADB57: _dl_catch_exception (dl-error-skeleton.c:208)
==6492== 
==6492== 11 bytes in 1 blocks are possibly lost in loss record 123 of 427
==6492==    at 0x73E1899: malloc (in /mnt/c/Users/guido/ghq/projects/rustdom/.tools/valgrind/usr/libexec/valgrind/vgpreload_memcheck-amd64-linux.so)
==6492==    by 0x232471D2: _RNvXs0_NvMs_NtNtCs6i54tJFfzR_5alloc3ffi5c_strNtBa_7CString3newReNtB5_11SpecNewImpl13spec_new_impl (in /home/guido/rustdom-selection-result-OEvCXh/dist/rustdom.node)
==6492==    by 0x231F117F: _RNvMs2_NtNtCs4QMHp0v7l6B_4napi9js_values15object_propertyNtB5_8Property14with_utf8_name (in /home/guido/rustdom-selection-result-OEvCXh/dist/rustdom.node)
==6492==    by 0x231AB9D1: _RNvNvNvNvNtNtNtCs3Ir8cfnU9oH_7rustdom3dom19tree_cursor_binding37___napi_impl_helper_NativeTraversal_1841___napi_register__NativeTraversal_impl_4581__18___CTOR_PRIVATE_REF14___ctor_private (in /home/guido/rustdom-selection-result-OEvCXh/dist/rustdom.node)
==6492==    by 0x6B9F47D: call_init.part.0 (dl-init.c:70)
==6492==    by 0x6B9F567: call_init (dl-init.c:33)
==6492==    by 0x6B9F567: _dl_init (dl-init.c:117)
==6492==    by 0x78ADBB4: _dl_catch_exception (dl-error-skeleton.c:182)
==6492==    by 0x6BA6FF5: dl_open_worker (dl-open.c:808)
==6492==    by 0x6BA6FF5: dl_open_worker (dl-open.c:771)
==6492==    by 0x78ADB57: _dl_catch_exception (dl-error-skeleton.c:208)
==6492==    by 0x6BA734D: _dl_open (dl-open.c:883)
==6492==    by 0x77C95FB: dlopen_doit (dlopen.c:56)
==6492==    by 0x78ADB57: _dl_catch_exception (dl-error-skeleton.c:208)
==6492== 
==6492== 11 bytes in 1 blocks are possibly lost in loss record 124 of 427
==6492==    at 0x73E1899: malloc (in /mnt/c/Users/guido/ghq/projects/rustdom/.tools/valgrind/usr/libexec/valgrind/vgpreload_memcheck-amd64-linux.so)
==6492==    by 0x232471D2: _RNvXs0_NvMs_NtNtCs6i54tJFfzR_5alloc3ffi5c_strNtBa_7CString3newReNtB5_11SpecNewImpl13spec_new_impl (in /home/guido/rustdom-selection-result-OEvCXh/dist/rustdom.node)
==6492==    by 0x231F117F: _RNvMs2_NtNtCs4QMHp0v7l6B_4napi9js_values15object_propertyNtB5_8Property14with_utf8_name (in /home/guido/rustdom-selection-result-OEvCXh/dist/rustdom.node)
==6492==    by 0x231ACDE2: _RNvNvNvNvNtNtNtCs3Ir8cfnU9oH_7rustdom3dom19web_storage_binding39___napi_impl_helper_NativeStorageArea_2043___napi_register__NativeStorageArea_impl_4771__18___CTOR_PRIVATE_REF14___ctor_private (in /home/guido/rustdom-selection-result-OEvCXh/dist/rustdom.node)
==6492==    by 0x6B9F47D: call_init.part.0 (dl-init.c:70)
==6492==    by 0x6B9F567: call_init (dl-init.c:33)
==6492==    by 0x6B9F567: _dl_init (dl-init.c:117)
==6492==    by 0x78ADBB4: _dl_catch_exception (dl-error-skeleton.c:182)
==6492==    by 0x6BA6FF5: dl_open_worker (dl-open.c:808)
==6492==    by 0x6BA6FF5: dl_open_worker (dl-open.c:771)
==6492==    by 0x78ADB57: _dl_catch_exception (dl-error-skeleton.c:208)
==6492==    by 0x6BA734D: _dl_open (dl-open.c:883)
==6492==    by 0x77C95FB: dlopen_doit (dlopen.c:56)
==6492==    by 0x78ADB57: _dl_catch_exception (dl-error-skeleton.c:208)
==6492== 
==6492== 11 bytes in 1 blocks are possibly lost in loss record 125 of 427
==6492==    at 0x73E1899: malloc (in /mnt/c/Users/guido/ghq/projects/rustdom/.tools/valgrind/usr/libexec/valgrind/vgpreload_memcheck-amd64-linux.so)
==6492==    by 0x232471D2: _RNvXs0_NvMs_NtNtCs6i54tJFfzR_5alloc3ffi5c_strNtBa_7CString3newReNtB5_11SpecNewImpl13spec_new_impl (in /home/guido/rustdom-selection-result-OEvCXh/dist/rustdom.node)
==6492==    by 0x231F117F: _RNvMs2_NtNtCs4QMHp0v7l6B_4napi9js_values15object_propertyNtB5_8Property14with_utf8_name (in /home/guido/rustdom-selection-result-OEvCXh/dist/rustdom.node)
==6492==    by 0x231AE24B: _RNvNvNvNvNtNtNtCs3Ir8cfnU9oH_7rustdom3dom21range_extract_binding40___napi_impl_helper_NativeRangeExtract_1044___napi_register__NativeRangeExtract_impl_1931__18___CTOR_PRIVATE_REF14___ctor_private (in /home/guido/rustdom-selection-result-OEvCXh/dist/rustdom.node)
==6492==    by 0x6B9F47D: call_init.part.0 (dl-init.c:70)
==6492==    by 0x6B9F567: call_init (dl-init.c:33)
==6492==    by 0x6B9F567: _dl_init (dl-init.c:117)
==6492==    by 0x78ADBB4: _dl_catch_exception (dl-error-skeleton.c:182)
==6492==    by 0x6BA6FF5: dl_open_worker (dl-open.c:808)
==6492==    by 0x6BA6FF5: dl_open_worker (dl-open.c:771)
==6492==    by 0x78ADB57: _dl_catch_exception (dl-error-skeleton.c:208)
==6492==    by 0x6BA734D: _dl_open (dl-open.c:883)
==6492==    by 0x77C95FB: dlopen_doit (dlopen.c:56)
==6492==    by 0x78ADB57: _dl_catch_exception (dl-error-skeleton.c:208)
==6492== 
==6492== 11 bytes in 1 blocks are possibly lost in loss record 126 of 427
==6492==    at 0x73E1899: malloc (in /mnt/c/Users/guido/ghq/projects/rustdom/.tools/valgrind/usr/libexec/valgrind/vgpreload_memcheck-amd64-linux.so)
==6492==    by 0x232471D2: _RNvXs0_NvMs_NtNtCs6i54tJFfzR_5alloc3ffi5c_strNtBa_7CString3newReNtB5_11SpecNewImpl13spec_new_impl (in /home/guido/rustdom-selection-result-OEvCXh/dist/rustdom.node)
==6492==    by 0x231F117F: _RNvMs2_NtNtCs4QMHp0v7l6B_4napi9js_values15object_propertyNtB5_8Property14with_utf8_name (in /home/guido/rustdom-selection-result-OEvCXh/dist/rustdom.node)
==6492==    by 0x231AF19A: _RNvNvNvNvNtNtNtCs3Ir8cfnU9oH_7rustdom3dom23event_listeners_binding43___napi_impl_helper_NativeListenerRegistry_347___napi_register__NativeListenerRegistry_impl_691__18___CTOR_PRIVATE_REF14___ctor_private (in /home/guido/rustdom-selection-result-OEvCXh/dist/rustdom.node)
==6492==    by 0x6B9F47D: call_init.part.0 (dl-init.c:70)
==6492==    by 0x6B9F567: call_init (dl-init.c:33)
==6492==    by 0x6B9F567: _dl_init (dl-init.c:117)
==6492==    by 0x78ADBB4: _dl_catch_exception (dl-error-skeleton.c:182)
==6492==    by 0x6BA6FF5: dl_open_worker (dl-open.c:808)
==6492==    by 0x6BA6FF5: dl_open_worker (dl-open.c:771)
==6492==    by 0x78ADB57: _dl_catch_exception (dl-error-skeleton.c:208)
==6492==    by 0x6BA734D: _dl_open (dl-open.c:883)
==6492==    by 0x77C95FB: dlopen_doit (dlopen.c:56)
==6492==    by 0x78ADB57: _dl_catch_exception (dl-error-skeleton.c:208)
==6492== 
==6492== 11 bytes in 1 blocks are possibly lost in loss record 127 of 427
==6492==    at 0x73E1899: malloc (in /mnt/c/Users/guido/ghq/projects/rustdom/.tools/valgrind/usr/libexec/valgrind/vgpreload_memcheck-amd64-linux.so)
==6492==    by 0x232471D2: _RNvXs0_NvMs_NtNtCs6i54tJFfzR_5alloc3ffi5c_strNtBa_7CString3newReNtB5_11SpecNewImpl13spec_new_impl (in /home/guido/rustdom-selection-result-OEvCXh/dist/rustdom.node)
==6492==    by 0x231F117F: _RNvMs2_NtNtCs4QMHp0v7l6B_4napi9js_values15object_propertyNtB5_8Property14with_utf8_name (in /home/guido/rustdom-selection-result-OEvCXh/dist/rustdom.node)
==6492==    by 0x231B005B: _RNvNvNvNvNtNtNtCs3Ir8cfnU9oH_7rustdom3dom23mutation_record_binding41___napi_impl_helper_NativeMutationRecord_746___napi_register__NativeMutationRecord_impl_1591__18___CTOR_PRIVATE_REF14___ctor_private (in /home/guido/rustdom-selection-result-OEvCXh/dist/rustdom.node)
==6492==    by 0x6B9F47D: call_init.part.0 (dl-init.c:70)
==6492==    by 0x6B9F567: call_init (dl-init.c:33)
==6492==    by 0x6B9F567: _dl_init (dl-init.c:117)
==6492==    by 0x78ADBB4: _dl_catch_exception (dl-error-skeleton.c:182)
==6492==    by 0x6BA6FF5: dl_open_worker (dl-open.c:808)
==6492==    by 0x6BA6FF5: dl_open_worker (dl-open.c:771)
==6492==    by 0x78ADB57: _dl_catch_exception (dl-error-skeleton.c:208)
==6492==    by 0x6BA734D: _dl_open (dl-open.c:883)
==6492==    by 0x77C95FB: dlopen_doit (dlopen.c:56)
==6492==    by 0x78ADB57: _dl_catch_exception (dl-error-skeleton.c:208)
==6492== 
==6492== 11 bytes in 1 blocks are possibly lost in loss record 128 of 427
==6492==    at 0x73E1899: malloc (in /mnt/c/Users/guido/ghq/projects/rustdom/.tools/valgrind/usr/libexec/valgrind/vgpreload_memcheck-amd64-linux.so)
==6492==    by 0x232471D2: _RNvXs0_NvMs_NtNtCs6i54tJFfzR_5alloc3ffi5c_strNtBa_7CString3newReNtB5_11SpecNewImpl13spec_new_impl (in /home/guido/rustdom-selection-result-OEvCXh/dist/rustdom.node)
==6492==    by 0x231F117F: _RNvMs2_NtNtCs4QMHp0v7l6B_4napi9js_values15object_propertyNtB5_8Property14with_utf8_name (in /home/guido/rustdom-selection-result-OEvCXh/dist/rustdom.node)
==6492==    by 0x231B097A: _RNvNvNvNvNtNtNtCs3Ir8cfnU9oH_7rustdom3dom23mutation_record_binding41___napi_impl_helper_NativeMutationRecord_746___napi_register__NativeMutationRecord_impl_1591__18___CTOR_PRIVATE_REF14___ctor_private (in /home/guido/rustdom-selection-result-OEvCXh/dist/rustdom.node)
==6492==    by 0x6B9F47D: call_init.part.0 (dl-init.c:70)
==6492==    by 0x6B9F567: call_init (dl-init.c:33)
==6492==    by 0x6B9F567: _dl_init (dl-init.c:117)
==6492==    by 0x78ADBB4: _dl_catch_exception (dl-error-skeleton.c:182)
==6492==    by 0x6BA6FF5: dl_open_worker (dl-open.c:808)
==6492==    by 0x6BA6FF5: dl_open_worker (dl-open.c:771)
==6492==    by 0x78ADB57: _dl_catch_exception (dl-error-skeleton.c:208)
==6492==    by 0x6BA734D: _dl_open (dl-open.c:883)
==6492==    by 0x77C95FB: dlopen_doit (dlopen.c:56)
==6492==    by 0x78ADB57: _dl_catch_exception (dl-error-skeleton.c:208)
==6492== 
==6492== 11 bytes in 1 blocks are possibly lost in loss record 129 of 427
==6492==    at 0x73E1899: malloc (in /mnt/c/Users/guido/ghq/projects/rustdom/.tools/valgrind/usr/libexec/valgrind/vgpreload_memcheck-amd64-linux.so)
==6492==    by 0x232471D2: _RNvXs0_NvMs_NtNtCs6i54tJFfzR_5alloc3ffi5c_strNtBa_7CString3newReNtB5_11SpecNewImpl13spec_new_impl (in /home/guido/rustdom-selection-result-OEvCXh/dist/rustdom.node)
==6492==    by 0x231F117F: _RNvMs2_NtNtCs4QMHp0v7l6B_4napi9js_values15object_propertyNtB5_8Property14with_utf8_name (in /home/guido/rustdom-selection-result-OEvCXh/dist/rustdom.node)
==6492==    by 0x231B1ABB: _RNvNvNvNvNtNtNtCs3Ir8cfnU9oH_7rustdom3dom23slot_assignment_binding48___napi_impl_helper_NativeSlotAssignmentDriver_1352___napi_register__NativeSlotAssignmentDriver_impl_2481__18___CTOR_PRIVATE_REF14___ctor_private (in /home/guido/rustdom-selection-result-OEvCXh/dist/rustdom.node)
==6492==    by 0x6B9F47D: call_init.part.0 (dl-init.c:70)
==6492==    by 0x6B9F567: call_init (dl-init.c:33)
==6492==    by 0x6B9F567: _dl_init (dl-init.c:117)
==6492==    by 0x78ADBB4: _dl_catch_exception (dl-error-skeleton.c:182)
==6492==    by 0x6BA6FF5: dl_open_worker (dl-open.c:808)
==6492==    by 0x6BA6FF5: dl_open_worker (dl-open.c:771)
==6492==    by 0x78ADB57: _dl_catch_exception (dl-error-skeleton.c:208)
==6492==    by 0x6BA734D: _dl_open (dl-open.c:883)
==6492==    by 0x77C95FB: dlopen_doit (dlopen.c:56)
==6492==    by 0x78ADB57: _dl_catch_exception (dl-error-skeleton.c:208)
==6492== 
==6492== 11 bytes in 1 blocks are possibly lost in loss record 130 of 427
==6492==    at 0x73E1899: malloc (in /mnt/c/Users/guido/ghq/projects/rustdom/.tools/valgrind/usr/libexec/valgrind/vgpreload_memcheck-amd64-linux.so)
==6492==    by 0x232471D2: _RNvXs0_NvMs_NtNtCs6i54tJFfzR_5alloc3ffi5c_strNtBa_7CString3newReNtB5_11SpecNewImpl13spec_new_impl (in /home/guido/rustdom-selection-result-OEvCXh/dist/rustdom.node)
==6492==    by 0x231F117F: _RNvMs2_NtNtCs4QMHp0v7l6B_4napi9js_values15object_propertyNtB5_8Property14with_utf8_name (in /home/guido/rustdom-selection-result-OEvCXh/dist/rustdom.node)
==6492==    by 0x231B2594: _RNvNvNvNvNtNtNtCs3Ir8cfnU9oH_7rustdom3dom25observer_delivery_binding43___napi_impl_helper_NativeObserverDelivery_848___napi_register__NativeObserverDelivery_impl_1721__18___CTOR_PRIVATE_REF14___ctor_private (in /home/guido/rustdom-selection-result-OEvCXh/dist/rustdom.node)
==6492==    by 0x6B9F47D: call_init.part.0 (dl-init.c:70)
==6492==    by 0x6B9F567: call_init (dl-init.c:33)
==6492==    by 0x6B9F567: _dl_init (dl-init.c:117)
==6492==    by 0x78ADBB4: _dl_catch_exception (dl-error-skeleton.c:182)
==6492==    by 0x6BA6FF5: dl_open_worker (dl-open.c:808)
==6492==    by 0x6BA6FF5: dl_open_worker (dl-open.c:771)
==6492==    by 0x78ADB57: _dl_catch_exception (dl-error-skeleton.c:208)
==6492==    by 0x6BA734D: _dl_open (dl-open.c:883)
==6492==    by 0x77C95FB: dlopen_doit (dlopen.c:56)
==6492==    by 0x78ADB57: _dl_catch_exception (dl-error-skeleton.c:208)
==6492== 
==6492== 11 bytes in 1 blocks are possibly lost in loss record 131 of 427
==6492==    at 0x73E1899: malloc (in /mnt/c/Users/guido/ghq/projects/rustdom/.tools/valgrind/usr/libexec/valgrind/vgpreload_memcheck-amd64-linux.so)
==6492==    by 0x232471D2: _RNvXs0_NvMs_NtNtCs6i54tJFfzR_5alloc3ffi5c_strNtBa_7CString3newReNtB5_11SpecNewImpl13spec_new_impl (in /home/guido/rustdom-selection-result-OEvCXh/dist/rustdom.node)
==6492==    by 0x231F117F: _RNvMs2_NtNtCs4QMHp0v7l6B_4napi9js_values15object_propertyNtB5_8Property14with_utf8_name (in /home/guido/rustdom-selection-result-OEvCXh/dist/rustdom.node)
==6492==    by 0x2318BD67: _RNvNvNtNtNtCs3Ir8cfnU9oH_7rustdom3dom4tree32___napi_impl_helper_NativeTree_1736___napi_register__NativeTree_impl_44420___ctor_private_inner (in /home/guido/rustdom-selection-result-OEvCXh/dist/rustdom.node)
==6492==    by 0x231B5185: _RNvNvNvNvNtNtNtCs3Ir8cfnU9oH_7rustdom3dom4tree32___napi_impl_helper_NativeTree_1736___napi_register__NativeTree_impl_4441__18___CTOR_PRIVATE_REF14___ctor_private (in /home/guido/rustdom-selection-result-OEvCXh/dist/rustdom.node)
==6492==    by 0x6B9F47D: call_init.part.0 (dl-init.c:70)
==6492==    by 0x6B9F567: call_init (dl-init.c:33)
==6492==    by 0x6B9F567: _dl_init (dl-init.c:117)
==6492==    by 0x78ADBB4: _dl_catch_exception (dl-error-skeleton.c:182)
==6492==    by 0x6BA6FF5: dl_open_worker (dl-open.c:808)
==6492==    by 0x6BA6FF5: dl_open_worker (dl-open.c:771)
==6492==    by 0x78ADB57: _dl_catch_exception (dl-error-skeleton.c:208)
==6492==    by 0x6BA734D: _dl_open (dl-open.c:883)
==6492==    by 0x77C95FB: dlopen_doit (dlopen.c:56)
==6492== 
==6492== 11 bytes in 1 blocks are possibly lost in loss record 132 of 427
==6492==    at 0x73E1899: malloc (in /mnt/c/Users/guido/ghq/projects/rustdom/.tools/valgrind/usr/libexec/valgrind/vgpreload_memcheck-amd64-linux.so)
==6492==    by 0x232471D2: _RNvXs0_NvMs_NtNtCs6i54tJFfzR_5alloc3ffi5c_strNtBa_7CString3newReNtB5_11SpecNewImpl13spec_new_impl (in /home/guido/rustdom-selection-result-OEvCXh/dist/rustdom.node)
==6492==    by 0x231F117F: _RNvMs2_NtNtCs4QMHp0v7l6B_4napi9js_values15object_propertyNtB5_8Property14with_utf8_name (in /home/guido/rustdom-selection-result-OEvCXh/dist/rustdom.node)
==6492==    by 0x2319050B: _RNvNvNtNtNtCs3Ir8cfnU9oH_7rustdom3dom4tree32___napi_impl_helper_NativeTree_1736___napi_register__NativeTree_impl_44420___ctor_private_inner (in /home/guido/rustdom-selection-result-OEvCXh/dist/rustdom.node)
==6492==    by 0x231B5185: _RNvNvNvNvNtNtNtCs3Ir8cfnU9oH_7rustdom3dom4tree32___napi_impl_helper_NativeTree_1736___napi_register__NativeTree_impl_4441__18___CTOR_PRIVATE_REF14___ctor_private (in /home/guido/rustdom-selection-result-OEvCXh/dist/rustdom.node)
==6492==    by 0x6B9F47D: call_init.part.0 (dl-init.c:70)
==6492==    by 0x6B9F567: call_init (dl-init.c:33)
==6492==    by 0x6B9F567: _dl_init (dl-init.c:117)
==6492==    by 0x78ADBB4: _dl_catch_exception (dl-error-skeleton.c:182)
==6492==    by 0x6BA6FF5: dl_open_worker (dl-open.c:808)
==6492==    by 0x6BA6FF5: dl_open_worker (dl-open.c:771)
==6492==    by 0x78ADB57: _dl_catch_exception (dl-error-skeleton.c:208)
==6492==    by 0x6BA734D: _dl_open (dl-open.c:883)
==6492==    by 0x77C95FB: dlopen_doit (dlopen.c:56)
==6492== 
==6492== 11 bytes in 1 blocks are possibly lost in loss record 133 of 427
==6492==    at 0x73E1899: malloc (in /mnt/c/Users/guido/ghq/projects/rustdom/.tools/valgrind/usr/libexec/valgrind/vgpreload_memcheck-amd64-linux.so)
==6492==    by 0x232471D2: _RNvXs0_NvMs_NtNtCs6i54tJFfzR_5alloc3ffi5c_strNtBa_7CString3newReNtB5_11SpecNewImpl13spec_new_impl (in /home/guido/rustdom-selection-result-OEvCXh/dist/rustdom.node)
==6492==    by 0x231F117F: _RNvMs2_NtNtCs4QMHp0v7l6B_4napi9js_values15object_propertyNtB5_8Property14with_utf8_name (in /home/guido/rustdom-selection-result-OEvCXh/dist/rustdom.node)
==6492==    by 0x231B597F: _RNvNvNvNvNtNtNtCs3Ir8cfnU9oH_7rustdom3xml7binding37___napi_impl_helper_NativeXmlParser_2241___napi_register__NativeXmlParser_impl_4951__18___CTOR_PRIVATE_REF14___ctor_private (in /home/guido/rustdom-selection-result-OEvCXh/dist/rustdom.node)
==6492==    by 0x6B9F47D: call_init.part.0 (dl-init.c:70)
==6492==    by 0x6B9F567: call_init (dl-init.c:33)
==6492==    by 0x6B9F567: _dl_init (dl-init.c:117)
==6492==    by 0x78ADBB4: _dl_catch_exception (dl-error-skeleton.c:182)
==6492==    by 0x6BA6FF5: dl_open_worker (dl-open.c:808)
==6492==    by 0x6BA6FF5: dl_open_worker (dl-open.c:771)
==6492==    by 0x78ADB57: _dl_catch_exception (dl-error-skeleton.c:208)
==6492==    by 0x6BA734D: _dl_open (dl-open.c:883)
==6492==    by 0x77C95FB: dlopen_doit (dlopen.c:56)
==6492==    by 0x78ADB57: _dl_catch_exception (dl-error-skeleton.c:208)
==6492== 
==6492== 12 bytes in 1 blocks are still reachable in loss record 134 of 427
==6492==    at 0x73E1899: malloc (in /mnt/c/Users/guido/ghq/projects/rustdom/.tools/valgrind/usr/libexec/valgrind/vgpreload_memcheck-amd64-linux.so)
==6492==    by 0x26DEC47: init_entry(char const*, char const*, UErrorCode*) (in /mnt/c/Users/guido/AppData/Local/Temp/rustdom-pr54-abort-retention-e991d78927094e13876cb3cd1a13dacf/.tools/node-v24.20.0-linux-x64/bin/node)
==6492==    by 0x26DF719: ures_openDirect_78 (in /mnt/c/Users/guido/AppData/Local/Temp/rustdom-pr54-abort-retention-e991d78927094e13876cb3cd1a13dacf/.tools/node-v24.20.0-linux-x64/bin/node)
==6492==    by 0x21B2D8D: icu_78::ZoneMeta::getCanonicalCLDRID(icu_78::UnicodeString const&, UErrorCode&) (in /mnt/c/Users/guido/AppData/Local/Temp/rustdom-pr54-abort-retention-e991d78927094e13876cb3cd1a13dacf/.tools/node-v24.20.0-linux-x64/bin/node)
==6492==    by 0x2116C0A: icu_78::OlsonTimeZone::OlsonTimeZone(UResourceBundle const*, UResourceBundle const*, icu_78::UnicodeString const&, UErrorCode&) (in /mnt/c/Users/guido/AppData/Local/Temp/rustdom-pr54-abort-retention-e991d78927094e13876cb3cd1a13dacf/.tools/node-v24.20.0-linux-x64/bin/node)
==6492==    by 0x20A8599: icu_78::(anonymous namespace)::createSystemTimeZone(icu_78::UnicodeString const&, UErrorCode&) [clone .part.0] (in /mnt/c/Users/guido/AppData/Local/Temp/rustdom-pr54-abort-retention-e991d78927094e13876cb3cd1a13dacf/.tools/node-v24.20.0-linux-x64/bin/node)
==6492==    by 0x20A8D11: icu_78::TimeZone::detectHostTimeZone() (in /mnt/c/Users/guido/AppData/Local/Temp/rustdom-pr54-abort-retention-e991d78927094e13876cb3cd1a13dacf/.tools/node-v24.20.0-linux-x64/bin/node)
==6492==    by 0x20A8F04: icu_78::TimeZone::createDefault() (in /mnt/c/Users/guido/AppData/Local/Temp/rustdom-pr54-abort-retention-e991d78927094e13876cb3cd1a13dacf/.tools/node-v24.20.0-linux-x64/bin/node)
==6492==    by 0x11420B9: v8::internal::ICUTimezoneCache::LocalTimeOffset(double, bool) (in /mnt/c/Users/guido/AppData/Local/Temp/rustdom-pr54-abort-retention-e991d78927094e13876cb3cd1a13dacf/.tools/node-v24.20.0-linux-x64/bin/node)
==6492==    by 0xD66BC7: v8::internal::DateCache::GetLocalOffsetFromOS(long, bool) (in /mnt/c/Users/guido/AppData/Local/Temp/rustdom-pr54-abort-retention-e991d78927094e13876cb3cd1a13dacf/.tools/node-v24.20.0-linux-x64/bin/node)
==6492==    by 0xD67A35: v8::internal::DateCache::LocalOffsetInMs(long, bool) [clone .part.0] (in /mnt/c/Users/guido/AppData/Local/Temp/rustdom-pr54-abort-retention-e991d78927094e13876cb3cd1a13dacf/.tools/node-v24.20.0-linux-x64/bin/node)
==6492==    by 0x11B0925: v8::internal::JSDate::DoGetField(v8::internal::Isolate*, v8::internal::JSDate::FieldIndex) (in /mnt/c/Users/guido/AppData/Local/Temp/rustdom-pr54-abort-retention-e991d78927094e13876cb3cd1a13dacf/.tools/node-v24.20.0-linux-x64/bin/node)
==6492== 
==6492== 12 bytes in 1 blocks are possibly lost in loss record 135 of 427
==6492==    at 0x73E1899: malloc (in /mnt/c/Users/guido/ghq/projects/rustdom/.tools/valgrind/usr/libexec/valgrind/vgpreload_memcheck-amd64-linux.so)
==6492==    by 0x232471D2: _RNvXs0_NvMs_NtNtCs6i54tJFfzR_5alloc3ffi5c_strNtBa_7CString3newReNtB5_11SpecNewImpl13spec_new_impl (in /home/guido/rustdom-selection-result-OEvCXh/dist/rustdom.node)
==6492==    by 0x231F117F: _RNvMs2_NtNtCs4QMHp0v7l6B_4napi9js_values15object_propertyNtB5_8Property14with_utf8_name (in /home/guido/rustdom-selection-result-OEvCXh/dist/rustdom.node)
==6492==    by 0x2319B73B: _RNvNvNvNvNtNtNtCs3Ir8cfnU9oH_7rustdom3dom12blob_binding39___napi_impl_helper_NativeBlobMetadata_143___napi_register__NativeBlobMetadata_impl_301__18___CTOR_PRIVATE_REF14___ctor_private (in /home/guido/rustdom-selection-result-OEvCXh/dist/rustdom.node)
==6492==    by 0x6B9F47D: call_init.part.0 (dl-init.c:70)
==6492==    by 0x6B9F567: call_init (dl-init.c:33)
==6492==    by 0x6B9F567: _dl_init (dl-init.c:117)
==6492==    by 0x78ADBB4: _dl_catch_exception (dl-error-skeleton.c:182)
==6492==    by 0x6BA6FF5: dl_open_worker (dl-open.c:808)
==6492==    by 0x6BA6FF5: dl_open_worker (dl-open.c:771)
==6492==    by 0x78ADB57: _dl_catch_exception (dl-error-skeleton.c:208)
==6492==    by 0x6BA734D: _dl_open (dl-open.c:883)
==6492==    by 0x77C95FB: dlopen_doit (dlopen.c:56)
==6492==    by 0x78ADB57: _dl_catch_exception (dl-error-skeleton.c:208)
==6492== 
==6492== 12 bytes in 1 blocks are possibly lost in loss record 136 of 427
==6492==    at 0x73E1899: malloc (in /mnt/c/Users/guido/ghq/projects/rustdom/.tools/valgrind/usr/libexec/valgrind/vgpreload_memcheck-amd64-linux.so)
==6492==    by 0x232471D2: _RNvXs0_NvMs_NtNtCs6i54tJFfzR_5alloc3ffi5c_strNtBa_7CString3newReNtB5_11SpecNewImpl13spec_new_impl (in /home/guido/rustdom-selection-result-OEvCXh/dist/rustdom.node)
==6492==    by 0x231F117F: _RNvMs2_NtNtCs4QMHp0v7l6B_4napi9js_values15object_propertyNtB5_8Property14with_utf8_name (in /home/guido/rustdom-selection-result-OEvCXh/dist/rustdom.node)
==6492==    by 0x2319C54B: _RNvNvNvNvNtNtNtCs3Ir8cfnU9oH_7rustdom3dom16dom_rect_binding34___napi_impl_helper_NativeDomRect_238___napi_register__NativeDomRect_impl_521__18___CTOR_PRIVATE_REF14___ctor_private (in /home/guido/rustdom-selection-result-OEvCXh/dist/rustdom.node)
==6492==    by 0x6B9F47D: call_init.part.0 (dl-init.c:70)
==6492==    by 0x6B9F567: call_init (dl-init.c:33)
==6492==    by 0x6B9F567: _dl_init (dl-init.c:117)
==6492==    by 0x78ADBB4: _dl_catch_exception (dl-error-skeleton.c:182)
==6492==    by 0x6BA6FF5: dl_open_worker (dl-open.c:808)
==6492==    by 0x6BA6FF5: dl_open_worker (dl-open.c:771)
==6492==    by 0x78ADB57: _dl_catch_exception (dl-error-skeleton.c:208)
==6492==    by 0x6BA734D: _dl_open (dl-open.c:883)
==6492==    by 0x77C95FB: dlopen_doit (dlopen.c:56)
==6492==    by 0x78ADB57: _dl_catch_exception (dl-error-skeleton.c:208)
==6492== 
==6492== 12 bytes in 1 blocks are possibly lost in loss record 137 of 427
==6492==    at 0x73E1899: malloc (in /mnt/c/Users/guido/ghq/projects/rustdom/.tools/valgrind/usr/libexec/valgrind/vgpreload_memcheck-amd64-linux.so)
==6492==    by 0x232471D2: _RNvXs0_NvMs_NtNtCs6i54tJFfzR_5alloc3ffi5c_strNtBa_7CString3newReNtB5_11SpecNewImpl13spec_new_impl (in /home/guido/rustdom-selection-result-OEvCXh/dist/rustdom.node)
==6492==    by 0x231F117F: _RNvMs2_NtNtCs4QMHp0v7l6B_4napi9js_values15object_propertyNtB5_8Property14with_utf8_name (in /home/guido/rustdom-selection-result-OEvCXh/dist/rustdom.node)
==6492==    by 0x2319DDA1: _RNvNvNvNvNtNtNtCs3Ir8cfnU9oH_7rustdom3dom17form_data_binding42___napi_impl_helper_NativeFormDataEntries_647___napi_register__NativeFormDataEntries_impl_1371__18___CTOR_PRIVATE_REF14___ctor_private (in /home/guido/rustdom-selection-result-OEvCXh/dist/rustdom.node)
==6492==    by 0x6B9F47D: call_init.part.0 (dl-init.c:70)
==6492==    by 0x6B9F567: call_init (dl-init.c:33)
==6492==    by 0x6B9F567: _dl_init (dl-init.c:117)
==6492==    by 0x78ADBB4: _dl_catch_exception (dl-error-skeleton.c:182)
==6492==    by 0x6BA6FF5: dl_open_worker (dl-open.c:808)
==6492==    by 0x6BA6FF5: dl_open_worker (dl-open.c:771)
==6492==    by 0x78ADB57: _dl_catch_exception (dl-error-skeleton.c:208)
==6492==    by 0x6BA734D: _dl_open (dl-open.c:883)
==6492==    by 0x77C95FB: dlopen_doit (dlopen.c:56)
==6492==    by 0x78ADB57: _dl_catch_exception (dl-error-skeleton.c:208)
==6492== 
==6492== 12 bytes in 1 blocks are possibly lost in loss record 138 of 427
==6492==    at 0x73E1899: malloc (in /mnt/c/Users/guido/ghq/projects/rustdom/.tools/valgrind/usr/libexec/valgrind/vgpreload_memcheck-amd64-linux.so)
==6492==    by 0x232471D2: _RNvXs0_NvMs_NtNtCs6i54tJFfzR_5alloc3ffi5c_strNtBa_7CString3newReNtB5_11SpecNewImpl13spec_new_impl (in /home/guido/rustdom-selection-result-OEvCXh/dist/rustdom.node)
==6492==    by 0x231F117F: _RNvMs2_NtNtCs4QMHp0v7l6B_4napi9js_values15object_propertyNtB5_8Property14with_utf8_name (in /home/guido/rustdom-selection-result-OEvCXh/dist/rustdom.node)
==6492==    by 0x2319FE31: _RNvNvNvNvNtNtNtCs3Ir8cfnU9oH_7rustdom3dom17selection_binding42___napi_impl_helper_NativeSelectionState_1246___napi_register__NativeSelectionState_impl_2341__18___CTOR_PRIVATE_REF14___ctor_private (in /home/guido/rustdom-selection-result-OEvCXh/dist/rustdom.node)
==6492==    by 0x6B9F47D: call_init.part.0 (dl-init.c:70)
==6492==    by 0x6B9F567: call_init (dl-init.c:33)
==6492==    by 0x6B9F567: _dl_init (dl-init.c:117)
==6492==    by 0x78ADBB4: _dl_catch_exception (dl-error-skeleton.c:182)
==6492==    by 0x6BA6FF5: dl_open_worker (dl-open.c:808)
==6492==    by 0x6BA6FF5: dl_open_worker (dl-open.c:771)
==6492==    by 0x78ADB57: _dl_catch_exception (dl-error-skeleton.c:208)
==6492==    by 0x6BA734D: _dl_open (dl-open.c:883)
==6492==    by 0x77C95FB: dlopen_doit (dlopen.c:56)
==6492==    by 0x78ADB57: _dl_catch_exception (dl-error-skeleton.c:208)
==6492== 
==6492== 12 bytes in 1 blocks are possibly lost in loss record 139 of 427
==6492==    at 0x73E1899: malloc (in /mnt/c/Users/guido/ghq/projects/rustdom/.tools/valgrind/usr/libexec/valgrind/vgpreload_memcheck-amd64-linux.so)
==6492==    by 0x232471D2: _RNvXs0_NvMs_NtNtCs6i54tJFfzR_5alloc3ffi5c_strNtBa_7CString3newReNtB5_11SpecNewImpl13spec_new_impl (in /home/guido/rustdom-selection-result-OEvCXh/dist/rustdom.node)
==6492==    by 0x231F117F: _RNvMs2_NtNtCs4QMHp0v7l6B_4napi9js_values15object_propertyNtB5_8Property14with_utf8_name (in /home/guido/rustdom-selection-result-OEvCXh/dist/rustdom.node)
==6492==    by 0x231A1FB5: _RNvNvNvNvNtNtNtCs3Ir8cfnU9oH_7rustdom3dom19abort_state_binding37___napi_impl_helper_NativeAbortState_041___napi_register__NativeAbortState_impl_201__18___CTOR_PRIVATE_REF14___ctor_private (in /home/guido/rustdom-selection-result-OEvCXh/dist/rustdom.node)
==6492==    by 0x6B9F47D: call_init.part.0 (dl-init.c:70)
==6492==    by 0x6B9F567: call_init (dl-init.c:33)
==6492==    by 0x6B9F567: _dl_init (dl-init.c:117)
==6492==    by 0x78ADBB4: _dl_catch_exception (dl-error-skeleton.c:182)
==6492==    by 0x6BA6FF5: dl_open_worker (dl-open.c:808)
==6492==    by 0x6BA6FF5: dl_open_worker (dl-open.c:771)
==6492==    by 0x78ADB57: _dl_catch_exception (dl-error-skeleton.c:208)
==6492==    by 0x6BA734D: _dl_open (dl-open.c:883)
==6492==    by 0x77C95FB: dlopen_doit (dlopen.c:56)
==6492==    by 0x78ADB57: _dl_catch_exception (dl-error-skeleton.c:208)
==6492== 
==6492== 12 bytes in 1 blocks are possibly lost in loss record 140 of 427
==6492==    at 0x73E1899: malloc (in /mnt/c/Users/guido/ghq/projects/rustdom/.tools/valgrind/usr/libexec/valgrind/vgpreload_memcheck-amd64-linux.so)
==6492==    by 0x232471D2: _RNvXs0_NvMs_NtNtCs6i54tJFfzR_5alloc3ffi5c_strNtBa_7CString3newReNtB5_11SpecNewImpl13spec_new_impl (in /home/guido/rustdom-selection-result-OEvCXh/dist/rustdom.node)
==6492==    by 0x231F117F: _RNvMs2_NtNtCs4QMHp0v7l6B_4napi9js_values15object_propertyNtB5_8Property14with_utf8_name (in /home/guido/rustdom-selection-result-OEvCXh/dist/rustdom.node)
==6492==    by 0x231A3DF7: _RNvNvNvNvNtNtNtCs3Ir8cfnU9oH_7rustdom3dom19event_state_binding37___napi_impl_helper_NativeEventState_442___napi_register__NativeEventState_impl_1041__18___CTOR_PRIVATE_REF14___ctor_private (in /home/guido/rustdom-selection-result-OEvCXh/dist/rustdom.node)
==6492==    by 0x6B9F47D: call_init.part.0 (dl-init.c:70)
==6492==    by 0x6B9F567: call_init (dl-init.c:33)
==6492==    by 0x6B9F567: _dl_init (dl-init.c:117)
==6492==    by 0x78ADBB4: _dl_catch_exception (dl-error-skeleton.c:182)
==6492==    by 0x6BA6FF5: dl_open_worker (dl-open.c:808)
==6492==    by 0x6BA6FF5: dl_open_worker (dl-open.c:771)
==6492==    by 0x78ADB57: _dl_catch_exception (dl-error-skeleton.c:208)
==6492==    by 0x6BA734D: _dl_open (dl-open.c:883)
==6492==    by 0x77C95FB: dlopen_doit (dlopen.c:56)
==6492==    by 0x78ADB57: _dl_catch_exception (dl-error-skeleton.c:208)
==6492== 
==6492== 12 bytes in 1 blocks are possibly lost in loss record 141 of 427
==6492==    at 0x73E1899: malloc (in /mnt/c/Users/guido/ghq/projects/rustdom/.tools/valgrind/usr/libexec/valgrind/vgpreload_memcheck-amd64-linux.so)
==6492==    by 0x232471D2: _RNvXs0_NvMs_NtNtCs6i54tJFfzR_5alloc3ffi5c_strNtBa_7CString3newReNtB5_11SpecNewImpl13spec_new_impl (in /home/guido/rustdom-selection-result-OEvCXh/dist/rustdom.node)
==6492==    by 0x231F117F: _RNvMs2_NtNtCs4QMHp0v7l6B_4napi9js_values15object_propertyNtB5_8Property14with_utf8_name (in /home/guido/rustdom-selection-result-OEvCXh/dist/rustdom.node)
==6492==    by 0x231A4B36: _RNvNvNvNvNtNtNtCs3Ir8cfnU9oH_7rustdom3dom19event_state_binding37___napi_impl_helper_NativeEventState_442___napi_register__NativeEventState_impl_1041__18___CTOR_PRIVATE_REF14___ctor_private (in /home/guido/rustdom-selection-result-OEvCXh/dist/rustdom.node)
==6492==    by 0x6B9F47D: call_init.part.0 (dl-init.c:70)
==6492==    by 0x6B9F567: call_init (dl-init.c:33)
==6492==    by 0x6B9F567: _dl_init (dl-init.c:117)
==6492==    by 0x78ADBB4: _dl_catch_exception (dl-error-skeleton.c:182)
==6492==    by 0x6BA6FF5: dl_open_worker (dl-open.c:808)
==6492==    by 0x6BA6FF5: dl_open_worker (dl-open.c:771)
==6492==    by 0x78ADB57: _dl_catch_exception (dl-error-skeleton.c:208)
==6492==    by 0x6BA734D: _dl_open (dl-open.c:883)
==6492==    by 0x77C95FB: dlopen_doit (dlopen.c:56)
==6492==    by 0x78ADB57: _dl_catch_exception (dl-error-skeleton.c:208)
==6492== 
==6492== 12 bytes in 1 blocks are possibly lost in loss record 142 of 427
==6492==    at 0x73E1899: malloc (in /mnt/c/Users/guido/ghq/projects/rustdom/.tools/valgrind/usr/libexec/valgrind/vgpreload_memcheck-amd64-linux.so)
==6492==    by 0x232471D2: _RNvXs0_NvMs_NtNtCs6i54tJFfzR_5alloc3ffi5c_strNtBa_7CString3newReNtB5_11SpecNewImpl13spec_new_impl (in /home/guido/rustdom-selection-result-OEvCXh/dist/rustdom.node)
==6492==    by 0x231F117F: _RNvMs2_NtNtCs4QMHp0v7l6B_4napi9js_values15object_propertyNtB5_8Property14with_utf8_name (in /home/guido/rustdom-selection-result-OEvCXh/dist/rustdom.node)
==6492==    by 0x231A72D0: _RNvNvNvNvNtNtNtCs3Ir8cfnU9oH_7rustdom3dom19file_reader_binding42___napi_impl_helper_NativeFileReaderState_547___napi_register__NativeFileReaderState_impl_1151__18___CTOR_PRIVATE_REF14___ctor_private (in /home/guido/rustdom-selection-result-OEvCXh/dist/rustdom.node)
==6492==    by 0x6B9F47D: call_init.part.0 (dl-init.c:70)
==6492==    by 0x6B9F567: call_init (dl-init.c:33)
==6492==    by 0x6B9F567: _dl_init (dl-init.c:117)
==6492==    by 0x78ADBB4: _dl_catch_exception (dl-error-skeleton.c:182)
==6492==    by 0x6BA6FF5: dl_open_worker (dl-open.c:808)
==6492==    by 0x6BA6FF5: dl_open_worker (dl-open.c:771)
==6492==    by 0x78ADB57: _dl_catch_exception (dl-error-skeleton.c:208)
==6492==    by 0x6BA734D: _dl_open (dl-open.c:883)
==6492==    by 0x77C95FB: dlopen_doit (dlopen.c:56)
==6492==    by 0x78ADB57: _dl_catch_exception (dl-error-skeleton.c:208)
==6492== 
==6492== 12 bytes in 1 blocks are possibly lost in loss record 143 of 427
==6492==    at 0x73E1899: malloc (in /mnt/c/Users/guido/ghq/projects/rustdom/.tools/valgrind/usr/libexec/valgrind/vgpreload_memcheck-amd64-linux.so)
==6492==    by 0x232471D2: _RNvXs0_NvMs_NtNtCs6i54tJFfzR_5alloc3ffi5c_strNtBa_7CString3newReNtB5_11SpecNewImpl13spec_new_impl (in /home/guido/rustdom-selection-result-OEvCXh/dist/rustdom.node)
==6492==    by 0x231F117F: _RNvMs2_NtNtCs4QMHp0v7l6B_4napi9js_values15object_propertyNtB5_8Property14with_utf8_name (in /home/guido/rustdom-selection-result-OEvCXh/dist/rustdom.node)
==6492==    by 0x231A8212: _RNvNvNvNvNtNtNtCs3Ir8cfnU9oH_7rustdom3dom19range_clone_binding37___napi_impl_helper_NativeRangeClone_942___napi_register__NativeRangeClone_impl_1851__18___CTOR_PRIVATE_REF14___ctor_private (in /home/guido/rustdom-selection-result-OEvCXh/dist/rustdom.node)
==6492==    by 0x6B9F47D: call_init.part.0 (dl-init.c:70)
==6492==    by 0x6B9F567: call_init (dl-init.c:33)
==6492==    by 0x6B9F567: _dl_init (dl-init.c:117)
==6492==    by 0x78ADBB4: _dl_catch_exception (dl-error-skeleton.c:182)
==6492==    by 0x6BA6FF5: dl_open_worker (dl-open.c:808)
==6492==    by 0x6BA6FF5: dl_open_worker (dl-open.c:771)
==6492==    by 0x78ADB57: _dl_catch_exception (dl-error-skeleton.c:208)
==6492==    by 0x6BA734D: _dl_open (dl-open.c:883)
==6492==    by 0x77C95FB: dlopen_doit (dlopen.c:56)
==6492==    by 0x78ADB57: _dl_catch_exception (dl-error-skeleton.c:208)
==6492== 
==6492== 12 bytes in 1 blocks are possibly lost in loss record 144 of 427
==6492==    at 0x73E1899: malloc (in /mnt/c/Users/guido/ghq/projects/rustdom/.tools/valgrind/usr/libexec/valgrind/vgpreload_memcheck-amd64-linux.so)
==6492==    by 0x232471D2: _RNvXs0_NvMs_NtNtCs6i54tJFfzR_5alloc3ffi5c_strNtBa_7CString3newReNtB5_11SpecNewImpl13spec_new_impl (in /home/guido/rustdom-selection-result-OEvCXh/dist/rustdom.node)
==6492==    by 0x231F117F: _RNvMs2_NtNtCs4QMHp0v7l6B_4napi9js_values15object_propertyNtB5_8Property14with_utf8_name (in /home/guido/rustdom-selection-result-OEvCXh/dist/rustdom.node)
==6492==    by 0x231A8DE3: _RNvNvNvNvNtNtNtCs3Ir8cfnU9oH_7rustdom3dom19range_state_binding33___napi_impl_helper_NativeRange_1137___napi_register__NativeRange_impl_2221__18___CTOR_PRIVATE_REF14___ctor_private (in /home/guido/rustdom-selection-result-OEvCXh/dist/rustdom.node)
==6492==    by 0x6B9F47D: call_init.part.0 (dl-init.c:70)
==6492==    by 0x6B9F567: call_init (dl-init.c:33)
==6492==    by 0x6B9F567: _dl_init (dl-init.c:117)
==6492==    by 0x78ADBB4: _dl_catch_exception (dl-error-skeleton.c:182)
==6492==    by 0x6BA6FF5: dl_open_worker (dl-open.c:808)
==6492==    by 0x6BA6FF5: dl_open_worker (dl-open.c:771)
==6492==    by 0x78ADB57: _dl_catch_exception (dl-error-skeleton.c:208)
==6492==    by 0x6BA734D: _dl_open (dl-open.c:883)
==6492==    by 0x77C95FB: dlopen_doit (dlopen.c:56)
==6492==    by 0x78ADB57: _dl_catch_exception (dl-error-skeleton.c:208)
==6492== 
==6492== 12 bytes in 1 blocks are possibly lost in loss record 145 of 427
==6492==    at 0x73E1899: malloc (in /mnt/c/Users/guido/ghq/projects/rustdom/.tools/valgrind/usr/libexec/valgrind/vgpreload_memcheck-amd64-linux.so)
==6492==    by 0x232471D2: _RNvXs0_NvMs_NtNtCs6i54tJFfzR_5alloc3ffi5c_strNtBa_7CString3newReNtB5_11SpecNewImpl13spec_new_impl (in /home/guido/rustdom-selection-result-OEvCXh/dist/rustdom.node)
==6492==    by 0x231F117F: _RNvMs2_NtNtCs4QMHp0v7l6B_4napi9js_values15object_propertyNtB5_8Property14with_utf8_name (in /home/guido/rustdom-selection-result-OEvCXh/dist/rustdom.node)
==6492==    by 0x231A9C48: _RNvNvNvNvNtNtNtCs3Ir8cfnU9oH_7rustdom3dom19range_state_binding33___napi_impl_helper_NativeRange_1137___napi_register__NativeRange_impl_2221__18___CTOR_PRIVATE_REF14___ctor_private (in /home/guido/rustdom-selection-result-OEvCXh/dist/rustdom.node)
==6492==    by 0x6B9F47D: call_init.part.0 (dl-init.c:70)
==6492==    by 0x6B9F567: call_init (dl-init.c:33)
==6492==    by 0x6B9F567: _dl_init (dl-init.c:117)
==6492==    by 0x78ADBB4: _dl_catch_exception (dl-error-skeleton.c:182)
==6492==    by 0x6BA6FF5: dl_open_worker (dl-open.c:808)
==6492==    by 0x6BA6FF5: dl_open_worker (dl-open.c:771)
==6492==    by 0x78ADB57: _dl_catch_exception (dl-error-skeleton.c:208)
==6492==    by 0x6BA734D: _dl_open (dl-open.c:883)
==6492==    by 0x77C95FB: dlopen_doit (dlopen.c:56)
==6492==    by 0x78ADB57: _dl_catch_exception (dl-error-skeleton.c:208)
==6492== 
==6492== 12 bytes in 1 blocks are possibly lost in loss record 146 of 427
==6492==    at 0x73E1899: malloc (in /mnt/c/Users/guido/ghq/projects/rustdom/.tools/valgrind/usr/libexec/valgrind/vgpreload_memcheck-amd64-linux.so)
==6492==    by 0x232471D2: _RNvXs0_NvMs_NtNtCs6i54tJFfzR_5alloc3ffi5c_strNtBa_7CString3newReNtB5_11SpecNewImpl13spec_new_impl (in /home/guido/rustdom-selection-result-OEvCXh/dist/rustdom.node)
==6492==    by 0x231F117F: _RNvMs2_NtNtCs4QMHp0v7l6B_4napi9js_values15object_propertyNtB5_8Property14with_utf8_name (in /home/guido/rustdom-selection-result-OEvCXh/dist/rustdom.node)
==6492==    by 0x231AC5A1: _RNvNvNvNvNtNtNtCs3Ir8cfnU9oH_7rustdom3dom19web_storage_binding39___napi_impl_helper_NativeStorageArea_2043___napi_register__NativeStorageArea_impl_4771__18___CTOR_PRIVATE_REF14___ctor_private (in /home/guido/rustdom-selection-result-OEvCXh/dist/rustdom.node)
==6492==    by 0x6B9F47D: call_init.part.0 (dl-init.c:70)
==6492==    by 0x6B9F567: call_init (dl-init.c:33)
==6492==    by 0x6B9F567: _dl_init (dl-init.c:117)
==6492==    by 0x78ADBB4: _dl_catch_exception (dl-error-skeleton.c:182)
==6492==    by 0x6BA6FF5: dl_open_worker (dl-open.c:808)
==6492==    by 0x6BA6FF5: dl_open_worker (dl-open.c:771)
==6492==    by 0x78ADB57: _dl_catch_exception (dl-error-skeleton.c:208)
==6492==    by 0x6BA734D: _dl_open (dl-open.c:883)
==6492==    by 0x77C95FB: dlopen_doit (dlopen.c:56)
==6492==    by 0x78ADB57: _dl_catch_exception (dl-error-skeleton.c:208)
==6492== 
==6492== 12 bytes in 1 blocks are possibly lost in loss record 147 of 427
==6492==    at 0x73E1899: malloc (in /mnt/c/Users/guido/ghq/projects/rustdom/.tools/valgrind/usr/libexec/valgrind/vgpreload_memcheck-amd64-linux.so)
==6492==    by 0x232471D2: _RNvXs0_NvMs_NtNtCs6i54tJFfzR_5alloc3ffi5c_strNtBa_7CString3newReNtB5_11SpecNewImpl13spec_new_impl (in /home/guido/rustdom-selection-result-OEvCXh/dist/rustdom.node)
==6492==    by 0x231F117F: _RNvMs2_NtNtCs4QMHp0v7l6B_4napi9js_values15object_propertyNtB5_8Property14with_utf8_name (in /home/guido/rustdom-selection-result-OEvCXh/dist/rustdom.node)
==6492==    by 0x231AE1A2: _RNvNvNvNvNtNtNtCs3Ir8cfnU9oH_7rustdom3dom21range_extract_binding40___napi_impl_helper_NativeRangeExtract_1044___napi_register__NativeRangeExtract_impl_1931__18___CTOR_PRIVATE_REF14___ctor_private (in /home/guido/rustdom-selection-result-OEvCXh/dist/rustdom.node)
==6492==    by 0x6B9F47D: call_init.part.0 (dl-init.c:70)
==6492==    by 0x6B9F567: call_init (dl-init.c:33)
==6492==    by 0x6B9F567: _dl_init (dl-init.c:117)
==6492==    by 0x78ADBB4: _dl_catch_exception (dl-error-skeleton.c:182)
==6492==    by 0x6BA6FF5: dl_open_worker (dl-open.c:808)
==6492==    by 0x6BA6FF5: dl_open_worker (dl-open.c:771)
==6492==    by 0x78ADB57: _dl_catch_exception (dl-error-skeleton.c:208)
==6492==    by 0x6BA734D: _dl_open (dl-open.c:883)
==6492==    by 0x77C95FB: dlopen_doit (dlopen.c:56)
==6492==    by 0x78ADB57: _dl_catch_exception (dl-error-skeleton.c:208)
==6492== 
==6492== 12 bytes in 1 blocks are possibly lost in loss record 148 of 427
==6492==    at 0x73E1899: malloc (in /mnt/c/Users/guido/ghq/projects/rustdom/.tools/valgrind/usr/libexec/valgrind/vgpreload_memcheck-amd64-linux.so)
==6492==    by 0x232471D2: _RNvXs0_NvMs_NtNtCs6i54tJFfzR_5alloc3ffi5c_strNtBa_7CString3newReNtB5_11SpecNewImpl13spec_new_impl (in /home/guido/rustdom-selection-result-OEvCXh/dist/rustdom.node)
==6492==    by 0x231F117F: _RNvMs2_NtNtCs4QMHp0v7l6B_4napi9js_values15object_propertyNtB5_8Property14with_utf8_name (in /home/guido/rustdom-selection-result-OEvCXh/dist/rustdom.node)
==6492==    by 0x231AE96A: _RNvNvNvNvNtNtNtCs3Ir8cfnU9oH_7rustdom3dom23event_listeners_binding43___napi_impl_helper_NativeListenerRegistry_347___napi_register__NativeListenerRegistry_impl_691__18___CTOR_PRIVATE_REF14___ctor_private (in /home/guido/rustdom-selection-result-OEvCXh/dist/rustdom.node)
==6492==    by 0x6B9F47D: call_init.part.0 (dl-init.c:70)
==6492==    by 0x6B9F567: call_init (dl-init.c:33)
==6492==    by 0x6B9F567: _dl_init (dl-init.c:117)
==6492==    by 0x78ADBB4: _dl_catch_exception (dl-error-skeleton.c:182)
==6492==    by 0x6BA6FF5: dl_open_worker (dl-open.c:808)
==6492==    by 0x6BA6FF5: dl_open_worker (dl-open.c:771)
==6492==    by 0x78ADB57: _dl_catch_exception (dl-error-skeleton.c:208)
==6492==    by 0x6BA734D: _dl_open (dl-open.c:883)
==6492==    by 0x77C95FB: dlopen_doit (dlopen.c:56)
==6492==    by 0x78ADB57: _dl_catch_exception (dl-error-skeleton.c:208)
==6492== 
==6492== 12 bytes in 1 blocks are possibly lost in loss record 149 of 427
==6492==    at 0x73E1899: malloc (in /mnt/c/Users/guido/ghq/projects/rustdom/.tools/valgrind/usr/libexec/valgrind/vgpreload_memcheck-amd64-linux.so)
==6492==    by 0x232471D2: _RNvXs0_NvMs_NtNtCs6i54tJFfzR_5alloc3ffi5c_strNtBa_7CString3newReNtB5_11SpecNewImpl13spec_new_impl (in /home/guido/rustdom-selection-result-OEvCXh/dist/rustdom.node)
==6492==    by 0x231F117F: _RNvMs2_NtNtCs4QMHp0v7l6B_4napi9js_values15object_propertyNtB5_8Property14with_utf8_name (in /home/guido/rustdom-selection-result-OEvCXh/dist/rustdom.node)
==6492==    by 0x231AEA71: _RNvNvNvNvNtNtNtCs3Ir8cfnU9oH_7rustdom3dom23event_listeners_binding43___napi_impl_helper_NativeListenerRegistry_347___napi_register__NativeListenerRegistry_impl_691__18___CTOR_PRIVATE_REF14___ctor_private (in /home/guido/rustdom-selection-result-OEvCXh/dist/rustdom.node)
==6492==    by 0x6B9F47D: call_init.part.0 (dl-init.c:70)
==6492==    by 0x6B9F567: call_init (dl-init.c:33)
==6492==    by 0x6B9F567: _dl_init (dl-init.c:117)
==6492==    by 0x78ADBB4: _dl_catch_exception (dl-error-skeleton.c:182)
==6492==    by 0x6BA6FF5: dl_open_worker (dl-open.c:808)
==6492==    by 0x6BA6FF5: dl_open_worker (dl-open.c:771)
==6492==    by 0x78ADB57: _dl_catch_exception (dl-error-skeleton.c:208)
==6492==    by 0x6BA734D: _dl_open (dl-open.c:883)
==6492==    by 0x77C95FB: dlopen_doit (dlopen.c:56)
==6492==    by 0x78ADB57: _dl_catch_exception (dl-error-skeleton.c:208)
==6492== 
==6492== 12 bytes in 1 blocks are possibly lost in loss record 150 of 427
==6492==    at 0x73E1899: malloc (in /mnt/c/Users/guido/ghq/projects/rustdom/.tools/valgrind/usr/libexec/valgrind/vgpreload_memcheck-amd64-linux.so)
==6492==    by 0x232471D2: _RNvXs0_NvMs_NtNtCs6i54tJFfzR_5alloc3ffi5c_strNtBa_7CString3newReNtB5_11SpecNewImpl13spec_new_impl (in /home/guido/rustdom-selection-result-OEvCXh/dist/rustdom.node)
==6492==    by 0x231F117F: _RNvMs2_NtNtCs4QMHp0v7l6B_4napi9js_values15object_propertyNtB5_8Property14with_utf8_name (in /home/guido/rustdom-selection-result-OEvCXh/dist/rustdom.node)
==6492==    by 0x231B0345: _RNvNvNvNvNtNtNtCs3Ir8cfnU9oH_7rustdom3dom23mutation_record_binding41___napi_impl_helper_NativeMutationRecord_746___napi_register__NativeMutationRecord_impl_1591__18___CTOR_PRIVATE_REF14___ctor_private (in /home/guido/rustdom-selection-result-OEvCXh/dist/rustdom.node)
==6492==    by 0x6B9F47D: call_init.part.0 (dl-init.c:70)
==6492==    by 0x6B9F567: call_init (dl-init.c:33)
==6492==    by 0x6B9F567: _dl_init (dl-init.c:117)
==6492==    by 0x78ADBB4: _dl_catch_exception (dl-error-skeleton.c:182)
==6492==    by 0x6BA6FF5: dl_open_worker (dl-open.c:808)
==6492==    by 0x6BA6FF5: dl_open_worker (dl-open.c:771)
==6492==    by 0x78ADB57: _dl_catch_exception (dl-error-skeleton.c:208)
==6492==    by 0x6BA734D: _dl_open (dl-open.c:883)
==6492==    by 0x77C95FB: dlopen_doit (dlopen.c:56)
==6492==    by 0x78ADB57: _dl_catch_exception (dl-error-skeleton.c:208)
==6492== 
==6492== 12 bytes in 1 blocks are possibly lost in loss record 151 of 427
==6492==    at 0x73E1899: malloc (in /mnt/c/Users/guido/ghq/projects/rustdom/.tools/valgrind/usr/libexec/valgrind/vgpreload_memcheck-amd64-linux.so)
==6492==    by 0x232471D2: _RNvXs0_NvMs_NtNtCs6i54tJFfzR_5alloc3ffi5c_strNtBa_7CString3newReNtB5_11SpecNewImpl13spec_new_impl (in /home/guido/rustdom-selection-result-OEvCXh/dist/rustdom.node)
==6492==    by 0x231F117F: _RNvMs2_NtNtCs4QMHp0v7l6B_4napi9js_values15object_propertyNtB5_8Property14with_utf8_name (in /home/guido/rustdom-selection-result-OEvCXh/dist/rustdom.node)
==6492==    by 0x231B0562: _RNvNvNvNvNtNtNtCs3Ir8cfnU9oH_7rustdom3dom23mutation_record_binding41___napi_impl_helper_NativeMutationRecord_746___napi_register__NativeMutationRecord_impl_1591__18___CTOR_PRIVATE_REF14___ctor_private (in /home/guido/rustdom-selection-result-OEvCXh/dist/rustdom.node)
==6492==    by 0x6B9F47D: call_init.part.0 (dl-init.c:70)
==6492==    by 0x6B9F567: call_init (dl-init.c:33)
==6492==    by 0x6B9F567: _dl_init (dl-init.c:117)
==6492==    by 0x78ADBB4: _dl_catch_exception (dl-error-skeleton.c:182)
==6492==    by 0x6BA6FF5: dl_open_worker (dl-open.c:808)
==6492==    by 0x6BA6FF5: dl_open_worker (dl-open.c:771)
==6492==    by 0x78ADB57: _dl_catch_exception (dl-error-skeleton.c:208)
==6492==    by 0x6BA734D: _dl_open (dl-open.c:883)
==6492==    by 0x77C95FB: dlopen_doit (dlopen.c:56)
==6492==    by 0x78ADB57: _dl_catch_exception (dl-error-skeleton.c:208)
==6492== 
==6492== 12 bytes in 1 blocks are possibly lost in loss record 152 of 427
==6492==    at 0x73E1899: malloc (in /mnt/c/Users/guido/ghq/projects/rustdom/.tools/valgrind/usr/libexec/valgrind/vgpreload_memcheck-amd64-linux.so)
==6492==    by 0x232471D2: _RNvXs0_NvMs_NtNtCs6i54tJFfzR_5alloc3ffi5c_strNtBa_7CString3newReNtB5_11SpecNewImpl13spec_new_impl (in /home/guido/rustdom-selection-result-OEvCXh/dist/rustdom.node)
==6492==    by 0x231F117F: _RNvMs2_NtNtCs4QMHp0v7l6B_4napi9js_values15object_propertyNtB5_8Property14with_utf8_name (in /home/guido/rustdom-selection-result-OEvCXh/dist/rustdom.node)
==6492==    by 0x231B1A12: _RNvNvNvNvNtNtNtCs3Ir8cfnU9oH_7rustdom3dom23slot_assignment_binding48___napi_impl_helper_NativeSlotAssignmentDriver_1352___napi_register__NativeSlotAssignmentDriver_impl_2481__18___CTOR_PRIVATE_REF14___ctor_private (in /home/guido/rustdom-selection-result-OEvCXh/dist/rustdom.node)
==6492==    by 0x6B9F47D: call_init.part.0 (dl-init.c:70)
==6492==    by 0x6B9F567: call_init (dl-init.c:33)
==6492==    by 0x6B9F567: _dl_init (dl-init.c:117)
==6492==    by 0x78ADBB4: _dl_catch_exception (dl-error-skeleton.c:182)
==6492==    by 0x6BA6FF5: dl_open_worker (dl-open.c:808)
==6492==    by 0x6BA6FF5: dl_open_worker (dl-open.c:771)
==6492==    by 0x78ADB57: _dl_catch_exception (dl-error-skeleton.c:208)
==6492==    by 0x6BA734D: _dl_open (dl-open.c:883)
==6492==    by 0x77C95FB: dlopen_doit (dlopen.c:56)
==6492==    by 0x78ADB57: _dl_catch_exception (dl-error-skeleton.c:208)
==6492== 
==6492== 12 bytes in 1 blocks are possibly lost in loss record 153 of 427
==6492==    at 0x73E1899: malloc (in /mnt/c/Users/guido/ghq/projects/rustdom/.tools/valgrind/usr/libexec/valgrind/vgpreload_memcheck-amd64-linux.so)
==6492==    by 0x232471D2: _RNvXs0_NvMs_NtNtCs6i54tJFfzR_5alloc3ffi5c_strNtBa_7CString3newReNtB5_11SpecNewImpl13spec_new_impl (in /home/guido/rustdom-selection-result-OEvCXh/dist/rustdom.node)
==6492==    by 0x231F117F: _RNvMs2_NtNtCs4QMHp0v7l6B_4napi9js_values15object_propertyNtB5_8Property14with_utf8_name (in /home/guido/rustdom-selection-result-OEvCXh/dist/rustdom.node)
==6492==    by 0x231B22D1: _RNvNvNvNvNtNtNtCs3Ir8cfnU9oH_7rustdom3dom25observer_delivery_binding43___napi_impl_helper_NativeObserverDelivery_848___napi_register__NativeObserverDelivery_impl_1721__18___CTOR_PRIVATE_REF14___ctor_private (in /home/guido/rustdom-selection-result-OEvCXh/dist/rustdom.node)
==6492==    by 0x6B9F47D: call_init.part.0 (dl-init.c:70)
==6492==    by 0x6B9F567: call_init (dl-init.c:33)
==6492==    by 0x6B9F567: _dl_init (dl-init.c:117)
==6492==    by 0x78ADBB4: _dl_catch_exception (dl-error-skeleton.c:182)
==6492==    by 0x6BA6FF5: dl_open_worker (dl-open.c:808)
==6492==    by 0x6BA6FF5: dl_open_worker (dl-open.c:771)
==6492==    by 0x78ADB57: _dl_catch_exception (dl-error-skeleton.c:208)
==6492==    by 0x6BA734D: _dl_open (dl-open.c:883)
==6492==    by 0x77C95FB: dlopen_doit (dlopen.c:56)
==6492==    by 0x78ADB57: _dl_catch_exception (dl-error-skeleton.c:208)
==6492== 
==6492== 12 bytes in 1 blocks are possibly lost in loss record 154 of 427
==6492==    at 0x73E1899: malloc (in /mnt/c/Users/guido/ghq/projects/rustdom/.tools/valgrind/usr/libexec/valgrind/vgpreload_memcheck-amd64-linux.so)
==6492==    by 0x232471D2: _RNvXs0_NvMs_NtNtCs6i54tJFfzR_5alloc3ffi5c_strNtBa_7CString3newReNtB5_11SpecNewImpl13spec_new_impl (in /home/guido/rustdom-selection-result-OEvCXh/dist/rustdom.node)
==6492==    by 0x231F117F: _RNvMs2_NtNtCs4QMHp0v7l6B_4napi9js_values15object_propertyNtB5_8Property14with_utf8_name (in /home/guido/rustdom-selection-result-OEvCXh/dist/rustdom.node)
==6492==    by 0x23188B30: _RNvNvNtNtNtCs3Ir8cfnU9oH_7rustdom3dom4tree32___napi_impl_helper_NativeTree_1736___napi_register__NativeTree_impl_44420___ctor_private_inner (in /home/guido/rustdom-selection-result-OEvCXh/dist/rustdom.node)
==6492==    by 0x231B5185: _RNvNvNvNvNtNtNtCs3Ir8cfnU9oH_7rustdom3dom4tree32___napi_impl_helper_NativeTree_1736___napi_register__NativeTree_impl_4441__18___CTOR_PRIVATE_REF14___ctor_private (in /home/guido/rustdom-selection-result-OEvCXh/dist/rustdom.node)
==6492==    by 0x6B9F47D: call_init.part.0 (dl-init.c:70)
==6492==    by 0x6B9F567: call_init (dl-init.c:33)
==6492==    by 0x6B9F567: _dl_init (dl-init.c:117)
==6492==    by 0x78ADBB4: _dl_catch_exception (dl-error-skeleton.c:182)
==6492==    by 0x6BA6FF5: dl_open_worker (dl-open.c:808)
==6492==    by 0x6BA6FF5: dl_open_worker (dl-open.c:771)
==6492==    by 0x78ADB57: _dl_catch_exception (dl-error-skeleton.c:208)
==6492==    by 0x6BA734D: _dl_open (dl-open.c:883)
==6492==    by 0x77C95FB: dlopen_doit (dlopen.c:56)
==6492== 
==6492== 12 bytes in 1 blocks are possibly lost in loss record 155 of 427
==6492==    at 0x73E1899: malloc (in /mnt/c/Users/guido/ghq/projects/rustdom/.tools/valgrind/usr/libexec/valgrind/vgpreload_memcheck-amd64-linux.so)
==6492==    by 0x232471D2: _RNvXs0_NvMs_NtNtCs6i54tJFfzR_5alloc3ffi5c_strNtBa_7CString3newReNtB5_11SpecNewImpl13spec_new_impl (in /home/guido/rustdom-selection-result-OEvCXh/dist/rustdom.node)
==6492==    by 0x231F117F: _RNvMs2_NtNtCs4QMHp0v7l6B_4napi9js_values15object_propertyNtB5_8Property14with_utf8_name (in /home/guido/rustdom-selection-result-OEvCXh/dist/rustdom.node)
==6492==    by 0x23189B90: _RNvNvNtNtNtCs3Ir8cfnU9oH_7rustdom3dom4tree32___napi_impl_helper_NativeTree_1736___napi_register__NativeTree_impl_44420___ctor_private_inner (in /home/guido/rustdom-selection-result-OEvCXh/dist/rustdom.node)
==6492==    by 0x231B5185: _RNvNvNvNvNtNtNtCs3Ir8cfnU9oH_7rustdom3dom4tree32___napi_impl_helper_NativeTree_1736___napi_register__NativeTree_impl_4441__18___CTOR_PRIVATE_REF14___ctor_private (in /home/guido/rustdom-selection-result-OEvCXh/dist/rustdom.node)
==6492==    by 0x6B9F47D: call_init.part.0 (dl-init.c:70)
==6492==    by 0x6B9F567: call_init (dl-init.c:33)
==6492==    by 0x6B9F567: _dl_init (dl-init.c:117)
==6492==    by 0x78ADBB4: _dl_catch_exception (dl-error-skeleton.c:182)
==6492==    by 0x6BA6FF5: dl_open_worker (dl-open.c:808)
==6492==    by 0x6BA6FF5: dl_open_worker (dl-open.c:771)
==6492==    by 0x78ADB57: _dl_catch_exception (dl-error-skeleton.c:208)
==6492==    by 0x6BA734D: _dl_open (dl-open.c:883)
==6492==    by 0x77C95FB: dlopen_doit (dlopen.c:56)
==6492== 
==6492== 12 bytes in 1 blocks are possibly lost in loss record 156 of 427
==6492==    at 0x73E1899: malloc (in /mnt/c/Users/guido/ghq/projects/rustdom/.tools/valgrind/usr/libexec/valgrind/vgpreload_memcheck-amd64-linux.so)
==6492==    by 0x232471D2: _RNvXs0_NvMs_NtNtCs6i54tJFfzR_5alloc3ffi5c_strNtBa_7CString3newReNtB5_11SpecNewImpl13spec_new_impl (in /home/guido/rustdom-selection-result-OEvCXh/dist/rustdom.node)
==6492==    by 0x231F117F: _RNvMs2_NtNtCs4QMHp0v7l6B_4napi9js_values15object_propertyNtB5_8Property14with_utf8_name (in /home/guido/rustdom-selection-result-OEvCXh/dist/rustdom.node)
==6492==    by 0x23189EB3: _RNvNvNtNtNtCs3Ir8cfnU9oH_7rustdom3dom4tree32___napi_impl_helper_NativeTree_1736___napi_register__NativeTree_impl_44420___ctor_private_inner (in /home/guido/rustdom-selection-result-OEvCXh/dist/rustdom.node)
==6492==    by 0x231B5185: _RNvNvNvNvNtNtNtCs3Ir8cfnU9oH_7rustdom3dom4tree32___napi_impl_helper_NativeTree_1736___napi_register__NativeTree_impl_4441__18___CTOR_PRIVATE_REF14___ctor_private (in /home/guido/rustdom-selection-result-OEvCXh/dist/rustdom.node)
==6492==    by 0x6B9F47D: call_init.part.0 (dl-init.c:70)
==6492==    by 0x6B9F567: call_init (dl-init.c:33)
==6492==    by 0x6B9F567: _dl_init (dl-init.c:117)
==6492==    by 0x78ADBB4: _dl_catch_exception (dl-error-skeleton.c:182)
==6492==    by 0x6BA6FF5: dl_open_worker (dl-open.c:808)
==6492==    by 0x6BA6FF5: dl_open_worker (dl-open.c:771)
==6492==    by 0x78ADB57: _dl_catch_exception (dl-error-skeleton.c:208)
==6492==    by 0x6BA734D: _dl_open (dl-open.c:883)
==6492==    by 0x77C95FB: dlopen_doit (dlopen.c:56)
==6492== 
==6492== 12 bytes in 1 blocks are possibly lost in loss record 157 of 427
==6492==    at 0x73E1899: malloc (in /mnt/c/Users/guido/ghq/projects/rustdom/.tools/valgrind/usr/libexec/valgrind/vgpreload_memcheck-amd64-linux.so)
==6492==    by 0x232471D2: _RNvXs0_NvMs_NtNtCs6i54tJFfzR_5alloc3ffi5c_strNtBa_7CString3newReNtB5_11SpecNewImpl13spec_new_impl (in /home/guido/rustdom-selection-result-OEvCXh/dist/rustdom.node)
==6492==    by 0x231F117F: _RNvMs2_NtNtCs4QMHp0v7l6B_4napi9js_values15object_propertyNtB5_8Property14with_utf8_name (in /home/guido/rustdom-selection-result-OEvCXh/dist/rustdom.node)
==6492==    by 0x2318A3D1: _RNvNvNtNtNtCs3Ir8cfnU9oH_7rustdom3dom4tree32___napi_impl_helper_NativeTree_1736___napi_register__NativeTree_impl_44420___ctor_private_inner (in /home/guido/rustdom-selection-result-OEvCXh/dist/rustdom.node)
==6492==    by 0x231B5185: _RNvNvNvNvNtNtNtCs3Ir8cfnU9oH_7rustdom3dom4tree32___napi_impl_helper_NativeTree_1736___napi_register__NativeTree_impl_4441__18___CTOR_PRIVATE_REF14___ctor_private (in /home/guido/rustdom-selection-result-OEvCXh/dist/rustdom.node)
==6492==    by 0x6B9F47D: call_init.part.0 (dl-init.c:70)
==6492==    by 0x6B9F567: call_init (dl-init.c:33)
==6492==    by 0x6B9F567: _dl_init (dl-init.c:117)
==6492==    by 0x78ADBB4: _dl_catch_exception (dl-error-skeleton.c:182)
==6492==    by 0x6BA6FF5: dl_open_worker (dl-open.c:808)
==6492==    by 0x6BA6FF5: dl_open_worker (dl-open.c:771)
==6492==    by 0x78ADB57: _dl_catch_exception (dl-error-skeleton.c:208)
==6492==    by 0x6BA734D: _dl_open (dl-open.c:883)
==6492==    by 0x77C95FB: dlopen_doit (dlopen.c:56)
==6492== 
==6492== 12 bytes in 1 blocks are possibly lost in loss record 158 of 427
==6492==    at 0x73E1899: malloc (in /mnt/c/Users/guido/ghq/projects/rustdom/.tools/valgrind/usr/libexec/valgrind/vgpreload_memcheck-amd64-linux.so)
==6492==    by 0x232471D2: _RNvXs0_NvMs_NtNtCs6i54tJFfzR_5alloc3ffi5c_strNtBa_7CString3newReNtB5_11SpecNewImpl13spec_new_impl (in /home/guido/rustdom-selection-result-OEvCXh/dist/rustdom.node)
==6492==    by 0x231F117F: _RNvMs2_NtNtCs4QMHp0v7l6B_4napi9js_values15object_propertyNtB5_8Property14with_utf8_name (in /home/guido/rustdom-selection-result-OEvCXh/dist/rustdom.node)
==6492==    by 0x2318A6E3: _RNvNvNtNtNtCs3Ir8cfnU9oH_7rustdom3dom4tree32___napi_impl_helper_NativeTree_1736___napi_register__NativeTree_impl_44420___ctor_private_inner (in /home/guido/rustdom-selection-result-OEvCXh/dist/rustdom.node)
==6492==    by 0x231B5185: _RNvNvNvNvNtNtNtCs3Ir8cfnU9oH_7rustdom3dom4tree32___napi_impl_helper_NativeTree_1736___napi_register__NativeTree_impl_4441__18___CTOR_PRIVATE_REF14___ctor_private (in /home/guido/rustdom-selection-result-OEvCXh/dist/rustdom.node)
==6492==    by 0x6B9F47D: call_init.part.0 (dl-init.c:70)
==6492==    by 0x6B9F567: call_init (dl-init.c:33)
==6492==    by 0x6B9F567: _dl_init (dl-init.c:117)
==6492==    by 0x78ADBB4: _dl_catch_exception (dl-error-skeleton.c:182)
==6492==    by 0x6BA6FF5: dl_open_worker (dl-open.c:808)
==6492==    by 0x6BA6FF5: dl_open_worker (dl-open.c:771)
==6492==    by 0x78ADB57: _dl_catch_exception (dl-error-skeleton.c:208)
==6492==    by 0x6BA734D: _dl_open (dl-open.c:883)
==6492==    by 0x77C95FB: dlopen_doit (dlopen.c:56)
==6492== 
==6492== 12 bytes in 1 blocks are possibly lost in loss record 159 of 427
==6492==    at 0x73E1899: malloc (in /mnt/c/Users/guido/ghq/projects/rustdom/.tools/valgrind/usr/libexec/valgrind/vgpreload_memcheck-amd64-linux.so)
==6492==    by 0x232471D2: _RNvXs0_NvMs_NtNtCs6i54tJFfzR_5alloc3ffi5c_strNtBa_7CString3newReNtB5_11SpecNewImpl13spec_new_impl (in /home/guido/rustdom-selection-result-OEvCXh/dist/rustdom.node)
==6492==    by 0x231F117F: _RNvMs2_NtNtCs4QMHp0v7l6B_4napi9js_values15object_propertyNtB5_8Property14with_utf8_name (in /home/guido/rustdom-selection-result-OEvCXh/dist/rustdom.node)
==6492==    by 0x2318B32B: _RNvNvNtNtNtCs3Ir8cfnU9oH_7rustdom3dom4tree32___napi_impl_helper_NativeTree_1736___napi_register__NativeTree_impl_44420___ctor_private_inner (in /home/guido/rustdom-selection-result-OEvCXh/dist/rustdom.node)
==6492==    by 0x231B5185: _RNvNvNvNvNtNtNtCs3Ir8cfnU9oH_7rustdom3dom4tree32___napi_impl_helper_NativeTree_1736___napi_register__NativeTree_impl_4441__18___CTOR_PRIVATE_REF14___ctor_private (in /home/guido/rustdom-selection-result-OEvCXh/dist/rustdom.node)
==6492==    by 0x6B9F47D: call_init.part.0 (dl-init.c:70)
==6492==    by 0x6B9F567: call_init (dl-init.c:33)
==6492==    by 0x6B9F567: _dl_init (dl-init.c:117)
==6492==    by 0x78ADBB4: _dl_catch_exception (dl-error-skeleton.c:182)
==6492==    by 0x6BA6FF5: dl_open_worker (dl-open.c:808)
==6492==    by 0x6BA6FF5: dl_open_worker (dl-open.c:771)
==6492==    by 0x78ADB57: _dl_catch_exception (dl-error-skeleton.c:208)
==6492==    by 0x6BA734D: _dl_open (dl-open.c:883)
==6492==    by 0x77C95FB: dlopen_doit (dlopen.c:56)
==6492== 
==6492== 12 bytes in 1 blocks are possibly lost in loss record 160 of 427
==6492==    at 0x73E1899: malloc (in /mnt/c/Users/guido/ghq/projects/rustdom/.tools/valgrind/usr/libexec/valgrind/vgpreload_memcheck-amd64-linux.so)
==6492==    by 0x232471D2: _RNvXs0_NvMs_NtNtCs6i54tJFfzR_5alloc3ffi5c_strNtBa_7CString3newReNtB5_11SpecNewImpl13spec_new_impl (in /home/guido/rustdom-selection-result-OEvCXh/dist/rustdom.node)
==6492==    by 0x231F117F: _RNvMs2_NtNtCs4QMHp0v7l6B_4napi9js_values15object_propertyNtB5_8Property14with_utf8_name (in /home/guido/rustdom-selection-result-OEvCXh/dist/rustdom.node)
==6492==    by 0x2318B743: _RNvNvNtNtNtCs3Ir8cfnU9oH_7rustdom3dom4tree32___napi_impl_helper_NativeTree_1736___napi_register__NativeTree_impl_44420___ctor_private_inner (in /home/guido/rustdom-selection-result-OEvCXh/dist/rustdom.node)
==6492==    by 0x231B5185: _RNvNvNvNvNtNtNtCs3Ir8cfnU9oH_7rustdom3dom4tree32___napi_impl_helper_NativeTree_1736___napi_register__NativeTree_impl_4441__18___CTOR_PRIVATE_REF14___ctor_private (in /home/guido/rustdom-selection-result-OEvCXh/dist/rustdom.node)
==6492==    by 0x6B9F47D: call_init.part.0 (dl-init.c:70)
==6492==    by 0x6B9F567: call_init (dl-init.c:33)
==6492==    by 0x6B9F567: _dl_init (dl-init.c:117)
==6492==    by 0x78ADBB4: _dl_catch_exception (dl-error-skeleton.c:182)
==6492==    by 0x6BA6FF5: dl_open_worker (dl-open.c:808)
==6492==    by 0x6BA6FF5: dl_open_worker (dl-open.c:771)
==6492==    by 0x78ADB57: _dl_catch_exception (dl-error-skeleton.c:208)
==6492==    by 0x6BA734D: _dl_open (dl-open.c:883)
==6492==    by 0x77C95FB: dlopen_doit (dlopen.c:56)
==6492== 
==6492== 12 bytes in 1 blocks are possibly lost in loss record 161 of 427
==6492==    at 0x73E1899: malloc (in /mnt/c/Users/guido/ghq/projects/rustdom/.tools/valgrind/usr/libexec/valgrind/vgpreload_memcheck-amd64-linux.so)
==6492==    by 0x232471D2: _RNvXs0_NvMs_NtNtCs6i54tJFfzR_5alloc3ffi5c_strNtBa_7CString3newReNtB5_11SpecNewImpl13spec_new_impl (in /home/guido/rustdom-selection-result-OEvCXh/dist/rustdom.node)
==6492==    by 0x231F117F: _RNvMs2_NtNtCs4QMHp0v7l6B_4napi9js_values15object_propertyNtB5_8Property14with_utf8_name (in /home/guido/rustdom-selection-result-OEvCXh/dist/rustdom.node)
==6492==    by 0x2318F5B1: _RNvNvNtNtNtCs3Ir8cfnU9oH_7rustdom3dom4tree32___napi_impl_helper_NativeTree_1736___napi_register__NativeTree_impl_44420___ctor_private_inner (in /home/guido/rustdom-selection-result-OEvCXh/dist/rustdom.node)
==6492==    by 0x231B5185: _RNvNvNvNvNtNtNtCs3Ir8cfnU9oH_7rustdom3dom4tree32___napi_impl_helper_NativeTree_1736___napi_register__NativeTree_impl_4441__18___CTOR_PRIVATE_REF14___ctor_private (in /home/guido/rustdom-selection-result-OEvCXh/dist/rustdom.node)
==6492==    by 0x6B9F47D: call_init.part.0 (dl-init.c:70)
==6492==    by 0x6B9F567: call_init (dl-init.c:33)
==6492==    by 0x6B9F567: _dl_init (dl-init.c:117)
==6492==    by 0x78ADBB4: _dl_catch_exception (dl-error-skeleton.c:182)
==6492==    by 0x6BA6FF5: dl_open_worker (dl-open.c:808)
==6492==    by 0x6BA6FF5: dl_open_worker (dl-open.c:771)
==6492==    by 0x78ADB57: _dl_catch_exception (dl-error-skeleton.c:208)
==6492==    by 0x6BA734D: _dl_open (dl-open.c:883)
==6492==    by 0x77C95FB: dlopen_doit (dlopen.c:56)
==6492== 
==6492== 12 bytes in 1 blocks are possibly lost in loss record 162 of 427
==6492==    at 0x73E1899: malloc (in /mnt/c/Users/guido/ghq/projects/rustdom/.tools/valgrind/usr/libexec/valgrind/vgpreload_memcheck-amd64-linux.so)
==6492==    by 0x232471D2: _RNvXs0_NvMs_NtNtCs6i54tJFfzR_5alloc3ffi5c_strNtBa_7CString3newReNtB5_11SpecNewImpl13spec_new_impl (in /home/guido/rustdom-selection-result-OEvCXh/dist/rustdom.node)
==6492==    by 0x231F117F: _RNvMs2_NtNtCs4QMHp0v7l6B_4napi9js_values15object_propertyNtB5_8Property14with_utf8_name (in /home/guido/rustdom-selection-result-OEvCXh/dist/rustdom.node)
==6492==    by 0x23190923: _RNvNvNtNtNtCs3Ir8cfnU9oH_7rustdom3dom4tree32___napi_impl_helper_NativeTree_1736___napi_register__NativeTree_impl_44420___ctor_private_inner (in /home/guido/rustdom-selection-result-OEvCXh/dist/rustdom.node)
==6492==    by 0x231B5185: _RNvNvNvNvNtNtNtCs3Ir8cfnU9oH_7rustdom3dom4tree32___napi_impl_helper_NativeTree_1736___napi_register__NativeTree_impl_4441__18___CTOR_PRIVATE_REF14___ctor_private (in /home/guido/rustdom-selection-result-OEvCXh/dist/rustdom.node)
==6492==    by 0x6B9F47D: call_init.part.0 (dl-init.c:70)
==6492==    by 0x6B9F567: call_init (dl-init.c:33)
==6492==    by 0x6B9F567: _dl_init (dl-init.c:117)
==6492==    by 0x78ADBB4: _dl_catch_exception (dl-error-skeleton.c:182)
==6492==    by 0x6BA6FF5: dl_open_worker (dl-open.c:808)
==6492==    by 0x6BA6FF5: dl_open_worker (dl-open.c:771)
==6492==    by 0x78ADB57: _dl_catch_exception (dl-error-skeleton.c:208)
==6492==    by 0x6BA734D: _dl_open (dl-open.c:883)
==6492==    by 0x77C95FB: dlopen_doit (dlopen.c:56)
==6492== 
==6492== 12 bytes in 1 blocks are possibly lost in loss record 163 of 427
==6492==    at 0x73E1899: malloc (in /mnt/c/Users/guido/ghq/projects/rustdom/.tools/valgrind/usr/libexec/valgrind/vgpreload_memcheck-amd64-linux.so)
==6492==    by 0x232471D2: _RNvXs0_NvMs_NtNtCs6i54tJFfzR_5alloc3ffi5c_strNtBa_7CString3newReNtB5_11SpecNewImpl13spec_new_impl (in /home/guido/rustdom-selection-result-OEvCXh/dist/rustdom.node)
==6492==    by 0x231F117F: _RNvMs2_NtNtCs4QMHp0v7l6B_4napi9js_values15object_propertyNtB5_8Property14with_utf8_name (in /home/guido/rustdom-selection-result-OEvCXh/dist/rustdom.node)
==6492==    by 0x231B54B1: _RNvNvNvNvNtNtNtCs3Ir8cfnU9oH_7rustdom3xml7binding37___napi_impl_helper_NativeXmlParser_2241___napi_register__NativeXmlParser_impl_4951__18___CTOR_PRIVATE_REF14___ctor_private (in /home/guido/rustdom-selection-result-OEvCXh/dist/rustdom.node)
==6492==    by 0x6B9F47D: call_init.part.0 (dl-init.c:70)
==6492==    by 0x6B9F567: call_init (dl-init.c:33)
==6492==    by 0x6B9F567: _dl_init (dl-init.c:117)
==6492==    by 0x78ADBB4: _dl_catch_exception (dl-error-skeleton.c:182)
==6492==    by 0x6BA6FF5: dl_open_worker (dl-open.c:808)
==6492==    by 0x6BA6FF5: dl_open_worker (dl-open.c:771)
==6492==    by 0x78ADB57: _dl_catch_exception (dl-error-skeleton.c:208)
==6492==    by 0x6BA734D: _dl_open (dl-open.c:883)
==6492==    by 0x77C95FB: dlopen_doit (dlopen.c:56)
==6492==    by 0x78ADB57: _dl_catch_exception (dl-error-skeleton.c:208)
==6492== 
==6492== 13 bytes in 1 blocks are possibly lost in loss record 164 of 427
==6492==    at 0x73E1899: malloc (in /mnt/c/Users/guido/ghq/projects/rustdom/.tools/valgrind/usr/libexec/valgrind/vgpreload_memcheck-amd64-linux.so)
==6492==    by 0x232471D2: _RNvXs0_NvMs_NtNtCs6i54tJFfzR_5alloc3ffi5c_strNtBa_7CString3newReNtB5_11SpecNewImpl13spec_new_impl (in /home/guido/rustdom-selection-result-OEvCXh/dist/rustdom.node)
==6492==    by 0x231F117F: _RNvMs2_NtNtCs4QMHp0v7l6B_4napi9js_values15object_propertyNtB5_8Property14with_utf8_name (in /home/guido/rustdom-selection-result-OEvCXh/dist/rustdom.node)
==6492==    by 0x2319B92C: _RNvNvNvNvNtNtNtCs3Ir8cfnU9oH_7rustdom3dom12blob_binding39___napi_impl_helper_NativeBlobMetadata_143___napi_register__NativeBlobMetadata_impl_301__18___CTOR_PRIVATE_REF14___ctor_private (in /home/guido/rustdom-selection-result-OEvCXh/dist/rustdom.node)
==6492==    by 0x6B9F47D: call_init.part.0 (dl-init.c:70)
==6492==    by 0x6B9F567: call_init (dl-init.c:33)
==6492==    by 0x6B9F567: _dl_init (dl-init.c:117)
==6492==    by 0x78ADBB4: _dl_catch_exception (dl-error-skeleton.c:182)
==6492==    by 0x6BA6FF5: dl_open_worker (dl-open.c:808)
==6492==    by 0x6BA6FF5: dl_open_worker (dl-open.c:771)
==6492==    by 0x78ADB57: _dl_catch_exception (dl-error-skeleton.c:208)
==6492==    by 0x6BA734D: _dl_open (dl-open.c:883)
==6492==    by 0x77C95FB: dlopen_doit (dlopen.c:56)
==6492==    by 0x78ADB57: _dl_catch_exception (dl-error-skeleton.c:208)
==6492== 
==6492== 13 bytes in 1 blocks are possibly lost in loss record 165 of 427
==6492==    at 0x73E1899: malloc (in /mnt/c/Users/guido/ghq/projects/rustdom/.tools/valgrind/usr/libexec/valgrind/vgpreload_memcheck-amd64-linux.so)
==6492==    by 0x232471D2: _RNvXs0_NvMs_NtNtCs6i54tJFfzR_5alloc3ffi5c_strNtBa_7CString3newReNtB5_11SpecNewImpl13spec_new_impl (in /home/guido/rustdom-selection-result-OEvCXh/dist/rustdom.node)
==6492==    by 0x231F117F: _RNvMs2_NtNtCs4QMHp0v7l6B_4napi9js_values15object_propertyNtB5_8Property14with_utf8_name (in /home/guido/rustdom-selection-result-OEvCXh/dist/rustdom.node)
==6492==    by 0x231A1DBA: _RNvNvNvNvNtNtNtCs3Ir8cfnU9oH_7rustdom3dom19abort_state_binding37___napi_impl_helper_NativeAbortState_041___napi_register__NativeAbortState_impl_201__18___CTOR_PRIVATE_REF14___ctor_private (in /home/guido/rustdom-selection-result-OEvCXh/dist/rustdom.node)
==6492==    by 0x6B9F47D: call_init.part.0 (dl-init.c:70)
==6492==    by 0x6B9F567: call_init (dl-init.c:33)
==6492==    by 0x6B9F567: _dl_init (dl-init.c:117)
==6492==    by 0x78ADBB4: _dl_catch_exception (dl-error-skeleton.c:182)
==6492==    by 0x6BA6FF5: dl_open_worker (dl-open.c:808)
==6492==    by 0x6BA6FF5: dl_open_worker (dl-open.c:771)
==6492==    by 0x78ADB57: _dl_catch_exception (dl-error-skeleton.c:208)
==6492==    by 0x6BA734D: _dl_open (dl-open.c:883)
==6492==    by 0x77C95FB: dlopen_doit (dlopen.c:56)
==6492==    by 0x78ADB57: _dl_catch_exception (dl-error-skeleton.c:208)
==6492== 
==6492== 13 bytes in 1 blocks are possibly lost in loss record 166 of 427
==6492==    at 0x73E1899: malloc (in /mnt/c/Users/guido/ghq/projects/rustdom/.tools/valgrind/usr/libexec/valgrind/vgpreload_memcheck-amd64-linux.so)
==6492==    by 0x232471D2: _RNvXs0_NvMs_NtNtCs6i54tJFfzR_5alloc3ffi5c_strNtBa_7CString3newReNtB5_11SpecNewImpl13spec_new_impl (in /home/guido/rustdom-selection-result-OEvCXh/dist/rustdom.node)
==6492==    by 0x231F117F: _RNvMs2_NtNtCs4QMHp0v7l6B_4napi9js_values15object_propertyNtB5_8Property14with_utf8_name (in /home/guido/rustdom-selection-result-OEvCXh/dist/rustdom.node)
==6492==    by 0x231A471E: _RNvNvNvNvNtNtNtCs3Ir8cfnU9oH_7rustdom3dom19event_state_binding37___napi_impl_helper_NativeEventState_442___napi_register__NativeEventState_impl_1041__18___CTOR_PRIVATE_REF14___ctor_private (in /home/guido/rustdom-selection-result-OEvCXh/dist/rustdom.node)
==6492==    by 0x6B9F47D: call_init.part.0 (dl-init.c:70)
==6492==    by 0x6B9F567: call_init (dl-init.c:33)
==6492==    by 0x6B9F567: _dl_init (dl-init.c:117)
==6492==    by 0x78ADBB4: _dl_catch_exception (dl-error-skeleton.c:182)
==6492==    by 0x6BA6FF5: dl_open_worker (dl-open.c:808)
==6492==    by 0x6BA6FF5: dl_open_worker (dl-open.c:771)
==6492==    by 0x78ADB57: _dl_catch_exception (dl-error-skeleton.c:208)
==6492==    by 0x6BA734D: _dl_open (dl-open.c:883)
==6492==    by 0x77C95FB: dlopen_doit (dlopen.c:56)
==6492==    by 0x78ADB57: _dl_catch_exception (dl-error-skeleton.c:208)
==6492== 
==6492== 13 bytes in 1 blocks are possibly lost in loss record 167 of 427
==6492==    at 0x73E1899: malloc (in /mnt/c/Users/guido/ghq/projects/rustdom/.tools/valgrind/usr/libexec/valgrind/vgpreload_memcheck-amd64-linux.so)
==6492==    by 0x232471D2: _RNvXs0_NvMs_NtNtCs6i54tJFfzR_5alloc3ffi5c_strNtBa_7CString3newReNtB5_11SpecNewImpl13spec_new_impl (in /home/guido/rustdom-selection-result-OEvCXh/dist/rustdom.node)
==6492==    by 0x231F117F: _RNvMs2_NtNtCs4QMHp0v7l6B_4napi9js_values15object_propertyNtB5_8Property14with_utf8_name (in /home/guido/rustdom-selection-result-OEvCXh/dist/rustdom.node)
==6492==    by 0x231A8BD7: _RNvNvNvNvNtNtNtCs3Ir8cfnU9oH_7rustdom3dom19range_state_binding33___napi_impl_helper_NativeRange_1137___napi_register__NativeRange_impl_2221__18___CTOR_PRIVATE_REF14___ctor_private (in /home/guido/rustdom-selection-result-OEvCXh/dist/rustdom.node)
==6492==    by 0x6B9F47D: call_init.part.0 (dl-init.c:70)
==6492==    by 0x6B9F567: call_init (dl-init.c:33)
==6492==    by 0x6B9F567: _dl_init (dl-init.c:117)
==6492==    by 0x78ADBB4: _dl_catch_exception (dl-error-skeleton.c:182)
==6492==    by 0x6BA6FF5: dl_open_worker (dl-open.c:808)
==6492==    by 0x6BA6FF5: dl_open_worker (dl-open.c:771)
==6492==    by 0x78ADB57: _dl_catch_exception (dl-error-skeleton.c:208)
==6492==    by 0x6BA734D: _dl_open (dl-open.c:883)
==6492==    by 0x77C95FB: dlopen_doit (dlopen.c:56)
==6492==    by 0x78ADB57: _dl_catch_exception (dl-error-skeleton.c:208)
==6492== 
==6492== 13 bytes in 1 blocks are possibly lost in loss record 168 of 427
==6492==    at 0x73E1899: malloc (in /mnt/c/Users/guido/ghq/projects/rustdom/.tools/valgrind/usr/libexec/valgrind/vgpreload_memcheck-amd64-linux.so)
==6492==    by 0x232471D2: _RNvXs0_NvMs_NtNtCs6i54tJFfzR_5alloc3ffi5c_strNtBa_7CString3newReNtB5_11SpecNewImpl13spec_new_impl (in /home/guido/rustdom-selection-result-OEvCXh/dist/rustdom.node)
==6492==    by 0x231F117F: _RNvMs2_NtNtCs4QMHp0v7l6B_4napi9js_values15object_propertyNtB5_8Property14with_utf8_name (in /home/guido/rustdom-selection-result-OEvCXh/dist/rustdom.node)
==6492==    by 0x231B0874: _RNvNvNvNvNtNtNtCs3Ir8cfnU9oH_7rustdom3dom23mutation_record_binding41___napi_impl_helper_NativeMutationRecord_746___napi_register__NativeMutationRecord_impl_1591__18___CTOR_PRIVATE_REF14___ctor_private (in /home/guido/rustdom-selection-result-OEvCXh/dist/rustdom.node)
==6492==    by 0x6B9F47D: call_init.part.0 (dl-init.c:70)
==6492==    by 0x6B9F567: call_init (dl-init.c:33)
==6492==    by 0x6B9F567: _dl_init (dl-init.c:117)
==6492==    by 0x78ADBB4: _dl_catch_exception (dl-error-skeleton.c:182)
==6492==    by 0x6BA6FF5: dl_open_worker (dl-open.c:808)
==6492==    by 0x6BA6FF5: dl_open_worker (dl-open.c:771)
==6492==    by 0x78ADB57: _dl_catch_exception (dl-error-skeleton.c:208)
==6492==    by 0x6BA734D: _dl_open (dl-open.c:883)
==6492==    by 0x77C95FB: dlopen_doit (dlopen.c:56)
==6492==    by 0x78ADB57: _dl_catch_exception (dl-error-skeleton.c:208)
==6492== 
==6492== 13 bytes in 1 blocks are possibly lost in loss record 169 of 427
==6492==    at 0x73E1899: malloc (in /mnt/c/Users/guido/ghq/projects/rustdom/.tools/valgrind/usr/libexec/valgrind/vgpreload_memcheck-amd64-linux.so)
==6492==    by 0x232471D2: _RNvXs0_NvMs_NtNtCs6i54tJFfzR_5alloc3ffi5c_strNtBa_7CString3newReNtB5_11SpecNewImpl13spec_new_impl (in /home/guido/rustdom-selection-result-OEvCXh/dist/rustdom.node)
==6492==    by 0x231F117F: _RNvMs2_NtNtCs4QMHp0v7l6B_4napi9js_values15object_propertyNtB5_8Property14with_utf8_name (in /home/guido/rustdom-selection-result-OEvCXh/dist/rustdom.node)
==6492==    by 0x231B30F7: _RNvNvNvNvNtNtNtCs3Ir8cfnU9oH_7rustdom3dom4tree32___napi_impl_helper_NativeTree_1636___napi_register__NativeTree_impl_3111__18___CTOR_PRIVATE_REF14___ctor_private (in /home/guido/rustdom-selection-result-OEvCXh/dist/rustdom.node)
==6492==    by 0x6B9F47D: call_init.part.0 (dl-init.c:70)
==6492==    by 0x6B9F567: call_init (dl-init.c:33)
==6492==    by 0x6B9F567: _dl_init (dl-init.c:117)
==6492==    by 0x78ADBB4: _dl_catch_exception (dl-error-skeleton.c:182)
==6492==    by 0x6BA6FF5: dl_open_worker (dl-open.c:808)
==6492==    by 0x6BA6FF5: dl_open_worker (dl-open.c:771)
==6492==    by 0x78ADB57: _dl_catch_exception (dl-error-skeleton.c:208)
==6492==    by 0x6BA734D: _dl_open (dl-open.c:883)
==6492==    by 0x77C95FB: dlopen_doit (dlopen.c:56)
==6492==    by 0x78ADB57: _dl_catch_exception (dl-error-skeleton.c:208)
==6492== 
==6492== 13 bytes in 1 blocks are possibly lost in loss record 170 of 427
==6492==    at 0x73E1899: malloc (in /mnt/c/Users/guido/ghq/projects/rustdom/.tools/valgrind/usr/libexec/valgrind/vgpreload_memcheck-amd64-linux.so)
==6492==    by 0x232471D2: _RNvXs0_NvMs_NtNtCs6i54tJFfzR_5alloc3ffi5c_strNtBa_7CString3newReNtB5_11SpecNewImpl13spec_new_impl (in /home/guido/rustdom-selection-result-OEvCXh/dist/rustdom.node)
==6492==    by 0x231F117F: _RNvMs2_NtNtCs4QMHp0v7l6B_4napi9js_values15object_propertyNtB5_8Property14with_utf8_name (in /home/guido/rustdom-selection-result-OEvCXh/dist/rustdom.node)
==6492==    by 0x231B3303: _RNvNvNvNvNtNtNtCs3Ir8cfnU9oH_7rustdom3dom4tree32___napi_impl_helper_NativeTree_1636___napi_register__NativeTree_impl_3111__18___CTOR_PRIVATE_REF14___ctor_private (in /home/guido/rustdom-selection-result-OEvCXh/dist/rustdom.node)
==6492==    by 0x6B9F47D: call_init.part.0 (dl-init.c:70)
==6492==    by 0x6B9F567: call_init (dl-init.c:33)
==6492==    by 0x6B9F567: _dl_init (dl-init.c:117)
==6492==    by 0x78ADBB4: _dl_catch_exception (dl-error-skeleton.c:182)
==6492==    by 0x6BA6FF5: dl_open_worker (dl-open.c:808)
==6492==    by 0x6BA6FF5: dl_open_worker (dl-open.c:771)
==6492==    by 0x78ADB57: _dl_catch_exception (dl-error-skeleton.c:208)
==6492==    by 0x6BA734D: _dl_open (dl-open.c:883)
==6492==    by 0x77C95FB: dlopen_doit (dlopen.c:56)
==6492==    by 0x78ADB57: _dl_catch_exception (dl-error-skeleton.c:208)
==6492== 
==6492== 13 bytes in 1 blocks are possibly lost in loss record 171 of 427
==6492==    at 0x73E1899: malloc (in /mnt/c/Users/guido/ghq/projects/rustdom/.tools/valgrind/usr/libexec/valgrind/vgpreload_memcheck-amd64-linux.so)
==6492==    by 0x232471D2: _RNvXs0_NvMs_NtNtCs6i54tJFfzR_5alloc3ffi5c_strNtBa_7CString3newReNtB5_11SpecNewImpl13spec_new_impl (in /home/guido/rustdom-selection-result-OEvCXh/dist/rustdom.node)
==6492==    by 0x231F117F: _RNvMs2_NtNtCs4QMHp0v7l6B_4napi9js_values15object_propertyNtB5_8Property14with_utf8_name (in /home/guido/rustdom-selection-result-OEvCXh/dist/rustdom.node)
==6492==    by 0x231B3821: _RNvNvNvNvNtNtNtCs3Ir8cfnU9oH_7rustdom3dom4tree32___napi_impl_helper_NativeTree_1636___napi_register__NativeTree_impl_3111__18___CTOR_PRIVATE_REF14___ctor_private (in /home/guido/rustdom-selection-result-OEvCXh/dist/rustdom.node)
==6492==    by 0x6B9F47D: call_init.part.0 (dl-init.c:70)
==6492==    by 0x6B9F567: call_init (dl-init.c:33)
==6492==    by 0x6B9F567: _dl_init (dl-init.c:117)
==6492==    by 0x78ADBB4: _dl_catch_exception (dl-error-skeleton.c:182)
==6492==    by 0x6BA6FF5: dl_open_worker (dl-open.c:808)
==6492==    by 0x6BA6FF5: dl_open_worker (dl-open.c:771)
==6492==    by 0x78ADB57: _dl_catch_exception (dl-error-skeleton.c:208)
==6492==    by 0x6BA734D: _dl_open (dl-open.c:883)
==6492==    by 0x77C95FB: dlopen_doit (dlopen.c:56)
==6492==    by 0x78ADB57: _dl_catch_exception (dl-error-skeleton.c:208)
==6492== 
==6492== 13 bytes in 1 blocks are possibly lost in loss record 172 of 427
==6492==    at 0x73E1899: malloc (in /mnt/c/Users/guido/ghq/projects/rustdom/.tools/valgrind/usr/libexec/valgrind/vgpreload_memcheck-amd64-linux.so)
==6492==    by 0x232471D2: _RNvXs0_NvMs_NtNtCs6i54tJFfzR_5alloc3ffi5c_strNtBa_7CString3newReNtB5_11SpecNewImpl13spec_new_impl (in /home/guido/rustdom-selection-result-OEvCXh/dist/rustdom.node)
==6492==    by 0x231F117F: _RNvMs2_NtNtCs4QMHp0v7l6B_4napi9js_values15object_propertyNtB5_8Property14with_utf8_name (in /home/guido/rustdom-selection-result-OEvCXh/dist/rustdom.node)
==6492==    by 0x2318904E: _RNvNvNtNtNtCs3Ir8cfnU9oH_7rustdom3dom4tree32___napi_impl_helper_NativeTree_1736___napi_register__NativeTree_impl_44420___ctor_private_inner (in /home/guido/rustdom-selection-result-OEvCXh/dist/rustdom.node)
==6492==    by 0x231B5185: _RNvNvNvNvNtNtNtCs3Ir8cfnU9oH_7rustdom3dom4tree32___napi_impl_helper_NativeTree_1736___napi_register__NativeTree_impl_4441__18___CTOR_PRIVATE_REF14___ctor_private (in /home/guido/rustdom-selection-result-OEvCXh/dist/rustdom.node)
==6492==    by 0x6B9F47D: call_init.part.0 (dl-init.c:70)
==6492==    by 0x6B9F567: call_init (dl-init.c:33)
==6492==    by 0x6B9F567: _dl_init (dl-init.c:117)
==6492==    by 0x78ADBB4: _dl_catch_exception (dl-error-skeleton.c:182)
==6492==    by 0x6BA6FF5: dl_open_worker (dl-open.c:808)
==6492==    by 0x6BA6FF5: dl_open_worker (dl-open.c:771)
==6492==    by 0x78ADB57: _dl_catch_exception (dl-error-skeleton.c:208)
==6492==    by 0x6BA734D: _dl_open (dl-open.c:883)
==6492==    by 0x77C95FB: dlopen_doit (dlopen.c:56)
==6492== 
==6492== 13 bytes in 1 blocks are possibly lost in loss record 173 of 427
==6492==    at 0x73E1899: malloc (in /mnt/c/Users/guido/ghq/projects/rustdom/.tools/valgrind/usr/libexec/valgrind/vgpreload_memcheck-amd64-linux.so)
==6492==    by 0x232471D2: _RNvXs0_NvMs_NtNtCs6i54tJFfzR_5alloc3ffi5c_strNtBa_7CString3newReNtB5_11SpecNewImpl13spec_new_impl (in /home/guido/rustdom-selection-result-OEvCXh/dist/rustdom.node)
==6492==    by 0x231F117F: _RNvMs2_NtNtCs4QMHp0v7l6B_4napi9js_values15object_propertyNtB5_8Property14with_utf8_name (in /home/guido/rustdom-selection-result-OEvCXh/dist/rustdom.node)
==6492==    by 0x23189DAD: _RNvNvNtNtNtCs3Ir8cfnU9oH_7rustdom3dom4tree32___napi_impl_helper_NativeTree_1736___napi_register__NativeTree_impl_44420___ctor_private_inner (in /home/guido/rustdom-selection-result-OEvCXh/dist/rustdom.node)
==6492==    by 0x231B5185: _RNvNvNvNvNtNtNtCs3Ir8cfnU9oH_7rustdom3dom4tree32___napi_impl_helper_NativeTree_1736___napi_register__NativeTree_impl_4441__18___CTOR_PRIVATE_REF14___ctor_private (in /home/guido/rustdom-selection-result-OEvCXh/dist/rustdom.node)
==6492==    by 0x6B9F47D: call_init.part.0 (dl-init.c:70)
==6492==    by 0x6B9F567: call_init (dl-init.c:33)
==6492==    by 0x6B9F567: _dl_init (dl-init.c:117)
==6492==    by 0x78ADBB4: _dl_catch_exception (dl-error-skeleton.c:182)
==6492==    by 0x6BA6FF5: dl_open_worker (dl-open.c:808)
==6492==    by 0x6BA6FF5: dl_open_worker (dl-open.c:771)
==6492==    by 0x78ADB57: _dl_catch_exception (dl-error-skeleton.c:208)
==6492==    by 0x6BA734D: _dl_open (dl-open.c:883)
==6492==    by 0x77C95FB: dlopen_doit (dlopen.c:56)
==6492== 
==6492== 13 bytes in 1 blocks are possibly lost in loss record 174 of 427
==6492==    at 0x73E1899: malloc (in /mnt/c/Users/guido/ghq/projects/rustdom/.tools/valgrind/usr/libexec/valgrind/vgpreload_memcheck-amd64-linux.so)
==6492==    by 0x232471D2: _RNvXs0_NvMs_NtNtCs6i54tJFfzR_5alloc3ffi5c_strNtBa_7CString3newReNtB5_11SpecNewImpl13spec_new_impl (in /home/guido/rustdom-selection-result-OEvCXh/dist/rustdom.node)
==6492==    by 0x231F117F: _RNvMs2_NtNtCs4QMHp0v7l6B_4napi9js_values15object_propertyNtB5_8Property14with_utf8_name (in /home/guido/rustdom-selection-result-OEvCXh/dist/rustdom.node)
==6492==    by 0x2318B431: _RNvNvNtNtNtCs3Ir8cfnU9oH_7rustdom3dom4tree32___napi_impl_helper_NativeTree_1736___napi_register__NativeTree_impl_44420___ctor_private_inner (in /home/guido/rustdom-selection-result-OEvCXh/dist/rustdom.node)
==6492==    by 0x231B5185: _RNvNvNvNvNtNtNtCs3Ir8cfnU9oH_7rustdom3dom4tree32___napi_impl_helper_NativeTree_1736___napi_register__NativeTree_impl_4441__18___CTOR_PRIVATE_REF14___ctor_private (in /home/guido/rustdom-selection-result-OEvCXh/dist/rustdom.node)
==6492==    by 0x6B9F47D: call_init.part.0 (dl-init.c:70)
==6492==    by 0x6B9F567: call_init (dl-init.c:33)
==6492==    by 0x6B9F567: _dl_init (dl-init.c:117)
==6492==    by 0x78ADBB4: _dl_catch_exception (dl-error-skeleton.c:182)
==6492==    by 0x6BA6FF5: dl_open_worker (dl-open.c:808)
==6492==    by 0x6BA6FF5: dl_open_worker (dl-open.c:771)
==6492==    by 0x78ADB57: _dl_catch_exception (dl-error-skeleton.c:208)
==6492==    by 0x6BA734D: _dl_open (dl-open.c:883)
==6492==    by 0x77C95FB: dlopen_doit (dlopen.c:56)
==6492== 
==6492== 13 bytes in 1 blocks are possibly lost in loss record 175 of 427
==6492==    at 0x73E1899: malloc (in /mnt/c/Users/guido/ghq/projects/rustdom/.tools/valgrind/usr/libexec/valgrind/vgpreload_memcheck-amd64-linux.so)
==6492==    by 0x232471D2: _RNvXs0_NvMs_NtNtCs6i54tJFfzR_5alloc3ffi5c_strNtBa_7CString3newReNtB5_11SpecNewImpl13spec_new_impl (in /home/guido/rustdom-selection-result-OEvCXh/dist/rustdom.node)
==6492==    by 0x231F117F: _RNvMs2_NtNtCs4QMHp0v7l6B_4napi9js_values15object_propertyNtB5_8Property14with_utf8_name (in /home/guido/rustdom-selection-result-OEvCXh/dist/rustdom.node)
==6492==    by 0x2318BB5B: _RNvNvNtNtNtCs3Ir8cfnU9oH_7rustdom3dom4tree32___napi_impl_helper_NativeTree_1736___napi_register__NativeTree_impl_44420___ctor_private_inner (in /home/guido/rustdom-selection-result-OEvCXh/dist/rustdom.node)
==6492==    by 0x231B5185: _RNvNvNvNvNtNtNtCs3Ir8cfnU9oH_7rustdom3dom4tree32___napi_impl_helper_NativeTree_1736___napi_register__NativeTree_impl_4441__18___CTOR_PRIVATE_REF14___ctor_private (in /home/guido/rustdom-selection-result-OEvCXh/dist/rustdom.node)
==6492==    by 0x6B9F47D: call_init.part.0 (dl-init.c:70)
==6492==    by 0x6B9F567: call_init (dl-init.c:33)
==6492==    by 0x6B9F567: _dl_init (dl-init.c:117)
==6492==    by 0x78ADBB4: _dl_catch_exception (dl-error-skeleton.c:182)
==6492==    by 0x6BA6FF5: dl_open_worker (dl-open.c:808)
==6492==    by 0x6BA6FF5: dl_open_worker (dl-open.c:771)
==6492==    by 0x78ADB57: _dl_catch_exception (dl-error-skeleton.c:208)
==6492==    by 0x6BA734D: _dl_open (dl-open.c:883)
==6492==    by 0x77C95FB: dlopen_doit (dlopen.c:56)
==6492== 
==6492== 13 bytes in 1 blocks are possibly lost in loss record 176 of 427
==6492==    at 0x73E1899: malloc (in /mnt/c/Users/guido/ghq/projects/rustdom/.tools/valgrind/usr/libexec/valgrind/vgpreload_memcheck-amd64-linux.so)
==6492==    by 0x232471D2: _RNvXs0_NvMs_NtNtCs6i54tJFfzR_5alloc3ffi5c_strNtBa_7CString3newReNtB5_11SpecNewImpl13spec_new_impl (in /home/guido/rustdom-selection-result-OEvCXh/dist/rustdom.node)
==6492==    by 0x231F117F: _RNvMs2_NtNtCs4QMHp0v7l6B_4napi9js_values15object_propertyNtB5_8Property14with_utf8_name (in /home/guido/rustdom-selection-result-OEvCXh/dist/rustdom.node)
==6492==    by 0x2318EB75: _RNvNvNtNtNtCs3Ir8cfnU9oH_7rustdom3dom4tree32___napi_impl_helper_NativeTree_1736___napi_register__NativeTree_impl_44420___ctor_private_inner (in /home/guido/rustdom-selection-result-OEvCXh/dist/rustdom.node)
==6492==    by 0x231B5185: _RNvNvNvNvNtNtNtCs3Ir8cfnU9oH_7rustdom3dom4tree32___napi_impl_helper_NativeTree_1736___napi_register__NativeTree_impl_4441__18___CTOR_PRIVATE_REF14___ctor_private (in /home/guido/rustdom-selection-result-OEvCXh/dist/rustdom.node)
==6492==    by 0x6B9F47D: call_init.part.0 (dl-init.c:70)
==6492==    by 0x6B9F567: call_init (dl-init.c:33)
==6492==    by 0x6B9F567: _dl_init (dl-init.c:117)
==6492==    by 0x78ADBB4: _dl_catch_exception (dl-error-skeleton.c:182)
==6492==    by 0x6BA6FF5: dl_open_worker (dl-open.c:808)
==6492==    by 0x6BA6FF5: dl_open_worker (dl-open.c:771)
==6492==    by 0x78ADB57: _dl_catch_exception (dl-error-skeleton.c:208)
==6492==    by 0x6BA734D: _dl_open (dl-open.c:883)
==6492==    by 0x77C95FB: dlopen_doit (dlopen.c:56)
==6492== 
==6492== 13 bytes in 1 blocks are possibly lost in loss record 177 of 427
==6492==    at 0x73E1899: malloc (in /mnt/c/Users/guido/ghq/projects/rustdom/.tools/valgrind/usr/libexec/valgrind/vgpreload_memcheck-amd64-linux.so)
==6492==    by 0x232471D2: _RNvXs0_NvMs_NtNtCs6i54tJFfzR_5alloc3ffi5c_strNtBa_7CString3newReNtB5_11SpecNewImpl13spec_new_impl (in /home/guido/rustdom-selection-result-OEvCXh/dist/rustdom.node)
==6492==    by 0x231F117F: _RNvMs2_NtNtCs4QMHp0v7l6B_4napi9js_values15object_propertyNtB5_8Property14with_utf8_name (in /home/guido/rustdom-selection-result-OEvCXh/dist/rustdom.node)
==6492==    by 0x2318FFED: _RNvNvNtNtNtCs3Ir8cfnU9oH_7rustdom3dom4tree32___napi_impl_helper_NativeTree_1736___napi_register__NativeTree_impl_44420___ctor_private_inner (in /home/guido/rustdom-selection-result-OEvCXh/dist/rustdom.node)
==6492==    by 0x231B5185: _RNvNvNvNvNtNtNtCs3Ir8cfnU9oH_7rustdom3dom4tree32___napi_impl_helper_NativeTree_1736___napi_register__NativeTree_impl_4441__18___CTOR_PRIVATE_REF14___ctor_private (in /home/guido/rustdom-selection-result-OEvCXh/dist/rustdom.node)
==6492==    by 0x6B9F47D: call_init.part.0 (dl-init.c:70)
==6492==    by 0x6B9F567: call_init (dl-init.c:33)
==6492==    by 0x6B9F567: _dl_init (dl-init.c:117)
==6492==    by 0x78ADBB4: _dl_catch_exception (dl-error-skeleton.c:182)
==6492==    by 0x6BA6FF5: dl_open_worker (dl-open.c:808)
==6492==    by 0x6BA6FF5: dl_open_worker (dl-open.c:771)
==6492==    by 0x78ADB57: _dl_catch_exception (dl-error-skeleton.c:208)
==6492==    by 0x6BA734D: _dl_open (dl-open.c:883)
==6492==    by 0x77C95FB: dlopen_doit (dlopen.c:56)
==6492== 
==6492== 14 bytes in 1 blocks are still reachable in loss record 178 of 427
==6492==    at 0x73E1899: malloc (in /mnt/c/Users/guido/ghq/projects/rustdom/.tools/valgrind/usr/libexec/valgrind/vgpreload_memcheck-amd64-linux.so)
==6492==    by 0x26DEC47: init_entry(char const*, char const*, UErrorCode*) (in /mnt/c/Users/guido/AppData/Local/Temp/rustdom-pr54-abort-retention-e991d78927094e13876cb3cd1a13dacf/.tools/node-v24.20.0-linux-x64/bin/node)
==6492==    by 0x26E0E4D: ures_openWithType(UResourceBundle*, char const*, char const*, UResOpenType, UErrorCode*) (in /mnt/c/Users/guido/AppData/Local/Temp/rustdom-pr54-abort-retention-e991d78927094e13876cb3cd1a13dacf/.tools/node-v24.20.0-linux-x64/bin/node)
==6492==    by 0x26E16FF: (anonymous namespace)::getAliasTargetAsResourceBundle(ResourceData const&, unsigned int, char const*, int, UResourceDataEntry*, char const*, int, UResourceBundle*, UErrorCode*) (in /mnt/c/Users/guido/AppData/Local/Temp/rustdom-pr54-abort-retention-e991d78927094e13876cb3cd1a13dacf/.tools/node-v24.20.0-linux-x64/bin/node)
==6492==    by 0x26E3414: ures_getByKey_78 (in /mnt/c/Users/guido/AppData/Local/Temp/rustdom-pr54-abort-retention-e991d78927094e13876cb3cd1a13dacf/.tools/node-v24.20.0-linux-x64/bin/node)
==6492==    by 0x21B2DC4: icu_78::ZoneMeta::getCanonicalCLDRID(icu_78::UnicodeString const&, UErrorCode&) (in /mnt/c/Users/guido/AppData/Local/Temp/rustdom-pr54-abort-retention-e991d78927094e13876cb3cd1a13dacf/.tools/node-v24.20.0-linux-x64/bin/node)
==6492==    by 0x2116C0A: icu_78::OlsonTimeZone::OlsonTimeZone(UResourceBundle const*, UResourceBundle const*, icu_78::UnicodeString const&, UErrorCode&) (in /mnt/c/Users/guido/AppData/Local/Temp/rustdom-pr54-abort-retention-e991d78927094e13876cb3cd1a13dacf/.tools/node-v24.20.0-linux-x64/bin/node)
==6492==    by 0x20A8599: icu_78::(anonymous namespace)::createSystemTimeZone(icu_78::UnicodeString const&, UErrorCode&) [clone .part.0] (in /mnt/c/Users/guido/AppData/Local/Temp/rustdom-pr54-abort-retention-e991d78927094e13876cb3cd1a13dacf/.tools/node-v24.20.0-linux-x64/bin/node)
==6492==    by 0x20A8D11: icu_78::TimeZone::detectHostTimeZone() (in /mnt/c/Users/guido/AppData/Local/Temp/rustdom-pr54-abort-retention-e991d78927094e13876cb3cd1a13dacf/.tools/node-v24.20.0-linux-x64/bin/node)
==6492==    by 0x20A8F04: icu_78::TimeZone::createDefault() (in /mnt/c/Users/guido/AppData/Local/Temp/rustdom-pr54-abort-retention-e991d78927094e13876cb3cd1a13dacf/.tools/node-v24.20.0-linux-x64/bin/node)
==6492==    by 0x11420B9: v8::internal::ICUTimezoneCache::LocalTimeOffset(double, bool) (in /mnt/c/Users/guido/AppData/Local/Temp/rustdom-pr54-abort-retention-e991d78927094e13876cb3cd1a13dacf/.tools/node-v24.20.0-linux-x64/bin/node)
==6492==    by 0xD66BC7: v8::internal::DateCache::GetLocalOffsetFromOS(long, bool) (in /mnt/c/Users/guido/AppData/Local/Temp/rustdom-pr54-abort-retention-e991d78927094e13876cb3cd1a13dacf/.tools/node-v24.20.0-linux-x64/bin/node)
==6492== 
==6492== 14 bytes in 1 blocks are possibly lost in loss record 179 of 427
==6492==    at 0x73E1899: malloc (in /mnt/c/Users/guido/ghq/projects/rustdom/.tools/valgrind/usr/libexec/valgrind/vgpreload_memcheck-amd64-linux.so)
==6492==    by 0x232471D2: _RNvXs0_NvMs_NtNtCs6i54tJFfzR_5alloc3ffi5c_strNtBa_7CString3newReNtB5_11SpecNewImpl13spec_new_impl (in /home/guido/rustdom-selection-result-OEvCXh/dist/rustdom.node)
==6492==    by 0x231F117F: _RNvMs2_NtNtCs4QMHp0v7l6B_4napi9js_values15object_propertyNtB5_8Property14with_utf8_name (in /home/guido/rustdom-selection-result-OEvCXh/dist/rustdom.node)
==6492==    by 0x2319FC4B: _RNvNvNvNvNtNtNtCs3Ir8cfnU9oH_7rustdom3dom17selection_binding42___napi_impl_helper_NativeSelectionState_1246___napi_register__NativeSelectionState_impl_2341__18___CTOR_PRIVATE_REF14___ctor_private (in /home/guido/rustdom-selection-result-OEvCXh/dist/rustdom.node)
==6492==    by 0x6B9F47D: call_init.part.0 (dl-init.c:70)
==6492==    by 0x6B9F567: call_init (dl-init.c:33)
==6492==    by 0x6B9F567: _dl_init (dl-init.c:117)
==6492==    by 0x78ADBB4: _dl_catch_exception (dl-error-skeleton.c:182)
==6492==    by 0x6BA6FF5: dl_open_worker (dl-open.c:808)
==6492==    by 0x6BA6FF5: dl_open_worker (dl-open.c:771)
==6492==    by 0x78ADB57: _dl_catch_exception (dl-error-skeleton.c:208)
==6492==    by 0x6BA734D: _dl_open (dl-open.c:883)
==6492==    by 0x77C95FB: dlopen_doit (dlopen.c:56)
==6492==    by 0x78ADB57: _dl_catch_exception (dl-error-skeleton.c:208)
==6492== 
==6492== 14 bytes in 1 blocks are possibly lost in loss record 180 of 427
==6492==    at 0x73E1899: malloc (in /mnt/c/Users/guido/ghq/projects/rustdom/.tools/valgrind/usr/libexec/valgrind/vgpreload_memcheck-amd64-linux.so)
==6492==    by 0x232471D2: _RNvXs0_NvMs_NtNtCs6i54tJFfzR_5alloc3ffi5c_strNtBa_7CString3newReNtB5_11SpecNewImpl13spec_new_impl (in /home/guido/rustdom-selection-result-OEvCXh/dist/rustdom.node)
==6492==    by 0x231F117F: _RNvMs2_NtNtCs4QMHp0v7l6B_4napi9js_values15object_propertyNtB5_8Property14with_utf8_name (in /home/guido/rustdom-selection-result-OEvCXh/dist/rustdom.node)
==6492==    by 0x231A0244: _RNvNvNvNvNtNtNtCs3Ir8cfnU9oH_7rustdom3dom17selection_binding42___napi_impl_helper_NativeSelectionState_1246___napi_register__NativeSelectionState_impl_2341__18___CTOR_PRIVATE_REF14___ctor_private (in /home/guido/rustdom-selection-result-OEvCXh/dist/rustdom.node)
==6492==    by 0x6B9F47D: call_init.part.0 (dl-init.c:70)
==6492==    by 0x6B9F567: call_init (dl-init.c:33)
==6492==    by 0x6B9F567: _dl_init (dl-init.c:117)
==6492==    by 0x78ADBB4: _dl_catch_exception (dl-error-skeleton.c:182)
==6492==    by 0x6BA6FF5: dl_open_worker (dl-open.c:808)
==6492==    by 0x6BA6FF5: dl_open_worker (dl-open.c:771)
==6492==    by 0x78ADB57: _dl_catch_exception (dl-error-skeleton.c:208)
==6492==    by 0x6BA734D: _dl_open (dl-open.c:883)
==6492==    by 0x77C95FB: dlopen_doit (dlopen.c:56)
==6492==    by 0x78ADB57: _dl_catch_exception (dl-error-skeleton.c:208)
==6492== 
==6492== 14 bytes in 1 blocks are possibly lost in loss record 181 of 427
==6492==    at 0x73E1899: malloc (in /mnt/c/Users/guido/ghq/projects/rustdom/.tools/valgrind/usr/libexec/valgrind/vgpreload_memcheck-amd64-linux.so)
==6492==    by 0x232471D2: _RNvXs0_NvMs_NtNtCs6i54tJFfzR_5alloc3ffi5c_strNtBa_7CString3newReNtB5_11SpecNewImpl13spec_new_impl (in /home/guido/rustdom-selection-result-OEvCXh/dist/rustdom.node)
==6492==    by 0x231F117F: _RNvMs2_NtNtCs4QMHp0v7l6B_4napi9js_values15object_propertyNtB5_8Property14with_utf8_name (in /home/guido/rustdom-selection-result-OEvCXh/dist/rustdom.node)
==6492==    by 0x231A21C2: _RNvNvNvNvNtNtNtCs3Ir8cfnU9oH_7rustdom3dom19abort_state_binding37___napi_impl_helper_NativeAbortState_041___napi_register__NativeAbortState_impl_201__18___CTOR_PRIVATE_REF14___ctor_private (in /home/guido/rustdom-selection-result-OEvCXh/dist/rustdom.node)
==6492==    by 0x6B9F47D: call_init.part.0 (dl-init.c:70)
==6492==    by 0x6B9F567: call_init (dl-init.c:33)
==6492==    by 0x6B9F567: _dl_init (dl-init.c:117)
==6492==    by 0x78ADBB4: _dl_catch_exception (dl-error-skeleton.c:182)
==6492==    by 0x6BA6FF5: dl_open_worker (dl-open.c:808)
==6492==    by 0x6BA6FF5: dl_open_worker (dl-open.c:771)
==6492==    by 0x78ADB57: _dl_catch_exception (dl-error-skeleton.c:208)
==6492==    by 0x6BA734D: _dl_open (dl-open.c:883)
==6492==    by 0x77C95FB: dlopen_doit (dlopen.c:56)
==6492==    by 0x78ADB57: _dl_catch_exception (dl-error-skeleton.c:208)
==6492== 
==6492== 14 bytes in 1 blocks are possibly lost in loss record 182 of 427
==6492==    at 0x73E1899: malloc (in /mnt/c/Users/guido/ghq/projects/rustdom/.tools/valgrind/usr/libexec/valgrind/vgpreload_memcheck-amd64-linux.so)
==6492==    by 0x232471D2: _RNvXs0_NvMs_NtNtCs6i54tJFfzR_5alloc3ffi5c_strNtBa_7CString3newReNtB5_11SpecNewImpl13spec_new_impl (in /home/guido/rustdom-selection-result-OEvCXh/dist/rustdom.node)
==6492==    by 0x231F117F: _RNvMs2_NtNtCs4QMHp0v7l6B_4napi9js_values15object_propertyNtB5_8Property14with_utf8_name (in /home/guido/rustdom-selection-result-OEvCXh/dist/rustdom.node)
==6492==    by 0x231A24D4: _RNvNvNvNvNtNtNtCs3Ir8cfnU9oH_7rustdom3dom19abort_state_binding37___napi_impl_helper_NativeAbortState_041___napi_register__NativeAbortState_impl_201__18___CTOR_PRIVATE_REF14___ctor_private (in /home/guido/rustdom-selection-result-OEvCXh/dist/rustdom.node)
==6492==    by 0x6B9F47D: call_init.part.0 (dl-init.c:70)
==6492==    by 0x6B9F567: call_init (dl-init.c:33)
==6492==    by 0x6B9F567: _dl_init (dl-init.c:117)
==6492==    by 0x78ADBB4: _dl_catch_exception (dl-error-skeleton.c:182)
==6492==    by 0x6BA6FF5: dl_open_worker (dl-open.c:808)
==6492==    by 0x6BA6FF5: dl_open_worker (dl-open.c:771)
==6492==    by 0x78ADB57: _dl_catch_exception (dl-error-skeleton.c:208)
==6492==    by 0x6BA734D: _dl_open (dl-open.c:883)
==6492==    by 0x77C95FB: dlopen_doit (dlopen.c:56)
==6492==    by 0x78ADB57: _dl_catch_exception (dl-error-skeleton.c:208)
==6492== 
==6492== 14 bytes in 1 blocks are possibly lost in loss record 183 of 427
==6492==    at 0x73E1899: malloc (in /mnt/c/Users/guido/ghq/projects/rustdom/.tools/valgrind/usr/libexec/valgrind/vgpreload_memcheck-amd64-linux.so)
==6492==    by 0x232471D2: _RNvXs0_NvMs_NtNtCs6i54tJFfzR_5alloc3ffi5c_strNtBa_7CString3newReNtB5_11SpecNewImpl13spec_new_impl (in /home/guido/rustdom-selection-result-OEvCXh/dist/rustdom.node)
==6492==    by 0x231F117F: _RNvMs2_NtNtCs4QMHp0v7l6B_4napi9js_values15object_propertyNtB5_8Property14with_utf8_name (in /home/guido/rustdom-selection-result-OEvCXh/dist/rustdom.node)
==6492==    by 0x231A26E0: _RNvNvNvNvNtNtNtCs3Ir8cfnU9oH_7rustdom3dom19abort_state_binding37___napi_impl_helper_NativeAbortState_041___napi_register__NativeAbortState_impl_201__18___CTOR_PRIVATE_REF14___ctor_private (in /home/guido/rustdom-selection-result-OEvCXh/dist/rustdom.node)
==6492==    by 0x6B9F47D: call_init.part.0 (dl-init.c:70)
==6492==    by 0x6B9F567: call_init (dl-init.c:33)
==6492==    by 0x6B9F567: _dl_init (dl-init.c:117)
==6492==    by 0x78ADBB4: _dl_catch_exception (dl-error-skeleton.c:182)
==6492==    by 0x6BA6FF5: dl_open_worker (dl-open.c:808)
==6492==    by 0x6BA6FF5: dl_open_worker (dl-open.c:771)
==6492==    by 0x78ADB57: _dl_catch_exception (dl-error-skeleton.c:208)
==6492==    by 0x6BA734D: _dl_open (dl-open.c:883)
==6492==    by 0x77C95FB: dlopen_doit (dlopen.c:56)
==6492==    by 0x78ADB57: _dl_catch_exception (dl-error-skeleton.c:208)
==6492== 
==6492== 14 bytes in 1 blocks are possibly lost in loss record 184 of 427
==6492==    at 0x73E1899: malloc (in /mnt/c/Users/guido/ghq/projects/rustdom/.tools/valgrind/usr/libexec/valgrind/vgpreload_memcheck-amd64-linux.so)
==6492==    by 0x232471D2: _RNvXs0_NvMs_NtNtCs6i54tJFfzR_5alloc3ffi5c_strNtBa_7CString3newReNtB5_11SpecNewImpl13spec_new_impl (in /home/guido/rustdom-selection-result-OEvCXh/dist/rustdom.node)
==6492==    by 0x231F117F: _RNvMs2_NtNtCs4QMHp0v7l6B_4napi9js_values15object_propertyNtB5_8Property14with_utf8_name (in /home/guido/rustdom-selection-result-OEvCXh/dist/rustdom.node)
==6492==    by 0x231A3CF1: _RNvNvNvNvNtNtNtCs3Ir8cfnU9oH_7rustdom3dom19event_state_binding37___napi_impl_helper_NativeEventState_442___napi_register__NativeEventState_impl_1041__18___CTOR_PRIVATE_REF14___ctor_private (in /home/guido/rustdom-selection-result-OEvCXh/dist/rustdom.node)
==6492==    by 0x6B9F47D: call_init.part.0 (dl-init.c:70)
==6492==    by 0x6B9F567: call_init (dl-init.c:33)
==6492==    by 0x6B9F567: _dl_init (dl-init.c:117)
==6492==    by 0x78ADBB4: _dl_catch_exception (dl-error-skeleton.c:182)
==6492==    by 0x6BA6FF5: dl_open_worker (dl-open.c:808)
==6492==    by 0x6BA6FF5: dl_open_worker (dl-open.c:771)
==6492==    by 0x78ADB57: _dl_catch_exception (dl-error-skeleton.c:208)
==6492==    by 0x6BA734D: _dl_open (dl-open.c:883)
==6492==    by 0x77C95FB: dlopen_doit (dlopen.c:56)
==6492==    by 0x78ADB57: _dl_catch_exception (dl-error-skeleton.c:208)
==6492== 
==6492== 14 bytes in 1 blocks are possibly lost in loss record 185 of 427
==6492==    at 0x73E1899: malloc (in /mnt/c/Users/guido/ghq/projects/rustdom/.tools/valgrind/usr/libexec/valgrind/vgpreload_memcheck-amd64-linux.so)
==6492==    by 0x232471D2: _RNvXs0_NvMs_NtNtCs6i54tJFfzR_5alloc3ffi5c_strNtBa_7CString3newReNtB5_11SpecNewImpl13spec_new_impl (in /home/guido/rustdom-selection-result-OEvCXh/dist/rustdom.node)
==6492==    by 0x231F117F: _RNvMs2_NtNtCs4QMHp0v7l6B_4napi9js_values15object_propertyNtB5_8Property14with_utf8_name (in /home/guido/rustdom-selection-result-OEvCXh/dist/rustdom.node)
==6492==    by 0x231A9A3C: _RNvNvNvNvNtNtNtCs3Ir8cfnU9oH_7rustdom3dom19range_state_binding33___napi_impl_helper_NativeRange_1137___napi_register__NativeRange_impl_2221__18___CTOR_PRIVATE_REF14___ctor_private (in /home/guido/rustdom-selection-result-OEvCXh/dist/rustdom.node)
==6492==    by 0x6B9F47D: call_init.part.0 (dl-init.c:70)
==6492==    by 0x6B9F567: call_init (dl-init.c:33)
==6492==    by 0x6B9F567: _dl_init (dl-init.c:117)
==6492==    by 0x78ADBB4: _dl_catch_exception (dl-error-skeleton.c:182)
==6492==    by 0x6BA6FF5: dl_open_worker (dl-open.c:808)
==6492==    by 0x6BA6FF5: dl_open_worker (dl-open.c:771)
==6492==    by 0x78ADB57: _dl_catch_exception (dl-error-skeleton.c:208)
==6492==    by 0x6BA734D: _dl_open (dl-open.c:883)
==6492==    by 0x77C95FB: dlopen_doit (dlopen.c:56)
==6492==    by 0x78ADB57: _dl_catch_exception (dl-error-skeleton.c:208)
==6492== 
==6492== 14 bytes in 1 blocks are possibly lost in loss record 186 of 427
==6492==    at 0x73E1899: malloc (in /mnt/c/Users/guido/ghq/projects/rustdom/.tools/valgrind/usr/libexec/valgrind/vgpreload_memcheck-amd64-linux.so)
==6492==    by 0x232471D2: _RNvXs0_NvMs_NtNtCs6i54tJFfzR_5alloc3ffi5c_strNtBa_7CString3newReNtB5_11SpecNewImpl13spec_new_impl (in /home/guido/rustdom-selection-result-OEvCXh/dist/rustdom.node)
==6492==    by 0x231F117F: _RNvMs2_NtNtCs4QMHp0v7l6B_4napi9js_values15object_propertyNtB5_8Property14with_utf8_name (in /home/guido/rustdom-selection-result-OEvCXh/dist/rustdom.node)
==6492==    by 0x231AEB76: _RNvNvNvNvNtNtNtCs3Ir8cfnU9oH_7rustdom3dom23event_listeners_binding43___napi_impl_helper_NativeListenerRegistry_347___napi_register__NativeListenerRegistry_impl_691__18___CTOR_PRIVATE_REF14___ctor_private (in /home/guido/rustdom-selection-result-OEvCXh/dist/rustdom.node)
==6492==    by 0x6B9F47D: call_init.part.0 (dl-init.c:70)
==6492==    by 0x6B9F567: call_init (dl-init.c:33)
==6492==    by 0x6B9F567: _dl_init (dl-init.c:117)
==6492==    by 0x78ADBB4: _dl_catch_exception (dl-error-skeleton.c:182)
==6492==    by 0x6BA6FF5: dl_open_worker (dl-open.c:808)
==6492==    by 0x6BA6FF5: dl_open_worker (dl-open.c:771)
==6492==    by 0x78ADB57: _dl_catch_exception (dl-error-skeleton.c:208)
==6492==    by 0x6BA734D: _dl_open (dl-open.c:883)
==6492==    by 0x77C95FB: dlopen_doit (dlopen.c:56)
==6492==    by 0x78ADB57: _dl_catch_exception (dl-error-skeleton.c:208)
==6492== 
==6492== 14 bytes in 1 blocks are possibly lost in loss record 187 of 427
==6492==    at 0x73E1899: malloc (in /mnt/c/Users/guido/ghq/projects/rustdom/.tools/valgrind/usr/libexec/valgrind/vgpreload_memcheck-amd64-linux.so)
==6492==    by 0x232471D2: _RNvXs0_NvMs_NtNtCs6i54tJFfzR_5alloc3ffi5c_strNtBa_7CString3newReNtB5_11SpecNewImpl13spec_new_impl (in /home/guido/rustdom-selection-result-OEvCXh/dist/rustdom.node)
==6492==    by 0x231F117F: _RNvMs2_NtNtCs4QMHp0v7l6B_4napi9js_values15object_propertyNtB5_8Property14with_utf8_name (in /home/guido/rustdom-selection-result-OEvCXh/dist/rustdom.node)
==6492==    by 0x231AEC7C: _RNvNvNvNvNtNtNtCs3Ir8cfnU9oH_7rustdom3dom23event_listeners_binding43___napi_impl_helper_NativeListenerRegistry_347___napi_register__NativeListenerRegistry_impl_691__18___CTOR_PRIVATE_REF14___ctor_private (in /home/guido/rustdom-selection-result-OEvCXh/dist/rustdom.node)
==6492==    by 0x6B9F47D: call_init.part.0 (dl-init.c:70)
==6492==    by 0x6B9F567: call_init (dl-init.c:33)
==6492==    by 0x6B9F567: _dl_init (dl-init.c:117)
==6492==    by 0x78ADBB4: _dl_catch_exception (dl-error-skeleton.c:182)
==6492==    by 0x6BA6FF5: dl_open_worker (dl-open.c:808)
==6492==    by 0x6BA6FF5: dl_open_worker (dl-open.c:771)
==6492==    by 0x78ADB57: _dl_catch_exception (dl-error-skeleton.c:208)
==6492==    by 0x6BA734D: _dl_open (dl-open.c:883)
==6492==    by 0x77C95FB: dlopen_doit (dlopen.c:56)
==6492==    by 0x78ADB57: _dl_catch_exception (dl-error-skeleton.c:208)
==6492== 
==6492== 14 bytes in 1 blocks are possibly lost in loss record 188 of 427
==6492==    at 0x73E1899: malloc (in /mnt/c/Users/guido/ghq/projects/rustdom/.tools/valgrind/usr/libexec/valgrind/vgpreload_memcheck-amd64-linux.so)
==6492==    by 0x232471D2: _RNvXs0_NvMs_NtNtCs6i54tJFfzR_5alloc3ffi5c_strNtBa_7CString3newReNtB5_11SpecNewImpl13spec_new_impl (in /home/guido/rustdom-selection-result-OEvCXh/dist/rustdom.node)
==6492==    by 0x231F117F: _RNvMs2_NtNtCs4QMHp0v7l6B_4napi9js_values15object_propertyNtB5_8Property14with_utf8_name (in /home/guido/rustdom-selection-result-OEvCXh/dist/rustdom.node)
==6492==    by 0x231B014A: _RNvNvNvNvNtNtNtCs3Ir8cfnU9oH_7rustdom3dom23mutation_record_binding41___napi_impl_helper_NativeMutationRecord_746___napi_register__NativeMutationRecord_impl_1591__18___CTOR_PRIVATE_REF14___ctor_private (in /home/guido/rustdom-selection-result-OEvCXh/dist/rustdom.node)
==6492==    by 0x6B9F47D: call_init.part.0 (dl-init.c:70)
==6492==    by 0x6B9F567: call_init (dl-init.c:33)
==6492==    by 0x6B9F567: _dl_init (dl-init.c:117)
==6492==    by 0x78ADBB4: _dl_catch_exception (dl-error-skeleton.c:182)
==6492==    by 0x6BA6FF5: dl_open_worker (dl-open.c:808)
==6492==    by 0x6BA6FF5: dl_open_worker (dl-open.c:771)
==6492==    by 0x78ADB57: _dl_catch_exception (dl-error-skeleton.c:208)
==6492==    by 0x6BA734D: _dl_open (dl-open.c:883)
==6492==    by 0x77C95FB: dlopen_doit (dlopen.c:56)
==6492==    by 0x78ADB57: _dl_catch_exception (dl-error-skeleton.c:208)
==6492== 
==6492== 14 bytes in 1 blocks are possibly lost in loss record 189 of 427
==6492==    at 0x73E1899: malloc (in /mnt/c/Users/guido/ghq/projects/rustdom/.tools/valgrind/usr/libexec/valgrind/vgpreload_memcheck-amd64-linux.so)
==6492==    by 0x232471D2: _RNvXs0_NvMs_NtNtCs6i54tJFfzR_5alloc3ffi5c_strNtBa_7CString3newReNtB5_11SpecNewImpl13spec_new_impl (in /home/guido/rustdom-selection-result-OEvCXh/dist/rustdom.node)
==6492==    by 0x231F117F: _RNvMs2_NtNtCs4QMHp0v7l6B_4napi9js_values15object_propertyNtB5_8Property14with_utf8_name (in /home/guido/rustdom-selection-result-OEvCXh/dist/rustdom.node)
==6492==    by 0x231B350F: _RNvNvNvNvNtNtNtCs3Ir8cfnU9oH_7rustdom3dom4tree32___napi_impl_helper_NativeTree_1636___napi_register__NativeTree_impl_3111__18___CTOR_PRIVATE_REF14___ctor_private (in /home/guido/rustdom-selection-result-OEvCXh/dist/rustdom.node)
==6492==    by 0x6B9F47D: call_init.part.0 (dl-init.c:70)
==6492==    by 0x6B9F567: call_init (dl-init.c:33)
==6492==    by 0x6B9F567: _dl_init (dl-init.c:117)
==6492==    by 0x78ADBB4: _dl_catch_exception (dl-error-skeleton.c:182)
==6492==    by 0x6BA6FF5: dl_open_worker (dl-open.c:808)
==6492==    by 0x6BA6FF5: dl_open_worker (dl-open.c:771)
==6492==    by 0x78ADB57: _dl_catch_exception (dl-error-skeleton.c:208)
==6492==    by 0x6BA734D: _dl_open (dl-open.c:883)
==6492==    by 0x77C95FB: dlopen_doit (dlopen.c:56)
==6492==    by 0x78ADB57: _dl_catch_exception (dl-error-skeleton.c:208)
==6492== 
==6492== 14 bytes in 1 blocks are possibly lost in loss record 190 of 427
==6492==    at 0x73E1899: malloc (in /mnt/c/Users/guido/ghq/projects/rustdom/.tools/valgrind/usr/libexec/valgrind/vgpreload_memcheck-amd64-linux.so)
==6492==    by 0x232471D2: _RNvXs0_NvMs_NtNtCs6i54tJFfzR_5alloc3ffi5c_strNtBa_7CString3newReNtB5_11SpecNewImpl13spec_new_impl (in /home/guido/rustdom-selection-result-OEvCXh/dist/rustdom.node)
==6492==    by 0x231F117F: _RNvMs2_NtNtCs4QMHp0v7l6B_4napi9js_values15object_propertyNtB5_8Property14with_utf8_name (in /home/guido/rustdom-selection-result-OEvCXh/dist/rustdom.node)
==6492==    by 0x231B3A2D: _RNvNvNvNvNtNtNtCs3Ir8cfnU9oH_7rustdom3dom4tree32___napi_impl_helper_NativeTree_1636___napi_register__NativeTree_impl_3111__18___CTOR_PRIVATE_REF14___ctor_private (in /home/guido/rustdom-selection-result-OEvCXh/dist/rustdom.node)
==6492==    by 0x6B9F47D: call_init.part.0 (dl-init.c:70)
==6492==    by 0x6B9F567: call_init (dl-init.c:33)
==6492==    by 0x6B9F567: _dl_init (dl-init.c:117)
==6492==    by 0x78ADBB4: _dl_catch_exception (dl-error-skeleton.c:182)
==6492==    by 0x6BA6FF5: dl_open_worker (dl-open.c:808)
==6492==    by 0x6BA6FF5: dl_open_worker (dl-open.c:771)
==6492==    by 0x78ADB57: _dl_catch_exception (dl-error-skeleton.c:208)
==6492==    by 0x6BA734D: _dl_open (dl-open.c:883)
==6492==    by 0x77C95FB: dlopen_doit (dlopen.c:56)
==6492==    by 0x78ADB57: _dl_catch_exception (dl-error-skeleton.c:208)
==6492== 
==6492== 14 bytes in 1 blocks are possibly lost in loss record 191 of 427
==6492==    at 0x73E1899: malloc (in /mnt/c/Users/guido/ghq/projects/rustdom/.tools/valgrind/usr/libexec/valgrind/vgpreload_memcheck-amd64-linux.so)
==6492==    by 0x232471D2: _RNvXs0_NvMs_NtNtCs6i54tJFfzR_5alloc3ffi5c_strNtBa_7CString3newReNtB5_11SpecNewImpl13spec_new_impl (in /home/guido/rustdom-selection-result-OEvCXh/dist/rustdom.node)
==6492==    by 0x231F117F: _RNvMs2_NtNtCs4QMHp0v7l6B_4napi9js_values15object_propertyNtB5_8Property14with_utf8_name (in /home/guido/rustdom-selection-result-OEvCXh/dist/rustdom.node)
==6492==    by 0x231B3DEA: _RNvNvNvNvNtNtNtCs3Ir8cfnU9oH_7rustdom3dom4tree32___napi_impl_helper_NativeTree_1636___napi_register__NativeTree_impl_3111__18___CTOR_PRIVATE_REF14___ctor_private (in /home/guido/rustdom-selection-result-OEvCXh/dist/rustdom.node)
==6492==    by 0x6B9F47D: call_init.part.0 (dl-init.c:70)
==6492==    by 0x6B9F567: call_init (dl-init.c:33)
==6492==    by 0x6B9F567: _dl_init (dl-init.c:117)
==6492==    by 0x78ADBB4: _dl_catch_exception (dl-error-skeleton.c:182)
==6492==    by 0x6BA6FF5: dl_open_worker (dl-open.c:808)
==6492==    by 0x6BA6FF5: dl_open_worker (dl-open.c:771)
==6492==    by 0x78ADB57: _dl_catch_exception (dl-error-skeleton.c:208)
==6492==    by 0x6BA734D: _dl_open (dl-open.c:883)
==6492==    by 0x77C95FB: dlopen_doit (dlopen.c:56)
==6492==    by 0x78ADB57: _dl_catch_exception (dl-error-skeleton.c:208)
==6492== 
==6492== 14 bytes in 1 blocks are possibly lost in loss record 192 of 427
==6492==    at 0x73E1899: malloc (in /mnt/c/Users/guido/ghq/projects/rustdom/.tools/valgrind/usr/libexec/valgrind/vgpreload_memcheck-amd64-linux.so)
==6492==    by 0x232471D2: _RNvXs0_NvMs_NtNtCs6i54tJFfzR_5alloc3ffi5c_strNtBa_7CString3newReNtB5_11SpecNewImpl13spec_new_impl (in /home/guido/rustdom-selection-result-OEvCXh/dist/rustdom.node)
==6492==    by 0x231F117F: _RNvMs2_NtNtCs4QMHp0v7l6B_4napi9js_values15object_propertyNtB5_8Property14with_utf8_name (in /home/guido/rustdom-selection-result-OEvCXh/dist/rustdom.node)
==6492==    by 0x2318A7E9: _RNvNvNtNtNtCs3Ir8cfnU9oH_7rustdom3dom4tree32___napi_impl_helper_NativeTree_1736___napi_register__NativeTree_impl_44420___ctor_private_inner (in /home/guido/rustdom-selection-result-OEvCXh/dist/rustdom.node)
==6492==    by 0x231B5185: _RNvNvNvNvNtNtNtCs3Ir8cfnU9oH_7rustdom3dom4tree32___napi_impl_helper_NativeTree_1736___napi_register__NativeTree_impl_4441__18___CTOR_PRIVATE_REF14___ctor_private (in /home/guido/rustdom-selection-result-OEvCXh/dist/rustdom.node)
==6492==    by 0x6B9F47D: call_init.part.0 (dl-init.c:70)
==6492==    by 0x6B9F567: call_init (dl-init.c:33)
==6492==    by 0x6B9F567: _dl_init (dl-init.c:117)
==6492==    by 0x78ADBB4: _dl_catch_exception (dl-error-skeleton.c:182)
==6492==    by 0x6BA6FF5: dl_open_worker (dl-open.c:808)
==6492==    by 0x6BA6FF5: dl_open_worker (dl-open.c:771)
==6492==    by 0x78ADB57: _dl_catch_exception (dl-error-skeleton.c:208)
==6492==    by 0x6BA734D: _dl_open (dl-open.c:883)
==6492==    by 0x77C95FB: dlopen_doit (dlopen.c:56)
==6492== 
==6492== 14 bytes in 1 blocks are possibly lost in loss record 193 of 427
==6492==    at 0x73E1899: malloc (in /mnt/c/Users/guido/ghq/projects/rustdom/.tools/valgrind/usr/libexec/valgrind/vgpreload_memcheck-amd64-linux.so)
==6492==    by 0x232471D2: _RNvXs0_NvMs_NtNtCs6i54tJFfzR_5alloc3ffi5c_strNtBa_7CString3newReNtB5_11SpecNewImpl13spec_new_impl (in /home/guido/rustdom-selection-result-OEvCXh/dist/rustdom.node)
==6492==    by 0x231F117F: _RNvMs2_NtNtCs4QMHp0v7l6B_4napi9js_values15object_propertyNtB5_8Property14with_utf8_name (in /home/guido/rustdom-selection-result-OEvCXh/dist/rustdom.node)
==6492==    by 0x2318EA6F: _RNvNvNtNtNtCs3Ir8cfnU9oH_7rustdom3dom4tree32___napi_impl_helper_NativeTree_1736___napi_register__NativeTree_impl_44420___ctor_private_inner (in /home/guido/rustdom-selection-result-OEvCXh/dist/rustdom.node)
==6492==    by 0x231B5185: _RNvNvNvNvNtNtNtCs3Ir8cfnU9oH_7rustdom3dom4tree32___napi_impl_helper_NativeTree_1736___napi_register__NativeTree_impl_4441__18___CTOR_PRIVATE_REF14___ctor_private (in /home/guido/rustdom-selection-result-OEvCXh/dist/rustdom.node)
==6492==    by 0x6B9F47D: call_init.part.0 (dl-init.c:70)
==6492==    by 0x6B9F567: call_init (dl-init.c:33)
==6492==    by 0x6B9F567: _dl_init (dl-init.c:117)
==6492==    by 0x78ADBB4: _dl_catch_exception (dl-error-skeleton.c:182)
==6492==    by 0x6BA6FF5: dl_open_worker (dl-open.c:808)
==6492==    by 0x6BA6FF5: dl_open_worker (dl-open.c:771)
==6492==    by 0x78ADB57: _dl_catch_exception (dl-error-skeleton.c:208)
==6492==    by 0x6BA734D: _dl_open (dl-open.c:883)
==6492==    by 0x77C95FB: dlopen_doit (dlopen.c:56)
==6492== 
==6492== 14 bytes in 1 blocks are possibly lost in loss record 194 of 427
==6492==    at 0x73E1899: malloc (in /mnt/c/Users/guido/ghq/projects/rustdom/.tools/valgrind/usr/libexec/valgrind/vgpreload_memcheck-amd64-linux.so)
==6492==    by 0x232471D2: _RNvXs0_NvMs_NtNtCs6i54tJFfzR_5alloc3ffi5c_strNtBa_7CString3newReNtB5_11SpecNewImpl13spec_new_impl (in /home/guido/rustdom-selection-result-OEvCXh/dist/rustdom.node)
==6492==    by 0x231F117F: _RNvMs2_NtNtCs4QMHp0v7l6B_4napi9js_values15object_propertyNtB5_8Property14with_utf8_name (in /home/guido/rustdom-selection-result-OEvCXh/dist/rustdom.node)
==6492==    by 0x2318F6B7: _RNvNvNtNtNtCs3Ir8cfnU9oH_7rustdom3dom4tree32___napi_impl_helper_NativeTree_1736___napi_register__NativeTree_impl_44420___ctor_private_inner (in /home/guido/rustdom-selection-result-OEvCXh/dist/rustdom.node)
==6492==    by 0x231B5185: _RNvNvNvNvNtNtNtCs3Ir8cfnU9oH_7rustdom3dom4tree32___napi_impl_helper_NativeTree_1736___napi_register__NativeTree_impl_4441__18___CTOR_PRIVATE_REF14___ctor_private (in /home/guido/rustdom-selection-result-OEvCXh/dist/rustdom.node)
==6492==    by 0x6B9F47D: call_init.part.0 (dl-init.c:70)
==6492==    by 0x6B9F567: call_init (dl-init.c:33)
==6492==    by 0x6B9F567: _dl_init (dl-init.c:117)
==6492==    by 0x78ADBB4: _dl_catch_exception (dl-error-skeleton.c:182)
==6492==    by 0x6BA6FF5: dl_open_worker (dl-open.c:808)
==6492==    by 0x6BA6FF5: dl_open_worker (dl-open.c:771)
==6492==    by 0x78ADB57: _dl_catch_exception (dl-error-skeleton.c:208)
==6492==    by 0x6BA734D: _dl_open (dl-open.c:883)
==6492==    by 0x77C95FB: dlopen_doit (dlopen.c:56)
==6492== 
==6492== 14 bytes in 1 blocks are possibly lost in loss record 195 of 427
==6492==    at 0x73E1899: malloc (in /mnt/c/Users/guido/ghq/projects/rustdom/.tools/valgrind/usr/libexec/valgrind/vgpreload_memcheck-amd64-linux.so)
==6492==    by 0x232471D2: _RNvXs0_NvMs_NtNtCs6i54tJFfzR_5alloc3ffi5c_strNtBa_7CString3newReNtB5_11SpecNewImpl13spec_new_impl (in /home/guido/rustdom-selection-result-OEvCXh/dist/rustdom.node)
==6492==    by 0x231F117F: _RNvMs2_NtNtCs4QMHp0v7l6B_4napi9js_values15object_propertyNtB5_8Property14with_utf8_name (in /home/guido/rustdom-selection-result-OEvCXh/dist/rustdom.node)
==6492==    by 0x23190611: _RNvNvNtNtNtCs3Ir8cfnU9oH_7rustdom3dom4tree32___napi_impl_helper_NativeTree_1736___napi_register__NativeTree_impl_44420___ctor_private_inner (in /home/guido/rustdom-selection-result-OEvCXh/dist/rustdom.node)
==6492==    by 0x231B5185: _RNvNvNvNvNtNtNtCs3Ir8cfnU9oH_7rustdom3dom4tree32___napi_impl_helper_NativeTree_1736___napi_register__NativeTree_impl_4441__18___CTOR_PRIVATE_REF14___ctor_private (in /home/guido/rustdom-selection-result-OEvCXh/dist/rustdom.node)
==6492==    by 0x6B9F47D: call_init.part.0 (dl-init.c:70)
==6492==    by 0x6B9F567: call_init (dl-init.c:33)
==6492==    by 0x6B9F567: _dl_init (dl-init.c:117)
==6492==    by 0x78ADBB4: _dl_catch_exception (dl-error-skeleton.c:182)
==6492==    by 0x6BA6FF5: dl_open_worker (dl-open.c:808)
==6492==    by 0x6BA6FF5: dl_open_worker (dl-open.c:771)
==6492==    by 0x78ADB57: _dl_catch_exception (dl-error-skeleton.c:208)
==6492==    by 0x6BA734D: _dl_open (dl-open.c:883)
==6492==    by 0x77C95FB: dlopen_doit (dlopen.c:56)
==6492== 
==6492== 14 bytes in 1 blocks are possibly lost in loss record 196 of 427
==6492==    at 0x73E1899: malloc (in /mnt/c/Users/guido/ghq/projects/rustdom/.tools/valgrind/usr/libexec/valgrind/vgpreload_memcheck-amd64-linux.so)
==6492==    by 0x232471D2: _RNvXs0_NvMs_NtNtCs6i54tJFfzR_5alloc3ffi5c_strNtBa_7CString3newReNtB5_11SpecNewImpl13spec_new_impl (in /home/guido/rustdom-selection-result-OEvCXh/dist/rustdom.node)
==6492==    by 0x231F117F: _RNvMs2_NtNtCs4QMHp0v7l6B_4napi9js_values15object_propertyNtB5_8Property14with_utf8_name (in /home/guido/rustdom-selection-result-OEvCXh/dist/rustdom.node)
==6492==    by 0x231B57CE: _RNvNvNvNvNtNtNtCs3Ir8cfnU9oH_7rustdom3xml7binding37___napi_impl_helper_NativeXmlParser_2241___napi_register__NativeXmlParser_impl_4951__18___CTOR_PRIVATE_REF14___ctor_private (in /home/guido/rustdom-selection-result-OEvCXh/dist/rustdom.node)
==6492==    by 0x6B9F47D: call_init.part.0 (dl-init.c:70)
==6492==    by 0x6B9F567: call_init (dl-init.c:33)
==6492==    by 0x6B9F567: _dl_init (dl-init.c:117)
==6492==    by 0x78ADBB4: _dl_catch_exception (dl-error-skeleton.c:182)
==6492==    by 0x6BA6FF5: dl_open_worker (dl-open.c:808)
==6492==    by 0x6BA6FF5: dl_open_worker (dl-open.c:771)
==6492==    by 0x78ADB57: _dl_catch_exception (dl-error-skeleton.c:208)
==6492==    by 0x6BA734D: _dl_open (dl-open.c:883)
==6492==    by 0x77C95FB: dlopen_doit (dlopen.c:56)
==6492==    by 0x78ADB57: _dl_catch_exception (dl-error-skeleton.c:208)
==6492== 
==6492== 15 bytes in 1 blocks are possibly lost in loss record 197 of 427
==6492==    at 0x73E1899: malloc (in /mnt/c/Users/guido/ghq/projects/rustdom/.tools/valgrind/usr/libexec/valgrind/vgpreload_memcheck-amd64-linux.so)
==6492==    by 0x232471D2: _RNvXs0_NvMs_NtNtCs6i54tJFfzR_5alloc3ffi5c_strNtBa_7CString3newReNtB5_11SpecNewImpl13spec_new_impl (in /home/guido/rustdom-selection-result-OEvCXh/dist/rustdom.node)
==6492==    by 0x231F117F: _RNvMs2_NtNtCs4QMHp0v7l6B_4napi9js_values15object_propertyNtB5_8Property14with_utf8_name (in /home/guido/rustdom-selection-result-OEvCXh/dist/rustdom.node)
==6492==    by 0x231A25DA: _RNvNvNvNvNtNtNtCs3Ir8cfnU9oH_7rustdom3dom19abort_state_binding37___napi_impl_helper_NativeAbortState_041___napi_register__NativeAbortState_impl_201__18___CTOR_PRIVATE_REF14___ctor_private (in /home/guido/rustdom-selection-result-OEvCXh/dist/rustdom.node)
==6492==    by 0x6B9F47D: call_init.part.0 (dl-init.c:70)
==6492==    by 0x6B9F567: call_init (dl-init.c:33)
==6492==    by 0x6B9F567: _dl_init (dl-init.c:117)
==6492==    by 0x78ADBB4: _dl_catch_exception (dl-error-skeleton.c:182)
==6492==    by 0x6BA6FF5: dl_open_worker (dl-open.c:808)
==6492==    by 0x6BA6FF5: dl_open_worker (dl-open.c:771)
==6492==    by 0x78ADB57: _dl_catch_exception (dl-error-skeleton.c:208)
==6492==    by 0x6BA734D: _dl_open (dl-open.c:883)
==6492==    by 0x77C95FB: dlopen_doit (dlopen.c:56)
==6492==    by 0x78ADB57: _dl_catch_exception (dl-error-skeleton.c:208)
==6492== 
==6492== 15 bytes in 1 blocks are possibly lost in loss record 198 of 427
==6492==    at 0x73E1899: malloc (in /mnt/c/Users/guido/ghq/projects/rustdom/.tools/valgrind/usr/libexec/valgrind/vgpreload_memcheck-amd64-linux.so)
==6492==    by 0x232471D2: _RNvXs0_NvMs_NtNtCs6i54tJFfzR_5alloc3ffi5c_strNtBa_7CString3newReNtB5_11SpecNewImpl13spec_new_impl (in /home/guido/rustdom-selection-result-OEvCXh/dist/rustdom.node)
==6492==    by 0x231F117F: _RNvMs2_NtNtCs4QMHp0v7l6B_4napi9js_values15object_propertyNtB5_8Property14with_utf8_name (in /home/guido/rustdom-selection-result-OEvCXh/dist/rustdom.node)
==6492==    by 0x231A4200: _RNvNvNvNvNtNtNtCs3Ir8cfnU9oH_7rustdom3dom19event_state_binding37___napi_impl_helper_NativeEventState_442___napi_register__NativeEventState_impl_1041__18___CTOR_PRIVATE_REF14___ctor_private (in /home/guido/rustdom-selection-result-OEvCXh/dist/rustdom.node)
==6492==    by 0x6B9F47D: call_init.part.0 (dl-init.c:70)
==6492==    by 0x6B9F567: call_init (dl-init.c:33)
==6492==    by 0x6B9F567: _dl_init (dl-init.c:117)
==6492==    by 0x78ADBB4: _dl_catch_exception (dl-error-skeleton.c:182)
==6492==    by 0x6BA6FF5: dl_open_worker (dl-open.c:808)
==6492==    by 0x6BA6FF5: dl_open_worker (dl-open.c:771)
==6492==    by 0x78ADB57: _dl_catch_exception (dl-error-skeleton.c:208)
==6492==    by 0x6BA734D: _dl_open (dl-open.c:883)
==6492==    by 0x77C95FB: dlopen_doit (dlopen.c:56)
==6492==    by 0x78ADB57: _dl_catch_exception (dl-error-skeleton.c:208)
==6492== 
==6492== 15 bytes in 1 blocks are possibly lost in loss record 199 of 427
==6492==    at 0x73E1899: malloc (in /mnt/c/Users/guido/ghq/projects/rustdom/.tools/valgrind/usr/libexec/valgrind/vgpreload_memcheck-amd64-linux.so)
==6492==    by 0x232471D2: _RNvXs0_NvMs_NtNtCs6i54tJFfzR_5alloc3ffi5c_strNtBa_7CString3newReNtB5_11SpecNewImpl13spec_new_impl (in /home/guido/rustdom-selection-result-OEvCXh/dist/rustdom.node)
==6492==    by 0x231F117F: _RNvMs2_NtNtCs4QMHp0v7l6B_4napi9js_values15object_propertyNtB5_8Property14with_utf8_name (in /home/guido/rustdom-selection-result-OEvCXh/dist/rustdom.node)
==6492==    by 0x231A4618: _RNvNvNvNvNtNtNtCs3Ir8cfnU9oH_7rustdom3dom19event_state_binding37___napi_impl_helper_NativeEventState_442___napi_register__NativeEventState_impl_1041__18___CTOR_PRIVATE_REF14___ctor_private (in /home/guido/rustdom-selection-result-OEvCXh/dist/rustdom.node)
==6492==    by 0x6B9F47D: call_init.part.0 (dl-init.c:70)
==6492==    by 0x6B9F567: call_init (dl-init.c:33)
==6492==    by 0x6B9F567: _dl_init (dl-init.c:117)
==6492==    by 0x78ADBB4: _dl_catch_exception (dl-error-skeleton.c:182)
==6492==    by 0x6BA6FF5: dl_open_worker (dl-open.c:808)
==6492==    by 0x6BA6FF5: dl_open_worker (dl-open.c:771)
==6492==    by 0x78ADB57: _dl_catch_exception (dl-error-skeleton.c:208)
==6492==    by 0x6BA734D: _dl_open (dl-open.c:883)
==6492==    by 0x77C95FB: dlopen_doit (dlopen.c:56)
==6492==    by 0x78ADB57: _dl_catch_exception (dl-error-skeleton.c:208)
==6492== 
==6492== 15 bytes in 1 blocks are possibly lost in loss record 200 of 427
==6492==    at 0x73E1899: malloc (in /mnt/c/Users/guido/ghq/projects/rustdom/.tools/valgrind/usr/libexec/valgrind/vgpreload_memcheck-amd64-linux.so)
==6492==    by 0x232471D2: _RNvXs0_NvMs_NtNtCs6i54tJFfzR_5alloc3ffi5c_strNtBa_7CString3newReNtB5_11SpecNewImpl13spec_new_impl (in /home/guido/rustdom-selection-result-OEvCXh/dist/rustdom.node)
==6492==    by 0x231F117F: _RNvMs2_NtNtCs4QMHp0v7l6B_4napi9js_values15object_propertyNtB5_8Property14with_utf8_name (in /home/guido/rustdom-selection-result-OEvCXh/dist/rustdom.node)
==6492==    by 0x231A4A30: _RNvNvNvNvNtNtNtCs3Ir8cfnU9oH_7rustdom3dom19event_state_binding37___napi_impl_helper_NativeEventState_442___napi_register__NativeEventState_impl_1041__18___CTOR_PRIVATE_REF14___ctor_private (in /home/guido/rustdom-selection-result-OEvCXh/dist/rustdom.node)
==6492==    by 0x6B9F47D: call_init.part.0 (dl-init.c:70)
==6492==    by 0x6B9F567: call_init (dl-init.c:33)
==6492==    by 0x6B9F567: _dl_init (dl-init.c:117)
==6492==    by 0x78ADBB4: _dl_catch_exception (dl-error-skeleton.c:182)
==6492==    by 0x6BA6FF5: dl_open_worker (dl-open.c:808)
==6492==    by 0x6BA6FF5: dl_open_worker (dl-open.c:771)
==6492==    by 0x78ADB57: _dl_catch_exception (dl-error-skeleton.c:208)
==6492==    by 0x6BA734D: _dl_open (dl-open.c:883)
==6492==    by 0x77C95FB: dlopen_doit (dlopen.c:56)
==6492==    by 0x78ADB57: _dl_catch_exception (dl-error-skeleton.c:208)
==6492== 
==6492== 15 bytes in 1 blocks are possibly lost in loss record 201 of 427
==6492==    at 0x73E1899: malloc (in /mnt/c/Users/guido/ghq/projects/rustdom/.tools/valgrind/usr/libexec/valgrind/vgpreload_memcheck-amd64-linux.so)
==6492==    by 0x232471D2: _RNvXs0_NvMs_NtNtCs6i54tJFfzR_5alloc3ffi5c_strNtBa_7CString3newReNtB5_11SpecNewImpl13spec_new_impl (in /home/guido/rustdom-selection-result-OEvCXh/dist/rustdom.node)
==6492==    by 0x231F117F: _RNvMs2_NtNtCs4QMHp0v7l6B_4napi9js_values15object_propertyNtB5_8Property14with_utf8_name (in /home/guido/rustdom-selection-result-OEvCXh/dist/rustdom.node)
==6492==    by 0x231A4E48: _RNvNvNvNvNtNtNtCs3Ir8cfnU9oH_7rustdom3dom19event_state_binding37___napi_impl_helper_NativeEventState_442___napi_register__NativeEventState_impl_1041__18___CTOR_PRIVATE_REF14___ctor_private (in /home/guido/rustdom-selection-result-OEvCXh/dist/rustdom.node)
==6492==    by 0x6B9F47D: call_init.part.0 (dl-init.c:70)
==6492==    by 0x6B9F567: call_init (dl-init.c:33)
==6492==    by 0x6B9F567: _dl_init (dl-init.c:117)
==6492==    by 0x78ADBB4: _dl_catch_exception (dl-error-skeleton.c:182)
==6492==    by 0x6BA6FF5: dl_open_worker (dl-open.c:808)
==6492==    by 0x6BA6FF5: dl_open_worker (dl-open.c:771)
==6492==    by 0x78ADB57: _dl_catch_exception (dl-error-skeleton.c:208)
==6492==    by 0x6BA734D: _dl_open (dl-open.c:883)
==6492==    by 0x77C95FB: dlopen_doit (dlopen.c:56)
==6492==    by 0x78ADB57: _dl_catch_exception (dl-error-skeleton.c:208)
==6492== 
==6492== 15 bytes in 1 blocks are possibly lost in loss record 202 of 427
==6492==    at 0x73E1899: malloc (in /mnt/c/Users/guido/ghq/projects/rustdom/.tools/valgrind/usr/libexec/valgrind/vgpreload_memcheck-amd64-linux.so)
==6492==    by 0x232471D2: _RNvXs0_NvMs_NtNtCs6i54tJFfzR_5alloc3ffi5c_strNtBa_7CString3newReNtB5_11SpecNewImpl13spec_new_impl (in /home/guido/rustdom-selection-result-OEvCXh/dist/rustdom.node)
==6492==    by 0x231F117F: _RNvMs2_NtNtCs4QMHp0v7l6B_4napi9js_values15object_propertyNtB5_8Property14with_utf8_name (in /home/guido/rustdom-selection-result-OEvCXh/dist/rustdom.node)
==6492==    by 0x231B24E7: _RNvNvNvNvNtNtNtCs3Ir8cfnU9oH_7rustdom3dom25observer_delivery_binding43___napi_impl_helper_NativeObserverDelivery_848___napi_register__NativeObserverDelivery_impl_1721__18___CTOR_PRIVATE_REF14___ctor_private (in /home/guido/rustdom-selection-result-OEvCXh/dist/rustdom.node)
==6492==    by 0x6B9F47D: call_init.part.0 (dl-init.c:70)
==6492==    by 0x6B9F567: call_init (dl-init.c:33)
==6492==    by 0x6B9F567: _dl_init (dl-init.c:117)
==6492==    by 0x78ADBB4: _dl_catch_exception (dl-error-skeleton.c:182)
==6492==    by 0x6BA6FF5: dl_open_worker (dl-open.c:808)
==6492==    by 0x6BA6FF5: dl_open_worker (dl-open.c:771)
==6492==    by 0x78ADB57: _dl_catch_exception (dl-error-skeleton.c:208)
==6492==    by 0x6BA734D: _dl_open (dl-open.c:883)
==6492==    by 0x77C95FB: dlopen_doit (dlopen.c:56)
==6492==    by 0x78ADB57: _dl_catch_exception (dl-error-skeleton.c:208)
==6492== 
==6492== 15 bytes in 1 blocks are possibly lost in loss record 203 of 427
==6492==    at 0x73E1899: malloc (in /mnt/c/Users/guido/ghq/projects/rustdom/.tools/valgrind/usr/libexec/valgrind/vgpreload_memcheck-amd64-linux.so)
==6492==    by 0x232471D2: _RNvXs0_NvMs_NtNtCs6i54tJFfzR_5alloc3ffi5c_strNtBa_7CString3newReNtB5_11SpecNewImpl13spec_new_impl (in /home/guido/rustdom-selection-result-OEvCXh/dist/rustdom.node)
==6492==    by 0x231F117F: _RNvMs2_NtNtCs4QMHp0v7l6B_4napi9js_values15object_propertyNtB5_8Property14with_utf8_name (in /home/guido/rustdom-selection-result-OEvCXh/dist/rustdom.node)
==6492==    by 0x231B3927: _RNvNvNvNvNtNtNtCs3Ir8cfnU9oH_7rustdom3dom4tree32___napi_impl_helper_NativeTree_1636___napi_register__NativeTree_impl_3111__18___CTOR_PRIVATE_REF14___ctor_private (in /home/guido/rustdom-selection-result-OEvCXh/dist/rustdom.node)
==6492==    by 0x6B9F47D: call_init.part.0 (dl-init.c:70)
==6492==    by 0x6B9F567: call_init (dl-init.c:33)
==6492==    by 0x6B9F567: _dl_init (dl-init.c:117)
==6492==    by 0x78ADBB4: _dl_catch_exception (dl-error-skeleton.c:182)
==6492==    by 0x6BA6FF5: dl_open_worker (dl-open.c:808)
==6492==    by 0x6BA6FF5: dl_open_worker (dl-open.c:771)
==6492==    by 0x78ADB57: _dl_catch_exception (dl-error-skeleton.c:208)
==6492==    by 0x6BA734D: _dl_open (dl-open.c:883)
==6492==    by 0x77C95FB: dlopen_doit (dlopen.c:56)
==6492==    by 0x78ADB57: _dl_catch_exception (dl-error-skeleton.c:208)
==6492== 
==6492== 15 bytes in 1 blocks are possibly lost in loss record 204 of 427
==6492==    at 0x73E1899: malloc (in /mnt/c/Users/guido/ghq/projects/rustdom/.tools/valgrind/usr/libexec/valgrind/vgpreload_memcheck-amd64-linux.so)
==6492==    by 0x232471D2: _RNvXs0_NvMs_NtNtCs6i54tJFfzR_5alloc3ffi5c_strNtBa_7CString3newReNtB5_11SpecNewImpl13spec_new_impl (in /home/guido/rustdom-selection-result-OEvCXh/dist/rustdom.node)
==6492==    by 0x231F117F: _RNvMs2_NtNtCs4QMHp0v7l6B_4napi9js_values15object_propertyNtB5_8Property14with_utf8_name (in /home/guido/rustdom-selection-result-OEvCXh/dist/rustdom.node)
==6492==    by 0x23188E42: _RNvNvNtNtNtCs3Ir8cfnU9oH_7rustdom3dom4tree32___napi_impl_helper_NativeTree_1736___napi_register__NativeTree_impl_44420___ctor_private_inner (in /home/guido/rustdom-selection-result-OEvCXh/dist/rustdom.node)
==6492==    by 0x231B5185: _RNvNvNvNvNtNtNtCs3Ir8cfnU9oH_7rustdom3dom4tree32___napi_impl_helper_NativeTree_1736___napi_register__NativeTree_impl_4441__18___CTOR_PRIVATE_REF14___ctor_private (in /home/guido/rustdom-selection-result-OEvCXh/dist/rustdom.node)
==6492==    by 0x6B9F47D: call_init.part.0 (dl-init.c:70)
==6492==    by 0x6B9F567: call_init (dl-init.c:33)
==6492==    by 0x6B9F567: _dl_init (dl-init.c:117)
==6492==    by 0x78ADBB4: _dl_catch_exception (dl-error-skeleton.c:182)
==6492==    by 0x6BA6FF5: dl_open_worker (dl-open.c:808)
==6492==    by 0x6BA6FF5: dl_open_worker (dl-open.c:771)
==6492==    by 0x78ADB57: _dl_catch_exception (dl-error-skeleton.c:208)
==6492==    by 0x6BA734D: _dl_open (dl-open.c:883)
==6492==    by 0x77C95FB: dlopen_doit (dlopen.c:56)
==6492== 
==6492== 15 bytes in 1 blocks are possibly lost in loss record 205 of 427
==6492==    at 0x73E1899: malloc (in /mnt/c/Users/guido/ghq/projects/rustdom/.tools/valgrind/usr/libexec/valgrind/vgpreload_memcheck-amd64-linux.so)
==6492==    by 0x232471D2: _RNvXs0_NvMs_NtNtCs6i54tJFfzR_5alloc3ffi5c_strNtBa_7CString3newReNtB5_11SpecNewImpl13spec_new_impl (in /home/guido/rustdom-selection-result-OEvCXh/dist/rustdom.node)
==6492==    by 0x231F117F: _RNvMs2_NtNtCs4QMHp0v7l6B_4napi9js_values15object_propertyNtB5_8Property14with_utf8_name (in /home/guido/rustdom-selection-result-OEvCXh/dist/rustdom.node)
==6492==    by 0x23188F48: _RNvNvNtNtNtCs3Ir8cfnU9oH_7rustdom3dom4tree32___napi_impl_helper_NativeTree_1736___napi_register__NativeTree_impl_44420___ctor_private_inner (in /home/guido/rustdom-selection-result-OEvCXh/dist/rustdom.node)
==6492==    by 0x231B5185: _RNvNvNvNvNtNtNtCs3Ir8cfnU9oH_7rustdom3dom4tree32___napi_impl_helper_NativeTree_1736___napi_register__NativeTree_impl_4441__18___CTOR_PRIVATE_REF14___ctor_private (in /home/guido/rustdom-selection-result-OEvCXh/dist/rustdom.node)
==6492==    by 0x6B9F47D: call_init.part.0 (dl-init.c:70)
==6492==    by 0x6B9F567: call_init (dl-init.c:33)
==6492==    by 0x6B9F567: _dl_init (dl-init.c:117)
==6492==    by 0x78ADBB4: _dl_catch_exception (dl-error-skeleton.c:182)
==6492==    by 0x6BA6FF5: dl_open_worker (dl-open.c:808)
==6492==    by 0x6BA6FF5: dl_open_worker (dl-open.c:771)
==6492==    by 0x78ADB57: _dl_catch_exception (dl-error-skeleton.c:208)
==6492==    by 0x6BA734D: _dl_open (dl-open.c:883)
==6492==    by 0x77C95FB: dlopen_doit (dlopen.c:56)
==6492== 
==6492== 15 bytes in 1 blocks are possibly lost in loss record 206 of 427
==6492==    at 0x73E1899: malloc (in /mnt/c/Users/guido/ghq/projects/rustdom/.tools/valgrind/usr/libexec/valgrind/vgpreload_memcheck-amd64-linux.so)
==6492==    by 0x232471D2: _RNvXs0_NvMs_NtNtCs6i54tJFfzR_5alloc3ffi5c_strNtBa_7CString3newReNtB5_11SpecNewImpl13spec_new_impl (in /home/guido/rustdom-selection-result-OEvCXh/dist/rustdom.node)
==6492==    by 0x231F117F: _RNvMs2_NtNtCs4QMHp0v7l6B_4napi9js_values15object_propertyNtB5_8Property14with_utf8_name (in /home/guido/rustdom-selection-result-OEvCXh/dist/rustdom.node)
==6492==    by 0x23189154: _RNvNvNtNtNtCs3Ir8cfnU9oH_7rustdom3dom4tree32___napi_impl_helper_NativeTree_1736___napi_register__NativeTree_impl_44420___ctor_private_inner (in /home/guido/rustdom-selection-result-OEvCXh/dist/rustdom.node)
==6492==    by 0x231B5185: _RNvNvNvNvNtNtNtCs3Ir8cfnU9oH_7rustdom3dom4tree32___napi_impl_helper_NativeTree_1736___napi_register__NativeTree_impl_4441__18___CTOR_PRIVATE_REF14___ctor_private (in /home/guido/rustdom-selection-result-OEvCXh/dist/rustdom.node)
==6492==    by 0x6B9F47D: call_init.part.0 (dl-init.c:70)
==6492==    by 0x6B9F567: call_init (dl-init.c:33)
==6492==    by 0x6B9F567: _dl_init (dl-init.c:117)
==6492==    by 0x78ADBB4: _dl_catch_exception (dl-error-skeleton.c:182)
==6492==    by 0x6BA6FF5: dl_open_worker (dl-open.c:808)
==6492==    by 0x6BA6FF5: dl_open_worker (dl-open.c:771)
==6492==    by 0x78ADB57: _dl_catch_exception (dl-error-skeleton.c:208)
==6492==    by 0x6BA734D: _dl_open (dl-open.c:883)
==6492==    by 0x77C95FB: dlopen_doit (dlopen.c:56)
==6492== 
==6492== 15 bytes in 1 blocks are possibly lost in loss record 207 of 427
==6492==    at 0x73E1899: malloc (in /mnt/c/Users/guido/ghq/projects/rustdom/.tools/valgrind/usr/libexec/valgrind/vgpreload_memcheck-amd64-linux.so)
==6492==    by 0x232471D2: _RNvXs0_NvMs_NtNtCs6i54tJFfzR_5alloc3ffi5c_strNtBa_7CString3newReNtB5_11SpecNewImpl13spec_new_impl (in /home/guido/rustdom-selection-result-OEvCXh/dist/rustdom.node)
==6492==    by 0x231F117F: _RNvMs2_NtNtCs4QMHp0v7l6B_4napi9js_values15object_propertyNtB5_8Property14with_utf8_name (in /home/guido/rustdom-selection-result-OEvCXh/dist/rustdom.node)
==6492==    by 0x2318925A: _RNvNvNtNtNtCs3Ir8cfnU9oH_7rustdom3dom4tree32___napi_impl_helper_NativeTree_1736___napi_register__NativeTree_impl_44420___ctor_private_inner (in /home/guido/rustdom-selection-result-OEvCXh/dist/rustdom.node)
==6492==    by 0x231B5185: _RNvNvNvNvNtNtNtCs3Ir8cfnU9oH_7rustdom3dom4tree32___napi_impl_helper_NativeTree_1736___napi_register__NativeTree_impl_4441__18___CTOR_PRIVATE_REF14___ctor_private (in /home/guido/rustdom-selection-result-OEvCXh/dist/rustdom.node)
==6492==    by 0x6B9F47D: call_init.part.0 (dl-init.c:70)
==6492==    by 0x6B9F567: call_init (dl-init.c:33)
==6492==    by 0x6B9F567: _dl_init (dl-init.c:117)
==6492==    by 0x78ADBB4: _dl_catch_exception (dl-error-skeleton.c:182)
==6492==    by 0x6BA6FF5: dl_open_worker (dl-open.c:808)
==6492==    by 0x6BA6FF5: dl_open_worker (dl-open.c:771)
==6492==    by 0x78ADB57: _dl_catch_exception (dl-error-skeleton.c:208)
==6492==    by 0x6BA734D: _dl_open (dl-open.c:883)
==6492==    by 0x77C95FB: dlopen_doit (dlopen.c:56)
==6492== 
==6492== 15 bytes in 1 blocks are possibly lost in loss record 208 of 427
==6492==    at 0x73E1899: malloc (in /mnt/c/Users/guido/ghq/projects/rustdom/.tools/valgrind/usr/libexec/valgrind/vgpreload_memcheck-amd64-linux.so)
==6492==    by 0x232471D2: _RNvXs0_NvMs_NtNtCs6i54tJFfzR_5alloc3ffi5c_strNtBa_7CString3newReNtB5_11SpecNewImpl13spec_new_impl (in /home/guido/rustdom-selection-result-OEvCXh/dist/rustdom.node)
==6492==    by 0x231F117F: _RNvMs2_NtNtCs4QMHp0v7l6B_4napi9js_values15object_propertyNtB5_8Property14with_utf8_name (in /home/guido/rustdom-selection-result-OEvCXh/dist/rustdom.node)
==6492==    by 0x23189672: _RNvNvNtNtNtCs3Ir8cfnU9oH_7rustdom3dom4tree32___napi_impl_helper_NativeTree_1736___napi_register__NativeTree_impl_44420___ctor_private_inner (in /home/guido/rustdom-selection-result-OEvCXh/dist/rustdom.node)
==6492==    by 0x231B5185: _RNvNvNvNvNtNtNtCs3Ir8cfnU9oH_7rustdom3dom4tree32___napi_impl_helper_NativeTree_1736___napi_register__NativeTree_impl_4441__18___CTOR_PRIVATE_REF14___ctor_private (in /home/guido/rustdom-selection-result-OEvCXh/dist/rustdom.node)
==6492==    by 0x6B9F47D: call_init.part.0 (dl-init.c:70)
==6492==    by 0x6B9F567: call_init (dl-init.c:33)
==6492==    by 0x6B9F567: _dl_init (dl-init.c:117)
==6492==    by 0x78ADBB4: _dl_catch_exception (dl-error-skeleton.c:182)
==6492==    by 0x6BA6FF5: dl_open_worker (dl-open.c:808)
==6492==    by 0x6BA6FF5: dl_open_worker (dl-open.c:771)
==6492==    by 0x78ADB57: _dl_catch_exception (dl-error-skeleton.c:208)
==6492==    by 0x6BA734D: _dl_open (dl-open.c:883)
==6492==    by 0x77C95FB: dlopen_doit (dlopen.c:56)
==6492== 
==6492== 15 bytes in 1 blocks are possibly lost in loss record 209 of 427
==6492==    at 0x73E1899: malloc (in /mnt/c/Users/guido/ghq/projects/rustdom/.tools/valgrind/usr/libexec/valgrind/vgpreload_memcheck-amd64-linux.so)
==6492==    by 0x232471D2: _RNvXs0_NvMs_NtNtCs6i54tJFfzR_5alloc3ffi5c_strNtBa_7CString3newReNtB5_11SpecNewImpl13spec_new_impl (in /home/guido/rustdom-selection-result-OEvCXh/dist/rustdom.node)
==6492==    by 0x231F117F: _RNvMs2_NtNtCs4QMHp0v7l6B_4napi9js_values15object_propertyNtB5_8Property14with_utf8_name (in /home/guido/rustdom-selection-result-OEvCXh/dist/rustdom.node)
==6492==    by 0x2318D0D9: _RNvNvNtNtNtCs3Ir8cfnU9oH_7rustdom3dom4tree32___napi_impl_helper_NativeTree_1736___napi_register__NativeTree_impl_44420___ctor_private_inner (in /home/guido/rustdom-selection-result-OEvCXh/dist/rustdom.node)
==6492==    by 0x231B5185: _RNvNvNvNvNtNtNtCs3Ir8cfnU9oH_7rustdom3dom4tree32___napi_impl_helper_NativeTree_1736___napi_register__NativeTree_impl_4441__18___CTOR_PRIVATE_REF14___ctor_private (in /home/guido/rustdom-selection-result-OEvCXh/dist/rustdom.node)
==6492==    by 0x6B9F47D: call_init.part.0 (dl-init.c:70)
==6492==    by 0x6B9F567: call_init (dl-init.c:33)
==6492==    by 0x6B9F567: _dl_init (dl-init.c:117)
==6492==    by 0x78ADBB4: _dl_catch_exception (dl-error-skeleton.c:182)
==6492==    by 0x6BA6FF5: dl_open_worker (dl-open.c:808)
==6492==    by 0x6BA6FF5: dl_open_worker (dl-open.c:771)
==6492==    by 0x78ADB57: _dl_catch_exception (dl-error-skeleton.c:208)
==6492==    by 0x6BA734D: _dl_open (dl-open.c:883)
==6492==    by 0x77C95FB: dlopen_doit (dlopen.c:56)
==6492== 
==6492== 15 bytes in 1 blocks are possibly lost in loss record 210 of 427
==6492==    at 0x73E1899: malloc (in /mnt/c/Users/guido/ghq/projects/rustdom/.tools/valgrind/usr/libexec/valgrind/vgpreload_memcheck-amd64-linux.so)
==6492==    by 0x232471D2: _RNvXs0_NvMs_NtNtCs6i54tJFfzR_5alloc3ffi5c_strNtBa_7CString3newReNtB5_11SpecNewImpl13spec_new_impl (in /home/guido/rustdom-selection-result-OEvCXh/dist/rustdom.node)
==6492==    by 0x231F117F: _RNvMs2_NtNtCs4QMHp0v7l6B_4napi9js_values15object_propertyNtB5_8Property14with_utf8_name (in /home/guido/rustdom-selection-result-OEvCXh/dist/rustdom.node)
==6492==    by 0x2318E657: _RNvNvNtNtNtCs3Ir8cfnU9oH_7rustdom3dom4tree32___napi_impl_helper_NativeTree_1736___napi_register__NativeTree_impl_44420___ctor_private_inner (in /home/guido/rustdom-selection-result-OEvCXh/dist/rustdom.node)
==6492==    by 0x231B5185: _RNvNvNvNvNtNtNtCs3Ir8cfnU9oH_7rustdom3dom4tree32___napi_impl_helper_NativeTree_1736___napi_register__NativeTree_impl_4441__18___CTOR_PRIVATE_REF14___ctor_private (in /home/guido/rustdom-selection-result-OEvCXh/dist/rustdom.node)
==6492==    by 0x6B9F47D: call_init.part.0 (dl-init.c:70)
==6492==    by 0x6B9F567: call_init (dl-init.c:33)
==6492==    by 0x6B9F567: _dl_init (dl-init.c:117)
==6492==    by 0x78ADBB4: _dl_catch_exception (dl-error-skeleton.c:182)
==6492==    by 0x6BA6FF5: dl_open_worker (dl-open.c:808)
==6492==    by 0x6BA6FF5: dl_open_worker (dl-open.c:771)
==6492==    by 0x78ADB57: _dl_catch_exception (dl-error-skeleton.c:208)
==6492==    by 0x6BA734D: _dl_open (dl-open.c:883)
==6492==    by 0x77C95FB: dlopen_doit (dlopen.c:56)
==6492== 
==6492== 15 bytes in 1 blocks are possibly lost in loss record 211 of 427
==6492==    at 0x73E1899: malloc (in /mnt/c/Users/guido/ghq/projects/rustdom/.tools/valgrind/usr/libexec/valgrind/vgpreload_memcheck-amd64-linux.so)
==6492==    by 0x232471D2: _RNvXs0_NvMs_NtNtCs6i54tJFfzR_5alloc3ffi5c_strNtBa_7CString3newReNtB5_11SpecNewImpl13spec_new_impl (in /home/guido/rustdom-selection-result-OEvCXh/dist/rustdom.node)
==6492==    by 0x231F117F: _RNvMs2_NtNtCs4QMHp0v7l6B_4napi9js_values15object_propertyNtB5_8Property14with_utf8_name (in /home/guido/rustdom-selection-result-OEvCXh/dist/rustdom.node)
==6492==    by 0x2318F29F: _RNvNvNtNtNtCs3Ir8cfnU9oH_7rustdom3dom4tree32___napi_impl_helper_NativeTree_1736___napi_register__NativeTree_impl_44420___ctor_private_inner (in /home/guido/rustdom-selection-result-OEvCXh/dist/rustdom.node)
==6492==    by 0x231B5185: _RNvNvNvNvNtNtNtCs3Ir8cfnU9oH_7rustdom3dom4tree32___napi_impl_helper_NativeTree_1736___napi_register__NativeTree_impl_4441__18___CTOR_PRIVATE_REF14___ctor_private (in /home/guido/rustdom-selection-result-OEvCXh/dist/rustdom.node)
==6492==    by 0x6B9F47D: call_init.part.0 (dl-init.c:70)
==6492==    by 0x6B9F567: call_init (dl-init.c:33)
==6492==    by 0x6B9F567: _dl_init (dl-init.c:117)
==6492==    by 0x78ADBB4: _dl_catch_exception (dl-error-skeleton.c:182)
==6492==    by 0x6BA6FF5: dl_open_worker (dl-open.c:808)
==6492==    by 0x6BA6FF5: dl_open_worker (dl-open.c:771)
==6492==    by 0x78ADB57: _dl_catch_exception (dl-error-skeleton.c:208)
==6492==    by 0x6BA734D: _dl_open (dl-open.c:883)
==6492==    by 0x77C95FB: dlopen_doit (dlopen.c:56)
==6492== 
==6492== 16 bytes in 1 blocks are possibly lost in loss record 212 of 427
==6492==    at 0x73E1899: malloc (in /mnt/c/Users/guido/ghq/projects/rustdom/.tools/valgrind/usr/libexec/valgrind/vgpreload_memcheck-amd64-linux.so)
==6492==    by 0x232471D2: _RNvXs0_NvMs_NtNtCs6i54tJFfzR_5alloc3ffi5c_strNtBa_7CString3newReNtB5_11SpecNewImpl13spec_new_impl (in /home/guido/rustdom-selection-result-OEvCXh/dist/rustdom.node)
==6492==    by 0x231F117F: _RNvMs2_NtNtCs4QMHp0v7l6B_4napi9js_values15object_propertyNtB5_8Property14with_utf8_name (in /home/guido/rustdom-selection-result-OEvCXh/dist/rustdom.node)
==6492==    by 0x231A1EB0: _RNvNvNvNvNtNtNtCs3Ir8cfnU9oH_7rustdom3dom19abort_state_binding37___napi_impl_helper_NativeAbortState_041___napi_register__NativeAbortState_impl_201__18___CTOR_PRIVATE_REF14___ctor_private (in /home/guido/rustdom-selection-result-OEvCXh/dist/rustdom.node)
==6492==    by 0x6B9F47D: call_init.part.0 (dl-init.c:70)
==6492==    by 0x6B9F567: call_init (dl-init.c:33)
==6492==    by 0x6B9F567: _dl_init (dl-init.c:117)
==6492==    by 0x78ADBB4: _dl_catch_exception (dl-error-skeleton.c:182)
==6492==    by 0x6BA6FF5: dl_open_worker (dl-open.c:808)
==6492==    by 0x6BA6FF5: dl_open_worker (dl-open.c:771)
==6492==    by 0x78ADB57: _dl_catch_exception (dl-error-skeleton.c:208)
==6492==    by 0x6BA734D: _dl_open (dl-open.c:883)
==6492==    by 0x77C95FB: dlopen_doit (dlopen.c:56)
==6492==    by 0x78ADB57: _dl_catch_exception (dl-error-skeleton.c:208)
==6492== 
==6492== 16 bytes in 1 blocks are possibly lost in loss record 213 of 427
==6492==    at 0x73E1899: malloc (in /mnt/c/Users/guido/ghq/projects/rustdom/.tools/valgrind/usr/libexec/valgrind/vgpreload_memcheck-amd64-linux.so)
==6492==    by 0x232471D2: _RNvXs0_NvMs_NtNtCs6i54tJFfzR_5alloc3ffi5c_strNtBa_7CString3newReNtB5_11SpecNewImpl13spec_new_impl (in /home/guido/rustdom-selection-result-OEvCXh/dist/rustdom.node)
==6492==    by 0x231F117F: _RNvMs2_NtNtCs4QMHp0v7l6B_4napi9js_values15object_propertyNtB5_8Property14with_utf8_name (in /home/guido/rustdom-selection-result-OEvCXh/dist/rustdom.node)
==6492==    by 0x231A22C8: _RNvNvNvNvNtNtNtCs3Ir8cfnU9oH_7rustdom3dom19abort_state_binding37___napi_impl_helper_NativeAbortState_041___napi_register__NativeAbortState_impl_201__18___CTOR_PRIVATE_REF14___ctor_private (in /home/guido/rustdom-selection-result-OEvCXh/dist/rustdom.node)
==6492==    by 0x6B9F47D: call_init.part.0 (dl-init.c:70)
==6492==    by 0x6B9F567: call_init (dl-init.c:33)
==6492==    by 0x6B9F567: _dl_init (dl-init.c:117)
==6492==    by 0x78ADBB4: _dl_catch_exception (dl-error-skeleton.c:182)
==6492==    by 0x6BA6FF5: dl_open_worker (dl-open.c:808)
==6492==    by 0x6BA6FF5: dl_open_worker (dl-open.c:771)
==6492==    by 0x78ADB57: _dl_catch_exception (dl-error-skeleton.c:208)
==6492==    by 0x6BA734D: _dl_open (dl-open.c:883)
==6492==    by 0x77C95FB: dlopen_doit (dlopen.c:56)
==6492==    by 0x78ADB57: _dl_catch_exception (dl-error-skeleton.c:208)
==6492== 
==6492== 16 bytes in 1 blocks are possibly lost in loss record 214 of 427
==6492==    at 0x73E1899: malloc (in /mnt/c/Users/guido/ghq/projects/rustdom/.tools/valgrind/usr/libexec/valgrind/vgpreload_memcheck-amd64-linux.so)
==6492==    by 0x232471D2: _RNvXs0_NvMs_NtNtCs6i54tJFfzR_5alloc3ffi5c_strNtBa_7CString3newReNtB5_11SpecNewImpl13spec_new_impl (in /home/guido/rustdom-selection-result-OEvCXh/dist/rustdom.node)
==6492==    by 0x231F117F: _RNvMs2_NtNtCs4QMHp0v7l6B_4napi9js_values15object_propertyNtB5_8Property14with_utf8_name (in /home/guido/rustdom-selection-result-OEvCXh/dist/rustdom.node)
==6492==    by 0x231A27E6: _RNvNvNvNvNtNtNtCs3Ir8cfnU9oH_7rustdom3dom19abort_state_binding37___napi_impl_helper_NativeAbortState_041___napi_register__NativeAbortState_impl_201__18___CTOR_PRIVATE_REF14___ctor_private (in /home/guido/rustdom-selection-result-OEvCXh/dist/rustdom.node)
==6492==    by 0x6B9F47D: call_init.part.0 (dl-init.c:70)
==6492==    by 0x6B9F567: call_init (dl-init.c:33)
==6492==    by 0x6B9F567: _dl_init (dl-init.c:117)
==6492==    by 0x78ADBB4: _dl_catch_exception (dl-error-skeleton.c:182)
==6492==    by 0x6BA6FF5: dl_open_worker (dl-open.c:808)
==6492==    by 0x6BA6FF5: dl_open_worker (dl-open.c:771)
==6492==    by 0x78ADB57: _dl_catch_exception (dl-error-skeleton.c:208)
==6492==    by 0x6BA734D: _dl_open (dl-open.c:883)
==6492==    by 0x77C95FB: dlopen_doit (dlopen.c:56)
==6492==    by 0x78ADB57: _dl_catch_exception (dl-error-skeleton.c:208)
==6492== 
==6492== 16 bytes in 1 blocks are possibly lost in loss record 215 of 427
==6492==    at 0x73E1899: malloc (in /mnt/c/Users/guido/ghq/projects/rustdom/.tools/valgrind/usr/libexec/valgrind/vgpreload_memcheck-amd64-linux.so)
==6492==    by 0x232471D2: _RNvXs0_NvMs_NtNtCs6i54tJFfzR_5alloc3ffi5c_strNtBa_7CString3newReNtB5_11SpecNewImpl13spec_new_impl (in /home/guido/rustdom-selection-result-OEvCXh/dist/rustdom.node)
==6492==    by 0x231F117F: _RNvMs2_NtNtCs4QMHp0v7l6B_4napi9js_values15object_propertyNtB5_8Property14with_utf8_name (in /home/guido/rustdom-selection-result-OEvCXh/dist/rustdom.node)
==6492==    by 0x231A492A: _RNvNvNvNvNtNtNtCs3Ir8cfnU9oH_7rustdom3dom19event_state_binding37___napi_impl_helper_NativeEventState_442___napi_register__NativeEventState_impl_1041__18___CTOR_PRIVATE_REF14___ctor_private (in /home/guido/rustdom-selection-result-OEvCXh/dist/rustdom.node)
==6492==    by 0x6B9F47D: call_init.part.0 (dl-init.c:70)
==6492==    by 0x6B9F567: call_init (dl-init.c:33)
==6492==    by 0x6B9F567: _dl_init (dl-init.c:117)
==6492==    by 0x78ADBB4: _dl_catch_exception (dl-error-skeleton.c:182)
==6492==    by 0x6BA6FF5: dl_open_worker (dl-open.c:808)
==6492==    by 0x6BA6FF5: dl_open_worker (dl-open.c:771)
==6492==    by 0x78ADB57: _dl_catch_exception (dl-error-skeleton.c:208)
==6492==    by 0x6BA734D: _dl_open (dl-open.c:883)
==6492==    by 0x77C95FB: dlopen_doit (dlopen.c:56)
==6492==    by 0x78ADB57: _dl_catch_exception (dl-error-skeleton.c:208)
==6492== 
==6492== 16 bytes in 1 blocks are possibly lost in loss record 216 of 427
==6492==    at 0x73E1899: malloc (in /mnt/c/Users/guido/ghq/projects/rustdom/.tools/valgrind/usr/libexec/valgrind/vgpreload_memcheck-amd64-linux.so)
==6492==    by 0x232471D2: _RNvXs0_NvMs_NtNtCs6i54tJFfzR_5alloc3ffi5c_strNtBa_7CString3newReNtB5_11SpecNewImpl13spec_new_impl (in /home/guido/rustdom-selection-result-OEvCXh/dist/rustdom.node)
==6492==    by 0x231F117F: _RNvMs2_NtNtCs4QMHp0v7l6B_4napi9js_values15object_propertyNtB5_8Property14with_utf8_name (in /home/guido/rustdom-selection-result-OEvCXh/dist/rustdom.node)
==6492==    by 0x231A4C3C: _RNvNvNvNvNtNtNtCs3Ir8cfnU9oH_7rustdom3dom19event_state_binding37___napi_impl_helper_NativeEventState_442___napi_register__NativeEventState_impl_1041__18___CTOR_PRIVATE_REF14___ctor_private (in /home/guido/rustdom-selection-result-OEvCXh/dist/rustdom.node)
==6492==    by 0x6B9F47D: call_init.part.0 (dl-init.c:70)
==6492==    by 0x6B9F567: call_init (dl-init.c:33)
==6492==    by 0x6B9F567: _dl_init (dl-init.c:117)
==6492==    by 0x78ADBB4: _dl_catch_exception (dl-error-skeleton.c:182)
==6492==    by 0x6BA6FF5: dl_open_worker (dl-open.c:808)
==6492==    by 0x6BA6FF5: dl_open_worker (dl-open.c:771)
==6492==    by 0x78ADB57: _dl_catch_exception (dl-error-skeleton.c:208)
==6492==    by 0x6BA734D: _dl_open (dl-open.c:883)
==6492==    by 0x77C95FB: dlopen_doit (dlopen.c:56)
==6492==    by 0x78ADB57: _dl_catch_exception (dl-error-skeleton.c:208)
==6492== 
==6492== 16 bytes in 1 blocks are possibly lost in loss record 217 of 427
==6492==    at 0x73E1899: malloc (in /mnt/c/Users/guido/ghq/projects/rustdom/.tools/valgrind/usr/libexec/valgrind/vgpreload_memcheck-amd64-linux.so)
==6492==    by 0x232471D2: _RNvXs0_NvMs_NtNtCs6i54tJFfzR_5alloc3ffi5c_strNtBa_7CString3newReNtB5_11SpecNewImpl13spec_new_impl (in /home/guido/rustdom-selection-result-OEvCXh/dist/rustdom.node)
==6492==    by 0x231F117F: _RNvMs2_NtNtCs4QMHp0v7l6B_4napi9js_values15object_propertyNtB5_8Property14with_utf8_name (in /home/guido/rustdom-selection-result-OEvCXh/dist/rustdom.node)
==6492==    by 0x231A515A: _RNvNvNvNvNtNtNtCs3Ir8cfnU9oH_7rustdom3dom19event_state_binding37___napi_impl_helper_NativeEventState_442___napi_register__NativeEventState_impl_1041__18___CTOR_PRIVATE_REF14___ctor_private (in /home/guido/rustdom-selection-result-OEvCXh/dist/rustdom.node)
==6492==    by 0x6B9F47D: call_init.part.0 (dl-init.c:70)
==6492==    by 0x6B9F567: call_init (dl-init.c:33)
==6492==    by 0x6B9F567: _dl_init (dl-init.c:117)
==6492==    by 0x78ADBB4: _dl_catch_exception (dl-error-skeleton.c:182)
==6492==    by 0x6BA6FF5: dl_open_worker (dl-open.c:808)
==6492==    by 0x6BA6FF5: dl_open_worker (dl-open.c:771)
==6492==    by 0x78ADB57: _dl_catch_exception (dl-error-skeleton.c:208)
==6492==    by 0x6BA734D: _dl_open (dl-open.c:883)
==6492==    by 0x77C95FB: dlopen_doit (dlopen.c:56)
==6492==    by 0x78ADB57: _dl_catch_exception (dl-error-skeleton.c:208)
==6492== 
==6492== 16 bytes in 1 blocks are possibly lost in loss record 218 of 427
==6492==    at 0x73E1899: malloc (in /mnt/c/Users/guido/ghq/projects/rustdom/.tools/valgrind/usr/libexec/valgrind/vgpreload_memcheck-amd64-linux.so)
==6492==    by 0x232471D2: _RNvXs0_NvMs_NtNtCs6i54tJFfzR_5alloc3ffi5c_strNtBa_7CString3newReNtB5_11SpecNewImpl13spec_new_impl (in /home/guido/rustdom-selection-result-OEvCXh/dist/rustdom.node)
==6492==    by 0x231F117F: _RNvMs2_NtNtCs4QMHp0v7l6B_4napi9js_values15object_propertyNtB5_8Property14with_utf8_name (in /home/guido/rustdom-selection-result-OEvCXh/dist/rustdom.node)
==6492==    by 0x231A9936: _RNvNvNvNvNtNtNtCs3Ir8cfnU9oH_7rustdom3dom19range_state_binding33___napi_impl_helper_NativeRange_1137___napi_register__NativeRange_impl_2221__18___CTOR_PRIVATE_REF14___ctor_private (in /home/guido/rustdom-selection-result-OEvCXh/dist/rustdom.node)
==6492==    by 0x6B9F47D: call_init.part.0 (dl-init.c:70)
==6492==    by 0x6B9F567: call_init (dl-init.c:33)
==6492==    by 0x6B9F567: _dl_init (dl-init.c:117)
==6492==    by 0x78ADBB4: _dl_catch_exception (dl-error-skeleton.c:182)
==6492==    by 0x6BA6FF5: dl_open_worker (dl-open.c:808)
==6492==    by 0x6BA6FF5: dl_open_worker (dl-open.c:771)
==6492==    by 0x78ADB57: _dl_catch_exception (dl-error-skeleton.c:208)
==6492==    by 0x6BA734D: _dl_open (dl-open.c:883)
==6492==    by 0x77C95FB: dlopen_doit (dlopen.c:56)
==6492==    by 0x78ADB57: _dl_catch_exception (dl-error-skeleton.c:208)
==6492== 
==6492== 16 bytes in 1 blocks are possibly lost in loss record 219 of 427
==6492==    at 0x73E1899: malloc (in /mnt/c/Users/guido/ghq/projects/rustdom/.tools/valgrind/usr/libexec/valgrind/vgpreload_memcheck-amd64-linux.so)
==6492==    by 0x232471D2: _RNvXs0_NvMs_NtNtCs6i54tJFfzR_5alloc3ffi5c_strNtBa_7CString3newReNtB5_11SpecNewImpl13spec_new_impl (in /home/guido/rustdom-selection-result-OEvCXh/dist/rustdom.node)
==6492==    by 0x231F117F: _RNvMs2_NtNtCs4QMHp0v7l6B_4napi9js_values15object_propertyNtB5_8Property14with_utf8_name (in /home/guido/rustdom-selection-result-OEvCXh/dist/rustdom.node)
==6492==    by 0x231B076E: _RNvNvNvNvNtNtNtCs3Ir8cfnU9oH_7rustdom3dom23mutation_record_binding41___napi_impl_helper_NativeMutationRecord_746___napi_register__NativeMutationRecord_impl_1591__18___CTOR_PRIVATE_REF14___ctor_private (in /home/guido/rustdom-selection-result-OEvCXh/dist/rustdom.node)
==6492==    by 0x6B9F47D: call_init.part.0 (dl-init.c:70)
==6492==    by 0x6B9F567: call_init (dl-init.c:33)
==6492==    by 0x6B9F567: _dl_init (dl-init.c:117)
==6492==    by 0x78ADBB4: _dl_catch_exception (dl-error-skeleton.c:182)
==6492==    by 0x6BA6FF5: dl_open_worker (dl-open.c:808)
==6492==    by 0x6BA6FF5: dl_open_worker (dl-open.c:771)
==6492==    by 0x78ADB57: _dl_catch_exception (dl-error-skeleton.c:208)
==6492==    by 0x6BA734D: _dl_open (dl-open.c:883)
==6492==    by 0x77C95FB: dlopen_doit (dlopen.c:56)
==6492==    by 0x78ADB57: _dl_catch_exception (dl-error-skeleton.c:208)
==6492== 
==6492== 16 bytes in 1 blocks are possibly lost in loss record 220 of 427
==6492==    at 0x73E1899: malloc (in /mnt/c/Users/guido/ghq/projects/rustdom/.tools/valgrind/usr/libexec/valgrind/vgpreload_memcheck-amd64-linux.so)
==6492==    by 0x232471D2: _RNvXs0_NvMs_NtNtCs6i54tJFfzR_5alloc3ffi5c_strNtBa_7CString3newReNtB5_11SpecNewImpl13spec_new_impl (in /home/guido/rustdom-selection-result-OEvCXh/dist/rustdom.node)
==6492==    by 0x231F117F: _RNvMs2_NtNtCs4QMHp0v7l6B_4napi9js_values15object_propertyNtB5_8Property14with_utf8_name (in /home/guido/rustdom-selection-result-OEvCXh/dist/rustdom.node)
==6492==    by 0x231B2E0B: _RNvNvNvNvNtNtNtCs3Ir8cfnU9oH_7rustdom3dom4tree32___napi_impl_helper_NativeTree_1636___napi_register__NativeTree_impl_3111__18___CTOR_PRIVATE_REF14___ctor_private (in /home/guido/rustdom-selection-result-OEvCXh/dist/rustdom.node)
==6492==    by 0x6B9F47D: call_init.part.0 (dl-init.c:70)
==6492==    by 0x6B9F567: call_init (dl-init.c:33)
==6492==    by 0x6B9F567: _dl_init (dl-init.c:117)
==6492==    by 0x78ADBB4: _dl_catch_exception (dl-error-skeleton.c:182)
==6492==    by 0x6BA6FF5: dl_open_worker (dl-open.c:808)
==6492==    by 0x6BA6FF5: dl_open_worker (dl-open.c:771)
==6492==    by 0x78ADB57: _dl_catch_exception (dl-error-skeleton.c:208)
==6492==    by 0x6BA734D: _dl_open (dl-open.c:883)
==6492==    by 0x77C95FB: dlopen_doit (dlopen.c:56)
==6492==    by 0x78ADB57: _dl_catch_exception (dl-error-skeleton.c:208)
==6492== 
==6492== 16 bytes in 1 blocks are possibly lost in loss record 221 of 427
==6492==    at 0x73E1899: malloc (in /mnt/c/Users/guido/ghq/projects/rustdom/.tools/valgrind/usr/libexec/valgrind/vgpreload_memcheck-amd64-linux.so)
==6492==    by 0x232471D2: _RNvXs0_NvMs_NtNtCs6i54tJFfzR_5alloc3ffi5c_strNtBa_7CString3newReNtB5_11SpecNewImpl13spec_new_impl (in /home/guido/rustdom-selection-result-OEvCXh/dist/rustdom.node)
==6492==    by 0x231F117F: _RNvMs2_NtNtCs4QMHp0v7l6B_4napi9js_values15object_propertyNtB5_8Property14with_utf8_name (in /home/guido/rustdom-selection-result-OEvCXh/dist/rustdom.node)
==6492==    by 0x231B2EFB: _RNvNvNvNvNtNtNtCs3Ir8cfnU9oH_7rustdom3dom4tree32___napi_impl_helper_NativeTree_1636___napi_register__NativeTree_impl_3111__18___CTOR_PRIVATE_REF14___ctor_private (in /home/guido/rustdom-selection-result-OEvCXh/dist/rustdom.node)
==6492==    by 0x6B9F47D: call_init.part.0 (dl-init.c:70)
==6492==    by 0x6B9F567: call_init (dl-init.c:33)
==6492==    by 0x6B9F567: _dl_init (dl-init.c:117)
==6492==    by 0x78ADBB4: _dl_catch_exception (dl-error-skeleton.c:182)
==6492==    by 0x6BA6FF5: dl_open_worker (dl-open.c:808)
==6492==    by 0x6BA6FF5: dl_open_worker (dl-open.c:771)
==6492==    by 0x78ADB57: _dl_catch_exception (dl-error-skeleton.c:208)
==6492==    by 0x6BA734D: _dl_open (dl-open.c:883)
==6492==    by 0x77C95FB: dlopen_doit (dlopen.c:56)
==6492==    by 0x78ADB57: _dl_catch_exception (dl-error-skeleton.c:208)
==6492== 
==6492== 16 bytes in 1 blocks are possibly lost in loss record 222 of 427
==6492==    at 0x73E1899: malloc (in /mnt/c/Users/guido/ghq/projects/rustdom/.tools/valgrind/usr/libexec/valgrind/vgpreload_memcheck-amd64-linux.so)
==6492==    by 0x232471D2: _RNvXs0_NvMs_NtNtCs6i54tJFfzR_5alloc3ffi5c_strNtBa_7CString3newReNtB5_11SpecNewImpl13spec_new_impl (in /home/guido/rustdom-selection-result-OEvCXh/dist/rustdom.node)
==6492==    by 0x231F117F: _RNvMs2_NtNtCs4QMHp0v7l6B_4napi9js_values15object_propertyNtB5_8Property14with_utf8_name (in /home/guido/rustdom-selection-result-OEvCXh/dist/rustdom.node)
==6492==    by 0x231B2FF1: _RNvNvNvNvNtNtNtCs3Ir8cfnU9oH_7rustdom3dom4tree32___napi_impl_helper_NativeTree_1636___napi_register__NativeTree_impl_3111__18___CTOR_PRIVATE_REF14___ctor_private (in /home/guido/rustdom-selection-result-OEvCXh/dist/rustdom.node)
==6492==    by 0x6B9F47D: call_init.part.0 (dl-init.c:70)
==6492==    by 0x6B9F567: call_init (dl-init.c:33)
==6492==    by 0x6B9F567: _dl_init (dl-init.c:117)
==6492==    by 0x78ADBB4: _dl_catch_exception (dl-error-skeleton.c:182)
==6492==    by 0x6BA6FF5: dl_open_worker (dl-open.c:808)
==6492==    by 0x6BA6FF5: dl_open_worker (dl-open.c:771)
==6492==    by 0x78ADB57: _dl_catch_exception (dl-error-skeleton.c:208)
==6492==    by 0x6BA734D: _dl_open (dl-open.c:883)
==6492==    by 0x77C95FB: dlopen_doit (dlopen.c:56)
==6492==    by 0x78ADB57: _dl_catch_exception (dl-error-skeleton.c:208)
==6492== 
==6492== 16 bytes in 1 blocks are possibly lost in loss record 223 of 427
==6492==    at 0x73E1899: malloc (in /mnt/c/Users/guido/ghq/projects/rustdom/.tools/valgrind/usr/libexec/valgrind/vgpreload_memcheck-amd64-linux.so)
==6492==    by 0x232471D2: _RNvXs0_NvMs_NtNtCs6i54tJFfzR_5alloc3ffi5c_strNtBa_7CString3newReNtB5_11SpecNewImpl13spec_new_impl (in /home/guido/rustdom-selection-result-OEvCXh/dist/rustdom.node)
==6492==    by 0x231F117F: _RNvMs2_NtNtCs4QMHp0v7l6B_4napi9js_values15object_propertyNtB5_8Property14with_utf8_name (in /home/guido/rustdom-selection-result-OEvCXh/dist/rustdom.node)
==6492==    by 0x231B3615: _RNvNvNvNvNtNtNtCs3Ir8cfnU9oH_7rustdom3dom4tree32___napi_impl_helper_NativeTree_1636___napi_register__NativeTree_impl_3111__18___CTOR_PRIVATE_REF14___ctor_private (in /home/guido/rustdom-selection-result-OEvCXh/dist/rustdom.node)
==6492==    by 0x6B9F47D: call_init.part.0 (dl-init.c:70)
==6492==    by 0x6B9F567: call_init (dl-init.c:33)
==6492==    by 0x6B9F567: _dl_init (dl-init.c:117)
==6492==    by 0x78ADBB4: _dl_catch_exception (dl-error-skeleton.c:182)
==6492==    by 0x6BA6FF5: dl_open_worker (dl-open.c:808)
==6492==    by 0x6BA6FF5: dl_open_worker (dl-open.c:771)
==6492==    by 0x78ADB57: _dl_catch_exception (dl-error-skeleton.c:208)
==6492==    by 0x6BA734D: _dl_open (dl-open.c:883)
==6492==    by 0x77C95FB: dlopen_doit (dlopen.c:56)
==6492==    by 0x78ADB57: _dl_catch_exception (dl-error-skeleton.c:208)
==6492== 
==6492== 16 bytes in 1 blocks are possibly lost in loss record 224 of 427
==6492==    at 0x73E1899: malloc (in /mnt/c/Users/guido/ghq/projects/rustdom/.tools/valgrind/usr/libexec/valgrind/vgpreload_memcheck-amd64-linux.so)
==6492==    by 0x232471D2: _RNvXs0_NvMs_NtNtCs6i54tJFfzR_5alloc3ffi5c_strNtBa_7CString3newReNtB5_11SpecNewImpl13spec_new_impl (in /home/guido/rustdom-selection-result-OEvCXh/dist/rustdom.node)
==6492==    by 0x231F117F: _RNvMs2_NtNtCs4QMHp0v7l6B_4napi9js_values15object_propertyNtB5_8Property14with_utf8_name (in /home/guido/rustdom-selection-result-OEvCXh/dist/rustdom.node)
==6492==    by 0x231B371B: _RNvNvNvNvNtNtNtCs3Ir8cfnU9oH_7rustdom3dom4tree32___napi_impl_helper_NativeTree_1636___napi_register__NativeTree_impl_3111__18___CTOR_PRIVATE_REF14___ctor_private (in /home/guido/rustdom-selection-result-OEvCXh/dist/rustdom.node)
==6492==    by 0x6B9F47D: call_init.part.0 (dl-init.c:70)
==6492==    by 0x6B9F567: call_init (dl-init.c:33)
==6492==    by 0x6B9F567: _dl_init (dl-init.c:117)
==6492==    by 0x78ADBB4: _dl_catch_exception (dl-error-skeleton.c:182)
==6492==    by 0x6BA6FF5: dl_open_worker (dl-open.c:808)
==6492==    by 0x6BA6FF5: dl_open_worker (dl-open.c:771)
==6492==    by 0x78ADB57: _dl_catch_exception (dl-error-skeleton.c:208)
==6492==    by 0x6BA734D: _dl_open (dl-open.c:883)
==6492==    by 0x77C95FB: dlopen_doit (dlopen.c:56)
==6492==    by 0x78ADB57: _dl_catch_exception (dl-error-skeleton.c:208)
==6492== 
==6492== 16 bytes in 1 blocks are possibly lost in loss record 225 of 427
==6492==    at 0x73E1899: malloc (in /mnt/c/Users/guido/ghq/projects/rustdom/.tools/valgrind/usr/libexec/valgrind/vgpreload_memcheck-amd64-linux.so)
==6492==    by 0x232471D2: _RNvXs0_NvMs_NtNtCs6i54tJFfzR_5alloc3ffi5c_strNtBa_7CString3newReNtB5_11SpecNewImpl13spec_new_impl (in /home/guido/rustdom-selection-result-OEvCXh/dist/rustdom.node)
==6492==    by 0x231F117F: _RNvMs2_NtNtCs4QMHp0v7l6B_4napi9js_values15object_propertyNtB5_8Property14with_utf8_name (in /home/guido/rustdom-selection-result-OEvCXh/dist/rustdom.node)
==6492==    by 0x23188924: _RNvNvNtNtNtCs3Ir8cfnU9oH_7rustdom3dom4tree32___napi_impl_helper_NativeTree_1736___napi_register__NativeTree_impl_44420___ctor_private_inner (in /home/guido/rustdom-selection-result-OEvCXh/dist/rustdom.node)
==6492==    by 0x231B5185: _RNvNvNvNvNtNtNtCs3Ir8cfnU9oH_7rustdom3dom4tree32___napi_impl_helper_NativeTree_1736___napi_register__NativeTree_impl_4441__18___CTOR_PRIVATE_REF14___ctor_private (in /home/guido/rustdom-selection-result-OEvCXh/dist/rustdom.node)
==6492==    by 0x6B9F47D: call_init.part.0 (dl-init.c:70)
==6492==    by 0x6B9F567: call_init (dl-init.c:33)
==6492==    by 0x6B9F567: _dl_init (dl-init.c:117)
==6492==    by 0x78ADBB4: _dl_catch_exception (dl-error-skeleton.c:182)
==6492==    by 0x6BA6FF5: dl_open_worker (dl-open.c:808)
==6492==    by 0x6BA6FF5: dl_open_worker (dl-open.c:771)
==6492==    by 0x78ADB57: _dl_catch_exception (dl-error-skeleton.c:208)
==6492==    by 0x6BA734D: _dl_open (dl-open.c:883)
==6492==    by 0x77C95FB: dlopen_doit (dlopen.c:56)
==6492== 
==6492== 16 bytes in 1 blocks are possibly lost in loss record 226 of 427
==6492==    at 0x73E1899: malloc (in /mnt/c/Users/guido/ghq/projects/rustdom/.tools/valgrind/usr/libexec/valgrind/vgpreload_memcheck-amd64-linux.so)
==6492==    by 0x232471D2: _RNvXs0_NvMs_NtNtCs6i54tJFfzR_5alloc3ffi5c_strNtBa_7CString3newReNtB5_11SpecNewImpl13spec_new_impl (in /home/guido/rustdom-selection-result-OEvCXh/dist/rustdom.node)
==6492==    by 0x231F117F: _RNvMs2_NtNtCs4QMHp0v7l6B_4napi9js_values15object_propertyNtB5_8Property14with_utf8_name (in /home/guido/rustdom-selection-result-OEvCXh/dist/rustdom.node)
==6492==    by 0x23188C36: _RNvNvNtNtNtCs3Ir8cfnU9oH_7rustdom3dom4tree32___napi_impl_helper_NativeTree_1736___napi_register__NativeTree_impl_44420___ctor_private_inner (in /home/guido/rustdom-selection-result-OEvCXh/dist/rustdom.node)
==6492==    by 0x231B5185: _RNvNvNvNvNtNtNtCs3Ir8cfnU9oH_7rustdom3dom4tree32___napi_impl_helper_NativeTree_1736___napi_register__NativeTree_impl_4441__18___CTOR_PRIVATE_REF14___ctor_private (in /home/guido/rustdom-selection-result-OEvCXh/dist/rustdom.node)
==6492==    by 0x6B9F47D: call_init.part.0 (dl-init.c:70)
==6492==    by 0x6B9F567: call_init (dl-init.c:33)
==6492==    by 0x6B9F567: _dl_init (dl-init.c:117)
==6492==    by 0x78ADBB4: _dl_catch_exception (dl-error-skeleton.c:182)
==6492==    by 0x6BA6FF5: dl_open_worker (dl-open.c:808)
==6492==    by 0x6BA6FF5: dl_open_worker (dl-open.c:771)
==6492==    by 0x78ADB57: _dl_catch_exception (dl-error-skeleton.c:208)
==6492==    by 0x6BA734D: _dl_open (dl-open.c:883)
==6492==    by 0x77C95FB: dlopen_doit (dlopen.c:56)
==6492== 
==6492== 16 bytes in 1 blocks are possibly lost in loss record 227 of 427
==6492==    at 0x73E1899: malloc (in /mnt/c/Users/guido/ghq/projects/rustdom/.tools/valgrind/usr/libexec/valgrind/vgpreload_memcheck-amd64-linux.so)
==6492==    by 0x232471D2: _RNvXs0_NvMs_NtNtCs6i54tJFfzR_5alloc3ffi5c_strNtBa_7CString3newReNtB5_11SpecNewImpl13spec_new_impl (in /home/guido/rustdom-selection-result-OEvCXh/dist/rustdom.node)
==6492==    by 0x231F117F: _RNvMs2_NtNtCs4QMHp0v7l6B_4napi9js_values15object_propertyNtB5_8Property14with_utf8_name (in /home/guido/rustdom-selection-result-OEvCXh/dist/rustdom.node)
==6492==    by 0x23189466: _RNvNvNtNtNtCs3Ir8cfnU9oH_7rustdom3dom4tree32___napi_impl_helper_NativeTree_1736___napi_register__NativeTree_impl_44420___ctor_private_inner (in /home/guido/rustdom-selection-result-OEvCXh/dist/rustdom.node)
==6492==    by 0x231B5185: _RNvNvNvNvNtNtNtCs3Ir8cfnU9oH_7rustdom3dom4tree32___napi_impl_helper_NativeTree_1736___napi_register__NativeTree_impl_4441__18___CTOR_PRIVATE_REF14___ctor_private (in /home/guido/rustdom-selection-result-OEvCXh/dist/rustdom.node)
==6492==    by 0x6B9F47D: call_init.part.0 (dl-init.c:70)
==6492==    by 0x6B9F567: call_init (dl-init.c:33)
==6492==    by 0x6B9F567: _dl_init (dl-init.c:117)
==6492==    by 0x78ADBB4: _dl_catch_exception (dl-error-skeleton.c:182)
==6492==    by 0x6BA6FF5: dl_open_worker (dl-open.c:808)
==6492==    by 0x6BA6FF5: dl_open_worker (dl-open.c:771)
==6492==    by 0x78ADB57: _dl_catch_exception (dl-error-skeleton.c:208)
==6492==    by 0x6BA734D: _dl_open (dl-open.c:883)
==6492==    by 0x77C95FB: dlopen_doit (dlopen.c:56)
==6492== 
==6492== 16 bytes in 1 blocks are possibly lost in loss record 228 of 427
==6492==    at 0x73E1899: malloc (in /mnt/c/Users/guido/ghq/projects/rustdom/.tools/valgrind/usr/libexec/valgrind/vgpreload_memcheck-amd64-linux.so)
==6492==    by 0x232471D2: _RNvXs0_NvMs_NtNtCs6i54tJFfzR_5alloc3ffi5c_strNtBa_7CString3newReNtB5_11SpecNewImpl13spec_new_impl (in /home/guido/rustdom-selection-result-OEvCXh/dist/rustdom.node)
==6492==    by 0x231F117F: _RNvMs2_NtNtCs4QMHp0v7l6B_4napi9js_values15object_propertyNtB5_8Property14with_utf8_name (in /home/guido/rustdom-selection-result-OEvCXh/dist/rustdom.node)
==6492==    by 0x2318956C: _RNvNvNtNtNtCs3Ir8cfnU9oH_7rustdom3dom4tree32___napi_impl_helper_NativeTree_1736___napi_register__NativeTree_impl_44420___ctor_private_inner (in /home/guido/rustdom-selection-result-OEvCXh/dist/rustdom.node)
==6492==    by 0x231B5185: _RNvNvNvNvNtNtNtCs3Ir8cfnU9oH_7rustdom3dom4tree32___napi_impl_helper_NativeTree_1736___napi_register__NativeTree_impl_4441__18___CTOR_PRIVATE_REF14___ctor_private (in /home/guido/rustdom-selection-result-OEvCXh/dist/rustdom.node)
==6492==    by 0x6B9F47D: call_init.part.0 (dl-init.c:70)
==6492==    by 0x6B9F567: call_init (dl-init.c:33)
==6492==    by 0x6B9F567: _dl_init (dl-init.c:117)
==6492==    by 0x78ADBB4: _dl_catch_exception (dl-error-skeleton.c:182)
==6492==    by 0x6BA6FF5: dl_open_worker (dl-open.c:808)
==6492==    by 0x6BA6FF5: dl_open_worker (dl-open.c:771)
==6492==    by 0x78ADB57: _dl_catch_exception (dl-error-skeleton.c:208)
==6492==    by 0x6BA734D: _dl_open (dl-open.c:883)
==6492==    by 0x77C95FB: dlopen_doit (dlopen.c:56)
==6492== 
==6492== 16 bytes in 1 blocks are possibly lost in loss record 229 of 427
==6492==    at 0x73E1899: malloc (in /mnt/c/Users/guido/ghq/projects/rustdom/.tools/valgrind/usr/libexec/valgrind/vgpreload_memcheck-amd64-linux.so)
==6492==    by 0x232471D2: _RNvXs0_NvMs_NtNtCs6i54tJFfzR_5alloc3ffi5c_strNtBa_7CString3newReNtB5_11SpecNewImpl13spec_new_impl (in /home/guido/rustdom-selection-result-OEvCXh/dist/rustdom.node)
==6492==    by 0x231F117F: _RNvMs2_NtNtCs4QMHp0v7l6B_4napi9js_values15object_propertyNtB5_8Property14with_utf8_name (in /home/guido/rustdom-selection-result-OEvCXh/dist/rustdom.node)
==6492==    by 0x2318AAFB: _RNvNvNtNtNtCs3Ir8cfnU9oH_7rustdom3dom4tree32___napi_impl_helper_NativeTree_1736___napi_register__NativeTree_impl_44420___ctor_private_inner (in /home/guido/rustdom-selection-result-OEvCXh/dist/rustdom.node)
==6492==    by 0x231B5185: _RNvNvNvNvNtNtNtCs3Ir8cfnU9oH_7rustdom3dom4tree32___napi_impl_helper_NativeTree_1736___napi_register__NativeTree_impl_4441__18___CTOR_PRIVATE_REF14___ctor_private (in /home/guido/rustdom-selection-result-OEvCXh/dist/rustdom.node)
==6492==    by 0x6B9F47D: call_init.part.0 (dl-init.c:70)
==6492==    by 0x6B9F567: call_init (dl-init.c:33)
==6492==    by 0x6B9F567: _dl_init (dl-init.c:117)
==6492==    by 0x78ADBB4: _dl_catch_exception (dl-error-skeleton.c:182)
==6492==    by 0x6BA6FF5: dl_open_worker (dl-open.c:808)
==6492==    by 0x6BA6FF5: dl_open_worker (dl-open.c:771)
==6492==    by 0x78ADB57: _dl_catch_exception (dl-error-skeleton.c:208)
==6492==    by 0x6BA734D: _dl_open (dl-open.c:883)
==6492==    by 0x77C95FB: dlopen_doit (dlopen.c:56)
==6492== 
==6492== 16 bytes in 1 blocks are possibly lost in loss record 230 of 427
==6492==    at 0x73E1899: malloc (in /mnt/c/Users/guido/ghq/projects/rustdom/.tools/valgrind/usr/libexec/valgrind/vgpreload_memcheck-amd64-linux.so)
==6492==    by 0x232471D2: _RNvXs0_NvMs_NtNtCs6i54tJFfzR_5alloc3ffi5c_strNtBa_7CString3newReNtB5_11SpecNewImpl13spec_new_impl (in /home/guido/rustdom-selection-result-OEvCXh/dist/rustdom.node)
==6492==    by 0x231F117F: _RNvMs2_NtNtCs4QMHp0v7l6B_4napi9js_values15object_propertyNtB5_8Property14with_utf8_name (in /home/guido/rustdom-selection-result-OEvCXh/dist/rustdom.node)
==6492==    by 0x2318AC01: _RNvNvNtNtNtCs3Ir8cfnU9oH_7rustdom3dom4tree32___napi_impl_helper_NativeTree_1736___napi_register__NativeTree_impl_44420___ctor_private_inner (in /home/guido/rustdom-selection-result-OEvCXh/dist/rustdom.node)
==6492==    by 0x231B5185: _RNvNvNvNvNtNtNtCs3Ir8cfnU9oH_7rustdom3dom4tree32___napi_impl_helper_NativeTree_1736___napi_register__NativeTree_impl_4441__18___CTOR_PRIVATE_REF14___ctor_private (in /home/guido/rustdom-selection-result-OEvCXh/dist/rustdom.node)
==6492==    by 0x6B9F47D: call_init.part.0 (dl-init.c:70)
==6492==    by 0x6B9F567: call_init (dl-init.c:33)
==6492==    by 0x6B9F567: _dl_init (dl-init.c:117)
==6492==    by 0x78ADBB4: _dl_catch_exception (dl-error-skeleton.c:182)
==6492==    by 0x6BA6FF5: dl_open_worker (dl-open.c:808)
==6492==    by 0x6BA6FF5: dl_open_worker (dl-open.c:771)
==6492==    by 0x78ADB57: _dl_catch_exception (dl-error-skeleton.c:208)
==6492==    by 0x6BA734D: _dl_open (dl-open.c:883)
==6492==    by 0x77C95FB: dlopen_doit (dlopen.c:56)
==6492== 
==6492== 16 bytes in 1 blocks are possibly lost in loss record 231 of 427
==6492==    at 0x73E1899: malloc (in /mnt/c/Users/guido/ghq/projects/rustdom/.tools/valgrind/usr/libexec/valgrind/vgpreload_memcheck-amd64-linux.so)
==6492==    by 0x232471D2: _RNvXs0_NvMs_NtNtCs6i54tJFfzR_5alloc3ffi5c_strNtBa_7CString3newReNtB5_11SpecNewImpl13spec_new_impl (in /home/guido/rustdom-selection-result-OEvCXh/dist/rustdom.node)
==6492==    by 0x231F117F: _RNvMs2_NtNtCs4QMHp0v7l6B_4napi9js_values15object_propertyNtB5_8Property14with_utf8_name (in /home/guido/rustdom-selection-result-OEvCXh/dist/rustdom.node)
==6492==    by 0x2318CCC1: _RNvNvNtNtNtCs3Ir8cfnU9oH_7rustdom3dom4tree32___napi_impl_helper_NativeTree_1736___napi_register__NativeTree_impl_44420___ctor_private_inner (in /home/guido/rustdom-selection-result-OEvCXh/dist/rustdom.node)
==6492==    by 0x231B5185: _RNvNvNvNvNtNtNtCs3Ir8cfnU9oH_7rustdom3dom4tree32___napi_impl_helper_NativeTree_1736___napi_register__NativeTree_impl_4441__18___CTOR_PRIVATE_REF14___ctor_private (in /home/guido/rustdom-selection-result-OEvCXh/dist/rustdom.node)
==6492==    by 0x6B9F47D: call_init.part.0 (dl-init.c:70)
==6492==    by 0x6B9F567: call_init (dl-init.c:33)
==6492==    by 0x6B9F567: _dl_init (dl-init.c:117)
==6492==    by 0x78ADBB4: _dl_catch_exception (dl-error-skeleton.c:182)
==6492==    by 0x6BA6FF5: dl_open_worker (dl-open.c:808)
==6492==    by 0x6BA6FF5: dl_open_worker (dl-open.c:771)
==6492==    by 0x78ADB57: _dl_catch_exception (dl-error-skeleton.c:208)
==6492==    by 0x6BA734D: _dl_open (dl-open.c:883)
==6492==    by 0x77C95FB: dlopen_doit (dlopen.c:56)
==6492== 
==6492== 16 bytes in 1 blocks are possibly lost in loss record 232 of 427
==6492==    at 0x73E1899: malloc (in /mnt/c/Users/guido/ghq/projects/rustdom/.tools/valgrind/usr/libexec/valgrind/vgpreload_memcheck-amd64-linux.so)
==6492==    by 0x232471D2: _RNvXs0_NvMs_NtNtCs6i54tJFfzR_5alloc3ffi5c_strNtBa_7CString3newReNtB5_11SpecNewImpl13spec_new_impl (in /home/guido/rustdom-selection-result-OEvCXh/dist/rustdom.node)
==6492==    by 0x231F117F: _RNvMs2_NtNtCs4QMHp0v7l6B_4napi9js_values15object_propertyNtB5_8Property14with_utf8_name (in /home/guido/rustdom-selection-result-OEvCXh/dist/rustdom.node)
==6492==    by 0x2318E23F: _RNvNvNtNtNtCs3Ir8cfnU9oH_7rustdom3dom4tree32___napi_impl_helper_NativeTree_1736___napi_register__NativeTree_impl_44420___ctor_private_inner (in /home/guido/rustdom-selection-result-OEvCXh/dist/rustdom.node)
==6492==    by 0x231B5185: _RNvNvNvNvNtNtNtCs3Ir8cfnU9oH_7rustdom3dom4tree32___napi_impl_helper_NativeTree_1736___napi_register__NativeTree_impl_4441__18___CTOR_PRIVATE_REF14___ctor_private (in /home/guido/rustdom-selection-result-OEvCXh/dist/rustdom.node)
==6492==    by 0x6B9F47D: call_init.part.0 (dl-init.c:70)
==6492==    by 0x6B9F567: call_init (dl-init.c:33)
==6492==    by 0x6B9F567: _dl_init (dl-init.c:117)
==6492==    by 0x78ADBB4: _dl_catch_exception (dl-error-skeleton.c:182)
==6492==    by 0x6BA6FF5: dl_open_worker (dl-open.c:808)
==6492==    by 0x6BA6FF5: dl_open_worker (dl-open.c:771)
==6492==    by 0x78ADB57: _dl_catch_exception (dl-error-skeleton.c:208)
==6492==    by 0x6BA734D: _dl_open (dl-open.c:883)
==6492==    by 0x77C95FB: dlopen_doit (dlopen.c:56)
==6492== 
==6492== 16 bytes in 1 blocks are possibly lost in loss record 233 of 427
==6492==    at 0x73E1899: malloc (in /mnt/c/Users/guido/ghq/projects/rustdom/.tools/valgrind/usr/libexec/valgrind/vgpreload_memcheck-amd64-linux.so)
==6492==    by 0x232471D2: _RNvXs0_NvMs_NtNtCs6i54tJFfzR_5alloc3ffi5c_strNtBa_7CString3newReNtB5_11SpecNewImpl13spec_new_impl (in /home/guido/rustdom-selection-result-OEvCXh/dist/rustdom.node)
==6492==    by 0x231F117F: _RNvMs2_NtNtCs4QMHp0v7l6B_4napi9js_values15object_propertyNtB5_8Property14with_utf8_name (in /home/guido/rustdom-selection-result-OEvCXh/dist/rustdom.node)
==6492==    by 0x2318F8C3: _RNvNvNtNtNtCs3Ir8cfnU9oH_7rustdom3dom4tree32___napi_impl_helper_NativeTree_1736___napi_register__NativeTree_impl_44420___ctor_private_inner (in /home/guido/rustdom-selection-result-OEvCXh/dist/rustdom.node)
==6492==    by 0x231B5185: _RNvNvNvNvNtNtNtCs3Ir8cfnU9oH_7rustdom3dom4tree32___napi_impl_helper_NativeTree_1736___napi_register__NativeTree_impl_4441__18___CTOR_PRIVATE_REF14___ctor_private (in /home/guido/rustdom-selection-result-OEvCXh/dist/rustdom.node)
==6492==    by 0x6B9F47D: call_init.part.0 (dl-init.c:70)
==6492==    by 0x6B9F567: call_init (dl-init.c:33)
==6492==    by 0x6B9F567: _dl_init (dl-init.c:117)
==6492==    by 0x78ADBB4: _dl_catch_exception (dl-error-skeleton.c:182)
==6492==    by 0x6BA6FF5: dl_open_worker (dl-open.c:808)
==6492==    by 0x6BA6FF5: dl_open_worker (dl-open.c:771)
==6492==    by 0x78ADB57: _dl_catch_exception (dl-error-skeleton.c:208)
==6492==    by 0x6BA734D: _dl_open (dl-open.c:883)
==6492==    by 0x77C95FB: dlopen_doit (dlopen.c:56)
==6492== 
==6492== 16 bytes in 1 blocks are possibly lost in loss record 234 of 427
==6492==    at 0x73E1899: malloc (in /mnt/c/Users/guido/ghq/projects/rustdom/.tools/valgrind/usr/libexec/valgrind/vgpreload_memcheck-amd64-linux.so)
==6492==    by 0x232471D2: _RNvXs0_NvMs_NtNtCs6i54tJFfzR_5alloc3ffi5c_strNtBa_7CString3newReNtB5_11SpecNewImpl13spec_new_impl (in /home/guido/rustdom-selection-result-OEvCXh/dist/rustdom.node)
==6492==    by 0x231F117F: _RNvMs2_NtNtCs4QMHp0v7l6B_4napi9js_values15object_propertyNtB5_8Property14with_utf8_name (in /home/guido/rustdom-selection-result-OEvCXh/dist/rustdom.node)
==6492==    by 0x2318F9C9: _RNvNvNtNtNtCs3Ir8cfnU9oH_7rustdom3dom4tree32___napi_impl_helper_NativeTree_1736___napi_register__NativeTree_impl_44420___ctor_private_inner (in /home/guido/rustdom-selection-result-OEvCXh/dist/rustdom.node)
==6492==    by 0x231B5185: _RNvNvNvNvNtNtNtCs3Ir8cfnU9oH_7rustdom3dom4tree32___napi_impl_helper_NativeTree_1736___napi_register__NativeTree_impl_4441__18___CTOR_PRIVATE_REF14___ctor_private (in /home/guido/rustdom-selection-result-OEvCXh/dist/rustdom.node)
==6492==    by 0x6B9F47D: call_init.part.0 (dl-init.c:70)
==6492==    by 0x6B9F567: call_init (dl-init.c:33)
==6492==    by 0x6B9F567: _dl_init (dl-init.c:117)
==6492==    by 0x78ADBB4: _dl_catch_exception (dl-error-skeleton.c:182)
==6492==    by 0x6BA6FF5: dl_open_worker (dl-open.c:808)
==6492==    by 0x6BA6FF5: dl_open_worker (dl-open.c:771)
==6492==    by 0x78ADB57: _dl_catch_exception (dl-error-skeleton.c:208)
==6492==    by 0x6BA734D: _dl_open (dl-open.c:883)
==6492==    by 0x77C95FB: dlopen_doit (dlopen.c:56)
==6492== 
==6492== 16 bytes in 1 blocks are possibly lost in loss record 235 of 427
==6492==    at 0x73E1899: malloc (in /mnt/c/Users/guido/ghq/projects/rustdom/.tools/valgrind/usr/libexec/valgrind/vgpreload_memcheck-amd64-linux.so)
==6492==    by 0x232471D2: _RNvXs0_NvMs_NtNtCs6i54tJFfzR_5alloc3ffi5c_strNtBa_7CString3newReNtB5_11SpecNewImpl13spec_new_impl (in /home/guido/rustdom-selection-result-OEvCXh/dist/rustdom.node)
==6492==    by 0x231F117F: _RNvMs2_NtNtCs4QMHp0v7l6B_4napi9js_values15object_propertyNtB5_8Property14with_utf8_name (in /home/guido/rustdom-selection-result-OEvCXh/dist/rustdom.node)
==6492==    by 0x2319081D: _RNvNvNtNtNtCs3Ir8cfnU9oH_7rustdom3dom4tree32___napi_impl_helper_NativeTree_1736___napi_register__NativeTree_impl_44420___ctor_private_inner (in /home/guido/rustdom-selection-result-OEvCXh/dist/rustdom.node)
==6492==    by 0x231B5185: _RNvNvNvNvNtNtNtCs3Ir8cfnU9oH_7rustdom3dom4tree32___napi_impl_helper_NativeTree_1736___napi_register__NativeTree_impl_4441__18___CTOR_PRIVATE_REF14___ctor_private (in /home/guido/rustdom-selection-result-OEvCXh/dist/rustdom.node)
==6492==    by 0x6B9F47D: call_init.part.0 (dl-init.c:70)
==6492==    by 0x6B9F567: call_init (dl-init.c:33)
==6492==    by 0x6B9F567: _dl_init (dl-init.c:117)
==6492==    by 0x78ADBB4: _dl_catch_exception (dl-error-skeleton.c:182)
==6492==    by 0x6BA6FF5: dl_open_worker (dl-open.c:808)
==6492==    by 0x6BA6FF5: dl_open_worker (dl-open.c:771)
==6492==    by 0x78ADB57: _dl_catch_exception (dl-error-skeleton.c:208)
==6492==    by 0x6BA734D: _dl_open (dl-open.c:883)
==6492==    by 0x77C95FB: dlopen_doit (dlopen.c:56)
==6492== 
==6492== 16 bytes in 1 blocks are possibly lost in loss record 236 of 427
==6492==    at 0x73E1899: malloc (in /mnt/c/Users/guido/ghq/projects/rustdom/.tools/valgrind/usr/libexec/valgrind/vgpreload_memcheck-amd64-linux.so)
==6492==    by 0x232471D2: _RNvXs0_NvMs_NtNtCs6i54tJFfzR_5alloc3ffi5c_strNtBa_7CString3newReNtB5_11SpecNewImpl13spec_new_impl (in /home/guido/rustdom-selection-result-OEvCXh/dist/rustdom.node)
==6492==    by 0x231F117F: _RNvMs2_NtNtCs4QMHp0v7l6B_4napi9js_values15object_propertyNtB5_8Property14with_utf8_name (in /home/guido/rustdom-selection-result-OEvCXh/dist/rustdom.node)
==6492==    by 0x23190A29: _RNvNvNtNtNtCs3Ir8cfnU9oH_7rustdom3dom4tree32___napi_impl_helper_NativeTree_1736___napi_register__NativeTree_impl_44420___ctor_private_inner (in /home/guido/rustdom-selection-result-OEvCXh/dist/rustdom.node)
==6492==    by 0x231B5185: _RNvNvNvNvNtNtNtCs3Ir8cfnU9oH_7rustdom3dom4tree32___napi_impl_helper_NativeTree_1736___napi_register__NativeTree_impl_4441__18___CTOR_PRIVATE_REF14___ctor_private (in /home/guido/rustdom-selection-result-OEvCXh/dist/rustdom.node)
==6492==    by 0x6B9F47D: call_init.part.0 (dl-init.c:70)
==6492==    by 0x6B9F567: call_init (dl-init.c:33)
==6492==    by 0x6B9F567: _dl_init (dl-init.c:117)
==6492==    by 0x78ADBB4: _dl_catch_exception (dl-error-skeleton.c:182)
==6492==    by 0x6BA6FF5: dl_open_worker (dl-open.c:808)
==6492==    by 0x6BA6FF5: dl_open_worker (dl-open.c:771)
==6492==    by 0x78ADB57: _dl_catch_exception (dl-error-skeleton.c:208)
==6492==    by 0x6BA734D: _dl_open (dl-open.c:883)
==6492==    by 0x77C95FB: dlopen_doit (dlopen.c:56)
==6492== 
==6492== 16 bytes in 1 blocks are possibly lost in loss record 237 of 427
==6492==    at 0x73E1899: malloc (in /mnt/c/Users/guido/ghq/projects/rustdom/.tools/valgrind/usr/libexec/valgrind/vgpreload_memcheck-amd64-linux.so)
==6492==    by 0x232471D2: _RNvXs0_NvMs_NtNtCs6i54tJFfzR_5alloc3ffi5c_strNtBa_7CString3newReNtB5_11SpecNewImpl13spec_new_impl (in /home/guido/rustdom-selection-result-OEvCXh/dist/rustdom.node)
==6492==    by 0x231F117F: _RNvMs2_NtNtCs4QMHp0v7l6B_4napi9js_values15object_propertyNtB5_8Property14with_utf8_name (in /home/guido/rustdom-selection-result-OEvCXh/dist/rustdom.node)
==6492==    by 0x231B55C2: _RNvNvNvNvNtNtNtCs3Ir8cfnU9oH_7rustdom3xml7binding37___napi_impl_helper_NativeXmlParser_2241___napi_register__NativeXmlParser_impl_4951__18___CTOR_PRIVATE_REF14___ctor_private (in /home/guido/rustdom-selection-result-OEvCXh/dist/rustdom.node)
==6492==    by 0x6B9F47D: call_init.part.0 (dl-init.c:70)
==6492==    by 0x6B9F567: call_init (dl-init.c:33)
==6492==    by 0x6B9F567: _dl_init (dl-init.c:117)
==6492==    by 0x78ADBB4: _dl_catch_exception (dl-error-skeleton.c:182)
==6492==    by 0x6BA6FF5: dl_open_worker (dl-open.c:808)
==6492==    by 0x6BA6FF5: dl_open_worker (dl-open.c:771)
==6492==    by 0x78ADB57: _dl_catch_exception (dl-error-skeleton.c:208)
==6492==    by 0x6BA734D: _dl_open (dl-open.c:883)
==6492==    by 0x77C95FB: dlopen_doit (dlopen.c:56)
==6492==    by 0x78ADB57: _dl_catch_exception (dl-error-skeleton.c:208)
==6492== 
==6492== 17 bytes in 1 blocks are still reachable in loss record 238 of 427
==6492==    at 0x73E1899: malloc (in /mnt/c/Users/guido/ghq/projects/rustdom/.tools/valgrind/usr/libexec/valgrind/vgpreload_memcheck-amd64-linux.so)
==6492==    by 0x26DEC47: init_entry(char const*, char const*, UErrorCode*) (in /mnt/c/Users/guido/AppData/Local/Temp/rustdom-pr54-abort-retention-e991d78927094e13876cb3cd1a13dacf/.tools/node-v24.20.0-linux-x64/bin/node)
==6492==    by 0x26DF719: ures_openDirect_78 (in /mnt/c/Users/guido/AppData/Local/Temp/rustdom-pr54-abort-retention-e991d78927094e13876cb3cd1a13dacf/.tools/node-v24.20.0-linux-x64/bin/node)
==6492==    by 0x20E34F1: ulocdata_getCLDRVersion_78 (in /mnt/c/Users/guido/AppData/Local/Temp/rustdom-pr54-abort-retention-e991d78927094e13876cb3cd1a13dacf/.tools/node-v24.20.0-linux-x64/bin/node)
==6492==    by 0x99B4E1: node::Metadata::Versions::InitializeIntlVersions() (in /mnt/c/Users/guido/AppData/Local/Temp/rustdom-pr54-abort-retention-e991d78927094e13876cb3cd1a13dacf/.tools/node-v24.20.0-linux-x64/bin/node)
==6492==    by 0x8C3FB9: node::InitializeNodeWithArgsInternal(std::vector<std::__cxx11::basic_string<char, std::char_traits<char>, std::allocator<char> >, std::allocator<std::__cxx11::basic_string<char, std::char_traits<char>, std::allocator<char> > > >*, std::vector<std::__cxx11::basic_string<char, std::char_traits<char>, std::allocator<char> >, std::allocator<std::__cxx11::basic_string<char, std::char_traits<char>, std::allocator<char> > > >*, std::vector<std::__cxx11::basic_string<char, std::char_traits<char>, std::allocator<char> >, std::allocator<std::__cxx11::basic_string<char, std::char_traits<char>, std::allocator<char> > > >*, node::ProcessInitializationFlags::Flags) (in /mnt/c/Users/guido/AppData/Local/Temp/rustdom-pr54-abort-retention-e991d78927094e13876cb3cd1a13dacf/.tools/node-v24.20.0-linux-x64/bin/node)
==6492==    by 0x8C61BE: node::InitializeOncePerProcessInternal(std::vector<std::__cxx11::basic_string<char, std::char_traits<char>, std::allocator<char> >, std::allocator<std::__cxx11::basic_string<char, std::char_traits<char>, std::allocator<char> > > > const&, node::ProcessInitializationFlags::Flags) (in /mnt/c/Users/guido/AppData/Local/Temp/rustdom-pr54-abort-retention-e991d78927094e13876cb3cd1a13dacf/.tools/node-v24.20.0-linux-x64/bin/node)
==6492==    by 0x8C6F7B: node::Start(int, char**) (in /mnt/c/Users/guido/AppData/Local/Temp/rustdom-pr54-abort-retention-e991d78927094e13876cb3cd1a13dacf/.tools/node-v24.20.0-linux-x64/bin/node)
==6492==    by 0x7762D8F: (below main) (libc_start_call_main.h:58)
==6492== 
==6492== 17 bytes in 1 blocks are possibly lost in loss record 239 of 427
==6492==    at 0x73E1899: malloc (in /mnt/c/Users/guido/ghq/projects/rustdom/.tools/valgrind/usr/libexec/valgrind/vgpreload_memcheck-amd64-linux.so)
==6492==    by 0x232471D2: _RNvXs0_NvMs_NtNtCs6i54tJFfzR_5alloc3ffi5c_strNtBa_7CString3newReNtB5_11SpecNewImpl13spec_new_impl (in /home/guido/rustdom-selection-result-OEvCXh/dist/rustdom.node)
==6492==    by 0x231F117F: _RNvMs2_NtNtCs4QMHp0v7l6B_4napi9js_values15object_propertyNtB5_8Property14with_utf8_name (in /home/guido/rustdom-selection-result-OEvCXh/dist/rustdom.node)
==6492==    by 0x231A4512: _RNvNvNvNvNtNtNtCs3Ir8cfnU9oH_7rustdom3dom19event_state_binding37___napi_impl_helper_NativeEventState_442___napi_register__NativeEventState_impl_1041__18___CTOR_PRIVATE_REF14___ctor_private (in /home/guido/rustdom-selection-result-OEvCXh/dist/rustdom.node)
==6492==    by 0x6B9F47D: call_init.part.0 (dl-init.c:70)
==6492==    by 0x6B9F567: call_init (dl-init.c:33)
==6492==    by 0x6B9F567: _dl_init (dl-init.c:117)
==6492==    by 0x78ADBB4: _dl_catch_exception (dl-error-skeleton.c:182)
==6492==    by 0x6BA6FF5: dl_open_worker (dl-open.c:808)
==6492==    by 0x6BA6FF5: dl_open_worker (dl-open.c:771)
==6492==    by 0x78ADB57: _dl_catch_exception (dl-error-skeleton.c:208)
==6492==    by 0x6BA734D: _dl_open (dl-open.c:883)
==6492==    by 0x77C95FB: dlopen_doit (dlopen.c:56)
==6492==    by 0x78ADB57: _dl_catch_exception (dl-error-skeleton.c:208)
==6492== 
==6492== 17 bytes in 1 blocks are possibly lost in loss record 240 of 427
==6492==    at 0x73E1899: malloc (in /mnt/c/Users/guido/ghq/projects/rustdom/.tools/valgrind/usr/libexec/valgrind/vgpreload_memcheck-amd64-linux.so)
==6492==    by 0x232471D2: _RNvXs0_NvMs_NtNtCs6i54tJFfzR_5alloc3ffi5c_strNtBa_7CString3newReNtB5_11SpecNewImpl13spec_new_impl (in /home/guido/rustdom-selection-result-OEvCXh/dist/rustdom.node)
==6492==    by 0x231F117F: _RNvMs2_NtNtCs4QMHp0v7l6B_4napi9js_values15object_propertyNtB5_8Property14with_utf8_name (in /home/guido/rustdom-selection-result-OEvCXh/dist/rustdom.node)
==6492==    by 0x231A9624: _RNvNvNvNvNtNtNtCs3Ir8cfnU9oH_7rustdom3dom19range_state_binding33___napi_impl_helper_NativeRange_1137___napi_register__NativeRange_impl_2221__18___CTOR_PRIVATE_REF14___ctor_private (in /home/guido/rustdom-selection-result-OEvCXh/dist/rustdom.node)
==6492==    by 0x6B9F47D: call_init.part.0 (dl-init.c:70)
==6492==    by 0x6B9F567: call_init (dl-init.c:33)
==6492==    by 0x6B9F567: _dl_init (dl-init.c:117)
==6492==    by 0x78ADBB4: _dl_catch_exception (dl-error-skeleton.c:182)
==6492==    by 0x6BA6FF5: dl_open_worker (dl-open.c:808)
==6492==    by 0x6BA6FF5: dl_open_worker (dl-open.c:771)
==6492==    by 0x78ADB57: _dl_catch_exception (dl-error-skeleton.c:208)
==6492==    by 0x6BA734D: _dl_open (dl-open.c:883)
==6492==    by 0x77C95FB: dlopen_doit (dlopen.c:56)
==6492==    by 0x78ADB57: _dl_catch_exception (dl-error-skeleton.c:208)
==6492== 
==6492== 17 bytes in 1 blocks are possibly lost in loss record 241 of 427
==6492==    at 0x73E1899: malloc (in /mnt/c/Users/guido/ghq/projects/rustdom/.tools/valgrind/usr/libexec/valgrind/vgpreload_memcheck-amd64-linux.so)
==6492==    by 0x232471D2: _RNvXs0_NvMs_NtNtCs6i54tJFfzR_5alloc3ffi5c_strNtBa_7CString3newReNtB5_11SpecNewImpl13spec_new_impl (in /home/guido/rustdom-selection-result-OEvCXh/dist/rustdom.node)
==6492==    by 0x231F117F: _RNvMs2_NtNtCs4QMHp0v7l6B_4napi9js_values15object_propertyNtB5_8Property14with_utf8_name (in /home/guido/rustdom-selection-result-OEvCXh/dist/rustdom.node)
==6492==    by 0x2318A8EF: _RNvNvNtNtNtCs3Ir8cfnU9oH_7rustdom3dom4tree32___napi_impl_helper_NativeTree_1736___napi_register__NativeTree_impl_44420___ctor_private_inner (in /home/guido/rustdom-selection-result-OEvCXh/dist/rustdom.node)
==6492==    by 0x231B5185: _RNvNvNvNvNtNtNtCs3Ir8cfnU9oH_7rustdom3dom4tree32___napi_impl_helper_NativeTree_1736___napi_register__NativeTree_impl_4441__18___CTOR_PRIVATE_REF14___ctor_private (in /home/guido/rustdom-selection-result-OEvCXh/dist/rustdom.node)
==6492==    by 0x6B9F47D: call_init.part.0 (dl-init.c:70)
==6492==    by 0x6B9F567: call_init (dl-init.c:33)
==6492==    by 0x6B9F567: _dl_init (dl-init.c:117)
==6492==    by 0x78ADBB4: _dl_catch_exception (dl-error-skeleton.c:182)
==6492==    by 0x6BA6FF5: dl_open_worker (dl-open.c:808)
==6492==    by 0x6BA6FF5: dl_open_worker (dl-open.c:771)
==6492==    by 0x78ADB57: _dl_catch_exception (dl-error-skeleton.c:208)
==6492==    by 0x6BA734D: _dl_open (dl-open.c:883)
==6492==    by 0x77C95FB: dlopen_doit (dlopen.c:56)
==6492== 
==6492== 17 bytes in 1 blocks are possibly lost in loss record 242 of 427
==6492==    at 0x73E1899: malloc (in /mnt/c/Users/guido/ghq/projects/rustdom/.tools/valgrind/usr/libexec/valgrind/vgpreload_memcheck-amd64-linux.so)
==6492==    by 0x232471D2: _RNvXs0_NvMs_NtNtCs6i54tJFfzR_5alloc3ffi5c_strNtBa_7CString3newReNtB5_11SpecNewImpl13spec_new_impl (in /home/guido/rustdom-selection-result-OEvCXh/dist/rustdom.node)
==6492==    by 0x231F117F: _RNvMs2_NtNtCs4QMHp0v7l6B_4napi9js_values15object_propertyNtB5_8Property14with_utf8_name (in /home/guido/rustdom-selection-result-OEvCXh/dist/rustdom.node)
==6492==    by 0x2318C285: _RNvNvNtNtNtCs3Ir8cfnU9oH_7rustdom3dom4tree32___napi_impl_helper_NativeTree_1736___napi_register__NativeTree_impl_44420___ctor_private_inner (in /home/guido/rustdom-selection-result-OEvCXh/dist/rustdom.node)
==6492==    by 0x231B5185: _RNvNvNvNvNtNtNtCs3Ir8cfnU9oH_7rustdom3dom4tree32___napi_impl_helper_NativeTree_1736___napi_register__NativeTree_impl_4441__18___CTOR_PRIVATE_REF14___ctor_private (in /home/guido/rustdom-selection-result-OEvCXh/dist/rustdom.node)
==6492==    by 0x6B9F47D: call_init.part.0 (dl-init.c:70)
==6492==    by 0x6B9F567: call_init (dl-init.c:33)
==6492==    by 0x6B9F567: _dl_init (dl-init.c:117)
==6492==    by 0x78ADBB4: _dl_catch_exception (dl-error-skeleton.c:182)
==6492==    by 0x6BA6FF5: dl_open_worker (dl-open.c:808)
==6492==    by 0x6BA6FF5: dl_open_worker (dl-open.c:771)
==6492==    by 0x78ADB57: _dl_catch_exception (dl-error-skeleton.c:208)
==6492==    by 0x6BA734D: _dl_open (dl-open.c:883)
==6492==    by 0x77C95FB: dlopen_doit (dlopen.c:56)
==6492== 
==6492== 17 bytes in 1 blocks are possibly lost in loss record 243 of 427
==6492==    at 0x73E1899: malloc (in /mnt/c/Users/guido/ghq/projects/rustdom/.tools/valgrind/usr/libexec/valgrind/vgpreload_memcheck-amd64-linux.so)
==6492==    by 0x232471D2: _RNvXs0_NvMs_NtNtCs6i54tJFfzR_5alloc3ffi5c_strNtBa_7CString3newReNtB5_11SpecNewImpl13spec_new_impl (in /home/guido/rustdom-selection-result-OEvCXh/dist/rustdom.node)
==6492==    by 0x231F117F: _RNvMs2_NtNtCs4QMHp0v7l6B_4napi9js_values15object_propertyNtB5_8Property14with_utf8_name (in /home/guido/rustdom-selection-result-OEvCXh/dist/rustdom.node)
==6492==    by 0x2318D3EB: _RNvNvNtNtNtCs3Ir8cfnU9oH_7rustdom3dom4tree32___napi_impl_helper_NativeTree_1736___napi_register__NativeTree_impl_44420___ctor_private_inner (in /home/guido/rustdom-selection-result-OEvCXh/dist/rustdom.node)
==6492==    by 0x231B5185: _RNvNvNvNvNtNtNtCs3Ir8cfnU9oH_7rustdom3dom4tree32___napi_impl_helper_NativeTree_1736___napi_register__NativeTree_impl_4441__18___CTOR_PRIVATE_REF14___ctor_private (in /home/guido/rustdom-selection-result-OEvCXh/dist/rustdom.node)
==6492==    by 0x6B9F47D: call_init.part.0 (dl-init.c:70)
==6492==    by 0x6B9F567: call_init (dl-init.c:33)
==6492==    by 0x6B9F567: _dl_init (dl-init.c:117)
==6492==    by 0x78ADBB4: _dl_catch_exception (dl-error-skeleton.c:182)
==6492==    by 0x6BA6FF5: dl_open_worker (dl-open.c:808)
==6492==    by 0x6BA6FF5: dl_open_worker (dl-open.c:771)
==6492==    by 0x78ADB57: _dl_catch_exception (dl-error-skeleton.c:208)
==6492==    by 0x6BA734D: _dl_open (dl-open.c:883)
==6492==    by 0x77C95FB: dlopen_doit (dlopen.c:56)
==6492== 
==6492== 17 bytes in 1 blocks are possibly lost in loss record 244 of 427
==6492==    at 0x73E1899: malloc (in /mnt/c/Users/guido/ghq/projects/rustdom/.tools/valgrind/usr/libexec/valgrind/vgpreload_memcheck-amd64-linux.so)
==6492==    by 0x232471D2: _RNvXs0_NvMs_NtNtCs6i54tJFfzR_5alloc3ffi5c_strNtBa_7CString3newReNtB5_11SpecNewImpl13spec_new_impl (in /home/guido/rustdom-selection-result-OEvCXh/dist/rustdom.node)
==6492==    by 0x231F117F: _RNvMs2_NtNtCs4QMHp0v7l6B_4napi9js_values15object_propertyNtB5_8Property14with_utf8_name (in /home/guido/rustdom-selection-result-OEvCXh/dist/rustdom.node)
==6492==    by 0x2318E345: _RNvNvNtNtNtCs3Ir8cfnU9oH_7rustdom3dom4tree32___napi_impl_helper_NativeTree_1736___napi_register__NativeTree_impl_44420___ctor_private_inner (in /home/guido/rustdom-selection-result-OEvCXh/dist/rustdom.node)
==6492==    by 0x231B5185: _RNvNvNvNvNtNtNtCs3Ir8cfnU9oH_7rustdom3dom4tree32___napi_impl_helper_NativeTree_1736___napi_register__NativeTree_impl_4441__18___CTOR_PRIVATE_REF14___ctor_private (in /home/guido/rustdom-selection-result-OEvCXh/dist/rustdom.node)
==6492==    by 0x6B9F47D: call_init.part.0 (dl-init.c:70)
==6492==    by 0x6B9F567: call_init (dl-init.c:33)
==6492==    by 0x6B9F567: _dl_init (dl-init.c:117)
==6492==    by 0x78ADBB4: _dl_catch_exception (dl-error-skeleton.c:182)
==6492==    by 0x6BA6FF5: dl_open_worker (dl-open.c:808)
==6492==    by 0x6BA6FF5: dl_open_worker (dl-open.c:771)
==6492==    by 0x78ADB57: _dl_catch_exception (dl-error-skeleton.c:208)
==6492==    by 0x6BA734D: _dl_open (dl-open.c:883)
==6492==    by 0x77C95FB: dlopen_doit (dlopen.c:56)
==6492== 
==6492== 17 bytes in 1 blocks are possibly lost in loss record 245 of 427
==6492==    at 0x73E1899: malloc (in /mnt/c/Users/guido/ghq/projects/rustdom/.tools/valgrind/usr/libexec/valgrind/vgpreload_memcheck-amd64-linux.so)
==6492==    by 0x232471D2: _RNvXs0_NvMs_NtNtCs6i54tJFfzR_5alloc3ffi5c_strNtBa_7CString3newReNtB5_11SpecNewImpl13spec_new_impl (in /home/guido/rustdom-selection-result-OEvCXh/dist/rustdom.node)
==6492==    by 0x231F117F: _RNvMs2_NtNtCs4QMHp0v7l6B_4napi9js_values15object_propertyNtB5_8Property14with_utf8_name (in /home/guido/rustdom-selection-result-OEvCXh/dist/rustdom.node)
==6492==    by 0x2318ED81: _RNvNvNtNtNtCs3Ir8cfnU9oH_7rustdom3dom4tree32___napi_impl_helper_NativeTree_1736___napi_register__NativeTree_impl_44420___ctor_private_inner (in /home/guido/rustdom-selection-result-OEvCXh/dist/rustdom.node)
==6492==    by 0x231B5185: _RNvNvNvNvNtNtNtCs3Ir8cfnU9oH_7rustdom3dom4tree32___napi_impl_helper_NativeTree_1736___napi_register__NativeTree_impl_4441__18___CTOR_PRIVATE_REF14___ctor_private (in /home/guido/rustdom-selection-result-OEvCXh/dist/rustdom.node)
==6492==    by 0x6B9F47D: call_init.part.0 (dl-init.c:70)
==6492==    by 0x6B9F567: call_init (dl-init.c:33)
==6492==    by 0x6B9F567: _dl_init (dl-init.c:117)
==6492==    by 0x78ADBB4: _dl_catch_exception (dl-error-skeleton.c:182)
==6492==    by 0x6BA6FF5: dl_open_worker (dl-open.c:808)
==6492==    by 0x6BA6FF5: dl_open_worker (dl-open.c:771)
==6492==    by 0x78ADB57: _dl_catch_exception (dl-error-skeleton.c:208)
==6492==    by 0x6BA734D: _dl_open (dl-open.c:883)
==6492==    by 0x77C95FB: dlopen_doit (dlopen.c:56)
==6492== 
==6492== 18 bytes in 1 blocks are still reachable in loss record 246 of 427
==6492==    at 0x73E1899: malloc (in /mnt/c/Users/guido/ghq/projects/rustdom/.tools/valgrind/usr/libexec/valgrind/vgpreload_memcheck-amd64-linux.so)
==6492==    by 0x268AAA8: uprv_getDefaultLocaleID_78 (in /mnt/c/Users/guido/AppData/Local/Temp/rustdom-pr54-abort-retention-e991d78927094e13876cb3cd1a13dacf/.tools/node-v24.20.0-linux-x64/bin/node)
==6492==    by 0x26A05A4: icu_78::locale_set_default_internal(char const*, UErrorCode&) (in /mnt/c/Users/guido/AppData/Local/Temp/rustdom-pr54-abort-retention-e991d78927094e13876cb3cd1a13dacf/.tools/node-v24.20.0-linux-x64/bin/node)
==6492==    by 0x26A08DE: icu_78::Locale::Locale() (in /mnt/c/Users/guido/AppData/Local/Temp/rustdom-pr54-abort-retention-e991d78927094e13876cb3cd1a13dacf/.tools/node-v24.20.0-linux-x64/bin/node)
==6492==    by 0xE43862: v8::internal::Isolate::DefaultLocale[abi:cxx11]() (in /mnt/c/Users/guido/AppData/Local/Temp/rustdom-pr54-abort-retention-e991d78927094e13876cb3cd1a13dacf/.tools/node-v24.20.0-linux-x64/bin/node)
==6492==    by 0xE43D73: v8::internal::LocalIsolate::LocalIsolate(v8::internal::Isolate*, v8::internal::ThreadKind) (in /mnt/c/Users/guido/AppData/Local/Temp/rustdom-pr54-abort-retention-e991d78927094e13876cb3cd1a13dacf/.tools/node-v24.20.0-linux-x64/bin/node)
==6492==    by 0xE41537: v8::internal::Isolate::Init(v8::internal::SnapshotData*, v8::internal::SnapshotData*, v8::internal::SnapshotData*, bool) (in /mnt/c/Users/guido/AppData/Local/Temp/rustdom-pr54-abort-retention-e991d78927094e13876cb3cd1a13dacf/.tools/node-v24.20.0-linux-x64/bin/node)
==6492==    by 0x141DAD2: v8::internal::Snapshot::Initialize(v8::internal::Isolate*) (in /mnt/c/Users/guido/AppData/Local/Temp/rustdom-pr54-abort-retention-e991d78927094e13876cb3cd1a13dacf/.tools/node-v24.20.0-linux-x64/bin/node)
==6492==    by 0xC8ABD5: v8::Isolate::Initialize(v8::Isolate*, v8::Isolate::CreateParams const&) (in /mnt/c/Users/guido/AppData/Local/Temp/rustdom-pr54-abort-retention-e991d78927094e13876cb3cd1a13dacf/.tools/node-v24.20.0-linux-x64/bin/node)
==6492==    by 0x807B3F: node::NewIsolate(v8::Isolate::CreateParams*, uv_loop_s*, node::MultiIsolatePlatform*, node::SnapshotData const*, node::IsolateSettings const&) (in /mnt/c/Users/guido/AppData/Local/Temp/rustdom-pr54-abort-retention-e991d78927094e13876cb3cd1a13dacf/.tools/node-v24.20.0-linux-x64/bin/node)
==6492==    by 0x989AB8: node::NodeMainInstance::NodeMainInstance(node::SnapshotData const*, uv_loop_s*, node::MultiIsolatePlatform*, std::vector<std::__cxx11::basic_string<char, std::char_traits<char>, std::allocator<char> >, std::allocator<std::__cxx11::basic_string<char, std::char_traits<char>, std::allocator<char> > > > const&, std::vector<std::__cxx11::basic_string<char, std::char_traits<char>, std::allocator<char> >, std::allocator<std::__cxx11::basic_string<char, std::char_traits<char>, std::allocator<char> > > > const&) (in /mnt/c/Users/guido/AppData/Local/Temp/rustdom-pr54-abort-retention-e991d78927094e13876cb3cd1a13dacf/.tools/node-v24.20.0-linux-x64/bin/node)
==6492==    by 0x8C7198: node::Start(int, char**) (in /mnt/c/Users/guido/AppData/Local/Temp/rustdom-pr54-abort-retention-e991d78927094e13876cb3cd1a13dacf/.tools/node-v24.20.0-linux-x64/bin/node)
==6492== 
==6492== 18 bytes in 1 blocks are possibly lost in loss record 247 of 427
==6492==    at 0x73E1899: malloc (in /mnt/c/Users/guido/ghq/projects/rustdom/.tools/valgrind/usr/libexec/valgrind/vgpreload_memcheck-amd64-linux.so)
==6492==    by 0x232471D2: _RNvXs0_NvMs_NtNtCs6i54tJFfzR_5alloc3ffi5c_strNtBa_7CString3newReNtB5_11SpecNewImpl13spec_new_impl (in /home/guido/rustdom-selection-result-OEvCXh/dist/rustdom.node)
==6492==    by 0x231F117F: _RNvMs2_NtNtCs4QMHp0v7l6B_4napi9js_values15object_propertyNtB5_8Property14with_utf8_name (in /home/guido/rustdom-selection-result-OEvCXh/dist/rustdom.node)
==6492==    by 0x231A3B0B: _RNvNvNvNvNtNtNtCs3Ir8cfnU9oH_7rustdom3dom19event_state_binding37___napi_impl_helper_NativeEventState_442___napi_register__NativeEventState_impl_1041__18___CTOR_PRIVATE_REF14___ctor_private (in /home/guido/rustdom-selection-result-OEvCXh/dist/rustdom.node)
==6492==    by 0x6B9F47D: call_init.part.0 (dl-init.c:70)
==6492==    by 0x6B9F567: call_init (dl-init.c:33)
==6492==    by 0x6B9F567: _dl_init (dl-init.c:117)
==6492==    by 0x78ADBB4: _dl_catch_exception (dl-error-skeleton.c:182)
==6492==    by 0x6BA6FF5: dl_open_worker (dl-open.c:808)
==6492==    by 0x6BA6FF5: dl_open_worker (dl-open.c:771)
==6492==    by 0x78ADB57: _dl_catch_exception (dl-error-skeleton.c:208)
==6492==    by 0x6BA734D: _dl_open (dl-open.c:883)
==6492==    by 0x77C95FB: dlopen_doit (dlopen.c:56)
==6492==    by 0x78ADB57: _dl_catch_exception (dl-error-skeleton.c:208)
==6492== 
==6492== 18 bytes in 1 blocks are possibly lost in loss record 248 of 427
==6492==    at 0x73E1899: malloc (in /mnt/c/Users/guido/ghq/projects/rustdom/.tools/valgrind/usr/libexec/valgrind/vgpreload_memcheck-amd64-linux.so)
==6492==    by 0x232471D2: _RNvXs0_NvMs_NtNtCs6i54tJFfzR_5alloc3ffi5c_strNtBa_7CString3newReNtB5_11SpecNewImpl13spec_new_impl (in /home/guido/rustdom-selection-result-OEvCXh/dist/rustdom.node)
==6492==    by 0x231F117F: _RNvMs2_NtNtCs4QMHp0v7l6B_4napi9js_values15object_propertyNtB5_8Property14with_utf8_name (in /home/guido/rustdom-selection-result-OEvCXh/dist/rustdom.node)
==6492==    by 0x231A89DB: _RNvNvNvNvNtNtNtCs3Ir8cfnU9oH_7rustdom3dom19range_state_binding33___napi_impl_helper_NativeRange_1137___napi_register__NativeRange_impl_2221__18___CTOR_PRIVATE_REF14___ctor_private (in /home/guido/rustdom-selection-result-OEvCXh/dist/rustdom.node)
==6492==    by 0x6B9F47D: call_init.part.0 (dl-init.c:70)
==6492==    by 0x6B9F567: call_init (dl-init.c:33)
==6492==    by 0x6B9F567: _dl_init (dl-init.c:117)
==6492==    by 0x78ADBB4: _dl_catch_exception (dl-error-skeleton.c:182)
==6492==    by 0x6BA6FF5: dl_open_worker (dl-open.c:808)
==6492==    by 0x6BA6FF5: dl_open_worker (dl-open.c:771)
==6492==    by 0x78ADB57: _dl_catch_exception (dl-error-skeleton.c:208)
==6492==    by 0x6BA734D: _dl_open (dl-open.c:883)
==6492==    by 0x77C95FB: dlopen_doit (dlopen.c:56)
==6492==    by 0x78ADB57: _dl_catch_exception (dl-error-skeleton.c:208)
==6492== 
==6492== 18 bytes in 1 blocks are possibly lost in loss record 249 of 427
==6492==    at 0x73E1899: malloc (in /mnt/c/Users/guido/ghq/projects/rustdom/.tools/valgrind/usr/libexec/valgrind/vgpreload_memcheck-amd64-linux.so)
==6492==    by 0x232471D2: _RNvXs0_NvMs_NtNtCs6i54tJFfzR_5alloc3ffi5c_strNtBa_7CString3newReNtB5_11SpecNewImpl13spec_new_impl (in /home/guido/rustdom-selection-result-OEvCXh/dist/rustdom.node)
==6492==    by 0x231F117F: _RNvMs2_NtNtCs4QMHp0v7l6B_4napi9js_values15object_propertyNtB5_8Property14with_utf8_name (in /home/guido/rustdom-selection-result-OEvCXh/dist/rustdom.node)
==6492==    by 0x231A8AD1: _RNvNvNvNvNtNtNtCs3Ir8cfnU9oH_7rustdom3dom19range_state_binding33___napi_impl_helper_NativeRange_1137___napi_register__NativeRange_impl_2221__18___CTOR_PRIVATE_REF14___ctor_private (in /home/guido/rustdom-selection-result-OEvCXh/dist/rustdom.node)
==6492==    by 0x6B9F47D: call_init.part.0 (dl-init.c:70)
==6492==    by 0x6B9F567: call_init (dl-init.c:33)
==6492==    by 0x6B9F567: _dl_init (dl-init.c:117)
==6492==    by 0x78ADBB4: _dl_catch_exception (dl-error-skeleton.c:182)
==6492==    by 0x6BA6FF5: dl_open_worker (dl-open.c:808)
==6492==    by 0x6BA6FF5: dl_open_worker (dl-open.c:771)
==6492==    by 0x78ADB57: _dl_catch_exception (dl-error-skeleton.c:208)
==6492==    by 0x6BA734D: _dl_open (dl-open.c:883)
==6492==    by 0x77C95FB: dlopen_doit (dlopen.c:56)
==6492==    by 0x78ADB57: _dl_catch_exception (dl-error-skeleton.c:208)
==6492== 
==6492== 18 bytes in 1 blocks are possibly lost in loss record 250 of 427
==6492==    at 0x73E1899: malloc (in /mnt/c/Users/guido/ghq/projects/rustdom/.tools/valgrind/usr/libexec/valgrind/vgpreload_memcheck-amd64-linux.so)
==6492==    by 0x232471D2: _RNvXs0_NvMs_NtNtCs6i54tJFfzR_5alloc3ffi5c_strNtBa_7CString3newReNtB5_11SpecNewImpl13spec_new_impl (in /home/guido/rustdom-selection-result-OEvCXh/dist/rustdom.node)
==6492==    by 0x231F117F: _RNvMs2_NtNtCs4QMHp0v7l6B_4napi9js_values15object_propertyNtB5_8Property14with_utf8_name (in /home/guido/rustdom-selection-result-OEvCXh/dist/rustdom.node)
==6492==    by 0x231A9418: _RNvNvNvNvNtNtNtCs3Ir8cfnU9oH_7rustdom3dom19range_state_binding33___napi_impl_helper_NativeRange_1137___napi_register__NativeRange_impl_2221__18___CTOR_PRIVATE_REF14___ctor_private (in /home/guido/rustdom-selection-result-OEvCXh/dist/rustdom.node)
==6492==    by 0x6B9F47D: call_init.part.0 (dl-init.c:70)
==6492==    by 0x6B9F567: call_init (dl-init.c:33)
==6492==    by 0x6B9F567: _dl_init (dl-init.c:117)
==6492==    by 0x78ADBB4: _dl_catch_exception (dl-error-skeleton.c:182)
==6492==    by 0x6BA6FF5: dl_open_worker (dl-open.c:808)
==6492==    by 0x6BA6FF5: dl_open_worker (dl-open.c:771)
==6492==    by 0x78ADB57: _dl_catch_exception (dl-error-skeleton.c:208)
==6492==    by 0x6BA734D: _dl_open (dl-open.c:883)
==6492==    by 0x77C95FB: dlopen_doit (dlopen.c:56)
==6492==    by 0x78ADB57: _dl_catch_exception (dl-error-skeleton.c:208)
==6492== 
==6492== 18 bytes in 1 blocks are possibly lost in loss record 251 of 427
==6492==    at 0x73E1899: malloc (in /mnt/c/Users/guido/ghq/projects/rustdom/.tools/valgrind/usr/libexec/valgrind/vgpreload_memcheck-amd64-linux.so)
==6492==    by 0x232471D2: _RNvXs0_NvMs_NtNtCs6i54tJFfzR_5alloc3ffi5c_strNtBa_7CString3newReNtB5_11SpecNewImpl13spec_new_impl (in /home/guido/rustdom-selection-result-OEvCXh/dist/rustdom.node)
==6492==    by 0x231F117F: _RNvMs2_NtNtCs4QMHp0v7l6B_4napi9js_values15object_propertyNtB5_8Property14with_utf8_name (in /home/guido/rustdom-selection-result-OEvCXh/dist/rustdom.node)
==6492==    by 0x231AED82: _RNvNvNvNvNtNtNtCs3Ir8cfnU9oH_7rustdom3dom23event_listeners_binding43___napi_impl_helper_NativeListenerRegistry_347___napi_register__NativeListenerRegistry_impl_691__18___CTOR_PRIVATE_REF14___ctor_private (in /home/guido/rustdom-selection-result-OEvCXh/dist/rustdom.node)
==6492==    by 0x6B9F47D: call_init.part.0 (dl-init.c:70)
==6492==    by 0x6B9F567: call_init (dl-init.c:33)
==6492==    by 0x6B9F567: _dl_init (dl-init.c:117)
==6492==    by 0x78ADBB4: _dl_catch_exception (dl-error-skeleton.c:182)
==6492==    by 0x6BA6FF5: dl_open_worker (dl-open.c:808)
==6492==    by 0x6BA6FF5: dl_open_worker (dl-open.c:771)
==6492==    by 0x78ADB57: _dl_catch_exception (dl-error-skeleton.c:208)
==6492==    by 0x6BA734D: _dl_open (dl-open.c:883)
==6492==    by 0x77C95FB: dlopen_doit (dlopen.c:56)
==6492==    by 0x78ADB57: _dl_catch_exception (dl-error-skeleton.c:208)
==6492== 
==6492== 18 bytes in 1 blocks are possibly lost in loss record 252 of 427
==6492==    at 0x73E1899: malloc (in /mnt/c/Users/guido/ghq/projects/rustdom/.tools/valgrind/usr/libexec/valgrind/vgpreload_memcheck-amd64-linux.so)
==6492==    by 0x232471D2: _RNvXs0_NvMs_NtNtCs6i54tJFfzR_5alloc3ffi5c_strNtBa_7CString3newReNtB5_11SpecNewImpl13spec_new_impl (in /home/guido/rustdom-selection-result-OEvCXh/dist/rustdom.node)
==6492==    by 0x231F117F: _RNvMs2_NtNtCs4QMHp0v7l6B_4napi9js_values15object_propertyNtB5_8Property14with_utf8_name (in /home/guido/rustdom-selection-result-OEvCXh/dist/rustdom.node)
==6492==    by 0x231AF094: _RNvNvNvNvNtNtNtCs3Ir8cfnU9oH_7rustdom3dom23event_listeners_binding43___napi_impl_helper_NativeListenerRegistry_347___napi_register__NativeListenerRegistry_impl_691__18___CTOR_PRIVATE_REF14___ctor_private (in /home/guido/rustdom-selection-result-OEvCXh/dist/rustdom.node)
==6492==    by 0x6B9F47D: call_init.part.0 (dl-init.c:70)
==6492==    by 0x6B9F567: call_init (dl-init.c:33)
==6492==    by 0x6B9F567: _dl_init (dl-init.c:117)
==6492==    by 0x78ADBB4: _dl_catch_exception (dl-error-skeleton.c:182)
==6492==    by 0x6BA6FF5: dl_open_worker (dl-open.c:808)
==6492==    by 0x6BA6FF5: dl_open_worker (dl-open.c:771)
==6492==    by 0x78ADB57: _dl_catch_exception (dl-error-skeleton.c:208)
==6492==    by 0x6BA734D: _dl_open (dl-open.c:883)
==6492==    by 0x77C95FB: dlopen_doit (dlopen.c:56)
==6492==    by 0x78ADB57: _dl_catch_exception (dl-error-skeleton.c:208)
==6492== 
==6492== 18 bytes in 1 blocks are possibly lost in loss record 253 of 427
==6492==    at 0x73E1899: malloc (in /mnt/c/Users/guido/ghq/projects/rustdom/.tools/valgrind/usr/libexec/valgrind/vgpreload_memcheck-amd64-linux.so)
==6492==    by 0x232471D2: _RNvXs0_NvMs_NtNtCs6i54tJFfzR_5alloc3ffi5c_strNtBa_7CString3newReNtB5_11SpecNewImpl13spec_new_impl (in /home/guido/rustdom-selection-result-OEvCXh/dist/rustdom.node)
==6492==    by 0x231F117F: _RNvMs2_NtNtCs4QMHp0v7l6B_4napi9js_values15object_propertyNtB5_8Property14with_utf8_name (in /home/guido/rustdom-selection-result-OEvCXh/dist/rustdom.node)
==6492==    by 0x231AF245: _RNvNvNvNvNtNtNtCs3Ir8cfnU9oH_7rustdom3dom23event_listeners_binding43___napi_impl_helper_NativeListenerRegistry_347___napi_register__NativeListenerRegistry_impl_691__18___CTOR_PRIVATE_REF14___ctor_private (in /home/guido/rustdom-selection-result-OEvCXh/dist/rustdom.node)
==6492==    by 0x6B9F47D: call_init.part.0 (dl-init.c:70)
==6492==    by 0x6B9F567: call_init (dl-init.c:33)
==6492==    by 0x6B9F567: _dl_init (dl-init.c:117)
==6492==    by 0x78ADBB4: _dl_catch_exception (dl-error-skeleton.c:182)
==6492==    by 0x6BA6FF5: dl_open_worker (dl-open.c:808)
==6492==    by 0x6BA6FF5: dl_open_worker (dl-open.c:771)
==6492==    by 0x78ADB57: _dl_catch_exception (dl-error-skeleton.c:208)
==6492==    by 0x6BA734D: _dl_open (dl-open.c:883)
==6492==    by 0x77C95FB: dlopen_doit (dlopen.c:56)
==6492==    by 0x78ADB57: _dl_catch_exception (dl-error-skeleton.c:208)
==6492== 
==6492== 18 bytes in 1 blocks are possibly lost in loss record 254 of 427
==6492==    at 0x73E1899: malloc (in /mnt/c/Users/guido/ghq/projects/rustdom/.tools/valgrind/usr/libexec/valgrind/vgpreload_memcheck-amd64-linux.so)
==6492==    by 0x232471D2: _RNvXs0_NvMs_NtNtCs6i54tJFfzR_5alloc3ffi5c_strNtBa_7CString3newReNtB5_11SpecNewImpl13spec_new_impl (in /home/guido/rustdom-selection-result-OEvCXh/dist/rustdom.node)
==6492==    by 0x231F117F: _RNvMs2_NtNtCs4QMHp0v7l6B_4napi9js_values15object_propertyNtB5_8Property14with_utf8_name (in /home/guido/rustdom-selection-result-OEvCXh/dist/rustdom.node)
==6492==    by 0x231B31FD: _RNvNvNvNvNtNtNtCs3Ir8cfnU9oH_7rustdom3dom4tree32___napi_impl_helper_NativeTree_1636___napi_register__NativeTree_impl_3111__18___CTOR_PRIVATE_REF14___ctor_private (in /home/guido/rustdom-selection-result-OEvCXh/dist/rustdom.node)
==6492==    by 0x6B9F47D: call_init.part.0 (dl-init.c:70)
==6492==    by 0x6B9F567: call_init (dl-init.c:33)
==6492==    by 0x6B9F567: _dl_init (dl-init.c:117)
==6492==    by 0x78ADBB4: _dl_catch_exception (dl-error-skeleton.c:182)
==6492==    by 0x6BA6FF5: dl_open_worker (dl-open.c:808)
==6492==    by 0x6BA6FF5: dl_open_worker (dl-open.c:771)
==6492==    by 0x78ADB57: _dl_catch_exception (dl-error-skeleton.c:208)
==6492==    by 0x6BA734D: _dl_open (dl-open.c:883)
==6492==    by 0x77C95FB: dlopen_doit (dlopen.c:56)
==6492==    by 0x78ADB57: _dl_catch_exception (dl-error-skeleton.c:208)
==6492== 
==6492== 18 bytes in 1 blocks are possibly lost in loss record 255 of 427
==6492==    at 0x73E1899: malloc (in /mnt/c/Users/guido/ghq/projects/rustdom/.tools/valgrind/usr/libexec/valgrind/vgpreload_memcheck-amd64-linux.so)
==6492==    by 0x232471D2: _RNvXs0_NvMs_NtNtCs6i54tJFfzR_5alloc3ffi5c_strNtBa_7CString3newReNtB5_11SpecNewImpl13spec_new_impl (in /home/guido/rustdom-selection-result-OEvCXh/dist/rustdom.node)
==6492==    by 0x231F117F: _RNvMs2_NtNtCs4QMHp0v7l6B_4napi9js_values15object_propertyNtB5_8Property14with_utf8_name (in /home/guido/rustdom-selection-result-OEvCXh/dist/rustdom.node)
==6492==    by 0x231B3409: _RNvNvNvNvNtNtNtCs3Ir8cfnU9oH_7rustdom3dom4tree32___napi_impl_helper_NativeTree_1636___napi_register__NativeTree_impl_3111__18___CTOR_PRIVATE_REF14___ctor_private (in /home/guido/rustdom-selection-result-OEvCXh/dist/rustdom.node)
==6492==    by 0x6B9F47D: call_init.part.0 (dl-init.c:70)
==6492==    by 0x6B9F567: call_init (dl-init.c:33)
==6492==    by 0x6B9F567: _dl_init (dl-init.c:117)
==6492==    by 0x78ADBB4: _dl_catch_exception (dl-error-skeleton.c:182)
==6492==    by 0x6BA6FF5: dl_open_worker (dl-open.c:808)
==6492==    by 0x6BA6FF5: dl_open_worker (dl-open.c:771)
==6492==    by 0x78ADB57: _dl_catch_exception (dl-error-skeleton.c:208)
==6492==    by 0x6BA734D: _dl_open (dl-open.c:883)
==6492==    by 0x77C95FB: dlopen_doit (dlopen.c:56)
==6492==    by 0x78ADB57: _dl_catch_exception (dl-error-skeleton.c:208)
==6492== 
==6492== 18 bytes in 1 blocks are possibly lost in loss record 256 of 427
==6492==    at 0x73E1899: malloc (in /mnt/c/Users/guido/ghq/projects/rustdom/.tools/valgrind/usr/libexec/valgrind/vgpreload_memcheck-amd64-linux.so)
==6492==    by 0x232471D2: _RNvXs0_NvMs_NtNtCs6i54tJFfzR_5alloc3ffi5c_strNtBa_7CString3newReNtB5_11SpecNewImpl13spec_new_impl (in /home/guido/rustdom-selection-result-OEvCXh/dist/rustdom.node)
==6492==    by 0x231F117F: _RNvMs2_NtNtCs4QMHp0v7l6B_4napi9js_values15object_propertyNtB5_8Property14with_utf8_name (in /home/guido/rustdom-selection-result-OEvCXh/dist/rustdom.node)
==6492==    by 0x23188A2A: _RNvNvNtNtNtCs3Ir8cfnU9oH_7rustdom3dom4tree32___napi_impl_helper_NativeTree_1736___napi_register__NativeTree_impl_44420___ctor_private_inner (in /home/guido/rustdom-selection-result-OEvCXh/dist/rustdom.node)
==6492==    by 0x231B5185: _RNvNvNvNvNtNtNtCs3Ir8cfnU9oH_7rustdom3dom4tree32___napi_impl_helper_NativeTree_1736___napi_register__NativeTree_impl_4441__18___CTOR_PRIVATE_REF14___ctor_private (in /home/guido/rustdom-selection-result-OEvCXh/dist/rustdom.node)
==6492==    by 0x6B9F47D: call_init.part.0 (dl-init.c:70)
==6492==    by 0x6B9F567: call_init (dl-init.c:33)
==6492==    by 0x6B9F567: _dl_init (dl-init.c:117)
==6492==    by 0x78ADBB4: _dl_catch_exception (dl-error-skeleton.c:182)
==6492==    by 0x6BA6FF5: dl_open_worker (dl-open.c:808)
==6492==    by 0x6BA6FF5: dl_open_worker (dl-open.c:771)
==6492==    by 0x78ADB57: _dl_catch_exception (dl-error-skeleton.c:208)
==6492==    by 0x6BA734D: _dl_open (dl-open.c:883)
==6492==    by 0x77C95FB: dlopen_doit (dlopen.c:56)
==6492== 
==6492== 18 bytes in 1 blocks are possibly lost in loss record 257 of 427
==6492==    at 0x73E1899: malloc (in /mnt/c/Users/guido/ghq/projects/rustdom/.tools/valgrind/usr/libexec/valgrind/vgpreload_memcheck-amd64-linux.so)
==6492==    by 0x232471D2: _RNvXs0_NvMs_NtNtCs6i54tJFfzR_5alloc3ffi5c_strNtBa_7CString3newReNtB5_11SpecNewImpl13spec_new_impl (in /home/guido/rustdom-selection-result-OEvCXh/dist/rustdom.node)
==6492==    by 0x231F117F: _RNvMs2_NtNtCs4QMHp0v7l6B_4napi9js_values15object_propertyNtB5_8Property14with_utf8_name (in /home/guido/rustdom-selection-result-OEvCXh/dist/rustdom.node)
==6492==    by 0x23189CA7: _RNvNvNtNtNtCs3Ir8cfnU9oH_7rustdom3dom4tree32___napi_impl_helper_NativeTree_1736___napi_register__NativeTree_impl_44420___ctor_private_inner (in /home/guido/rustdom-selection-result-OEvCXh/dist/rustdom.node)
==6492==    by 0x231B5185: _RNvNvNvNvNtNtNtCs3Ir8cfnU9oH_7rustdom3dom4tree32___napi_impl_helper_NativeTree_1736___napi_register__NativeTree_impl_4441__18___CTOR_PRIVATE_REF14___ctor_private (in /home/guido/rustdom-selection-result-OEvCXh/dist/rustdom.node)
==6492==    by 0x6B9F47D: call_init.part.0 (dl-init.c:70)
==6492==    by 0x6B9F567: call_init (dl-init.c:33)
==6492==    by 0x6B9F567: _dl_init (dl-init.c:117)
==6492==    by 0x78ADBB4: _dl_catch_exception (dl-error-skeleton.c:182)
==6492==    by 0x6BA6FF5: dl_open_worker (dl-open.c:808)
==6492==    by 0x6BA6FF5: dl_open_worker (dl-open.c:771)
==6492==    by 0x78ADB57: _dl_catch_exception (dl-error-skeleton.c:208)
==6492==    by 0x6BA734D: _dl_open (dl-open.c:883)
==6492==    by 0x77C95FB: dlopen_doit (dlopen.c:56)
==6492== 
==6492== 18 bytes in 1 blocks are possibly lost in loss record 258 of 427
==6492==    at 0x73E1899: malloc (in /mnt/c/Users/guido/ghq/projects/rustdom/.tools/valgrind/usr/libexec/valgrind/vgpreload_memcheck-amd64-linux.so)
==6492==    by 0x232471D2: _RNvXs0_NvMs_NtNtCs6i54tJFfzR_5alloc3ffi5c_strNtBa_7CString3newReNtB5_11SpecNewImpl13spec_new_impl (in /home/guido/rustdom-selection-result-OEvCXh/dist/rustdom.node)
==6492==    by 0x231F117F: _RNvMs2_NtNtCs4QMHp0v7l6B_4napi9js_values15object_propertyNtB5_8Property14with_utf8_name (in /home/guido/rustdom-selection-result-OEvCXh/dist/rustdom.node)
==6492==    by 0x2318A0BF: _RNvNvNtNtNtCs3Ir8cfnU9oH_7rustdom3dom4tree32___napi_impl_helper_NativeTree_1736___napi_register__NativeTree_impl_44420___ctor_private_inner (in /home/guido/rustdom-selection-result-OEvCXh/dist/rustdom.node)
==6492==    by 0x231B5185: _RNvNvNvNvNtNtNtCs3Ir8cfnU9oH_7rustdom3dom4tree32___napi_impl_helper_NativeTree_1736___napi_register__NativeTree_impl_4441__18___CTOR_PRIVATE_REF14___ctor_private (in /home/guido/rustdom-selection-result-OEvCXh/dist/rustdom.node)
==6492==    by 0x6B9F47D: call_init.part.0 (dl-init.c:70)
==6492==    by 0x6B9F567: call_init (dl-init.c:33)
==6492==    by 0x6B9F567: _dl_init (dl-init.c:117)
==6492==    by 0x78ADBB4: _dl_catch_exception (dl-error-skeleton.c:182)
==6492==    by 0x6BA6FF5: dl_open_worker (dl-open.c:808)
==6492==    by 0x6BA6FF5: dl_open_worker (dl-open.c:771)
==6492==    by 0x78ADB57: _dl_catch_exception (dl-error-skeleton.c:208)
==6492==    by 0x6BA734D: _dl_open (dl-open.c:883)
==6492==    by 0x77C95FB: dlopen_doit (dlopen.c:56)
==6492== 
==6492== 18 bytes in 1 blocks are possibly lost in loss record 259 of 427
==6492==    at 0x73E1899: malloc (in /mnt/c/Users/guido/ghq/projects/rustdom/.tools/valgrind/usr/libexec/valgrind/vgpreload_memcheck-amd64-linux.so)
==6492==    by 0x232471D2: _RNvXs0_NvMs_NtNtCs6i54tJFfzR_5alloc3ffi5c_strNtBa_7CString3newReNtB5_11SpecNewImpl13spec_new_impl (in /home/guido/rustdom-selection-result-OEvCXh/dist/rustdom.node)
==6492==    by 0x231F117F: _RNvMs2_NtNtCs4QMHp0v7l6B_4napi9js_values15object_propertyNtB5_8Property14with_utf8_name (in /home/guido/rustdom-selection-result-OEvCXh/dist/rustdom.node)
==6492==    by 0x2318CECD: _RNvNvNtNtNtCs3Ir8cfnU9oH_7rustdom3dom4tree32___napi_impl_helper_NativeTree_1736___napi_register__NativeTree_impl_44420___ctor_private_inner (in /home/guido/rustdom-selection-result-OEvCXh/dist/rustdom.node)
==6492==    by 0x231B5185: _RNvNvNvNvNtNtNtCs3Ir8cfnU9oH_7rustdom3dom4tree32___napi_impl_helper_NativeTree_1736___napi_register__NativeTree_impl_4441__18___CTOR_PRIVATE_REF14___ctor_private (in /home/guido/rustdom-selection-result-OEvCXh/dist/rustdom.node)
==6492==    by 0x6B9F47D: call_init.part.0 (dl-init.c:70)
==6492==    by 0x6B9F567: call_init (dl-init.c:33)
==6492==    by 0x6B9F567: _dl_init (dl-init.c:117)
==6492==    by 0x78ADBB4: _dl_catch_exception (dl-error-skeleton.c:182)
==6492==    by 0x6BA6FF5: dl_open_worker (dl-open.c:808)
==6492==    by 0x6BA6FF5: dl_open_worker (dl-open.c:771)
==6492==    by 0x78ADB57: _dl_catch_exception (dl-error-skeleton.c:208)
==6492==    by 0x6BA734D: _dl_open (dl-open.c:883)
==6492==    by 0x77C95FB: dlopen_doit (dlopen.c:56)
==6492== 
==6492== 18 bytes in 1 blocks are possibly lost in loss record 260 of 427
==6492==    at 0x73E1899: malloc (in /mnt/c/Users/guido/ghq/projects/rustdom/.tools/valgrind/usr/libexec/valgrind/vgpreload_memcheck-amd64-linux.so)
==6492==    by 0x232471D2: _RNvXs0_NvMs_NtNtCs6i54tJFfzR_5alloc3ffi5c_strNtBa_7CString3newReNtB5_11SpecNewImpl13spec_new_impl (in /home/guido/rustdom-selection-result-OEvCXh/dist/rustdom.node)
==6492==    by 0x231F117F: _RNvMs2_NtNtCs4QMHp0v7l6B_4napi9js_values15object_propertyNtB5_8Property14with_utf8_name (in /home/guido/rustdom-selection-result-OEvCXh/dist/rustdom.node)
==6492==    by 0x2318D2E5: _RNvNvNtNtNtCs3Ir8cfnU9oH_7rustdom3dom4tree32___napi_impl_helper_NativeTree_1736___napi_register__NativeTree_impl_44420___ctor_private_inner (in /home/guido/rustdom-selection-result-OEvCXh/dist/rustdom.node)
==6492==    by 0x231B5185: _RNvNvNvNvNtNtNtCs3Ir8cfnU9oH_7rustdom3dom4tree32___napi_impl_helper_NativeTree_1736___napi_register__NativeTree_impl_4441__18___CTOR_PRIVATE_REF14___ctor_private (in /home/guido/rustdom-selection-result-OEvCXh/dist/rustdom.node)
==6492==    by 0x6B9F47D: call_init.part.0 (dl-init.c:70)
==6492==    by 0x6B9F567: call_init (dl-init.c:33)
==6492==    by 0x6B9F567: _dl_init (dl-init.c:117)
==6492==    by 0x78ADBB4: _dl_catch_exception (dl-error-skeleton.c:182)
==6492==    by 0x6BA6FF5: dl_open_worker (dl-open.c:808)
==6492==    by 0x6BA6FF5: dl_open_worker (dl-open.c:771)
==6492==    by 0x78ADB57: _dl_catch_exception (dl-error-skeleton.c:208)
==6492==    by 0x6BA734D: _dl_open (dl-open.c:883)
==6492==    by 0x77C95FB: dlopen_doit (dlopen.c:56)
==6492== 
==6492== 18 bytes in 1 blocks are possibly lost in loss record 261 of 427
==6492==    at 0x73E1899: malloc (in /mnt/c/Users/guido/ghq/projects/rustdom/.tools/valgrind/usr/libexec/valgrind/vgpreload_memcheck-amd64-linux.so)
==6492==    by 0x232471D2: _RNvXs0_NvMs_NtNtCs6i54tJFfzR_5alloc3ffi5c_strNtBa_7CString3newReNtB5_11SpecNewImpl13spec_new_impl (in /home/guido/rustdom-selection-result-OEvCXh/dist/rustdom.node)
==6492==    by 0x231F117F: _RNvMs2_NtNtCs4QMHp0v7l6B_4napi9js_values15object_propertyNtB5_8Property14with_utf8_name (in /home/guido/rustdom-selection-result-OEvCXh/dist/rustdom.node)
==6492==    by 0x2318EC7B: _RNvNvNtNtNtCs3Ir8cfnU9oH_7rustdom3dom4tree32___napi_impl_helper_NativeTree_1736___napi_register__NativeTree_impl_44420___ctor_private_inner (in /home/guido/rustdom-selection-result-OEvCXh/dist/rustdom.node)
==6492==    by 0x231B5185: _RNvNvNvNvNtNtNtCs3Ir8cfnU9oH_7rustdom3dom4tree32___napi_impl_helper_NativeTree_1736___napi_register__NativeTree_impl_4441__18___CTOR_PRIVATE_REF14___ctor_private (in /home/guido/rustdom-selection-result-OEvCXh/dist/rustdom.node)
==6492==    by 0x6B9F47D: call_init.part.0 (dl-init.c:70)
==6492==    by 0x6B9F567: call_init (dl-init.c:33)
==6492==    by 0x6B9F567: _dl_init (dl-init.c:117)
==6492==    by 0x78ADBB4: _dl_catch_exception (dl-error-skeleton.c:182)
==6492==    by 0x6BA6FF5: dl_open_worker (dl-open.c:808)
==6492==    by 0x6BA6FF5: dl_open_worker (dl-open.c:771)
==6492==    by 0x78ADB57: _dl_catch_exception (dl-error-skeleton.c:208)
==6492==    by 0x6BA734D: _dl_open (dl-open.c:883)
==6492==    by 0x77C95FB: dlopen_doit (dlopen.c:56)
==6492== 
==6492== 18 bytes in 1 blocks are possibly lost in loss record 262 of 427
==6492==    at 0x73E1899: malloc (in /mnt/c/Users/guido/ghq/projects/rustdom/.tools/valgrind/usr/libexec/valgrind/vgpreload_memcheck-amd64-linux.so)
==6492==    by 0x232471D2: _RNvXs0_NvMs_NtNtCs6i54tJFfzR_5alloc3ffi5c_strNtBa_7CString3newReNtB5_11SpecNewImpl13spec_new_impl (in /home/guido/rustdom-selection-result-OEvCXh/dist/rustdom.node)
==6492==    by 0x231F117F: _RNvMs2_NtNtCs4QMHp0v7l6B_4napi9js_values15object_propertyNtB5_8Property14with_utf8_name (in /home/guido/rustdom-selection-result-OEvCXh/dist/rustdom.node)
==6492==    by 0x2318F7BD: _RNvNvNtNtNtCs3Ir8cfnU9oH_7rustdom3dom4tree32___napi_impl_helper_NativeTree_1736___napi_register__NativeTree_impl_44420___ctor_private_inner (in /home/guido/rustdom-selection-result-OEvCXh/dist/rustdom.node)
==6492==    by 0x231B5185: _RNvNvNvNvNtNtNtCs3Ir8cfnU9oH_7rustdom3dom4tree32___napi_impl_helper_NativeTree_1736___napi_register__NativeTree_impl_4441__18___CTOR_PRIVATE_REF14___ctor_private (in /home/guido/rustdom-selection-result-OEvCXh/dist/rustdom.node)
==6492==    by 0x6B9F47D: call_init.part.0 (dl-init.c:70)
==6492==    by 0x6B9F567: call_init (dl-init.c:33)
==6492==    by 0x6B9F567: _dl_init (dl-init.c:117)
==6492==    by 0x78ADBB4: _dl_catch_exception (dl-error-skeleton.c:182)
==6492==    by 0x6BA6FF5: dl_open_worker (dl-open.c:808)
==6492==    by 0x6BA6FF5: dl_open_worker (dl-open.c:771)
==6492==    by 0x78ADB57: _dl_catch_exception (dl-error-skeleton.c:208)
==6492==    by 0x6BA734D: _dl_open (dl-open.c:883)
==6492==    by 0x77C95FB: dlopen_doit (dlopen.c:56)
==6492== 
==6492== 18 bytes in 1 blocks are possibly lost in loss record 263 of 427
==6492==    at 0x73E1899: malloc (in /mnt/c/Users/guido/ghq/projects/rustdom/.tools/valgrind/usr/libexec/valgrind/vgpreload_memcheck-amd64-linux.so)
==6492==    by 0x232471D2: _RNvXs0_NvMs_NtNtCs6i54tJFfzR_5alloc3ffi5c_strNtBa_7CString3newReNtB5_11SpecNewImpl13spec_new_impl (in /home/guido/rustdom-selection-result-OEvCXh/dist/rustdom.node)
==6492==    by 0x231F117F: _RNvMs2_NtNtCs4QMHp0v7l6B_4napi9js_values15object_propertyNtB5_8Property14with_utf8_name (in /home/guido/rustdom-selection-result-OEvCXh/dist/rustdom.node)
==6492==    by 0x2318FACF: _RNvNvNtNtNtCs3Ir8cfnU9oH_7rustdom3dom4tree32___napi_impl_helper_NativeTree_1736___napi_register__NativeTree_impl_44420___ctor_private_inner (in /home/guido/rustdom-selection-result-OEvCXh/dist/rustdom.node)
==6492==    by 0x231B5185: _RNvNvNvNvNtNtNtCs3Ir8cfnU9oH_7rustdom3dom4tree32___napi_impl_helper_NativeTree_1736___napi_register__NativeTree_impl_4441__18___CTOR_PRIVATE_REF14___ctor_private (in /home/guido/rustdom-selection-result-OEvCXh/dist/rustdom.node)
==6492==    by 0x6B9F47D: call_init.part.0 (dl-init.c:70)
==6492==    by 0x6B9F567: call_init (dl-init.c:33)
==6492==    by 0x6B9F567: _dl_init (dl-init.c:117)
==6492==    by 0x78ADBB4: _dl_catch_exception (dl-error-skeleton.c:182)
==6492==    by 0x6BA6FF5: dl_open_worker (dl-open.c:808)
==6492==    by 0x6BA6FF5: dl_open_worker (dl-open.c:771)
==6492==    by 0x78ADB57: _dl_catch_exception (dl-error-skeleton.c:208)
==6492==    by 0x6BA734D: _dl_open (dl-open.c:883)
==6492==    by 0x77C95FB: dlopen_doit (dlopen.c:56)
==6492== 
==6492== 19 bytes in 1 blocks are still reachable in loss record 264 of 427
==6492==    at 0x73E1899: malloc (in /mnt/c/Users/guido/ghq/projects/rustdom/.tools/valgrind/usr/libexec/valgrind/vgpreload_memcheck-amd64-linux.so)
==6492==    by 0x1E096E0: CRYPTO_malloc (in /mnt/c/Users/guido/AppData/Local/Temp/rustdom-pr54-abort-retention-e991d78927094e13876cb3cd1a13dacf/.tools/node-v24.20.0-linux-x64/bin/node)
==6492==    by 0x1E0B45E: CRYPTO_strdup (in /mnt/c/Users/guido/AppData/Local/Temp/rustdom-pr54-abort-retention-e991d78927094e13876cb3cd1a13dacf/.tools/node-v24.20.0-linux-x64/bin/node)
==6492==    by 0x1CF5080: BIO_meth_new (in /mnt/c/Users/guido/AppData/Local/Temp/rustdom-pr54-abort-retention-e991d78927094e13876cb3cd1a13dacf/.tools/node-v24.20.0-linux-x64/bin/node)
==6492==    by 0xB8F22E: node::crypto::NodeBIO::GetMethod() (in /mnt/c/Users/guido/AppData/Local/Temp/rustdom-pr54-abort-retention-e991d78927094e13876cb3cd1a13dacf/.tools/node-v24.20.0-linux-x64/bin/node)
==6492==    by 0xB8F2E1: node::crypto::NodeBIO::NewFixed(char const*, unsigned long, node::Environment*) (in /mnt/c/Users/guido/AppData/Local/Temp/rustdom-pr54-abort-retention-e991d78927094e13876cb3cd1a13dacf/.tools/node-v24.20.0-linux-x64/bin/node)
==6492==    by 0xBB54DB: node::crypto::GetBundledRootCertificates() (in /mnt/c/Users/guido/AppData/Local/Temp/rustdom-pr54-abort-retention-e991d78927094e13876cb3cd1a13dacf/.tools/node-v24.20.0-linux-x64/bin/node)
==6492==    by 0xBBCCE1: node::crypto::LoadCACertificates(void*) (in /mnt/c/Users/guido/AppData/Local/Temp/rustdom-pr54-abort-retention-e991d78927094e13876cb3cd1a13dacf/.tools/node-v24.20.0-linux-x64/bin/node)
==6492==    by 0x77CDA82: start_thread (pthread_create.c:442)
==6492==    by 0x785EA93: clone (clone.S:100)
==6492== 
==6492== 19 bytes in 1 blocks are possibly lost in loss record 265 of 427
==6492==    at 0x73E1899: malloc (in /mnt/c/Users/guido/ghq/projects/rustdom/.tools/valgrind/usr/libexec/valgrind/vgpreload_memcheck-amd64-linux.so)
==6492==    by 0x232471D2: _RNvXs0_NvMs_NtNtCs6i54tJFfzR_5alloc3ffi5c_strNtBa_7CString3newReNtB5_11SpecNewImpl13spec_new_impl (in /home/guido/rustdom-selection-result-OEvCXh/dist/rustdom.node)
==6492==    by 0x231F117F: _RNvMs2_NtNtCs4QMHp0v7l6B_4napi9js_values15object_propertyNtB5_8Property14with_utf8_name (in /home/guido/rustdom-selection-result-OEvCXh/dist/rustdom.node)
==6492==    by 0x231A40FA: _RNvNvNvNvNtNtNtCs3Ir8cfnU9oH_7rustdom3dom19event_state_binding37___napi_impl_helper_NativeEventState_442___napi_register__NativeEventState_impl_1041__18___CTOR_PRIVATE_REF14___ctor_private (in /home/guido/rustdom-selection-result-OEvCXh/dist/rustdom.node)
==6492==    by 0x6B9F47D: call_init.part.0 (dl-init.c:70)
==6492==    by 0x6B9F567: call_init (dl-init.c:33)
==6492==    by 0x6B9F567: _dl_init (dl-init.c:117)
==6492==    by 0x78ADBB4: _dl_catch_exception (dl-error-skeleton.c:182)
==6492==    by 0x6BA6FF5: dl_open_worker (dl-open.c:808)
==6492==    by 0x6BA6FF5: dl_open_worker (dl-open.c:771)
==6492==    by 0x78ADB57: _dl_catch_exception (dl-error-skeleton.c:208)
==6492==    by 0x6BA734D: _dl_open (dl-open.c:883)
==6492==    by 0x77C95FB: dlopen_doit (dlopen.c:56)
==6492==    by 0x78ADB57: _dl_catch_exception (dl-error-skeleton.c:208)
==6492== 
==6492== 19 bytes in 1 blocks are possibly lost in loss record 266 of 427
==6492==    at 0x73E1899: malloc (in /mnt/c/Users/guido/ghq/projects/rustdom/.tools/valgrind/usr/libexec/valgrind/vgpreload_memcheck-amd64-linux.so)
==6492==    by 0x232471D2: _RNvXs0_NvMs_NtNtCs6i54tJFfzR_5alloc3ffi5c_strNtBa_7CString3newReNtB5_11SpecNewImpl13spec_new_impl (in /home/guido/rustdom-selection-result-OEvCXh/dist/rustdom.node)
==6492==    by 0x231F117F: _RNvMs2_NtNtCs4QMHp0v7l6B_4napi9js_values15object_propertyNtB5_8Property14with_utf8_name (in /home/guido/rustdom-selection-result-OEvCXh/dist/rustdom.node)
==6492==    by 0x231A52FB: _RNvNvNvNvNtNtNtCs3Ir8cfnU9oH_7rustdom3dom19event_state_binding37___napi_impl_helper_NativeEventState_442___napi_register__NativeEventState_impl_1041__18___CTOR_PRIVATE_REF14___ctor_private (in /home/guido/rustdom-selection-result-OEvCXh/dist/rustdom.node)
==6492==    by 0x6B9F47D: call_init.part.0 (dl-init.c:70)
==6492==    by 0x6B9F567: call_init (dl-init.c:33)
==6492==    by 0x6B9F567: _dl_init (dl-init.c:117)
==6492==    by 0x78ADBB4: _dl_catch_exception (dl-error-skeleton.c:182)
==6492==    by 0x6BA6FF5: dl_open_worker (dl-open.c:808)
==6492==    by 0x6BA6FF5: dl_open_worker (dl-open.c:771)
==6492==    by 0x78ADB57: _dl_catch_exception (dl-error-skeleton.c:208)
==6492==    by 0x6BA734D: _dl_open (dl-open.c:883)
==6492==    by 0x77C95FB: dlopen_doit (dlopen.c:56)
==6492==    by 0x78ADB57: _dl_catch_exception (dl-error-skeleton.c:208)
==6492== 
==6492== 19 bytes in 1 blocks are possibly lost in loss record 267 of 427
==6492==    at 0x73E1899: malloc (in /mnt/c/Users/guido/ghq/projects/rustdom/.tools/valgrind/usr/libexec/valgrind/vgpreload_memcheck-amd64-linux.so)
==6492==    by 0x232471D2: _RNvXs0_NvMs_NtNtCs6i54tJFfzR_5alloc3ffi5c_strNtBa_7CString3newReNtB5_11SpecNewImpl13spec_new_impl (in /home/guido/rustdom-selection-result-OEvCXh/dist/rustdom.node)
==6492==    by 0x231F117F: _RNvMs2_NtNtCs4QMHp0v7l6B_4napi9js_values15object_propertyNtB5_8Property14with_utf8_name (in /home/guido/rustdom-selection-result-OEvCXh/dist/rustdom.node)
==6492==    by 0x231A88EB: _RNvNvNvNvNtNtNtCs3Ir8cfnU9oH_7rustdom3dom19range_state_binding33___napi_impl_helper_NativeRange_1137___napi_register__NativeRange_impl_2221__18___CTOR_PRIVATE_REF14___ctor_private (in /home/guido/rustdom-selection-result-OEvCXh/dist/rustdom.node)
==6492==    by 0x6B9F47D: call_init.part.0 (dl-init.c:70)
==6492==    by 0x6B9F567: call_init (dl-init.c:33)
==6492==    by 0x6B9F567: _dl_init (dl-init.c:117)
==6492==    by 0x78ADBB4: _dl_catch_exception (dl-error-skeleton.c:182)
==6492==    by 0x6BA6FF5: dl_open_worker (dl-open.c:808)
==6492==    by 0x6BA6FF5: dl_open_worker (dl-open.c:771)
==6492==    by 0x78ADB57: _dl_catch_exception (dl-error-skeleton.c:208)
==6492==    by 0x6BA734D: _dl_open (dl-open.c:883)
==6492==    by 0x77C95FB: dlopen_doit (dlopen.c:56)
==6492==    by 0x78ADB57: _dl_catch_exception (dl-error-skeleton.c:208)
==6492== 
==6492== 19 bytes in 1 blocks are possibly lost in loss record 268 of 427
==6492==    at 0x73E1899: malloc (in /mnt/c/Users/guido/ghq/projects/rustdom/.tools/valgrind/usr/libexec/valgrind/vgpreload_memcheck-amd64-linux.so)
==6492==    by 0x232471D2: _RNvXs0_NvMs_NtNtCs6i54tJFfzR_5alloc3ffi5c_strNtBa_7CString3newReNtB5_11SpecNewImpl13spec_new_impl (in /home/guido/rustdom-selection-result-OEvCXh/dist/rustdom.node)
==6492==    by 0x231F117F: _RNvMs2_NtNtCs4QMHp0v7l6B_4napi9js_values15object_propertyNtB5_8Property14with_utf8_name (in /home/guido/rustdom-selection-result-OEvCXh/dist/rustdom.node)
==6492==    by 0x231B0240: _RNvNvNvNvNtNtNtCs3Ir8cfnU9oH_7rustdom3dom23mutation_record_binding41___napi_impl_helper_NativeMutationRecord_746___napi_register__NativeMutationRecord_impl_1591__18___CTOR_PRIVATE_REF14___ctor_private (in /home/guido/rustdom-selection-result-OEvCXh/dist/rustdom.node)
==6492==    by 0x6B9F47D: call_init.part.0 (dl-init.c:70)
==6492==    by 0x6B9F567: call_init (dl-init.c:33)
==6492==    by 0x6B9F567: _dl_init (dl-init.c:117)
==6492==    by 0x78ADBB4: _dl_catch_exception (dl-error-skeleton.c:182)
==6492==    by 0x6BA6FF5: dl_open_worker (dl-open.c:808)
==6492==    by 0x6BA6FF5: dl_open_worker (dl-open.c:771)
==6492==    by 0x78ADB57: _dl_catch_exception (dl-error-skeleton.c:208)
==6492==    by 0x6BA734D: _dl_open (dl-open.c:883)
==6492==    by 0x77C95FB: dlopen_doit (dlopen.c:56)
==6492==    by 0x78ADB57: _dl_catch_exception (dl-error-skeleton.c:208)
==6492== 
==6492== 19 bytes in 1 blocks are possibly lost in loss record 269 of 427
==6492==    at 0x73E1899: malloc (in /mnt/c/Users/guido/ghq/projects/rustdom/.tools/valgrind/usr/libexec/valgrind/vgpreload_memcheck-amd64-linux.so)
==6492==    by 0x232471D2: _RNvXs0_NvMs_NtNtCs6i54tJFfzR_5alloc3ffi5c_strNtBa_7CString3newReNtB5_11SpecNewImpl13spec_new_impl (in /home/guido/rustdom-selection-result-OEvCXh/dist/rustdom.node)
==6492==    by 0x231F117F: _RNvMs2_NtNtCs4QMHp0v7l6B_4napi9js_values15object_propertyNtB5_8Property14with_utf8_name (in /home/guido/rustdom-selection-result-OEvCXh/dist/rustdom.node)
==6492==    by 0x231B23E2: _RNvNvNvNvNtNtNtCs3Ir8cfnU9oH_7rustdom3dom25observer_delivery_binding43___napi_impl_helper_NativeObserverDelivery_848___napi_register__NativeObserverDelivery_impl_1721__18___CTOR_PRIVATE_REF14___ctor_private (in /home/guido/rustdom-selection-result-OEvCXh/dist/rustdom.node)
==6492==    by 0x6B9F47D: call_init.part.0 (dl-init.c:70)
==6492==    by 0x6B9F567: call_init (dl-init.c:33)
==6492==    by 0x6B9F567: _dl_init (dl-init.c:117)
==6492==    by 0x78ADBB4: _dl_catch_exception (dl-error-skeleton.c:182)
==6492==    by 0x6BA6FF5: dl_open_worker (dl-open.c:808)
==6492==    by 0x6BA6FF5: dl_open_worker (dl-open.c:771)
==6492==    by 0x78ADB57: _dl_catch_exception (dl-error-skeleton.c:208)
==6492==    by 0x6BA734D: _dl_open (dl-open.c:883)
==6492==    by 0x77C95FB: dlopen_doit (dlopen.c:56)
==6492==    by 0x78ADB57: _dl_catch_exception (dl-error-skeleton.c:208)
==6492== 
==6492== 19 bytes in 1 blocks are possibly lost in loss record 270 of 427
==6492==    at 0x73E1899: malloc (in /mnt/c/Users/guido/ghq/projects/rustdom/.tools/valgrind/usr/libexec/valgrind/vgpreload_memcheck-amd64-linux.so)
==6492==    by 0x232471D2: _RNvXs0_NvMs_NtNtCs6i54tJFfzR_5alloc3ffi5c_strNtBa_7CString3newReNtB5_11SpecNewImpl13spec_new_impl (in /home/guido/rustdom-selection-result-OEvCXh/dist/rustdom.node)
==6492==    by 0x231F117F: _RNvMs2_NtNtCs4QMHp0v7l6B_4napi9js_values15object_propertyNtB5_8Property14with_utf8_name (in /home/guido/rustdom-selection-result-OEvCXh/dist/rustdom.node)
==6492==    by 0x231B3B33: _RNvNvNvNvNtNtNtCs3Ir8cfnU9oH_7rustdom3dom4tree32___napi_impl_helper_NativeTree_1636___napi_register__NativeTree_impl_3111__18___CTOR_PRIVATE_REF14___ctor_private (in /home/guido/rustdom-selection-result-OEvCXh/dist/rustdom.node)
==6492==    by 0x6B9F47D: call_init.part.0 (dl-init.c:70)
==6492==    by 0x6B9F567: call_init (dl-init.c:33)
==6492==    by 0x6B9F567: _dl_init (dl-init.c:117)
==6492==    by 0x78ADBB4: _dl_catch_exception (dl-error-skeleton.c:182)
==6492==    by 0x6BA6FF5: dl_open_worker (dl-open.c:808)
==6492==    by 0x6BA6FF5: dl_open_worker (dl-open.c:771)
==6492==    by 0x78ADB57: _dl_catch_exception (dl-error-skeleton.c:208)
==6492==    by 0x6BA734D: _dl_open (dl-open.c:883)
==6492==    by 0x77C95FB: dlopen_doit (dlopen.c:56)
==6492==    by 0x78ADB57: _dl_catch_exception (dl-error-skeleton.c:208)
==6492== 
==6492== 19 bytes in 1 blocks are possibly lost in loss record 271 of 427
==6492==    at 0x73E1899: malloc (in /mnt/c/Users/guido/ghq/projects/rustdom/.tools/valgrind/usr/libexec/valgrind/vgpreload_memcheck-amd64-linux.so)
==6492==    by 0x232471D2: _RNvXs0_NvMs_NtNtCs6i54tJFfzR_5alloc3ffi5c_strNtBa_7CString3newReNtB5_11SpecNewImpl13spec_new_impl (in /home/guido/rustdom-selection-result-OEvCXh/dist/rustdom.node)
==6492==    by 0x231F117F: _RNvMs2_NtNtCs4QMHp0v7l6B_4napi9js_values15object_propertyNtB5_8Property14with_utf8_name (in /home/guido/rustdom-selection-result-OEvCXh/dist/rustdom.node)
==6492==    by 0x23189A8A: _RNvNvNtNtNtCs3Ir8cfnU9oH_7rustdom3dom4tree32___napi_impl_helper_NativeTree_1736___napi_register__NativeTree_impl_44420___ctor_private_inner (in /home/guido/rustdom-selection-result-OEvCXh/dist/rustdom.node)
==6492==    by 0x231B5185: _RNvNvNvNvNtNtNtCs3Ir8cfnU9oH_7rustdom3dom4tree32___napi_impl_helper_NativeTree_1736___napi_register__NativeTree_impl_4441__18___CTOR_PRIVATE_REF14___ctor_private (in /home/guido/rustdom-selection-result-OEvCXh/dist/rustdom.node)
==6492==    by 0x6B9F47D: call_init.part.0 (dl-init.c:70)
==6492==    by 0x6B9F567: call_init (dl-init.c:33)
==6492==    by 0x6B9F567: _dl_init (dl-init.c:117)
==6492==    by 0x78ADBB4: _dl_catch_exception (dl-error-skeleton.c:182)
==6492==    by 0x6BA6FF5: dl_open_worker (dl-open.c:808)
==6492==    by 0x6BA6FF5: dl_open_worker (dl-open.c:771)
==6492==    by 0x78ADB57: _dl_catch_exception (dl-error-skeleton.c:208)
==6492==    by 0x6BA734D: _dl_open (dl-open.c:883)
==6492==    by 0x77C95FB: dlopen_doit (dlopen.c:56)
==6492== 
==6492== 19 bytes in 1 blocks are possibly lost in loss record 272 of 427
==6492==    at 0x73E1899: malloc (in /mnt/c/Users/guido/ghq/projects/rustdom/.tools/valgrind/usr/libexec/valgrind/vgpreload_memcheck-amd64-linux.so)
==6492==    by 0x232471D2: _RNvXs0_NvMs_NtNtCs6i54tJFfzR_5alloc3ffi5c_strNtBa_7CString3newReNtB5_11SpecNewImpl13spec_new_impl (in /home/guido/rustdom-selection-result-OEvCXh/dist/rustdom.node)
==6492==    by 0x231F117F: _RNvMs2_NtNtCs4QMHp0v7l6B_4napi9js_values15object_propertyNtB5_8Property14with_utf8_name (in /home/guido/rustdom-selection-result-OEvCXh/dist/rustdom.node)
==6492==    by 0x2318B63D: _RNvNvNtNtNtCs3Ir8cfnU9oH_7rustdom3dom4tree32___napi_impl_helper_NativeTree_1736___napi_register__NativeTree_impl_44420___ctor_private_inner (in /home/guido/rustdom-selection-result-OEvCXh/dist/rustdom.node)
==6492==    by 0x231B5185: _RNvNvNvNvNtNtNtCs3Ir8cfnU9oH_7rustdom3dom4tree32___napi_impl_helper_NativeTree_1736___napi_register__NativeTree_impl_4441__18___CTOR_PRIVATE_REF14___ctor_private (in /home/guido/rustdom-selection-result-OEvCXh/dist/rustdom.node)
==6492==    by 0x6B9F47D: call_init.part.0 (dl-init.c:70)
==6492==    by 0x6B9F567: call_init (dl-init.c:33)
==6492==    by 0x6B9F567: _dl_init (dl-init.c:117)
==6492==    by 0x78ADBB4: _dl_catch_exception (dl-error-skeleton.c:182)
==6492==    by 0x6BA6FF5: dl_open_worker (dl-open.c:808)
==6492==    by 0x6BA6FF5: dl_open_worker (dl-open.c:771)
==6492==    by 0x78ADB57: _dl_catch_exception (dl-error-skeleton.c:208)
==6492==    by 0x6BA734D: _dl_open (dl-open.c:883)
==6492==    by 0x77C95FB: dlopen_doit (dlopen.c:56)
==6492== 
==6492== 19 bytes in 1 blocks are possibly lost in loss record 273 of 427
==6492==    at 0x73E1899: malloc (in /mnt/c/Users/guido/ghq/projects/rustdom/.tools/valgrind/usr/libexec/valgrind/vgpreload_memcheck-amd64-linux.so)
==6492==    by 0x232471D2: _RNvXs0_NvMs_NtNtCs6i54tJFfzR_5alloc3ffi5c_strNtBa_7CString3newReNtB5_11SpecNewImpl13spec_new_impl (in /home/guido/rustdom-selection-result-OEvCXh/dist/rustdom.node)
==6492==    by 0x231F117F: _RNvMs2_NtNtCs4QMHp0v7l6B_4napi9js_values15object_propertyNtB5_8Property14with_utf8_name (in /home/guido/rustdom-selection-result-OEvCXh/dist/rustdom.node)
==6492==    by 0x2318BA55: _RNvNvNtNtNtCs3Ir8cfnU9oH_7rustdom3dom4tree32___napi_impl_helper_NativeTree_1736___napi_register__NativeTree_impl_44420___ctor_private_inner (in /home/guido/rustdom-selection-result-OEvCXh/dist/rustdom.node)
==6492==    by 0x231B5185: _RNvNvNvNvNtNtNtCs3Ir8cfnU9oH_7rustdom3dom4tree32___napi_impl_helper_NativeTree_1736___napi_register__NativeTree_impl_4441__18___CTOR_PRIVATE_REF14___ctor_private (in /home/guido/rustdom-selection-result-OEvCXh/dist/rustdom.node)
==6492==    by 0x6B9F47D: call_init.part.0 (dl-init.c:70)
==6492==    by 0x6B9F567: call_init (dl-init.c:33)
==6492==    by 0x6B9F567: _dl_init (dl-init.c:117)
==6492==    by 0x78ADBB4: _dl_catch_exception (dl-error-skeleton.c:182)
==6492==    by 0x6BA6FF5: dl_open_worker (dl-open.c:808)
==6492==    by 0x6BA6FF5: dl_open_worker (dl-open.c:771)
==6492==    by 0x78ADB57: _dl_catch_exception (dl-error-skeleton.c:208)
==6492==    by 0x6BA734D: _dl_open (dl-open.c:883)
==6492==    by 0x77C95FB: dlopen_doit (dlopen.c:56)
==6492== 
==6492== 19 bytes in 1 blocks are possibly lost in loss record 274 of 427
==6492==    at 0x73E1899: malloc (in /mnt/c/Users/guido/ghq/projects/rustdom/.tools/valgrind/usr/libexec/valgrind/vgpreload_memcheck-amd64-linux.so)
==6492==    by 0x232471D2: _RNvXs0_NvMs_NtNtCs6i54tJFfzR_5alloc3ffi5c_strNtBa_7CString3newReNtB5_11SpecNewImpl13spec_new_impl (in /home/guido/rustdom-selection-result-OEvCXh/dist/rustdom.node)
==6492==    by 0x231F117F: _RNvMs2_NtNtCs4QMHp0v7l6B_4napi9js_values15object_propertyNtB5_8Property14with_utf8_name (in /home/guido/rustdom-selection-result-OEvCXh/dist/rustdom.node)
==6492==    by 0x2318C17F: _RNvNvNtNtNtCs3Ir8cfnU9oH_7rustdom3dom4tree32___napi_impl_helper_NativeTree_1736___napi_register__NativeTree_impl_44420___ctor_private_inner (in /home/guido/rustdom-selection-result-OEvCXh/dist/rustdom.node)
==6492==    by 0x231B5185: _RNvNvNvNvNtNtNtCs3Ir8cfnU9oH_7rustdom3dom4tree32___napi_impl_helper_NativeTree_1736___napi_register__NativeTree_impl_4441__18___CTOR_PRIVATE_REF14___ctor_private (in /home/guido/rustdom-selection-result-OEvCXh/dist/rustdom.node)
==6492==    by 0x6B9F47D: call_init.part.0 (dl-init.c:70)
==6492==    by 0x6B9F567: call_init (dl-init.c:33)
==6492==    by 0x6B9F567: _dl_init (dl-init.c:117)
==6492==    by 0x78ADBB4: _dl_catch_exception (dl-error-skeleton.c:182)
==6492==    by 0x6BA6FF5: dl_open_worker (dl-open.c:808)
==6492==    by 0x6BA6FF5: dl_open_worker (dl-open.c:771)
==6492==    by 0x78ADB57: _dl_catch_exception (dl-error-skeleton.c:208)
==6492==    by 0x6BA734D: _dl_open (dl-open.c:883)
==6492==    by 0x77C95FB: dlopen_doit (dlopen.c:56)
==6492== 
==6492== 19 bytes in 1 blocks are possibly lost in loss record 275 of 427
==6492==    at 0x73E1899: malloc (in /mnt/c/Users/guido/ghq/projects/rustdom/.tools/valgrind/usr/libexec/valgrind/vgpreload_memcheck-amd64-linux.so)
==6492==    by 0x232471D2: _RNvXs0_NvMs_NtNtCs6i54tJFfzR_5alloc3ffi5c_strNtBa_7CString3newReNtB5_11SpecNewImpl13spec_new_impl (in /home/guido/rustdom-selection-result-OEvCXh/dist/rustdom.node)
==6492==    by 0x231F117F: _RNvMs2_NtNtCs4QMHp0v7l6B_4napi9js_values15object_propertyNtB5_8Property14with_utf8_name (in /home/guido/rustdom-selection-result-OEvCXh/dist/rustdom.node)
==6492==    by 0x2318D6FD: _RNvNvNtNtNtCs3Ir8cfnU9oH_7rustdom3dom4tree32___napi_impl_helper_NativeTree_1736___napi_register__NativeTree_impl_44420___ctor_private_inner (in /home/guido/rustdom-selection-result-OEvCXh/dist/rustdom.node)
==6492==    by 0x231B5185: _RNvNvNvNvNtNtNtCs3Ir8cfnU9oH_7rustdom3dom4tree32___napi_impl_helper_NativeTree_1736___napi_register__NativeTree_impl_4441__18___CTOR_PRIVATE_REF14___ctor_private (in /home/guido/rustdom-selection-result-OEvCXh/dist/rustdom.node)
==6492==    by 0x6B9F47D: call_init.part.0 (dl-init.c:70)
==6492==    by 0x6B9F567: call_init (dl-init.c:33)
==6492==    by 0x6B9F567: _dl_init (dl-init.c:117)
==6492==    by 0x78ADBB4: _dl_catch_exception (dl-error-skeleton.c:182)
==6492==    by 0x6BA6FF5: dl_open_worker (dl-open.c:808)
==6492==    by 0x6BA6FF5: dl_open_worker (dl-open.c:771)
==6492==    by 0x78ADB57: _dl_catch_exception (dl-error-skeleton.c:208)
==6492==    by 0x6BA734D: _dl_open (dl-open.c:883)
==6492==    by 0x77C95FB: dlopen_doit (dlopen.c:56)
==6492== 
==6492== 19 bytes in 1 blocks are possibly lost in loss record 276 of 427
==6492==    at 0x73E1899: malloc (in /mnt/c/Users/guido/ghq/projects/rustdom/.tools/valgrind/usr/libexec/valgrind/vgpreload_memcheck-amd64-linux.so)
==6492==    by 0x232471D2: _RNvXs0_NvMs_NtNtCs6i54tJFfzR_5alloc3ffi5c_strNtBa_7CString3newReNtB5_11SpecNewImpl13spec_new_impl (in /home/guido/rustdom-selection-result-OEvCXh/dist/rustdom.node)
==6492==    by 0x231F117F: _RNvMs2_NtNtCs4QMHp0v7l6B_4napi9js_values15object_propertyNtB5_8Property14with_utf8_name (in /home/guido/rustdom-selection-result-OEvCXh/dist/rustdom.node)
==6492==    by 0x2318DA0F: _RNvNvNtNtNtCs3Ir8cfnU9oH_7rustdom3dom4tree32___napi_impl_helper_NativeTree_1736___napi_register__NativeTree_impl_44420___ctor_private_inner (in /home/guido/rustdom-selection-result-OEvCXh/dist/rustdom.node)
==6492==    by 0x231B5185: _RNvNvNvNvNtNtNtCs3Ir8cfnU9oH_7rustdom3dom4tree32___napi_impl_helper_NativeTree_1736___napi_register__NativeTree_impl_4441__18___CTOR_PRIVATE_REF14___ctor_private (in /home/guido/rustdom-selection-result-OEvCXh/dist/rustdom.node)
==6492==    by 0x6B9F47D: call_init.part.0 (dl-init.c:70)
==6492==    by 0x6B9F567: call_init (dl-init.c:33)
==6492==    by 0x6B9F567: _dl_init (dl-init.c:117)
==6492==    by 0x78ADBB4: _dl_catch_exception (dl-error-skeleton.c:182)
==6492==    by 0x6BA6FF5: dl_open_worker (dl-open.c:808)
==6492==    by 0x6BA6FF5: dl_open_worker (dl-open.c:771)
==6492==    by 0x78ADB57: _dl_catch_exception (dl-error-skeleton.c:208)
==6492==    by 0x6BA734D: _dl_open (dl-open.c:883)
==6492==    by 0x77C95FB: dlopen_doit (dlopen.c:56)
==6492== 
==6492== 19 bytes in 1 blocks are possibly lost in loss record 277 of 427
==6492==    at 0x73E1899: malloc (in /mnt/c/Users/guido/ghq/projects/rustdom/.tools/valgrind/usr/libexec/valgrind/vgpreload_memcheck-amd64-linux.so)
==6492==    by 0x232471D2: _RNvXs0_NvMs_NtNtCs6i54tJFfzR_5alloc3ffi5c_strNtBa_7CString3newReNtB5_11SpecNewImpl13spec_new_impl (in /home/guido/rustdom-selection-result-OEvCXh/dist/rustdom.node)
==6492==    by 0x231F117F: _RNvMs2_NtNtCs4QMHp0v7l6B_4napi9js_values15object_propertyNtB5_8Property14with_utf8_name (in /home/guido/rustdom-selection-result-OEvCXh/dist/rustdom.node)
==6492==    by 0x2318DE27: _RNvNvNtNtNtCs3Ir8cfnU9oH_7rustdom3dom4tree32___napi_impl_helper_NativeTree_1736___napi_register__NativeTree_impl_44420___ctor_private_inner (in /home/guido/rustdom-selection-result-OEvCXh/dist/rustdom.node)
==6492==    by 0x231B5185: _RNvNvNvNvNtNtNtCs3Ir8cfnU9oH_7rustdom3dom4tree32___napi_impl_helper_NativeTree_1736___napi_register__NativeTree_impl_4441__18___CTOR_PRIVATE_REF14___ctor_private (in /home/guido/rustdom-selection-result-OEvCXh/dist/rustdom.node)
==6492==    by 0x6B9F47D: call_init.part.0 (dl-init.c:70)
==6492==    by 0x6B9F567: call_init (dl-init.c:33)
==6492==    by 0x6B9F567: _dl_init (dl-init.c:117)
==6492==    by 0x78ADBB4: _dl_catch_exception (dl-error-skeleton.c:182)
==6492==    by 0x6BA6FF5: dl_open_worker (dl-open.c:808)
==6492==    by 0x6BA6FF5: dl_open_worker (dl-open.c:771)
==6492==    by 0x78ADB57: _dl_catch_exception (dl-error-skeleton.c:208)
==6492==    by 0x6BA734D: _dl_open (dl-open.c:883)
==6492==    by 0x77C95FB: dlopen_doit (dlopen.c:56)
==6492== 
==6492== 19 bytes in 1 blocks are possibly lost in loss record 278 of 427
==6492==    at 0x73E1899: malloc (in /mnt/c/Users/guido/ghq/projects/rustdom/.tools/valgrind/usr/libexec/valgrind/vgpreload_memcheck-amd64-linux.so)
==6492==    by 0x232471D2: _RNvXs0_NvMs_NtNtCs6i54tJFfzR_5alloc3ffi5c_strNtBa_7CString3newReNtB5_11SpecNewImpl13spec_new_impl (in /home/guido/rustdom-selection-result-OEvCXh/dist/rustdom.node)
==6492==    by 0x231F117F: _RNvMs2_NtNtCs4QMHp0v7l6B_4napi9js_values15object_propertyNtB5_8Property14with_utf8_name (in /home/guido/rustdom-selection-result-OEvCXh/dist/rustdom.node)
==6492==    by 0x2318E969: _RNvNvNtNtNtCs3Ir8cfnU9oH_7rustdom3dom4tree32___napi_impl_helper_NativeTree_1736___napi_register__NativeTree_impl_44420___ctor_private_inner (in /home/guido/rustdom-selection-result-OEvCXh/dist/rustdom.node)
==6492==    by 0x231B5185: _RNvNvNvNvNtNtNtCs3Ir8cfnU9oH_7rustdom3dom4tree32___napi_impl_helper_NativeTree_1736___napi_register__NativeTree_impl_4441__18___CTOR_PRIVATE_REF14___ctor_private (in /home/guido/rustdom-selection-result-OEvCXh/dist/rustdom.node)
==6492==    by 0x6B9F47D: call_init.part.0 (dl-init.c:70)
==6492==    by 0x6B9F567: call_init (dl-init.c:33)
==6492==    by 0x6B9F567: _dl_init (dl-init.c:117)
==6492==    by 0x78ADBB4: _dl_catch_exception (dl-error-skeleton.c:182)
==6492==    by 0x6BA6FF5: dl_open_worker (dl-open.c:808)
==6492==    by 0x6BA6FF5: dl_open_worker (dl-open.c:771)
==6492==    by 0x78ADB57: _dl_catch_exception (dl-error-skeleton.c:208)
==6492==    by 0x6BA734D: _dl_open (dl-open.c:883)
==6492==    by 0x77C95FB: dlopen_doit (dlopen.c:56)
==6492== 
==6492== 19 bytes in 1 blocks are possibly lost in loss record 279 of 427
==6492==    at 0x73E1899: malloc (in /mnt/c/Users/guido/ghq/projects/rustdom/.tools/valgrind/usr/libexec/valgrind/vgpreload_memcheck-amd64-linux.so)
==6492==    by 0x232471D2: _RNvXs0_NvMs_NtNtCs6i54tJFfzR_5alloc3ffi5c_strNtBa_7CString3newReNtB5_11SpecNewImpl13spec_new_impl (in /home/guido/rustdom-selection-result-OEvCXh/dist/rustdom.node)
==6492==    by 0x231F117F: _RNvMs2_NtNtCs4QMHp0v7l6B_4napi9js_values15object_propertyNtB5_8Property14with_utf8_name (in /home/guido/rustdom-selection-result-OEvCXh/dist/rustdom.node)
==6492==    by 0x2318F093: _RNvNvNtNtNtCs3Ir8cfnU9oH_7rustdom3dom4tree32___napi_impl_helper_NativeTree_1736___napi_register__NativeTree_impl_44420___ctor_private_inner (in /home/guido/rustdom-selection-result-OEvCXh/dist/rustdom.node)
==6492==    by 0x231B5185: _RNvNvNvNvNtNtNtCs3Ir8cfnU9oH_7rustdom3dom4tree32___napi_impl_helper_NativeTree_1736___napi_register__NativeTree_impl_4441__18___CTOR_PRIVATE_REF14___ctor_private (in /home/guido/rustdom-selection-result-OEvCXh/dist/rustdom.node)
==6492==    by 0x6B9F47D: call_init.part.0 (dl-init.c:70)
==6492==    by 0x6B9F567: call_init (dl-init.c:33)
==6492==    by 0x6B9F567: _dl_init (dl-init.c:117)
==6492==    by 0x78ADBB4: _dl_catch_exception (dl-error-skeleton.c:182)
==6492==    by 0x6BA6FF5: dl_open_worker (dl-open.c:808)
==6492==    by 0x6BA6FF5: dl_open_worker (dl-open.c:771)
==6492==    by 0x78ADB57: _dl_catch_exception (dl-error-skeleton.c:208)
==6492==    by 0x6BA734D: _dl_open (dl-open.c:883)
==6492==    by 0x77C95FB: dlopen_doit (dlopen.c:56)
==6492== 
==6492== 19 bytes in 1 blocks are possibly lost in loss record 280 of 427
==6492==    at 0x73E1899: malloc (in /mnt/c/Users/guido/ghq/projects/rustdom/.tools/valgrind/usr/libexec/valgrind/vgpreload_memcheck-amd64-linux.so)
==6492==    by 0x232471D2: _RNvXs0_NvMs_NtNtCs6i54tJFfzR_5alloc3ffi5c_strNtBa_7CString3newReNtB5_11SpecNewImpl13spec_new_impl (in /home/guido/rustdom-selection-result-OEvCXh/dist/rustdom.node)
==6492==    by 0x231F117F: _RNvMs2_NtNtCs4QMHp0v7l6B_4napi9js_values15object_propertyNtB5_8Property14with_utf8_name (in /home/guido/rustdom-selection-result-OEvCXh/dist/rustdom.node)
==6492==    by 0x2318FCDB: _RNvNvNtNtNtCs3Ir8cfnU9oH_7rustdom3dom4tree32___napi_impl_helper_NativeTree_1736___napi_register__NativeTree_impl_44420___ctor_private_inner (in /home/guido/rustdom-selection-result-OEvCXh/dist/rustdom.node)
==6492==    by 0x231B5185: _RNvNvNvNvNtNtNtCs3Ir8cfnU9oH_7rustdom3dom4tree32___napi_impl_helper_NativeTree_1736___napi_register__NativeTree_impl_4441__18___CTOR_PRIVATE_REF14___ctor_private (in /home/guido/rustdom-selection-result-OEvCXh/dist/rustdom.node)
==6492==    by 0x6B9F47D: call_init.part.0 (dl-init.c:70)
==6492==    by 0x6B9F567: call_init (dl-init.c:33)
==6492==    by 0x6B9F567: _dl_init (dl-init.c:117)
==6492==    by 0x78ADBB4: _dl_catch_exception (dl-error-skeleton.c:182)
==6492==    by 0x6BA6FF5: dl_open_worker (dl-open.c:808)
==6492==    by 0x6BA6FF5: dl_open_worker (dl-open.c:771)
==6492==    by 0x78ADB57: _dl_catch_exception (dl-error-skeleton.c:208)
==6492==    by 0x6BA734D: _dl_open (dl-open.c:883)
==6492==    by 0x77C95FB: dlopen_doit (dlopen.c:56)
==6492== 
==6492== 19 bytes in 1 blocks are possibly lost in loss record 281 of 427
==6492==    at 0x73E1899: malloc (in /mnt/c/Users/guido/ghq/projects/rustdom/.tools/valgrind/usr/libexec/valgrind/vgpreload_memcheck-amd64-linux.so)
==6492==    by 0x232471D2: _RNvXs0_NvMs_NtNtCs6i54tJFfzR_5alloc3ffi5c_strNtBa_7CString3newReNtB5_11SpecNewImpl13spec_new_impl (in /home/guido/rustdom-selection-result-OEvCXh/dist/rustdom.node)
==6492==    by 0x231F117F: _RNvMs2_NtNtCs4QMHp0v7l6B_4napi9js_values15object_propertyNtB5_8Property14with_utf8_name (in /home/guido/rustdom-selection-result-OEvCXh/dist/rustdom.node)
==6492==    by 0x2318FEE7: _RNvNvNtNtNtCs3Ir8cfnU9oH_7rustdom3dom4tree32___napi_impl_helper_NativeTree_1736___napi_register__NativeTree_impl_44420___ctor_private_inner (in /home/guido/rustdom-selection-result-OEvCXh/dist/rustdom.node)
==6492==    by 0x231B5185: _RNvNvNvNvNtNtNtCs3Ir8cfnU9oH_7rustdom3dom4tree32___napi_impl_helper_NativeTree_1736___napi_register__NativeTree_impl_4441__18___CTOR_PRIVATE_REF14___ctor_private (in /home/guido/rustdom-selection-result-OEvCXh/dist/rustdom.node)
==6492==    by 0x6B9F47D: call_init.part.0 (dl-init.c:70)
==6492==    by 0x6B9F567: call_init (dl-init.c:33)
==6492==    by 0x6B9F567: _dl_init (dl-init.c:117)
==6492==    by 0x78ADBB4: _dl_catch_exception (dl-error-skeleton.c:182)
==6492==    by 0x6BA6FF5: dl_open_worker (dl-open.c:808)
==6492==    by 0x6BA6FF5: dl_open_worker (dl-open.c:771)
==6492==    by 0x78ADB57: _dl_catch_exception (dl-error-skeleton.c:208)
==6492==    by 0x6BA734D: _dl_open (dl-open.c:883)
==6492==    by 0x77C95FB: dlopen_doit (dlopen.c:56)
==6492== 
==6492== 20 bytes in 1 blocks are possibly lost in loss record 282 of 427
==6492==    at 0x73E1899: malloc (in /mnt/c/Users/guido/ghq/projects/rustdom/.tools/valgrind/usr/libexec/valgrind/vgpreload_memcheck-amd64-linux.so)
==6492==    by 0x232471D2: _RNvXs0_NvMs_NtNtCs6i54tJFfzR_5alloc3ffi5c_strNtBa_7CString3newReNtB5_11SpecNewImpl13spec_new_impl (in /home/guido/rustdom-selection-result-OEvCXh/dist/rustdom.node)
==6492==    by 0x231F117F: _RNvMs2_NtNtCs4QMHp0v7l6B_4napi9js_values15object_propertyNtB5_8Property14with_utf8_name (in /home/guido/rustdom-selection-result-OEvCXh/dist/rustdom.node)
==6492==    by 0x231A9312: _RNvNvNvNvNtNtNtCs3Ir8cfnU9oH_7rustdom3dom19range_state_binding33___napi_impl_helper_NativeRange_1137___napi_register__NativeRange_impl_2221__18___CTOR_PRIVATE_REF14___ctor_private (in /home/guido/rustdom-selection-result-OEvCXh/dist/rustdom.node)
==6492==    by 0x6B9F47D: call_init.part.0 (dl-init.c:70)
==6492==    by 0x6B9F567: call_init (dl-init.c:33)
==6492==    by 0x6B9F567: _dl_init (dl-init.c:117)
==6492==    by 0x78ADBB4: _dl_catch_exception (dl-error-skeleton.c:182)
==6492==    by 0x6BA6FF5: dl_open_worker (dl-open.c:808)
==6492==    by 0x6BA6FF5: dl_open_worker (dl-open.c:771)
==6492==    by 0x78ADB57: _dl_catch_exception (dl-error-skeleton.c:208)
==6492==    by 0x6BA734D: _dl_open (dl-open.c:883)
==6492==    by 0x77C95FB: dlopen_doit (dlopen.c:56)
==6492==    by 0x78ADB57: _dl_catch_exception (dl-error-skeleton.c:208)
==6492== 
==6492== 20 bytes in 1 blocks are possibly lost in loss record 283 of 427
==6492==    at 0x73E1899: malloc (in /mnt/c/Users/guido/ghq/projects/rustdom/.tools/valgrind/usr/libexec/valgrind/vgpreload_memcheck-amd64-linux.so)
==6492==    by 0x232471D2: _RNvXs0_NvMs_NtNtCs6i54tJFfzR_5alloc3ffi5c_strNtBa_7CString3newReNtB5_11SpecNewImpl13spec_new_impl (in /home/guido/rustdom-selection-result-OEvCXh/dist/rustdom.node)
==6492==    by 0x231F117F: _RNvMs2_NtNtCs4QMHp0v7l6B_4napi9js_values15object_propertyNtB5_8Property14with_utf8_name (in /home/guido/rustdom-selection-result-OEvCXh/dist/rustdom.node)
==6492==    by 0x231B3D3F: _RNvNvNvNvNtNtNtCs3Ir8cfnU9oH_7rustdom3dom4tree32___napi_impl_helper_NativeTree_1636___napi_register__NativeTree_impl_3111__18___CTOR_PRIVATE_REF14___ctor_private (in /home/guido/rustdom-selection-result-OEvCXh/dist/rustdom.node)
==6492==    by 0x6B9F47D: call_init.part.0 (dl-init.c:70)
==6492==    by 0x6B9F567: call_init (dl-init.c:33)
==6492==    by 0x6B9F567: _dl_init (dl-init.c:117)
==6492==    by 0x78ADBB4: _dl_catch_exception (dl-error-skeleton.c:182)
==6492==    by 0x6BA6FF5: dl_open_worker (dl-open.c:808)
==6492==    by 0x6BA6FF5: dl_open_worker (dl-open.c:771)
==6492==    by 0x78ADB57: _dl_catch_exception (dl-error-skeleton.c:208)
==6492==    by 0x6BA734D: _dl_open (dl-open.c:883)
==6492==    by 0x77C95FB: dlopen_doit (dlopen.c:56)
==6492==    by 0x78ADB57: _dl_catch_exception (dl-error-skeleton.c:208)
==6492== 
==6492== 20 bytes in 1 blocks are possibly lost in loss record 284 of 427
==6492==    at 0x73E1899: malloc (in /mnt/c/Users/guido/ghq/projects/rustdom/.tools/valgrind/usr/libexec/valgrind/vgpreload_memcheck-amd64-linux.so)
==6492==    by 0x232471D2: _RNvXs0_NvMs_NtNtCs6i54tJFfzR_5alloc3ffi5c_strNtBa_7CString3newReNtB5_11SpecNewImpl13spec_new_impl (in /home/guido/rustdom-selection-result-OEvCXh/dist/rustdom.node)
==6492==    by 0x231F117F: _RNvMs2_NtNtCs4QMHp0v7l6B_4napi9js_values15object_propertyNtB5_8Property14with_utf8_name (in /home/guido/rustdom-selection-result-OEvCXh/dist/rustdom.node)
==6492==    by 0x2318AD07: _RNvNvNtNtNtCs3Ir8cfnU9oH_7rustdom3dom4tree32___napi_impl_helper_NativeTree_1736___napi_register__NativeTree_impl_44420___ctor_private_inner (in /home/guido/rustdom-selection-result-OEvCXh/dist/rustdom.node)
==6492==    by 0x231B5185: _RNvNvNvNvNtNtNtCs3Ir8cfnU9oH_7rustdom3dom4tree32___napi_impl_helper_NativeTree_1736___napi_register__NativeTree_impl_4441__18___CTOR_PRIVATE_REF14___ctor_private (in /home/guido/rustdom-selection-result-OEvCXh/dist/rustdom.node)
==6492==    by 0x6B9F47D: call_init.part.0 (dl-init.c:70)
==6492==    by 0x6B9F567: call_init (dl-init.c:33)
==6492==    by 0x6B9F567: _dl_init (dl-init.c:117)
==6492==    by 0x78ADBB4: _dl_catch_exception (dl-error-skeleton.c:182)
==6492==    by 0x6BA6FF5: dl_open_worker (dl-open.c:808)
==6492==    by 0x6BA6FF5: dl_open_worker (dl-open.c:771)
==6492==    by 0x78ADB57: _dl_catch_exception (dl-error-skeleton.c:208)
==6492==    by 0x6BA734D: _dl_open (dl-open.c:883)
==6492==    by 0x77C95FB: dlopen_doit (dlopen.c:56)
==6492== 
==6492== 20 bytes in 1 blocks are possibly lost in loss record 285 of 427
==6492==    at 0x73E1899: malloc (in /mnt/c/Users/guido/ghq/projects/rustdom/.tools/valgrind/usr/libexec/valgrind/vgpreload_memcheck-amd64-linux.so)
==6492==    by 0x232471D2: _RNvXs0_NvMs_NtNtCs6i54tJFfzR_5alloc3ffi5c_strNtBa_7CString3newReNtB5_11SpecNewImpl13spec_new_impl (in /home/guido/rustdom-selection-result-OEvCXh/dist/rustdom.node)
==6492==    by 0x231F117F: _RNvMs2_NtNtCs4QMHp0v7l6B_4napi9js_values15object_propertyNtB5_8Property14with_utf8_name (in /home/guido/rustdom-selection-result-OEvCXh/dist/rustdom.node)
==6492==    by 0x2318D803: _RNvNvNtNtNtCs3Ir8cfnU9oH_7rustdom3dom4tree32___napi_impl_helper_NativeTree_1736___napi_register__NativeTree_impl_44420___ctor_private_inner (in /home/guido/rustdom-selection-result-OEvCXh/dist/rustdom.node)
==6492==    by 0x231B5185: _RNvNvNvNvNtNtNtCs3Ir8cfnU9oH_7rustdom3dom4tree32___napi_impl_helper_NativeTree_1736___napi_register__NativeTree_impl_4441__18___CTOR_PRIVATE_REF14___ctor_private (in /home/guido/rustdom-selection-result-OEvCXh/dist/rustdom.node)
==6492==    by 0x6B9F47D: call_init.part.0 (dl-init.c:70)
==6492==    by 0x6B9F567: call_init (dl-init.c:33)
==6492==    by 0x6B9F567: _dl_init (dl-init.c:117)
==6492==    by 0x78ADBB4: _dl_catch_exception (dl-error-skeleton.c:182)
==6492==    by 0x6BA6FF5: dl_open_worker (dl-open.c:808)
==6492==    by 0x6BA6FF5: dl_open_worker (dl-open.c:771)
==6492==    by 0x78ADB57: _dl_catch_exception (dl-error-skeleton.c:208)
==6492==    by 0x6BA734D: _dl_open (dl-open.c:883)
==6492==    by 0x77C95FB: dlopen_doit (dlopen.c:56)
==6492== 
==6492== 20 bytes in 1 blocks are possibly lost in loss record 286 of 427
==6492==    at 0x73E1899: malloc (in /mnt/c/Users/guido/ghq/projects/rustdom/.tools/valgrind/usr/libexec/valgrind/vgpreload_memcheck-amd64-linux.so)
==6492==    by 0x232471D2: _RNvXs0_NvMs_NtNtCs6i54tJFfzR_5alloc3ffi5c_strNtBa_7CString3newReNtB5_11SpecNewImpl13spec_new_impl (in /home/guido/rustdom-selection-result-OEvCXh/dist/rustdom.node)
==6492==    by 0x231F117F: _RNvMs2_NtNtCs4QMHp0v7l6B_4napi9js_values15object_propertyNtB5_8Property14with_utf8_name (in /home/guido/rustdom-selection-result-OEvCXh/dist/rustdom.node)
==6492==    by 0x2318DC1B: _RNvNvNtNtNtCs3Ir8cfnU9oH_7rustdom3dom4tree32___napi_impl_helper_NativeTree_1736___napi_register__NativeTree_impl_44420___ctor_private_inner (in /home/guido/rustdom-selection-result-OEvCXh/dist/rustdom.node)
==6492==    by 0x231B5185: _RNvNvNvNvNtNtNtCs3Ir8cfnU9oH_7rustdom3dom4tree32___napi_impl_helper_NativeTree_1736___napi_register__NativeTree_impl_4441__18___CTOR_PRIVATE_REF14___ctor_private (in /home/guido/rustdom-selection-result-OEvCXh/dist/rustdom.node)
==6492==    by 0x6B9F47D: call_init.part.0 (dl-init.c:70)
==6492==    by 0x6B9F567: call_init (dl-init.c:33)
==6492==    by 0x6B9F567: _dl_init (dl-init.c:117)
==6492==    by 0x78ADBB4: _dl_catch_exception (dl-error-skeleton.c:182)
==6492==    by 0x6BA6FF5: dl_open_worker (dl-open.c:808)
==6492==    by 0x6BA6FF5: dl_open_worker (dl-open.c:771)
==6492==    by 0x78ADB57: _dl_catch_exception (dl-error-skeleton.c:208)
==6492==    by 0x6BA734D: _dl_open (dl-open.c:883)
==6492==    by 0x77C95FB: dlopen_doit (dlopen.c:56)
==6492== 
==6492== 20 bytes in 1 blocks are possibly lost in loss record 287 of 427
==6492==    at 0x73E1899: malloc (in /mnt/c/Users/guido/ghq/projects/rustdom/.tools/valgrind/usr/libexec/valgrind/vgpreload_memcheck-amd64-linux.so)
==6492==    by 0x232471D2: _RNvXs0_NvMs_NtNtCs6i54tJFfzR_5alloc3ffi5c_strNtBa_7CString3newReNtB5_11SpecNewImpl13spec_new_impl (in /home/guido/rustdom-selection-result-OEvCXh/dist/rustdom.node)
==6492==    by 0x231F117F: _RNvMs2_NtNtCs4QMHp0v7l6B_4napi9js_values15object_propertyNtB5_8Property14with_utf8_name (in /home/guido/rustdom-selection-result-OEvCXh/dist/rustdom.node)
==6492==    by 0x2318FBD5: _RNvNvNtNtNtCs3Ir8cfnU9oH_7rustdom3dom4tree32___napi_impl_helper_NativeTree_1736___napi_register__NativeTree_impl_44420___ctor_private_inner (in /home/guido/rustdom-selection-result-OEvCXh/dist/rustdom.node)
==6492==    by 0x231B5185: _RNvNvNvNvNtNtNtCs3Ir8cfnU9oH_7rustdom3dom4tree32___napi_impl_helper_NativeTree_1736___napi_register__NativeTree_impl_4441__18___CTOR_PRIVATE_REF14___ctor_private (in /home/guido/rustdom-selection-result-OEvCXh/dist/rustdom.node)
==6492==    by 0x6B9F47D: call_init.part.0 (dl-init.c:70)
==6492==    by 0x6B9F567: call_init (dl-init.c:33)
==6492==    by 0x6B9F567: _dl_init (dl-init.c:117)
==6492==    by 0x78ADBB4: _dl_catch_exception (dl-error-skeleton.c:182)
==6492==    by 0x6BA6FF5: dl_open_worker (dl-open.c:808)
==6492==    by 0x6BA6FF5: dl_open_worker (dl-open.c:771)
==6492==    by 0x78ADB57: _dl_catch_exception (dl-error-skeleton.c:208)
==6492==    by 0x6BA734D: _dl_open (dl-open.c:883)
==6492==    by 0x77C95FB: dlopen_doit (dlopen.c:56)
==6492== 
==6492== 20 bytes in 1 blocks are possibly lost in loss record 288 of 427
==6492==    at 0x73E1899: malloc (in /mnt/c/Users/guido/ghq/projects/rustdom/.tools/valgrind/usr/libexec/valgrind/vgpreload_memcheck-amd64-linux.so)
==6492==    by 0x232471D2: _RNvXs0_NvMs_NtNtCs6i54tJFfzR_5alloc3ffi5c_strNtBa_7CString3newReNtB5_11SpecNewImpl13spec_new_impl (in /home/guido/rustdom-selection-result-OEvCXh/dist/rustdom.node)
==6492==    by 0x231F117F: _RNvMs2_NtNtCs4QMHp0v7l6B_4napi9js_values15object_propertyNtB5_8Property14with_utf8_name (in /home/guido/rustdom-selection-result-OEvCXh/dist/rustdom.node)
==6492==    by 0x23190717: _RNvNvNtNtNtCs3Ir8cfnU9oH_7rustdom3dom4tree32___napi_impl_helper_NativeTree_1736___napi_register__NativeTree_impl_44420___ctor_private_inner (in /home/guido/rustdom-selection-result-OEvCXh/dist/rustdom.node)
==6492==    by 0x231B5185: _RNvNvNvNvNtNtNtCs3Ir8cfnU9oH_7rustdom3dom4tree32___napi_impl_helper_NativeTree_1736___napi_register__NativeTree_impl_4441__18___CTOR_PRIVATE_REF14___ctor_private (in /home/guido/rustdom-selection-result-OEvCXh/dist/rustdom.node)
==6492==    by 0x6B9F47D: call_init.part.0 (dl-init.c:70)
==6492==    by 0x6B9F567: call_init (dl-init.c:33)
==6492==    by 0x6B9F567: _dl_init (dl-init.c:117)
==6492==    by 0x78ADBB4: _dl_catch_exception (dl-error-skeleton.c:182)
==6492==    by 0x6BA6FF5: dl_open_worker (dl-open.c:808)
==6492==    by 0x6BA6FF5: dl_open_worker (dl-open.c:771)
==6492==    by 0x78ADB57: _dl_catch_exception (dl-error-skeleton.c:208)
==6492==    by 0x6BA734D: _dl_open (dl-open.c:883)
==6492==    by 0x77C95FB: dlopen_doit (dlopen.c:56)
==6492== 
==6492== 21 bytes in 1 blocks are possibly lost in loss record 289 of 427
==6492==    at 0x73E1899: malloc (in /mnt/c/Users/guido/ghq/projects/rustdom/.tools/valgrind/usr/libexec/valgrind/vgpreload_memcheck-amd64-linux.so)
==6492==    by 0x232471D2: _RNvXs0_NvMs_NtNtCs6i54tJFfzR_5alloc3ffi5c_strNtBa_7CString3newReNtB5_11SpecNewImpl13spec_new_impl (in /home/guido/rustdom-selection-result-OEvCXh/dist/rustdom.node)
==6492==    by 0x231F117F: _RNvMs2_NtNtCs4QMHp0v7l6B_4napi9js_values15object_propertyNtB5_8Property14with_utf8_name (in /home/guido/rustdom-selection-result-OEvCXh/dist/rustdom.node)
==6492==    by 0x231A951E: _RNvNvNvNvNtNtNtCs3Ir8cfnU9oH_7rustdom3dom19range_state_binding33___napi_impl_helper_NativeRange_1137___napi_register__NativeRange_impl_2221__18___CTOR_PRIVATE_REF14___ctor_private (in /home/guido/rustdom-selection-result-OEvCXh/dist/rustdom.node)
==6492==    by 0x6B9F47D: call_init.part.0 (dl-init.c:70)
==6492==    by 0x6B9F567: call_init (dl-init.c:33)
==6492==    by 0x6B9F567: _dl_init (dl-init.c:117)
==6492==    by 0x78ADBB4: _dl_catch_exception (dl-error-skeleton.c:182)
==6492==    by 0x6BA6FF5: dl_open_worker (dl-open.c:808)
==6492==    by 0x6BA6FF5: dl_open_worker (dl-open.c:771)
==6492==    by 0x78ADB57: _dl_catch_exception (dl-error-skeleton.c:208)
==6492==    by 0x6BA734D: _dl_open (dl-open.c:883)
==6492==    by 0x77C95FB: dlopen_doit (dlopen.c:56)
==6492==    by 0x78ADB57: _dl_catch_exception (dl-error-skeleton.c:208)
==6492== 
==6492== 21 bytes in 1 blocks are possibly lost in loss record 290 of 427
==6492==    at 0x73E1899: malloc (in /mnt/c/Users/guido/ghq/projects/rustdom/.tools/valgrind/usr/libexec/valgrind/vgpreload_memcheck-amd64-linux.so)
==6492==    by 0x232471D2: _RNvXs0_NvMs_NtNtCs6i54tJFfzR_5alloc3ffi5c_strNtBa_7CString3newReNtB5_11SpecNewImpl13spec_new_impl (in /home/guido/rustdom-selection-result-OEvCXh/dist/rustdom.node)
==6492==    by 0x231F117F: _RNvMs2_NtNtCs4QMHp0v7l6B_4napi9js_values15object_propertyNtB5_8Property14with_utf8_name (in /home/guido/rustdom-selection-result-OEvCXh/dist/rustdom.node)
==6492==    by 0x231B3C39: _RNvNvNvNvNtNtNtCs3Ir8cfnU9oH_7rustdom3dom4tree32___napi_impl_helper_NativeTree_1636___napi_register__NativeTree_impl_3111__18___CTOR_PRIVATE_REF14___ctor_private (in /home/guido/rustdom-selection-result-OEvCXh/dist/rustdom.node)
==6492==    by 0x6B9F47D: call_init.part.0 (dl-init.c:70)
==6492==    by 0x6B9F567: call_init (dl-init.c:33)
==6492==    by 0x6B9F567: _dl_init (dl-init.c:117)
==6492==    by 0x78ADBB4: _dl_catch_exception (dl-error-skeleton.c:182)
==6492==    by 0x6BA6FF5: dl_open_worker (dl-open.c:808)
==6492==    by 0x6BA6FF5: dl_open_worker (dl-open.c:771)
==6492==    by 0x78ADB57: _dl_catch_exception (dl-error-skeleton.c:208)
==6492==    by 0x6BA734D: _dl_open (dl-open.c:883)
==6492==    by 0x77C95FB: dlopen_doit (dlopen.c:56)
==6492==    by 0x78ADB57: _dl_catch_exception (dl-error-skeleton.c:208)
==6492== 
==6492== 21 bytes in 1 blocks are possibly lost in loss record 291 of 427
==6492==    at 0x73E1899: malloc (in /mnt/c/Users/guido/ghq/projects/rustdom/.tools/valgrind/usr/libexec/valgrind/vgpreload_memcheck-amd64-linux.so)
==6492==    by 0x232471D2: _RNvXs0_NvMs_NtNtCs6i54tJFfzR_5alloc3ffi5c_strNtBa_7CString3newReNtB5_11SpecNewImpl13spec_new_impl (in /home/guido/rustdom-selection-result-OEvCXh/dist/rustdom.node)
==6492==    by 0x231F117F: _RNvMs2_NtNtCs4QMHp0v7l6B_4napi9js_values15object_propertyNtB5_8Property14with_utf8_name (in /home/guido/rustdom-selection-result-OEvCXh/dist/rustdom.node)
==6492==    by 0x23188D3C: _RNvNvNtNtNtCs3Ir8cfnU9oH_7rustdom3dom4tree32___napi_impl_helper_NativeTree_1736___napi_register__NativeTree_impl_44420___ctor_private_inner (in /home/guido/rustdom-selection-result-OEvCXh/dist/rustdom.node)
==6492==    by 0x231B5185: _RNvNvNvNvNtNtNtCs3Ir8cfnU9oH_7rustdom3dom4tree32___napi_impl_helper_NativeTree_1736___napi_register__NativeTree_impl_4441__18___CTOR_PRIVATE_REF14___ctor_private (in /home/guido/rustdom-selection-result-OEvCXh/dist/rustdom.node)
==6492==    by 0x6B9F47D: call_init.part.0 (dl-init.c:70)
==6492==    by 0x6B9F567: call_init (dl-init.c:33)
==6492==    by 0x6B9F567: _dl_init (dl-init.c:117)
==6492==    by 0x78ADBB4: _dl_catch_exception (dl-error-skeleton.c:182)
==6492==    by 0x6BA6FF5: dl_open_worker (dl-open.c:808)
==6492==    by 0x6BA6FF5: dl_open_worker (dl-open.c:771)
==6492==    by 0x78ADB57: _dl_catch_exception (dl-error-skeleton.c:208)
==6492==    by 0x6BA734D: _dl_open (dl-open.c:883)
==6492==    by 0x77C95FB: dlopen_doit (dlopen.c:56)
==6492== 
==6492== 21 bytes in 1 blocks are possibly lost in loss record 292 of 427
==6492==    at 0x73E1899: malloc (in /mnt/c/Users/guido/ghq/projects/rustdom/.tools/valgrind/usr/libexec/valgrind/vgpreload_memcheck-amd64-linux.so)
==6492==    by 0x232471D2: _RNvXs0_NvMs_NtNtCs6i54tJFfzR_5alloc3ffi5c_strNtBa_7CString3newReNtB5_11SpecNewImpl13spec_new_impl (in /home/guido/rustdom-selection-result-OEvCXh/dist/rustdom.node)
==6492==    by 0x231F117F: _RNvMs2_NtNtCs4QMHp0v7l6B_4napi9js_values15object_propertyNtB5_8Property14with_utf8_name (in /home/guido/rustdom-selection-result-OEvCXh/dist/rustdom.node)
==6492==    by 0x2318C597: _RNvNvNtNtNtCs3Ir8cfnU9oH_7rustdom3dom4tree32___napi_impl_helper_NativeTree_1736___napi_register__NativeTree_impl_44420___ctor_private_inner (in /home/guido/rustdom-selection-result-OEvCXh/dist/rustdom.node)
==6492==    by 0x231B5185: _RNvNvNvNvNtNtNtCs3Ir8cfnU9oH_7rustdom3dom4tree32___napi_impl_helper_NativeTree_1736___napi_register__NativeTree_impl_4441__18___CTOR_PRIVATE_REF14___ctor_private (in /home/guido/rustdom-selection-result-OEvCXh/dist/rustdom.node)
==6492==    by 0x6B9F47D: call_init.part.0 (dl-init.c:70)
==6492==    by 0x6B9F567: call_init (dl-init.c:33)
==6492==    by 0x6B9F567: _dl_init (dl-init.c:117)
==6492==    by 0x78ADBB4: _dl_catch_exception (dl-error-skeleton.c:182)
==6492==    by 0x6BA6FF5: dl_open_worker (dl-open.c:808)
==6492==    by 0x6BA6FF5: dl_open_worker (dl-open.c:771)
==6492==    by 0x78ADB57: _dl_catch_exception (dl-error-skeleton.c:208)
==6492==    by 0x6BA734D: _dl_open (dl-open.c:883)
==6492==    by 0x77C95FB: dlopen_doit (dlopen.c:56)
==6492== 
==6492== 21 bytes in 1 blocks are possibly lost in loss record 293 of 427
==6492==    at 0x73E1899: malloc (in /mnt/c/Users/guido/ghq/projects/rustdom/.tools/valgrind/usr/libexec/valgrind/vgpreload_memcheck-amd64-linux.so)
==6492==    by 0x232471D2: _RNvXs0_NvMs_NtNtCs6i54tJFfzR_5alloc3ffi5c_strNtBa_7CString3newReNtB5_11SpecNewImpl13spec_new_impl (in /home/guido/rustdom-selection-result-OEvCXh/dist/rustdom.node)
==6492==    by 0x231F117F: _RNvMs2_NtNtCs4QMHp0v7l6B_4napi9js_values15object_propertyNtB5_8Property14with_utf8_name (in /home/guido/rustdom-selection-result-OEvCXh/dist/rustdom.node)
==6492==    by 0x2318CDC7: _RNvNvNtNtNtCs3Ir8cfnU9oH_7rustdom3dom4tree32___napi_impl_helper_NativeTree_1736___napi_register__NativeTree_impl_44420___ctor_private_inner (in /home/guido/rustdom-selection-result-OEvCXh/dist/rustdom.node)
==6492==    by 0x231B5185: _RNvNvNvNvNtNtNtCs3Ir8cfnU9oH_7rustdom3dom4tree32___napi_impl_helper_NativeTree_1736___napi_register__NativeTree_impl_4441__18___CTOR_PRIVATE_REF14___ctor_private (in /home/guido/rustdom-selection-result-OEvCXh/dist/rustdom.node)
==6492==    by 0x6B9F47D: call_init.part.0 (dl-init.c:70)
==6492==    by 0x6B9F567: call_init (dl-init.c:33)
==6492==    by 0x6B9F567: _dl_init (dl-init.c:117)
==6492==    by 0x78ADBB4: _dl_catch_exception (dl-error-skeleton.c:182)
==6492==    by 0x6BA6FF5: dl_open_worker (dl-open.c:808)
==6492==    by 0x6BA6FF5: dl_open_worker (dl-open.c:771)
==6492==    by 0x78ADB57: _dl_catch_exception (dl-error-skeleton.c:208)
==6492==    by 0x6BA734D: _dl_open (dl-open.c:883)
==6492==    by 0x77C95FB: dlopen_doit (dlopen.c:56)
==6492== 
==6492== 21 bytes in 1 blocks are possibly lost in loss record 294 of 427
==6492==    at 0x73E1899: malloc (in /mnt/c/Users/guido/ghq/projects/rustdom/.tools/valgrind/usr/libexec/valgrind/vgpreload_memcheck-amd64-linux.so)
==6492==    by 0x232471D2: _RNvXs0_NvMs_NtNtCs6i54tJFfzR_5alloc3ffi5c_strNtBa_7CString3newReNtB5_11SpecNewImpl13spec_new_impl (in /home/guido/rustdom-selection-result-OEvCXh/dist/rustdom.node)
==6492==    by 0x231F117F: _RNvMs2_NtNtCs4QMHp0v7l6B_4napi9js_values15object_propertyNtB5_8Property14with_utf8_name (in /home/guido/rustdom-selection-result-OEvCXh/dist/rustdom.node)
==6492==    by 0x2318D4F1: _RNvNvNtNtNtCs3Ir8cfnU9oH_7rustdom3dom4tree32___napi_impl_helper_NativeTree_1736___napi_register__NativeTree_impl_44420___ctor_private_inner (in /home/guido/rustdom-selection-result-OEvCXh/dist/rustdom.node)
==6492==    by 0x231B5185: _RNvNvNvNvNtNtNtCs3Ir8cfnU9oH_7rustdom3dom4tree32___napi_impl_helper_NativeTree_1736___napi_register__NativeTree_impl_4441__18___CTOR_PRIVATE_REF14___ctor_private (in /home/guido/rustdom-selection-result-OEvCXh/dist/rustdom.node)
==6492==    by 0x6B9F47D: call_init.part.0 (dl-init.c:70)
==6492==    by 0x6B9F567: call_init (dl-init.c:33)
==6492==    by 0x6B9F567: _dl_init (dl-init.c:117)
==6492==    by 0x78ADBB4: _dl_catch_exception (dl-error-skeleton.c:182)
==6492==    by 0x6BA6FF5: dl_open_worker (dl-open.c:808)
==6492==    by 0x6BA6FF5: dl_open_worker (dl-open.c:771)
==6492==    by 0x78ADB57: _dl_catch_exception (dl-error-skeleton.c:208)
==6492==    by 0x6BA734D: _dl_open (dl-open.c:883)
==6492==    by 0x77C95FB: dlopen_doit (dlopen.c:56)
==6492== 
==6492== 21 bytes in 1 blocks are possibly lost in loss record 295 of 427
==6492==    at 0x73E1899: malloc (in /mnt/c/Users/guido/ghq/projects/rustdom/.tools/valgrind/usr/libexec/valgrind/vgpreload_memcheck-amd64-linux.so)
==6492==    by 0x232471D2: _RNvXs0_NvMs_NtNtCs6i54tJFfzR_5alloc3ffi5c_strNtBa_7CString3newReNtB5_11SpecNewImpl13spec_new_impl (in /home/guido/rustdom-selection-result-OEvCXh/dist/rustdom.node)
==6492==    by 0x231F117F: _RNvMs2_NtNtCs4QMHp0v7l6B_4napi9js_values15object_propertyNtB5_8Property14with_utf8_name (in /home/guido/rustdom-selection-result-OEvCXh/dist/rustdom.node)
==6492==    by 0x2318D5F7: _RNvNvNtNtNtCs3Ir8cfnU9oH_7rustdom3dom4tree32___napi_impl_helper_NativeTree_1736___napi_register__NativeTree_impl_44420___ctor_private_inner (in /home/guido/rustdom-selection-result-OEvCXh/dist/rustdom.node)
==6492==    by 0x231B5185: _RNvNvNvNvNtNtNtCs3Ir8cfnU9oH_7rustdom3dom4tree32___napi_impl_helper_NativeTree_1736___napi_register__NativeTree_impl_4441__18___CTOR_PRIVATE_REF14___ctor_private (in /home/guido/rustdom-selection-result-OEvCXh/dist/rustdom.node)
==6492==    by 0x6B9F47D: call_init.part.0 (dl-init.c:70)
==6492==    by 0x6B9F567: call_init (dl-init.c:33)
==6492==    by 0x6B9F567: _dl_init (dl-init.c:117)
==6492==    by 0x78ADBB4: _dl_catch_exception (dl-error-skeleton.c:182)
==6492==    by 0x6BA6FF5: dl_open_worker (dl-open.c:808)
==6492==    by 0x6BA6FF5: dl_open_worker (dl-open.c:771)
==6492==    by 0x78ADB57: _dl_catch_exception (dl-error-skeleton.c:208)
==6492==    by 0x6BA734D: _dl_open (dl-open.c:883)
==6492==    by 0x77C95FB: dlopen_doit (dlopen.c:56)
==6492== 
==6492== 21 bytes in 1 blocks are possibly lost in loss record 296 of 427
==6492==    at 0x73E1899: malloc (in /mnt/c/Users/guido/ghq/projects/rustdom/.tools/valgrind/usr/libexec/valgrind/vgpreload_memcheck-amd64-linux.so)
==6492==    by 0x232471D2: _RNvXs0_NvMs_NtNtCs6i54tJFfzR_5alloc3ffi5c_strNtBa_7CString3newReNtB5_11SpecNewImpl13spec_new_impl (in /home/guido/rustdom-selection-result-OEvCXh/dist/rustdom.node)
==6492==    by 0x231F117F: _RNvMs2_NtNtCs4QMHp0v7l6B_4napi9js_values15object_propertyNtB5_8Property14with_utf8_name (in /home/guido/rustdom-selection-result-OEvCXh/dist/rustdom.node)
==6492==    by 0x2318E44B: _RNvNvNtNtNtCs3Ir8cfnU9oH_7rustdom3dom4tree32___napi_impl_helper_NativeTree_1736___napi_register__NativeTree_impl_44420___ctor_private_inner (in /home/guido/rustdom-selection-result-OEvCXh/dist/rustdom.node)
==6492==    by 0x231B5185: _RNvNvNvNvNtNtNtCs3Ir8cfnU9oH_7rustdom3dom4tree32___napi_impl_helper_NativeTree_1736___napi_register__NativeTree_impl_4441__18___CTOR_PRIVATE_REF14___ctor_private (in /home/guido/rustdom-selection-result-OEvCXh/dist/rustdom.node)
==6492==    by 0x6B9F47D: call_init.part.0 (dl-init.c:70)
==6492==    by 0x6B9F567: call_init (dl-init.c:33)
==6492==    by 0x6B9F567: _dl_init (dl-init.c:117)
==6492==    by 0x78ADBB4: _dl_catch_exception (dl-error-skeleton.c:182)
==6492==    by 0x6BA6FF5: dl_open_worker (dl-open.c:808)
==6492==    by 0x6BA6FF5: dl_open_worker (dl-open.c:771)
==6492==    by 0x78ADB57: _dl_catch_exception (dl-error-skeleton.c:208)
==6492==    by 0x6BA734D: _dl_open (dl-open.c:883)
==6492==    by 0x77C95FB: dlopen_doit (dlopen.c:56)
==6492== 
==6492== 21 bytes in 1 blocks are possibly lost in loss record 297 of 427
==6492==    at 0x73E1899: malloc (in /mnt/c/Users/guido/ghq/projects/rustdom/.tools/valgrind/usr/libexec/valgrind/vgpreload_memcheck-amd64-linux.so)
==6492==    by 0x232471D2: _RNvXs0_NvMs_NtNtCs6i54tJFfzR_5alloc3ffi5c_strNtBa_7CString3newReNtB5_11SpecNewImpl13spec_new_impl (in /home/guido/rustdom-selection-result-OEvCXh/dist/rustdom.node)
==6492==    by 0x231F117F: _RNvMs2_NtNtCs4QMHp0v7l6B_4napi9js_values15object_propertyNtB5_8Property14with_utf8_name (in /home/guido/rustdom-selection-result-OEvCXh/dist/rustdom.node)
==6492==    by 0x231901F9: _RNvNvNtNtNtCs3Ir8cfnU9oH_7rustdom3dom4tree32___napi_impl_helper_NativeTree_1736___napi_register__NativeTree_impl_44420___ctor_private_inner (in /home/guido/rustdom-selection-result-OEvCXh/dist/rustdom.node)
==6492==    by 0x231B5185: _RNvNvNvNvNtNtNtCs3Ir8cfnU9oH_7rustdom3dom4tree32___napi_impl_helper_NativeTree_1736___napi_register__NativeTree_impl_4441__18___CTOR_PRIVATE_REF14___ctor_private (in /home/guido/rustdom-selection-result-OEvCXh/dist/rustdom.node)
==6492==    by 0x6B9F47D: call_init.part.0 (dl-init.c:70)
==6492==    by 0x6B9F567: call_init (dl-init.c:33)
==6492==    by 0x6B9F567: _dl_init (dl-init.c:117)
==6492==    by 0x78ADBB4: _dl_catch_exception (dl-error-skeleton.c:182)
==6492==    by 0x6BA6FF5: dl_open_worker (dl-open.c:808)
==6492==    by 0x6BA6FF5: dl_open_worker (dl-open.c:771)
==6492==    by 0x78ADB57: _dl_catch_exception (dl-error-skeleton.c:208)
==6492==    by 0x6BA734D: _dl_open (dl-open.c:883)
==6492==    by 0x77C95FB: dlopen_doit (dlopen.c:56)
==6492== 
==6492== 21 bytes in 1 blocks are possibly lost in loss record 298 of 427
==6492==    at 0x73E1899: malloc (in /mnt/c/Users/guido/ghq/projects/rustdom/.tools/valgrind/usr/libexec/valgrind/vgpreload_memcheck-amd64-linux.so)
==6492==    by 0x232471D2: _RNvXs0_NvMs_NtNtCs6i54tJFfzR_5alloc3ffi5c_strNtBa_7CString3newReNtB5_11SpecNewImpl13spec_new_impl (in /home/guido/rustdom-selection-result-OEvCXh/dist/rustdom.node)
==6492==    by 0x231F117F: _RNvMs2_NtNtCs4QMHp0v7l6B_4napi9js_values15object_propertyNtB5_8Property14with_utf8_name (in /home/guido/rustdom-selection-result-OEvCXh/dist/rustdom.node)
==6492==    by 0x23190B2F: _RNvNvNtNtNtCs3Ir8cfnU9oH_7rustdom3dom4tree32___napi_impl_helper_NativeTree_1736___napi_register__NativeTree_impl_44420___ctor_private_inner (in /home/guido/rustdom-selection-result-OEvCXh/dist/rustdom.node)
==6492==    by 0x231B5185: _RNvNvNvNvNtNtNtCs3Ir8cfnU9oH_7rustdom3dom4tree32___napi_impl_helper_NativeTree_1736___napi_register__NativeTree_impl_4441__18___CTOR_PRIVATE_REF14___ctor_private (in /home/guido/rustdom-selection-result-OEvCXh/dist/rustdom.node)
==6492==    by 0x6B9F47D: call_init.part.0 (dl-init.c:70)
==6492==    by 0x6B9F567: call_init (dl-init.c:33)
==6492==    by 0x6B9F567: _dl_init (dl-init.c:117)
==6492==    by 0x78ADBB4: _dl_catch_exception (dl-error-skeleton.c:182)
==6492==    by 0x6BA6FF5: dl_open_worker (dl-open.c:808)
==6492==    by 0x6BA6FF5: dl_open_worker (dl-open.c:771)
==6492==    by 0x78ADB57: _dl_catch_exception (dl-error-skeleton.c:208)
==6492==    by 0x6BA734D: _dl_open (dl-open.c:883)
==6492==    by 0x77C95FB: dlopen_doit (dlopen.c:56)
==6492== 
==6492== 21 bytes in 1 blocks are possibly lost in loss record 299 of 427
==6492==    at 0x73E1899: malloc (in /mnt/c/Users/guido/ghq/projects/rustdom/.tools/valgrind/usr/libexec/valgrind/vgpreload_memcheck-amd64-linux.so)
==6492==    by 0x232471D2: _RNvXs0_NvMs_NtNtCs6i54tJFfzR_5alloc3ffi5c_strNtBa_7CString3newReNtB5_11SpecNewImpl13spec_new_impl (in /home/guido/rustdom-selection-result-OEvCXh/dist/rustdom.node)
==6492==    by 0x231F117F: _RNvMs2_NtNtCs4QMHp0v7l6B_4napi9js_values15object_propertyNtB5_8Property14with_utf8_name (in /home/guido/rustdom-selection-result-OEvCXh/dist/rustdom.node)
==6492==    by 0x231B52CB: _RNvNvNvNvNtNtNtCs3Ir8cfnU9oH_7rustdom3xml7binding37___napi_impl_helper_NativeXmlParser_2241___napi_register__NativeXmlParser_impl_4951__18___CTOR_PRIVATE_REF14___ctor_private (in /home/guido/rustdom-selection-result-OEvCXh/dist/rustdom.node)
==6492==    by 0x6B9F47D: call_init.part.0 (dl-init.c:70)
==6492==    by 0x6B9F567: call_init (dl-init.c:33)
==6492==    by 0x6B9F567: _dl_init (dl-init.c:117)
==6492==    by 0x78ADBB4: _dl_catch_exception (dl-error-skeleton.c:182)
==6492==    by 0x6BA6FF5: dl_open_worker (dl-open.c:808)
==6492==    by 0x6BA6FF5: dl_open_worker (dl-open.c:771)
==6492==    by 0x78ADB57: _dl_catch_exception (dl-error-skeleton.c:208)
==6492==    by 0x6BA734D: _dl_open (dl-open.c:883)
==6492==    by 0x77C95FB: dlopen_doit (dlopen.c:56)
==6492==    by 0x78ADB57: _dl_catch_exception (dl-error-skeleton.c:208)
==6492== 
==6492== 22 bytes in 1 blocks are possibly lost in loss record 300 of 427
==6492==    at 0x73E1899: malloc (in /mnt/c/Users/guido/ghq/projects/rustdom/.tools/valgrind/usr/libexec/valgrind/vgpreload_memcheck-amd64-linux.so)
==6492==    by 0x232471D2: _RNvXs0_NvMs_NtNtCs6i54tJFfzR_5alloc3ffi5c_strNtBa_7CString3newReNtB5_11SpecNewImpl13spec_new_impl (in /home/guido/rustdom-selection-result-OEvCXh/dist/rustdom.node)
==6492==    by 0x231F117F: _RNvMs2_NtNtCs4QMHp0v7l6B_4napi9js_values15object_propertyNtB5_8Property14with_utf8_name (in /home/guido/rustdom-selection-result-OEvCXh/dist/rustdom.node)
==6492==    by 0x2318A1C5: _RNvNvNtNtNtCs3Ir8cfnU9oH_7rustdom3dom4tree32___napi_impl_helper_NativeTree_1736___napi_register__NativeTree_impl_44420___ctor_private_inner (in /home/guido/rustdom-selection-result-OEvCXh/dist/rustdom.node)
==6492==    by 0x231B5185: _RNvNvNvNvNtNtNtCs3Ir8cfnU9oH_7rustdom3dom4tree32___napi_impl_helper_NativeTree_1736___napi_register__NativeTree_impl_4441__18___CTOR_PRIVATE_REF14___ctor_private (in /home/guido/rustdom-selection-result-OEvCXh/dist/rustdom.node)
==6492==    by 0x6B9F47D: call_init.part.0 (dl-init.c:70)
==6492==    by 0x6B9F567: call_init (dl-init.c:33)
==6492==    by 0x6B9F567: _dl_init (dl-init.c:117)
==6492==    by 0x78ADBB4: _dl_catch_exception (dl-error-skeleton.c:182)
==6492==    by 0x6BA6FF5: dl_open_worker (dl-open.c:808)
==6492==    by 0x6BA6FF5: dl_open_worker (dl-open.c:771)
==6492==    by 0x78ADB57: _dl_catch_exception (dl-error-skeleton.c:208)
==6492==    by 0x6BA734D: _dl_open (dl-open.c:883)
==6492==    by 0x77C95FB: dlopen_doit (dlopen.c:56)
==6492== 
==6492== 22 bytes in 1 blocks are possibly lost in loss record 301 of 427
==6492==    at 0x73E1899: malloc (in /mnt/c/Users/guido/ghq/projects/rustdom/.tools/valgrind/usr/libexec/valgrind/vgpreload_memcheck-amd64-linux.so)
==6492==    by 0x232471D2: _RNvXs0_NvMs_NtNtCs6i54tJFfzR_5alloc3ffi5c_strNtBa_7CString3newReNtB5_11SpecNewImpl13spec_new_impl (in /home/guido/rustdom-selection-result-OEvCXh/dist/rustdom.node)
==6492==    by 0x231F117F: _RNvMs2_NtNtCs4QMHp0v7l6B_4napi9js_values15object_propertyNtB5_8Property14with_utf8_name (in /home/guido/rustdom-selection-result-OEvCXh/dist/rustdom.node)
==6492==    by 0x2318C69D: _RNvNvNtNtNtCs3Ir8cfnU9oH_7rustdom3dom4tree32___napi_impl_helper_NativeTree_1736___napi_register__NativeTree_impl_44420___ctor_private_inner (in /home/guido/rustdom-selection-result-OEvCXh/dist/rustdom.node)
==6492==    by 0x231B5185: _RNvNvNvNvNtNtNtCs3Ir8cfnU9oH_7rustdom3dom4tree32___napi_impl_helper_NativeTree_1736___napi_register__NativeTree_impl_4441__18___CTOR_PRIVATE_REF14___ctor_private (in /home/guido/rustdom-selection-result-OEvCXh/dist/rustdom.node)
==6492==    by 0x6B9F47D: call_init.part.0 (dl-init.c:70)
==6492==    by 0x6B9F567: call_init (dl-init.c:33)
==6492==    by 0x6B9F567: _dl_init (dl-init.c:117)
==6492==    by 0x78ADBB4: _dl_catch_exception (dl-error-skeleton.c:182)
==6492==    by 0x6BA6FF5: dl_open_worker (dl-open.c:808)
==6492==    by 0x6BA6FF5: dl_open_worker (dl-open.c:771)
==6492==    by 0x78ADB57: _dl_catch_exception (dl-error-skeleton.c:208)
==6492==    by 0x6BA734D: _dl_open (dl-open.c:883)
==6492==    by 0x77C95FB: dlopen_doit (dlopen.c:56)
==6492== 
==6492== 22 bytes in 1 blocks are possibly lost in loss record 302 of 427
==6492==    at 0x73E1899: malloc (in /mnt/c/Users/guido/ghq/projects/rustdom/.tools/valgrind/usr/libexec/valgrind/vgpreload_memcheck-amd64-linux.so)
==6492==    by 0x232471D2: _RNvXs0_NvMs_NtNtCs6i54tJFfzR_5alloc3ffi5c_strNtBa_7CString3newReNtB5_11SpecNewImpl13spec_new_impl (in /home/guido/rustdom-selection-result-OEvCXh/dist/rustdom.node)
==6492==    by 0x231F117F: _RNvMs2_NtNtCs4QMHp0v7l6B_4napi9js_values15object_propertyNtB5_8Property14with_utf8_name (in /home/guido/rustdom-selection-result-OEvCXh/dist/rustdom.node)
==6492==    by 0x2318D1DF: _RNvNvNtNtNtCs3Ir8cfnU9oH_7rustdom3dom4tree32___napi_impl_helper_NativeTree_1736___napi_register__NativeTree_impl_44420___ctor_private_inner (in /home/guido/rustdom-selection-result-OEvCXh/dist/rustdom.node)
==6492==    by 0x231B5185: _RNvNvNvNvNtNtNtCs3Ir8cfnU9oH_7rustdom3dom4tree32___napi_impl_helper_NativeTree_1736___napi_register__NativeTree_impl_4441__18___CTOR_PRIVATE_REF14___ctor_private (in /home/guido/rustdom-selection-result-OEvCXh/dist/rustdom.node)
==6492==    by 0x6B9F47D: call_init.part.0 (dl-init.c:70)
==6492==    by 0x6B9F567: call_init (dl-init.c:33)
==6492==    by 0x6B9F567: _dl_init (dl-init.c:117)
==6492==    by 0x78ADBB4: _dl_catch_exception (dl-error-skeleton.c:182)
==6492==    by 0x6BA6FF5: dl_open_worker (dl-open.c:808)
==6492==    by 0x6BA6FF5: dl_open_worker (dl-open.c:771)
==6492==    by 0x78ADB57: _dl_catch_exception (dl-error-skeleton.c:208)
==6492==    by 0x6BA734D: _dl_open (dl-open.c:883)
==6492==    by 0x77C95FB: dlopen_doit (dlopen.c:56)
==6492== 
==6492== 23 bytes in 1 blocks are possibly lost in loss record 303 of 427
==6492==    at 0x73E1899: malloc (in /mnt/c/Users/guido/ghq/projects/rustdom/.tools/valgrind/usr/libexec/valgrind/vgpreload_memcheck-amd64-linux.so)
==6492==    by 0x232471D2: _RNvXs0_NvMs_NtNtCs6i54tJFfzR_5alloc3ffi5c_strNtBa_7CString3newReNtB5_11SpecNewImpl13spec_new_impl (in /home/guido/rustdom-selection-result-OEvCXh/dist/rustdom.node)
==6492==    by 0x231F117F: _RNvMs2_NtNtCs4QMHp0v7l6B_4napi9js_values15object_propertyNtB5_8Property14with_utf8_name (in /home/guido/rustdom-selection-result-OEvCXh/dist/rustdom.node)
==6492==    by 0x2318A4D7: _RNvNvNtNtNtCs3Ir8cfnU9oH_7rustdom3dom4tree32___napi_impl_helper_NativeTree_1736___napi_register__NativeTree_impl_44420___ctor_private_inner (in /home/guido/rustdom-selection-result-OEvCXh/dist/rustdom.node)
==6492==    by 0x231B5185: _RNvNvNvNvNtNtNtCs3Ir8cfnU9oH_7rustdom3dom4tree32___napi_impl_helper_NativeTree_1736___napi_register__NativeTree_impl_4441__18___CTOR_PRIVATE_REF14___ctor_private (in /home/guido/rustdom-selection-result-OEvCXh/dist/rustdom.node)
==6492==    by 0x6B9F47D: call_init.part.0 (dl-init.c:70)
==6492==    by 0x6B9F567: call_init (dl-init.c:33)
==6492==    by 0x6B9F567: _dl_init (dl-init.c:117)
==6492==    by 0x78ADBB4: _dl_catch_exception (dl-error-skeleton.c:182)
==6492==    by 0x6BA6FF5: dl_open_worker (dl-open.c:808)
==6492==    by 0x6BA6FF5: dl_open_worker (dl-open.c:771)
==6492==    by 0x78ADB57: _dl_catch_exception (dl-error-skeleton.c:208)
==6492==    by 0x6BA734D: _dl_open (dl-open.c:883)
==6492==    by 0x77C95FB: dlopen_doit (dlopen.c:56)
==6492== 
==6492== 23 bytes in 1 blocks are possibly lost in loss record 304 of 427
==6492==    at 0x73E1899: malloc (in /mnt/c/Users/guido/ghq/projects/rustdom/.tools/valgrind/usr/libexec/valgrind/vgpreload_memcheck-amd64-linux.so)
==6492==    by 0x232471D2: _RNvXs0_NvMs_NtNtCs6i54tJFfzR_5alloc3ffi5c_strNtBa_7CString3newReNtB5_11SpecNewImpl13spec_new_impl (in /home/guido/rustdom-selection-result-OEvCXh/dist/rustdom.node)
==6492==    by 0x231F117F: _RNvMs2_NtNtCs4QMHp0v7l6B_4napi9js_values15object_propertyNtB5_8Property14with_utf8_name (in /home/guido/rustdom-selection-result-OEvCXh/dist/rustdom.node)
==6492==    by 0x2318B019: _RNvNvNtNtNtCs3Ir8cfnU9oH_7rustdom3dom4tree32___napi_impl_helper_NativeTree_1736___napi_register__NativeTree_impl_44420___ctor_private_inner (in /home/guido/rustdom-selection-result-OEvCXh/dist/rustdom.node)
==6492==    by 0x231B5185: _RNvNvNvNvNtNtNtCs3Ir8cfnU9oH_7rustdom3dom4tree32___napi_impl_helper_NativeTree_1736___napi_register__NativeTree_impl_4441__18___CTOR_PRIVATE_REF14___ctor_private (in /home/guido/rustdom-selection-result-OEvCXh/dist/rustdom.node)
==6492==    by 0x6B9F47D: call_init.part.0 (dl-init.c:70)
==6492==    by 0x6B9F567: call_init (dl-init.c:33)
==6492==    by 0x6B9F567: _dl_init (dl-init.c:117)
==6492==    by 0x78ADBB4: _dl_catch_exception (dl-error-skeleton.c:182)
==6492==    by 0x6BA6FF5: dl_open_worker (dl-open.c:808)
==6492==    by 0x6BA6FF5: dl_open_worker (dl-open.c:771)
==6492==    by 0x78ADB57: _dl_catch_exception (dl-error-skeleton.c:208)
==6492==    by 0x6BA734D: _dl_open (dl-open.c:883)
==6492==    by 0x77C95FB: dlopen_doit (dlopen.c:56)
==6492== 
==6492== 23 bytes in 1 blocks are possibly lost in loss record 305 of 427
==6492==    at 0x73E1899: malloc (in /mnt/c/Users/guido/ghq/projects/rustdom/.tools/valgrind/usr/libexec/valgrind/vgpreload_memcheck-amd64-linux.so)
==6492==    by 0x232471D2: _RNvXs0_NvMs_NtNtCs6i54tJFfzR_5alloc3ffi5c_strNtBa_7CString3newReNtB5_11SpecNewImpl13spec_new_impl (in /home/guido/rustdom-selection-result-OEvCXh/dist/rustdom.node)
==6492==    by 0x231F117F: _RNvMs2_NtNtCs4QMHp0v7l6B_4napi9js_values15object_propertyNtB5_8Property14with_utf8_name (in /home/guido/rustdom-selection-result-OEvCXh/dist/rustdom.node)
==6492==    by 0x2318C8A9: _RNvNvNtNtNtCs3Ir8cfnU9oH_7rustdom3dom4tree32___napi_impl_helper_NativeTree_1736___napi_register__NativeTree_impl_44420___ctor_private_inner (in /home/guido/rustdom-selection-result-OEvCXh/dist/rustdom.node)
==6492==    by 0x231B5185: _RNvNvNvNvNtNtNtCs3Ir8cfnU9oH_7rustdom3dom4tree32___napi_impl_helper_NativeTree_1736___napi_register__NativeTree_impl_4441__18___CTOR_PRIVATE_REF14___ctor_private (in /home/guido/rustdom-selection-result-OEvCXh/dist/rustdom.node)
==6492==    by 0x6B9F47D: call_init.part.0 (dl-init.c:70)
==6492==    by 0x6B9F567: call_init (dl-init.c:33)
==6492==    by 0x6B9F567: _dl_init (dl-init.c:117)
==6492==    by 0x78ADBB4: _dl_catch_exception (dl-error-skeleton.c:182)
==6492==    by 0x6BA6FF5: dl_open_worker (dl-open.c:808)
==6492==    by 0x6BA6FF5: dl_open_worker (dl-open.c:771)
==6492==    by 0x78ADB57: _dl_catch_exception (dl-error-skeleton.c:208)
==6492==    by 0x6BA734D: _dl_open (dl-open.c:883)
==6492==    by 0x77C95FB: dlopen_doit (dlopen.c:56)
==6492== 
==6492== 23 bytes in 1 blocks are possibly lost in loss record 306 of 427
==6492==    at 0x73E1899: malloc (in /mnt/c/Users/guido/ghq/projects/rustdom/.tools/valgrind/usr/libexec/valgrind/vgpreload_memcheck-amd64-linux.so)
==6492==    by 0x232471D2: _RNvXs0_NvMs_NtNtCs6i54tJFfzR_5alloc3ffi5c_strNtBa_7CString3newReNtB5_11SpecNewImpl13spec_new_impl (in /home/guido/rustdom-selection-result-OEvCXh/dist/rustdom.node)
==6492==    by 0x231F117F: _RNvMs2_NtNtCs4QMHp0v7l6B_4napi9js_values15object_propertyNtB5_8Property14with_utf8_name (in /home/guido/rustdom-selection-result-OEvCXh/dist/rustdom.node)
==6492==    by 0x2318F4AB: _RNvNvNtNtNtCs3Ir8cfnU9oH_7rustdom3dom4tree32___napi_impl_helper_NativeTree_1736___napi_register__NativeTree_impl_44420___ctor_private_inner (in /home/guido/rustdom-selection-result-OEvCXh/dist/rustdom.node)
==6492==    by 0x231B5185: _RNvNvNvNvNtNtNtCs3Ir8cfnU9oH_7rustdom3dom4tree32___napi_impl_helper_NativeTree_1736___napi_register__NativeTree_impl_4441__18___CTOR_PRIVATE_REF14___ctor_private (in /home/guido/rustdom-selection-result-OEvCXh/dist/rustdom.node)
==6492==    by 0x6B9F47D: call_init.part.0 (dl-init.c:70)
==6492==    by 0x6B9F567: call_init (dl-init.c:33)
==6492==    by 0x6B9F567: _dl_init (dl-init.c:117)
==6492==    by 0x78ADBB4: _dl_catch_exception (dl-error-skeleton.c:182)
==6492==    by 0x6BA6FF5: dl_open_worker (dl-open.c:808)
==6492==    by 0x6BA6FF5: dl_open_worker (dl-open.c:771)
==6492==    by 0x78ADB57: _dl_catch_exception (dl-error-skeleton.c:208)
==6492==    by 0x6BA734D: _dl_open (dl-open.c:883)
==6492==    by 0x77C95FB: dlopen_doit (dlopen.c:56)
==6492== 
==6492== 23 bytes in 1 blocks are possibly lost in loss record 307 of 427
==6492==    at 0x73E1899: malloc (in /mnt/c/Users/guido/ghq/projects/rustdom/.tools/valgrind/usr/libexec/valgrind/vgpreload_memcheck-amd64-linux.so)
==6492==    by 0x232471D2: _RNvXs0_NvMs_NtNtCs6i54tJFfzR_5alloc3ffi5c_strNtBa_7CString3newReNtB5_11SpecNewImpl13spec_new_impl (in /home/guido/rustdom-selection-result-OEvCXh/dist/rustdom.node)
==6492==    by 0x231F117F: _RNvMs2_NtNtCs4QMHp0v7l6B_4napi9js_values15object_propertyNtB5_8Property14with_utf8_name (in /home/guido/rustdom-selection-result-OEvCXh/dist/rustdom.node)
==6492==    by 0x231900F3: _RNvNvNtNtNtCs3Ir8cfnU9oH_7rustdom3dom4tree32___napi_impl_helper_NativeTree_1736___napi_register__NativeTree_impl_44420___ctor_private_inner (in /home/guido/rustdom-selection-result-OEvCXh/dist/rustdom.node)
==6492==    by 0x231B5185: _RNvNvNvNvNtNtNtCs3Ir8cfnU9oH_7rustdom3dom4tree32___napi_impl_helper_NativeTree_1736___napi_register__NativeTree_impl_4441__18___CTOR_PRIVATE_REF14___ctor_private (in /home/guido/rustdom-selection-result-OEvCXh/dist/rustdom.node)
==6492==    by 0x6B9F47D: call_init.part.0 (dl-init.c:70)
==6492==    by 0x6B9F567: call_init (dl-init.c:33)
==6492==    by 0x6B9F567: _dl_init (dl-init.c:117)
==6492==    by 0x78ADBB4: _dl_catch_exception (dl-error-skeleton.c:182)
==6492==    by 0x6BA6FF5: dl_open_worker (dl-open.c:808)
==6492==    by 0x6BA6FF5: dl_open_worker (dl-open.c:771)
==6492==    by 0x78ADB57: _dl_catch_exception (dl-error-skeleton.c:208)
==6492==    by 0x6BA734D: _dl_open (dl-open.c:883)
==6492==    by 0x77C95FB: dlopen_doit (dlopen.c:56)
==6492== 
==6492== 23 bytes in 1 blocks are possibly lost in loss record 308 of 427
==6492==    at 0x73E1899: malloc (in /mnt/c/Users/guido/ghq/projects/rustdom/.tools/valgrind/usr/libexec/valgrind/vgpreload_memcheck-amd64-linux.so)
==6492==    by 0x232471D2: _RNvXs0_NvMs_NtNtCs6i54tJFfzR_5alloc3ffi5c_strNtBa_7CString3newReNtB5_11SpecNewImpl13spec_new_impl (in /home/guido/rustdom-selection-result-OEvCXh/dist/rustdom.node)
==6492==    by 0x231F117F: _RNvMs2_NtNtCs4QMHp0v7l6B_4napi9js_values15object_propertyNtB5_8Property14with_utf8_name (in /home/guido/rustdom-selection-result-OEvCXh/dist/rustdom.node)
==6492==    by 0x231902FF: _RNvNvNtNtNtCs3Ir8cfnU9oH_7rustdom3dom4tree32___napi_impl_helper_NativeTree_1736___napi_register__NativeTree_impl_44420___ctor_private_inner (in /home/guido/rustdom-selection-result-OEvCXh/dist/rustdom.node)
==6492==    by 0x231B5185: _RNvNvNvNvNtNtNtCs3Ir8cfnU9oH_7rustdom3dom4tree32___napi_impl_helper_NativeTree_1736___napi_register__NativeTree_impl_4441__18___CTOR_PRIVATE_REF14___ctor_private (in /home/guido/rustdom-selection-result-OEvCXh/dist/rustdom.node)
==6492==    by 0x6B9F47D: call_init.part.0 (dl-init.c:70)
==6492==    by 0x6B9F567: call_init (dl-init.c:33)
==6492==    by 0x6B9F567: _dl_init (dl-init.c:117)
==6492==    by 0x78ADBB4: _dl_catch_exception (dl-error-skeleton.c:182)
==6492==    by 0x6BA6FF5: dl_open_worker (dl-open.c:808)
==6492==    by 0x6BA6FF5: dl_open_worker (dl-open.c:771)
==6492==    by 0x78ADB57: _dl_catch_exception (dl-error-skeleton.c:208)
==6492==    by 0x6BA734D: _dl_open (dl-open.c:883)
==6492==    by 0x77C95FB: dlopen_doit (dlopen.c:56)
==6492== 
==6492== 24 bytes in 1 blocks are possibly lost in loss record 309 of 427
==6492==    at 0x73E1899: malloc (in /mnt/c/Users/guido/ghq/projects/rustdom/.tools/valgrind/usr/libexec/valgrind/vgpreload_memcheck-amd64-linux.so)
==6492==    by 0x232471D2: _RNvXs0_NvMs_NtNtCs6i54tJFfzR_5alloc3ffi5c_strNtBa_7CString3newReNtB5_11SpecNewImpl13spec_new_impl (in /home/guido/rustdom-selection-result-OEvCXh/dist/rustdom.node)
==6492==    by 0x231F117F: _RNvMs2_NtNtCs4QMHp0v7l6B_4napi9js_values15object_propertyNtB5_8Property14with_utf8_name (in /home/guido/rustdom-selection-result-OEvCXh/dist/rustdom.node)
==6492==    by 0x23189778: _RNvNvNtNtNtCs3Ir8cfnU9oH_7rustdom3dom4tree32___napi_impl_helper_NativeTree_1736___napi_register__NativeTree_impl_44420___ctor_private_inner (in /home/guido/rustdom-selection-result-OEvCXh/dist/rustdom.node)
==6492==    by 0x231B5185: _RNvNvNvNvNtNtNtCs3Ir8cfnU9oH_7rustdom3dom4tree32___napi_impl_helper_NativeTree_1736___napi_register__NativeTree_impl_4441__18___CTOR_PRIVATE_REF14___ctor_private (in /home/guido/rustdom-selection-result-OEvCXh/dist/rustdom.node)
==6492==    by 0x6B9F47D: call_init.part.0 (dl-init.c:70)
==6492==    by 0x6B9F567: call_init (dl-init.c:33)
==6492==    by 0x6B9F567: _dl_init (dl-init.c:117)
==6492==    by 0x78ADBB4: _dl_catch_exception (dl-error-skeleton.c:182)
==6492==    by 0x6BA6FF5: dl_open_worker (dl-open.c:808)
==6492==    by 0x6BA6FF5: dl_open_worker (dl-open.c:771)
==6492==    by 0x78ADB57: _dl_catch_exception (dl-error-skeleton.c:208)
==6492==    by 0x6BA734D: _dl_open (dl-open.c:883)
==6492==    by 0x77C95FB: dlopen_doit (dlopen.c:56)
==6492== 
==6492== 24 bytes in 1 blocks are possibly lost in loss record 310 of 427
==6492==    at 0x73E1899: malloc (in /mnt/c/Users/guido/ghq/projects/rustdom/.tools/valgrind/usr/libexec/valgrind/vgpreload_memcheck-amd64-linux.so)
==6492==    by 0x232471D2: _RNvXs0_NvMs_NtNtCs6i54tJFfzR_5alloc3ffi5c_strNtBa_7CString3newReNtB5_11SpecNewImpl13spec_new_impl (in /home/guido/rustdom-selection-result-OEvCXh/dist/rustdom.node)
==6492==    by 0x231F117F: _RNvMs2_NtNtCs4QMHp0v7l6B_4napi9js_values15object_propertyNtB5_8Property14with_utf8_name (in /home/guido/rustdom-selection-result-OEvCXh/dist/rustdom.node)
==6492==    by 0x23189984: _RNvNvNtNtNtCs3Ir8cfnU9oH_7rustdom3dom4tree32___napi_impl_helper_NativeTree_1736___napi_register__NativeTree_impl_44420___ctor_private_inner (in /home/guido/rustdom-selection-result-OEvCXh/dist/rustdom.node)
==6492==    by 0x231B5185: _RNvNvNvNvNtNtNtCs3Ir8cfnU9oH_7rustdom3dom4tree32___napi_impl_helper_NativeTree_1736___napi_register__NativeTree_impl_4441__18___CTOR_PRIVATE_REF14___ctor_private (in /home/guido/rustdom-selection-result-OEvCXh/dist/rustdom.node)
==6492==    by 0x6B9F47D: call_init.part.0 (dl-init.c:70)
==6492==    by 0x6B9F567: call_init (dl-init.c:33)
==6492==    by 0x6B9F567: _dl_init (dl-init.c:117)
==6492==    by 0x78ADBB4: _dl_catch_exception (dl-error-skeleton.c:182)
==6492==    by 0x6BA6FF5: dl_open_worker (dl-open.c:808)
==6492==    by 0x6BA6FF5: dl_open_worker (dl-open.c:771)
==6492==    by 0x78ADB57: _dl_catch_exception (dl-error-skeleton.c:208)
==6492==    by 0x6BA734D: _dl_open (dl-open.c:883)
==6492==    by 0x77C95FB: dlopen_doit (dlopen.c:56)
==6492== 
==6492== 24 bytes in 1 blocks are possibly lost in loss record 311 of 427
==6492==    at 0x73E1899: malloc (in /mnt/c/Users/guido/ghq/projects/rustdom/.tools/valgrind/usr/libexec/valgrind/vgpreload_memcheck-amd64-linux.so)
==6492==    by 0x232471D2: _RNvXs0_NvMs_NtNtCs6i54tJFfzR_5alloc3ffi5c_strNtBa_7CString3newReNtB5_11SpecNewImpl13spec_new_impl (in /home/guido/rustdom-selection-result-OEvCXh/dist/rustdom.node)
==6492==    by 0x231F117F: _RNvMs2_NtNtCs4QMHp0v7l6B_4napi9js_values15object_propertyNtB5_8Property14with_utf8_name (in /home/guido/rustdom-selection-result-OEvCXh/dist/rustdom.node)
==6492==    by 0x2318B849: _RNvNvNtNtNtCs3Ir8cfnU9oH_7rustdom3dom4tree32___napi_impl_helper_NativeTree_1736___napi_register__NativeTree_impl_44420___ctor_private_inner (in /home/guido/rustdom-selection-result-OEvCXh/dist/rustdom.node)
==6492==    by 0x231B5185: _RNvNvNvNvNtNtNtCs3Ir8cfnU9oH_7rustdom3dom4tree32___napi_impl_helper_NativeTree_1736___napi_register__NativeTree_impl_4441__18___CTOR_PRIVATE_REF14___ctor_private (in /home/guido/rustdom-selection-result-OEvCXh/dist/rustdom.node)
==6492==    by 0x6B9F47D: call_init.part.0 (dl-init.c:70)
==6492==    by 0x6B9F567: call_init (dl-init.c:33)
==6492==    by 0x6B9F567: _dl_init (dl-init.c:117)
==6492==    by 0x78ADBB4: _dl_catch_exception (dl-error-skeleton.c:182)
==6492==    by 0x6BA6FF5: dl_open_worker (dl-open.c:808)
==6492==    by 0x6BA6FF5: dl_open_worker (dl-open.c:771)
==6492==    by 0x78ADB57: _dl_catch_exception (dl-error-skeleton.c:208)
==6492==    by 0x6BA734D: _dl_open (dl-open.c:883)
==6492==    by 0x77C95FB: dlopen_doit (dlopen.c:56)
==6492== 
==6492== 24 bytes in 1 blocks are possibly lost in loss record 312 of 427
==6492==    at 0x73E1899: malloc (in /mnt/c/Users/guido/ghq/projects/rustdom/.tools/valgrind/usr/libexec/valgrind/vgpreload_memcheck-amd64-linux.so)
==6492==    by 0x232471D2: _RNvXs0_NvMs_NtNtCs6i54tJFfzR_5alloc3ffi5c_strNtBa_7CString3newReNtB5_11SpecNewImpl13spec_new_impl (in /home/guido/rustdom-selection-result-OEvCXh/dist/rustdom.node)
==6492==    by 0x231F117F: _RNvMs2_NtNtCs4QMHp0v7l6B_4napi9js_values15object_propertyNtB5_8Property14with_utf8_name (in /home/guido/rustdom-selection-result-OEvCXh/dist/rustdom.node)
==6492==    by 0x2318C079: _RNvNvNtNtNtCs3Ir8cfnU9oH_7rustdom3dom4tree32___napi_impl_helper_NativeTree_1736___napi_register__NativeTree_impl_44420___ctor_private_inner (in /home/guido/rustdom-selection-result-OEvCXh/dist/rustdom.node)
==6492==    by 0x231B5185: _RNvNvNvNvNtNtNtCs3Ir8cfnU9oH_7rustdom3dom4tree32___napi_impl_helper_NativeTree_1736___napi_register__NativeTree_impl_4441__18___CTOR_PRIVATE_REF14___ctor_private (in /home/guido/rustdom-selection-result-OEvCXh/dist/rustdom.node)
==6492==    by 0x6B9F47D: call_init.part.0 (dl-init.c:70)
==6492==    by 0x6B9F567: call_init (dl-init.c:33)
==6492==    by 0x6B9F567: _dl_init (dl-init.c:117)
==6492==    by 0x78ADBB4: _dl_catch_exception (dl-error-skeleton.c:182)
==6492==    by 0x6BA6FF5: dl_open_worker (dl-open.c:808)
==6492==    by 0x6BA6FF5: dl_open_worker (dl-open.c:771)
==6492==    by 0x78ADB57: _dl_catch_exception (dl-error-skeleton.c:208)
==6492==    by 0x6BA734D: _dl_open (dl-open.c:883)
==6492==    by 0x77C95FB: dlopen_doit (dlopen.c:56)
==6492== 
==6492== 24 bytes in 1 blocks are possibly lost in loss record 313 of 427
==6492==    at 0x73E1899: malloc (in /mnt/c/Users/guido/ghq/projects/rustdom/.tools/valgrind/usr/libexec/valgrind/vgpreload_memcheck-amd64-linux.so)
==6492==    by 0x232471D2: _RNvXs0_NvMs_NtNtCs6i54tJFfzR_5alloc3ffi5c_strNtBa_7CString3newReNtB5_11SpecNewImpl13spec_new_impl (in /home/guido/rustdom-selection-result-OEvCXh/dist/rustdom.node)
==6492==    by 0x231F117F: _RNvMs2_NtNtCs4QMHp0v7l6B_4napi9js_values15object_propertyNtB5_8Property14with_utf8_name (in /home/guido/rustdom-selection-result-OEvCXh/dist/rustdom.node)
==6492==    by 0x2318E033: _RNvNvNtNtNtCs3Ir8cfnU9oH_7rustdom3dom4tree32___napi_impl_helper_NativeTree_1736___napi_register__NativeTree_impl_44420___ctor_private_inner (in /home/guido/rustdom-selection-result-OEvCXh/dist/rustdom.node)
==6492==    by 0x231B5185: _RNvNvNvNvNtNtNtCs3Ir8cfnU9oH_7rustdom3dom4tree32___napi_impl_helper_NativeTree_1736___napi_register__NativeTree_impl_4441__18___CTOR_PRIVATE_REF14___ctor_private (in /home/guido/rustdom-selection-result-OEvCXh/dist/rustdom.node)
==6492==    by 0x6B9F47D: call_init.part.0 (dl-init.c:70)
==6492==    by 0x6B9F567: call_init (dl-init.c:33)
==6492==    by 0x6B9F567: _dl_init (dl-init.c:117)
==6492==    by 0x78ADBB4: _dl_catch_exception (dl-error-skeleton.c:182)
==6492==    by 0x6BA6FF5: dl_open_worker (dl-open.c:808)
==6492==    by 0x6BA6FF5: dl_open_worker (dl-open.c:771)
==6492==    by 0x78ADB57: _dl_catch_exception (dl-error-skeleton.c:208)
==6492==    by 0x6BA734D: _dl_open (dl-open.c:883)
==6492==    by 0x77C95FB: dlopen_doit (dlopen.c:56)
==6492== 
==6492== 24 bytes in 1 blocks are definitely lost in loss record 314 of 427
==6492==    at 0x73E1899: malloc (in /mnt/c/Users/guido/ghq/projects/rustdom/.tools/valgrind/usr/libexec/valgrind/vgpreload_memcheck-amd64-linux.so)
==6492==    by 0x1E096E0: CRYPTO_malloc (in /mnt/c/Users/guido/AppData/Local/Temp/rustdom-pr54-abort-retention-e991d78927094e13876cb3cd1a13dacf/.tools/node-v24.20.0-linux-x64/bin/node)
==6492==    by 0x1E02D2B: ossl_load_builtin_compressions (in /mnt/c/Users/guido/AppData/Local/Temp/rustdom-pr54-abort-retention-e991d78927094e13876cb3cd1a13dacf/.tools/node-v24.20.0-linux-x64/bin/node)
==6492==    by 0x1E031EC: context_init (in /mnt/c/Users/guido/AppData/Local/Temp/rustdom-pr54-abort-retention-e991d78927094e13876cb3cd1a13dacf/.tools/node-v24.20.0-linux-x64/bin/node)
==6492==    by 0x1E03249: default_context_do_init_ossl_ (in /mnt/c/Users/guido/AppData/Local/Temp/rustdom-pr54-abort-retention-e991d78927094e13876cb3cd1a13dacf/.tools/node-v24.20.0-linux-x64/bin/node)
==6492==    by 0x77D2EA7: __pthread_once_slow (pthread_once.c:116)
==6492==    by 0x1E1D858: CRYPTO_THREAD_run_once (in /mnt/c/Users/guido/AppData/Local/Temp/rustdom-pr54-abort-retention-e991d78927094e13876cb3cd1a13dacf/.tools/node-v24.20.0-linux-x64/bin/node)
==6492==    by 0x1E03992: OSSL_LIB_CTX_get0_global_default (in /mnt/c/Users/guido/AppData/Local/Temp/rustdom-pr54-abort-retention-e991d78927094e13876cb3cd1a13dacf/.tools/node-v24.20.0-linux-x64/bin/node)
==6492==    by 0x1D45CAB: ossl_config_int (in /mnt/c/Users/guido/AppData/Local/Temp/rustdom-pr54-abort-retention-e991d78927094e13876cb3cd1a13dacf/.tools/node-v24.20.0-linux-x64/bin/node)
==6492==    by 0x1E085BF: ossl_init_config_settings_ossl_ (in /mnt/c/Users/guido/AppData/Local/Temp/rustdom-pr54-abort-retention-e991d78927094e13876cb3cd1a13dacf/.tools/node-v24.20.0-linux-x64/bin/node)
==6492==    by 0x77D2EA7: __pthread_once_slow (pthread_once.c:116)
==6492==    by 0x1E1D858: CRYPTO_THREAD_run_once (in /mnt/c/Users/guido/AppData/Local/Temp/rustdom-pr54-abort-retention-e991d78927094e13876cb3cd1a13dacf/.tools/node-v24.20.0-linux-x64/bin/node)
==6492== 
==6492== 25 bytes in 1 blocks are possibly lost in loss record 315 of 427
==6492==    at 0x73E1899: malloc (in /mnt/c/Users/guido/ghq/projects/rustdom/.tools/valgrind/usr/libexec/valgrind/vgpreload_memcheck-amd64-linux.so)
==6492==    by 0x232471D2: _RNvXs0_NvMs_NtNtCs6i54tJFfzR_5alloc3ffi5c_strNtBa_7CString3newReNtB5_11SpecNewImpl13spec_new_impl (in /home/guido/rustdom-selection-result-OEvCXh/dist/rustdom.node)
==6492==    by 0x231F117F: _RNvMs2_NtNtCs4QMHp0v7l6B_4napi9js_values15object_propertyNtB5_8Property14with_utf8_name (in /home/guido/rustdom-selection-result-OEvCXh/dist/rustdom.node)
==6492==    by 0x231A5054: _RNvNvNvNvNtNtNtCs3Ir8cfnU9oH_7rustdom3dom19event_state_binding37___napi_impl_helper_NativeEventState_442___napi_register__NativeEventState_impl_1041__18___CTOR_PRIVATE_REF14___ctor_private (in /home/guido/rustdom-selection-result-OEvCXh/dist/rustdom.node)
==6492==    by 0x6B9F47D: call_init.part.0 (dl-init.c:70)
==6492==    by 0x6B9F567: call_init (dl-init.c:33)
==6492==    by 0x6B9F567: _dl_init (dl-init.c:117)
==6492==    by 0x78ADBB4: _dl_catch_exception (dl-error-skeleton.c:182)
==6492==    by 0x6BA6FF5: dl_open_worker (dl-open.c:808)
==6492==    by 0x6BA6FF5: dl_open_worker (dl-open.c:771)
==6492==    by 0x78ADB57: _dl_catch_exception (dl-error-skeleton.c:208)
==6492==    by 0x6BA734D: _dl_open (dl-open.c:883)
==6492==    by 0x77C95FB: dlopen_doit (dlopen.c:56)
==6492==    by 0x78ADB57: _dl_catch_exception (dl-error-skeleton.c:208)
==6492== 
==6492== 25 bytes in 1 blocks are possibly lost in loss record 316 of 427
==6492==    at 0x73E1899: malloc (in /mnt/c/Users/guido/ghq/projects/rustdom/.tools/valgrind/usr/libexec/valgrind/vgpreload_memcheck-amd64-linux.so)
==6492==    by 0x232471D2: _RNvXs0_NvMs_NtNtCs6i54tJFfzR_5alloc3ffi5c_strNtBa_7CString3newReNtB5_11SpecNewImpl13spec_new_impl (in /home/guido/rustdom-selection-result-OEvCXh/dist/rustdom.node)
==6492==    by 0x231F117F: _RNvMs2_NtNtCs4QMHp0v7l6B_4napi9js_values15object_propertyNtB5_8Property14with_utf8_name (in /home/guido/rustdom-selection-result-OEvCXh/dist/rustdom.node)
==6492==    by 0x23188728: _RNvNvNtNtNtCs3Ir8cfnU9oH_7rustdom3dom4tree32___napi_impl_helper_NativeTree_1736___napi_register__NativeTree_impl_44420___ctor_private_inner (in /home/guido/rustdom-selection-result-OEvCXh/dist/rustdom.node)
==6492==    by 0x231B5185: _RNvNvNvNvNtNtNtCs3Ir8cfnU9oH_7rustdom3dom4tree32___napi_impl_helper_NativeTree_1736___napi_register__NativeTree_impl_4441__18___CTOR_PRIVATE_REF14___ctor_private (in /home/guido/rustdom-selection-result-OEvCXh/dist/rustdom.node)
==6492==    by 0x6B9F47D: call_init.part.0 (dl-init.c:70)
==6492==    by 0x6B9F567: call_init (dl-init.c:33)
==6492==    by 0x6B9F567: _dl_init (dl-init.c:117)
==6492==    by 0x78ADBB4: _dl_catch_exception (dl-error-skeleton.c:182)
==6492==    by 0x6BA6FF5: dl_open_worker (dl-open.c:808)
==6492==    by 0x6BA6FF5: dl_open_worker (dl-open.c:771)
==6492==    by 0x78ADB57: _dl_catch_exception (dl-error-skeleton.c:208)
==6492==    by 0x6BA734D: _dl_open (dl-open.c:883)
==6492==    by 0x77C95FB: dlopen_doit (dlopen.c:56)
==6492== 
==6492== 25 bytes in 1 blocks are possibly lost in loss record 317 of 427
==6492==    at 0x73E1899: malloc (in /mnt/c/Users/guido/ghq/projects/rustdom/.tools/valgrind/usr/libexec/valgrind/vgpreload_memcheck-amd64-linux.so)
==6492==    by 0x232471D2: _RNvXs0_NvMs_NtNtCs6i54tJFfzR_5alloc3ffi5c_strNtBa_7CString3newReNtB5_11SpecNewImpl13spec_new_impl (in /home/guido/rustdom-selection-result-OEvCXh/dist/rustdom.node)
==6492==    by 0x231F117F: _RNvMs2_NtNtCs4QMHp0v7l6B_4napi9js_values15object_propertyNtB5_8Property14with_utf8_name (in /home/guido/rustdom-selection-result-OEvCXh/dist/rustdom.node)
==6492==    by 0x2318AF13: _RNvNvNtNtNtCs3Ir8cfnU9oH_7rustdom3dom4tree32___napi_impl_helper_NativeTree_1736___napi_register__NativeTree_impl_44420___ctor_private_inner (in /home/guido/rustdom-selection-result-OEvCXh/dist/rustdom.node)
==6492==    by 0x231B5185: _RNvNvNvNvNtNtNtCs3Ir8cfnU9oH_7rustdom3dom4tree32___napi_impl_helper_NativeTree_1736___napi_register__NativeTree_impl_4441__18___CTOR_PRIVATE_REF14___ctor_private (in /home/guido/rustdom-selection-result-OEvCXh/dist/rustdom.node)
==6492==    by 0x6B9F47D: call_init.part.0 (dl-init.c:70)
==6492==    by 0x6B9F567: call_init (dl-init.c:33)
==6492==    by 0x6B9F567: _dl_init (dl-init.c:117)
==6492==    by 0x78ADBB4: _dl_catch_exception (dl-error-skeleton.c:182)
==6492==    by 0x6BA6FF5: dl_open_worker (dl-open.c:808)
==6492==    by 0x6BA6FF5: dl_open_worker (dl-open.c:771)
==6492==    by 0x78ADB57: _dl_catch_exception (dl-error-skeleton.c:208)
==6492==    by 0x6BA734D: _dl_open (dl-open.c:883)
==6492==    by 0x77C95FB: dlopen_doit (dlopen.c:56)
==6492== 
==6492== 25 bytes in 1 blocks are possibly lost in loss record 318 of 427
==6492==    at 0x73E1899: malloc (in /mnt/c/Users/guido/ghq/projects/rustdom/.tools/valgrind/usr/libexec/valgrind/vgpreload_memcheck-amd64-linux.so)
==6492==    by 0x232471D2: _RNvXs0_NvMs_NtNtCs6i54tJFfzR_5alloc3ffi5c_strNtBa_7CString3newReNtB5_11SpecNewImpl13spec_new_impl (in /home/guido/rustdom-selection-result-OEvCXh/dist/rustdom.node)
==6492==    by 0x231F117F: _RNvMs2_NtNtCs4QMHp0v7l6B_4napi9js_values15object_propertyNtB5_8Property14with_utf8_name (in /home/guido/rustdom-selection-result-OEvCXh/dist/rustdom.node)
==6492==    by 0x2318B11F: _RNvNvNtNtNtCs3Ir8cfnU9oH_7rustdom3dom4tree32___napi_impl_helper_NativeTree_1736___napi_register__NativeTree_impl_44420___ctor_private_inner (in /home/guido/rustdom-selection-result-OEvCXh/dist/rustdom.node)
==6492==    by 0x231B5185: _RNvNvNvNvNtNtNtCs3Ir8cfnU9oH_7rustdom3dom4tree32___napi_impl_helper_NativeTree_1736___napi_register__NativeTree_impl_4441__18___CTOR_PRIVATE_REF14___ctor_private (in /home/guido/rustdom-selection-result-OEvCXh/dist/rustdom.node)
==6492==    by 0x6B9F47D: call_init.part.0 (dl-init.c:70)
==6492==    by 0x6B9F567: call_init (dl-init.c:33)
==6492==    by 0x6B9F567: _dl_init (dl-init.c:117)
==6492==    by 0x78ADBB4: _dl_catch_exception (dl-error-skeleton.c:182)
==6492==    by 0x6BA6FF5: dl_open_worker (dl-open.c:808)
==6492==    by 0x6BA6FF5: dl_open_worker (dl-open.c:771)
==6492==    by 0x78ADB57: _dl_catch_exception (dl-error-skeleton.c:208)
==6492==    by 0x6BA734D: _dl_open (dl-open.c:883)
==6492==    by 0x77C95FB: dlopen_doit (dlopen.c:56)
==6492== 
==6492== 25 bytes in 1 blocks are possibly lost in loss record 319 of 427
==6492==    at 0x73E1899: malloc (in /mnt/c/Users/guido/ghq/projects/rustdom/.tools/valgrind/usr/libexec/valgrind/vgpreload_memcheck-amd64-linux.so)
==6492==    by 0x232471D2: _RNvXs0_NvMs_NtNtCs6i54tJFfzR_5alloc3ffi5c_strNtBa_7CString3newReNtB5_11SpecNewImpl13spec_new_impl (in /home/guido/rustdom-selection-result-OEvCXh/dist/rustdom.node)
==6492==    by 0x231F117F: _RNvMs2_NtNtCs4QMHp0v7l6B_4napi9js_values15object_propertyNtB5_8Property14with_utf8_name (in /home/guido/rustdom-selection-result-OEvCXh/dist/rustdom.node)
==6492==    by 0x2318EF8D: _RNvNvNtNtNtCs3Ir8cfnU9oH_7rustdom3dom4tree32___napi_impl_helper_NativeTree_1736___napi_register__NativeTree_impl_44420___ctor_private_inner (in /home/guido/rustdom-selection-result-OEvCXh/dist/rustdom.node)
==6492==    by 0x231B5185: _RNvNvNvNvNtNtNtCs3Ir8cfnU9oH_7rustdom3dom4tree32___napi_impl_helper_NativeTree_1736___napi_register__NativeTree_impl_4441__18___CTOR_PRIVATE_REF14___ctor_private (in /home/guido/rustdom-selection-result-OEvCXh/dist/rustdom.node)
==6492==    by 0x6B9F47D: call_init.part.0 (dl-init.c:70)
==6492==    by 0x6B9F567: call_init (dl-init.c:33)
==6492==    by 0x6B9F567: _dl_init (dl-init.c:117)
==6492==    by 0x78ADBB4: _dl_catch_exception (dl-error-skeleton.c:182)
==6492==    by 0x6BA6FF5: dl_open_worker (dl-open.c:808)
==6492==    by 0x6BA6FF5: dl_open_worker (dl-open.c:771)
==6492==    by 0x78ADB57: _dl_catch_exception (dl-error-skeleton.c:208)
==6492==    by 0x6BA734D: _dl_open (dl-open.c:883)
==6492==    by 0x77C95FB: dlopen_doit (dlopen.c:56)
==6492== 
==6492== 25 bytes in 1 blocks are possibly lost in loss record 320 of 427
==6492==    at 0x73E1899: malloc (in /mnt/c/Users/guido/ghq/projects/rustdom/.tools/valgrind/usr/libexec/valgrind/vgpreload_memcheck-amd64-linux.so)
==6492==    by 0x232471D2: _RNvXs0_NvMs_NtNtCs6i54tJFfzR_5alloc3ffi5c_strNtBa_7CString3newReNtB5_11SpecNewImpl13spec_new_impl (in /home/guido/rustdom-selection-result-OEvCXh/dist/rustdom.node)
==6492==    by 0x231F117F: _RNvMs2_NtNtCs4QMHp0v7l6B_4napi9js_values15object_propertyNtB5_8Property14with_utf8_name (in /home/guido/rustdom-selection-result-OEvCXh/dist/rustdom.node)
==6492==    by 0x2318FDE1: _RNvNvNtNtNtCs3Ir8cfnU9oH_7rustdom3dom4tree32___napi_impl_helper_NativeTree_1736___napi_register__NativeTree_impl_44420___ctor_private_inner (in /home/guido/rustdom-selection-result-OEvCXh/dist/rustdom.node)
==6492==    by 0x231B5185: _RNvNvNvNvNtNtNtCs3Ir8cfnU9oH_7rustdom3dom4tree32___napi_impl_helper_NativeTree_1736___napi_register__NativeTree_impl_4441__18___CTOR_PRIVATE_REF14___ctor_private (in /home/guido/rustdom-selection-result-OEvCXh/dist/rustdom.node)
==6492==    by 0x6B9F47D: call_init.part.0 (dl-init.c:70)
==6492==    by 0x6B9F567: call_init (dl-init.c:33)
==6492==    by 0x6B9F567: _dl_init (dl-init.c:117)
==6492==    by 0x78ADBB4: _dl_catch_exception (dl-error-skeleton.c:182)
==6492==    by 0x6BA6FF5: dl_open_worker (dl-open.c:808)
==6492==    by 0x6BA6FF5: dl_open_worker (dl-open.c:771)
==6492==    by 0x78ADB57: _dl_catch_exception (dl-error-skeleton.c:208)
==6492==    by 0x6BA734D: _dl_open (dl-open.c:883)
==6492==    by 0x77C95FB: dlopen_doit (dlopen.c:56)
==6492== 
==6492== 26 bytes in 1 blocks are possibly lost in loss record 321 of 427
==6492==    at 0x73E1899: malloc (in /mnt/c/Users/guido/ghq/projects/rustdom/.tools/valgrind/usr/libexec/valgrind/vgpreload_memcheck-amd64-linux.so)
==6492==    by 0x232471D2: _RNvXs0_NvMs_NtNtCs6i54tJFfzR_5alloc3ffi5c_strNtBa_7CString3newReNtB5_11SpecNewImpl13spec_new_impl (in /home/guido/rustdom-selection-result-OEvCXh/dist/rustdom.node)
==6492==    by 0x231F117F: _RNvMs2_NtNtCs4QMHp0v7l6B_4napi9js_values15object_propertyNtB5_8Property14with_utf8_name (in /home/guido/rustdom-selection-result-OEvCXh/dist/rustdom.node)
==6492==    by 0x2318B94F: _RNvNvNtNtNtCs3Ir8cfnU9oH_7rustdom3dom4tree32___napi_impl_helper_NativeTree_1736___napi_register__NativeTree_impl_44420___ctor_private_inner (in /home/guido/rustdom-selection-result-OEvCXh/dist/rustdom.node)
==6492==    by 0x231B5185: _RNvNvNvNvNtNtNtCs3Ir8cfnU9oH_7rustdom3dom4tree32___napi_impl_helper_NativeTree_1736___napi_register__NativeTree_impl_4441__18___CTOR_PRIVATE_REF14___ctor_private (in /home/guido/rustdom-selection-result-OEvCXh/dist/rustdom.node)
==6492==    by 0x6B9F47D: call_init.part.0 (dl-init.c:70)
==6492==    by 0x6B9F567: call_init (dl-init.c:33)
==6492==    by 0x6B9F567: _dl_init (dl-init.c:117)
==6492==    by 0x78ADBB4: _dl_catch_exception (dl-error-skeleton.c:182)
==6492==    by 0x6BA6FF5: dl_open_worker (dl-open.c:808)
==6492==    by 0x6BA6FF5: dl_open_worker (dl-open.c:771)
==6492==    by 0x78ADB57: _dl_catch_exception (dl-error-skeleton.c:208)
==6492==    by 0x6BA734D: _dl_open (dl-open.c:883)
==6492==    by 0x77C95FB: dlopen_doit (dlopen.c:56)
==6492== 
==6492== 26 bytes in 1 blocks are possibly lost in loss record 322 of 427
==6492==    at 0x73E1899: malloc (in /mnt/c/Users/guido/ghq/projects/rustdom/.tools/valgrind/usr/libexec/valgrind/vgpreload_memcheck-amd64-linux.so)
==6492==    by 0x232471D2: _RNvXs0_NvMs_NtNtCs6i54tJFfzR_5alloc3ffi5c_strNtBa_7CString3newReNtB5_11SpecNewImpl13spec_new_impl (in /home/guido/rustdom-selection-result-OEvCXh/dist/rustdom.node)
==6492==    by 0x231F117F: _RNvMs2_NtNtCs4QMHp0v7l6B_4napi9js_values15object_propertyNtB5_8Property14with_utf8_name (in /home/guido/rustdom-selection-result-OEvCXh/dist/rustdom.node)
==6492==    by 0x2318F199: _RNvNvNtNtNtCs3Ir8cfnU9oH_7rustdom3dom4tree32___napi_impl_helper_NativeTree_1736___napi_register__NativeTree_impl_44420___ctor_private_inner (in /home/guido/rustdom-selection-result-OEvCXh/dist/rustdom.node)
==6492==    by 0x231B5185: _RNvNvNvNvNtNtNtCs3Ir8cfnU9oH_7rustdom3dom4tree32___napi_impl_helper_NativeTree_1736___napi_register__NativeTree_impl_4441__18___CTOR_PRIVATE_REF14___ctor_private (in /home/guido/rustdom-selection-result-OEvCXh/dist/rustdom.node)
==6492==    by 0x6B9F47D: call_init.part.0 (dl-init.c:70)
==6492==    by 0x6B9F567: call_init (dl-init.c:33)
==6492==    by 0x6B9F567: _dl_init (dl-init.c:117)
==6492==    by 0x78ADBB4: _dl_catch_exception (dl-error-skeleton.c:182)
==6492==    by 0x6BA6FF5: dl_open_worker (dl-open.c:808)
==6492==    by 0x6BA6FF5: dl_open_worker (dl-open.c:771)
==6492==    by 0x78ADB57: _dl_catch_exception (dl-error-skeleton.c:208)
==6492==    by 0x6BA734D: _dl_open (dl-open.c:883)
==6492==    by 0x77C95FB: dlopen_doit (dlopen.c:56)
==6492== 
==6492== 27 bytes in 1 blocks are possibly lost in loss record 323 of 427
==6492==    at 0x73E1899: malloc (in /mnt/c/Users/guido/ghq/projects/rustdom/.tools/valgrind/usr/libexec/valgrind/vgpreload_memcheck-amd64-linux.so)
==6492==    by 0x232471D2: _RNvXs0_NvMs_NtNtCs6i54tJFfzR_5alloc3ffi5c_strNtBa_7CString3newReNtB5_11SpecNewImpl13spec_new_impl (in /home/guido/rustdom-selection-result-OEvCXh/dist/rustdom.node)
==6492==    by 0x231F117F: _RNvMs2_NtNtCs4QMHp0v7l6B_4napi9js_values15object_propertyNtB5_8Property14with_utf8_name (in /home/guido/rustdom-selection-result-OEvCXh/dist/rustdom.node)
==6492==    by 0x23189FB9: _RNvNvNtNtNtCs3Ir8cfnU9oH_7rustdom3dom4tree32___napi_impl_helper_NativeTree_1736___napi_register__NativeTree_impl_44420___ctor_private_inner (in /home/guido/rustdom-selection-result-OEvCXh/dist/rustdom.node)
==6492==    by 0x231B5185: _RNvNvNvNvNtNtNtCs3Ir8cfnU9oH_7rustdom3dom4tree32___napi_impl_helper_NativeTree_1736___napi_register__NativeTree_impl_4441__18___CTOR_PRIVATE_REF14___ctor_private (in /home/guido/rustdom-selection-result-OEvCXh/dist/rustdom.node)
==6492==    by 0x6B9F47D: call_init.part.0 (dl-init.c:70)
==6492==    by 0x6B9F567: call_init (dl-init.c:33)
==6492==    by 0x6B9F567: _dl_init (dl-init.c:117)
==6492==    by 0x78ADBB4: _dl_catch_exception (dl-error-skeleton.c:182)
==6492==    by 0x6BA6FF5: dl_open_worker (dl-open.c:808)
==6492==    by 0x6BA6FF5: dl_open_worker (dl-open.c:771)
==6492==    by 0x78ADB57: _dl_catch_exception (dl-error-skeleton.c:208)
==6492==    by 0x6BA734D: _dl_open (dl-open.c:883)
==6492==    by 0x77C95FB: dlopen_doit (dlopen.c:56)
==6492== 
==6492== 27 bytes in 1 blocks are possibly lost in loss record 324 of 427
==6492==    at 0x73E1899: malloc (in /mnt/c/Users/guido/ghq/projects/rustdom/.tools/valgrind/usr/libexec/valgrind/vgpreload_memcheck-amd64-linux.so)
==6492==    by 0x232471D2: _RNvXs0_NvMs_NtNtCs6i54tJFfzR_5alloc3ffi5c_strNtBa_7CString3newReNtB5_11SpecNewImpl13spec_new_impl (in /home/guido/rustdom-selection-result-OEvCXh/dist/rustdom.node)
==6492==    by 0x231F117F: _RNvMs2_NtNtCs4QMHp0v7l6B_4napi9js_values15object_propertyNtB5_8Property14with_utf8_name (in /home/guido/rustdom-selection-result-OEvCXh/dist/rustdom.node)
==6492==    by 0x2318C491: _RNvNvNtNtNtCs3Ir8cfnU9oH_7rustdom3dom4tree32___napi_impl_helper_NativeTree_1736___napi_register__NativeTree_impl_44420___ctor_private_inner (in /home/guido/rustdom-selection-result-OEvCXh/dist/rustdom.node)
==6492==    by 0x231B5185: _RNvNvNvNvNtNtNtCs3Ir8cfnU9oH_7rustdom3dom4tree32___napi_impl_helper_NativeTree_1736___napi_register__NativeTree_impl_4441__18___CTOR_PRIVATE_REF14___ctor_private (in /home/guido/rustdom-selection-result-OEvCXh/dist/rustdom.node)
==6492==    by 0x6B9F47D: call_init.part.0 (dl-init.c:70)
==6492==    by 0x6B9F567: call_init (dl-init.c:33)
==6492==    by 0x6B9F567: _dl_init (dl-init.c:117)
==6492==    by 0x78ADBB4: _dl_catch_exception (dl-error-skeleton.c:182)
==6492==    by 0x6BA6FF5: dl_open_worker (dl-open.c:808)
==6492==    by 0x6BA6FF5: dl_open_worker (dl-open.c:771)
==6492==    by 0x78ADB57: _dl_catch_exception (dl-error-skeleton.c:208)
==6492==    by 0x6BA734D: _dl_open (dl-open.c:883)
==6492==    by 0x77C95FB: dlopen_doit (dlopen.c:56)
==6492== 
==6492== 27 bytes in 1 blocks are possibly lost in loss record 325 of 427
==6492==    at 0x73E1899: malloc (in /mnt/c/Users/guido/ghq/projects/rustdom/.tools/valgrind/usr/libexec/valgrind/vgpreload_memcheck-amd64-linux.so)
==6492==    by 0x232471D2: _RNvXs0_NvMs_NtNtCs6i54tJFfzR_5alloc3ffi5c_strNtBa_7CString3newReNtB5_11SpecNewImpl13spec_new_impl (in /home/guido/rustdom-selection-result-OEvCXh/dist/rustdom.node)
==6492==    by 0x231F117F: _RNvMs2_NtNtCs4QMHp0v7l6B_4napi9js_values15object_propertyNtB5_8Property14with_utf8_name (in /home/guido/rustdom-selection-result-OEvCXh/dist/rustdom.node)
==6492==    by 0x2318C7A3: _RNvNvNtNtNtCs3Ir8cfnU9oH_7rustdom3dom4tree32___napi_impl_helper_NativeTree_1736___napi_register__NativeTree_impl_44420___ctor_private_inner (in /home/guido/rustdom-selection-result-OEvCXh/dist/rustdom.node)
==6492==    by 0x231B5185: _RNvNvNvNvNtNtNtCs3Ir8cfnU9oH_7rustdom3dom4tree32___napi_impl_helper_NativeTree_1736___napi_register__NativeTree_impl_4441__18___CTOR_PRIVATE_REF14___ctor_private (in /home/guido/rustdom-selection-result-OEvCXh/dist/rustdom.node)
==6492==    by 0x6B9F47D: call_init.part.0 (dl-init.c:70)
==6492==    by 0x6B9F567: call_init (dl-init.c:33)
==6492==    by 0x6B9F567: _dl_init (dl-init.c:117)
==6492==    by 0x78ADBB4: _dl_catch_exception (dl-error-skeleton.c:182)
==6492==    by 0x6BA6FF5: dl_open_worker (dl-open.c:808)
==6492==    by 0x6BA6FF5: dl_open_worker (dl-open.c:771)
==6492==    by 0x78ADB57: _dl_catch_exception (dl-error-skeleton.c:208)
==6492==    by 0x6BA734D: _dl_open (dl-open.c:883)
==6492==    by 0x77C95FB: dlopen_doit (dlopen.c:56)
==6492== 
==6492== 27 bytes in 1 blocks are possibly lost in loss record 326 of 427
==6492==    at 0x73E1899: malloc (in /mnt/c/Users/guido/ghq/projects/rustdom/.tools/valgrind/usr/libexec/valgrind/vgpreload_memcheck-amd64-linux.so)
==6492==    by 0x232471D2: _RNvXs0_NvMs_NtNtCs6i54tJFfzR_5alloc3ffi5c_strNtBa_7CString3newReNtB5_11SpecNewImpl13spec_new_impl (in /home/guido/rustdom-selection-result-OEvCXh/dist/rustdom.node)
==6492==    by 0x231F117F: _RNvMs2_NtNtCs4QMHp0v7l6B_4napi9js_values15object_propertyNtB5_8Property14with_utf8_name (in /home/guido/rustdom-selection-result-OEvCXh/dist/rustdom.node)
==6492==    by 0x2318CFD3: _RNvNvNtNtNtCs3Ir8cfnU9oH_7rustdom3dom4tree32___napi_impl_helper_NativeTree_1736___napi_register__NativeTree_impl_44420___ctor_private_inner (in /home/guido/rustdom-selection-result-OEvCXh/dist/rustdom.node)
==6492==    by 0x231B5185: _RNvNvNvNvNtNtNtCs3Ir8cfnU9oH_7rustdom3dom4tree32___napi_impl_helper_NativeTree_1736___napi_register__NativeTree_impl_4441__18___CTOR_PRIVATE_REF14___ctor_private (in /home/guido/rustdom-selection-result-OEvCXh/dist/rustdom.node)
==6492==    by 0x6B9F47D: call_init.part.0 (dl-init.c:70)
==6492==    by 0x6B9F567: call_init (dl-init.c:33)
==6492==    by 0x6B9F567: _dl_init (dl-init.c:117)
==6492==    by 0x78ADBB4: _dl_catch_exception (dl-error-skeleton.c:182)
==6492==    by 0x6BA6FF5: dl_open_worker (dl-open.c:808)
==6492==    by 0x6BA6FF5: dl_open_worker (dl-open.c:771)
==6492==    by 0x78ADB57: _dl_catch_exception (dl-error-skeleton.c:208)
==6492==    by 0x6BA734D: _dl_open (dl-open.c:883)
==6492==    by 0x77C95FB: dlopen_doit (dlopen.c:56)
==6492== 
==6492== 28 bytes in 1 blocks are possibly lost in loss record 327 of 427
==6492==    at 0x73E1899: malloc (in /mnt/c/Users/guido/ghq/projects/rustdom/.tools/valgrind/usr/libexec/valgrind/vgpreload_memcheck-amd64-linux.so)
==6492==    by 0x232471D2: _RNvXs0_NvMs_NtNtCs6i54tJFfzR_5alloc3ffi5c_strNtBa_7CString3newReNtB5_11SpecNewImpl13spec_new_impl (in /home/guido/rustdom-selection-result-OEvCXh/dist/rustdom.node)
==6492==    by 0x231F117F: _RNvMs2_NtNtCs4QMHp0v7l6B_4napi9js_values15object_propertyNtB5_8Property14with_utf8_name (in /home/guido/rustdom-selection-result-OEvCXh/dist/rustdom.node)
==6492==    by 0x2318B537: _RNvNvNtNtNtCs3Ir8cfnU9oH_7rustdom3dom4tree32___napi_impl_helper_NativeTree_1736___napi_register__NativeTree_impl_44420___ctor_private_inner (in /home/guido/rustdom-selection-result-OEvCXh/dist/rustdom.node)
==6492==    by 0x231B5185: _RNvNvNvNvNtNtNtCs3Ir8cfnU9oH_7rustdom3dom4tree32___napi_impl_helper_NativeTree_1736___napi_register__NativeTree_impl_4441__18___CTOR_PRIVATE_REF14___ctor_private (in /home/guido/rustdom-selection-result-OEvCXh/dist/rustdom.node)
==6492==    by 0x6B9F47D: call_init.part.0 (dl-init.c:70)
==6492==    by 0x6B9F567: call_init (dl-init.c:33)
==6492==    by 0x6B9F567: _dl_init (dl-init.c:117)
==6492==    by 0x78ADBB4: _dl_catch_exception (dl-error-skeleton.c:182)
==6492==    by 0x6BA6FF5: dl_open_worker (dl-open.c:808)
==6492==    by 0x6BA6FF5: dl_open_worker (dl-open.c:771)
==6492==    by 0x78ADB57: _dl_catch_exception (dl-error-skeleton.c:208)
==6492==    by 0x6BA734D: _dl_open (dl-open.c:883)
==6492==    by 0x77C95FB: dlopen_doit (dlopen.c:56)
==6492== 
==6492== 28 bytes in 1 blocks are possibly lost in loss record 328 of 427
==6492==    at 0x73E1899: malloc (in /mnt/c/Users/guido/ghq/projects/rustdom/.tools/valgrind/usr/libexec/valgrind/vgpreload_memcheck-amd64-linux.so)
==6492==    by 0x232471D2: _RNvXs0_NvMs_NtNtCs6i54tJFfzR_5alloc3ffi5c_strNtBa_7CString3newReNtB5_11SpecNewImpl13spec_new_impl (in /home/guido/rustdom-selection-result-OEvCXh/dist/rustdom.node)
==6492==    by 0x231F117F: _RNvMs2_NtNtCs4QMHp0v7l6B_4napi9js_values15object_propertyNtB5_8Property14with_utf8_name (in /home/guido/rustdom-selection-result-OEvCXh/dist/rustdom.node)
==6492==    by 0x2318CAB5: _RNvNvNtNtNtCs3Ir8cfnU9oH_7rustdom3dom4tree32___napi_impl_helper_NativeTree_1736___napi_register__NativeTree_impl_44420___ctor_private_inner (in /home/guido/rustdom-selection-result-OEvCXh/dist/rustdom.node)
==6492==    by 0x231B5185: _RNvNvNvNvNtNtNtCs3Ir8cfnU9oH_7rustdom3dom4tree32___napi_impl_helper_NativeTree_1736___napi_register__NativeTree_impl_4441__18___CTOR_PRIVATE_REF14___ctor_private (in /home/guido/rustdom-selection-result-OEvCXh/dist/rustdom.node)
==6492==    by 0x6B9F47D: call_init.part.0 (dl-init.c:70)
==6492==    by 0x6B9F567: call_init (dl-init.c:33)
==6492==    by 0x6B9F567: _dl_init (dl-init.c:117)
==6492==    by 0x78ADBB4: _dl_catch_exception (dl-error-skeleton.c:182)
==6492==    by 0x6BA6FF5: dl_open_worker (dl-open.c:808)
==6492==    by 0x6BA6FF5: dl_open_worker (dl-open.c:771)
==6492==    by 0x78ADB57: _dl_catch_exception (dl-error-skeleton.c:208)
==6492==    by 0x6BA734D: _dl_open (dl-open.c:883)
==6492==    by 0x77C95FB: dlopen_doit (dlopen.c:56)
==6492== 
==6492== 28 bytes in 1 blocks are possibly lost in loss record 329 of 427
==6492==    at 0x73E1899: malloc (in /mnt/c/Users/guido/ghq/projects/rustdom/.tools/valgrind/usr/libexec/valgrind/vgpreload_memcheck-amd64-linux.so)
==6492==    by 0x232471D2: _RNvXs0_NvMs_NtNtCs6i54tJFfzR_5alloc3ffi5c_strNtBa_7CString3newReNtB5_11SpecNewImpl13spec_new_impl (in /home/guido/rustdom-selection-result-OEvCXh/dist/rustdom.node)
==6492==    by 0x231F117F: _RNvMs2_NtNtCs4QMHp0v7l6B_4napi9js_values15object_propertyNtB5_8Property14with_utf8_name (in /home/guido/rustdom-selection-result-OEvCXh/dist/rustdom.node)
==6492==    by 0x2318DB15: _RNvNvNtNtNtCs3Ir8cfnU9oH_7rustdom3dom4tree32___napi_impl_helper_NativeTree_1736___napi_register__NativeTree_impl_44420___ctor_private_inner (in /home/guido/rustdom-selection-result-OEvCXh/dist/rustdom.node)
==6492==    by 0x231B5185: _RNvNvNvNvNtNtNtCs3Ir8cfnU9oH_7rustdom3dom4tree32___napi_impl_helper_NativeTree_1736___napi_register__NativeTree_impl_4441__18___CTOR_PRIVATE_REF14___ctor_private (in /home/guido/rustdom-selection-result-OEvCXh/dist/rustdom.node)
==6492==    by 0x6B9F47D: call_init.part.0 (dl-init.c:70)
==6492==    by 0x6B9F567: call_init (dl-init.c:33)
==6492==    by 0x6B9F567: _dl_init (dl-init.c:117)
==6492==    by 0x78ADBB4: _dl_catch_exception (dl-error-skeleton.c:182)
==6492==    by 0x6BA6FF5: dl_open_worker (dl-open.c:808)
==6492==    by 0x6BA6FF5: dl_open_worker (dl-open.c:771)
==6492==    by 0x78ADB57: _dl_catch_exception (dl-error-skeleton.c:208)
==6492==    by 0x6BA734D: _dl_open (dl-open.c:883)
==6492==    by 0x77C95FB: dlopen_doit (dlopen.c:56)
==6492== 
==6492== 29 bytes in 1 blocks are possibly lost in loss record 330 of 427
==6492==    at 0x73E1899: malloc (in /mnt/c/Users/guido/ghq/projects/rustdom/.tools/valgrind/usr/libexec/valgrind/vgpreload_memcheck-amd64-linux.so)
==6492==    by 0x232471D2: _RNvXs0_NvMs_NtNtCs6i54tJFfzR_5alloc3ffi5c_strNtBa_7CString3newReNtB5_11SpecNewImpl13spec_new_impl (in /home/guido/rustdom-selection-result-OEvCXh/dist/rustdom.node)
==6492==    by 0x231F117F: _RNvMs2_NtNtCs4QMHp0v7l6B_4napi9js_values15object_propertyNtB5_8Property14with_utf8_name (in /home/guido/rustdom-selection-result-OEvCXh/dist/rustdom.node)
==6492==    by 0x2318BC61: _RNvNvNtNtNtCs3Ir8cfnU9oH_7rustdom3dom4tree32___napi_impl_helper_NativeTree_1736___napi_register__NativeTree_impl_44420___ctor_private_inner (in /home/guido/rustdom-selection-result-OEvCXh/dist/rustdom.node)
==6492==    by 0x231B5185: _RNvNvNvNvNtNtNtCs3Ir8cfnU9oH_7rustdom3dom4tree32___napi_impl_helper_NativeTree_1736___napi_register__NativeTree_impl_4441__18___CTOR_PRIVATE_REF14___ctor_private (in /home/guido/rustdom-selection-result-OEvCXh/dist/rustdom.node)
==6492==    by 0x6B9F47D: call_init.part.0 (dl-init.c:70)
==6492==    by 0x6B9F567: call_init (dl-init.c:33)
==6492==    by 0x6B9F567: _dl_init (dl-init.c:117)
==6492==    by 0x78ADBB4: _dl_catch_exception (dl-error-skeleton.c:182)
==6492==    by 0x6BA6FF5: dl_open_worker (dl-open.c:808)
==6492==    by 0x6BA6FF5: dl_open_worker (dl-open.c:771)
==6492==    by 0x78ADB57: _dl_catch_exception (dl-error-skeleton.c:208)
==6492==    by 0x6BA734D: _dl_open (dl-open.c:883)
==6492==    by 0x77C95FB: dlopen_doit (dlopen.c:56)
==6492== 
==6492== 29 bytes in 1 blocks are possibly lost in loss record 331 of 427
==6492==    at 0x73E1899: malloc (in /mnt/c/Users/guido/ghq/projects/rustdom/.tools/valgrind/usr/libexec/valgrind/vgpreload_memcheck-amd64-linux.so)
==6492==    by 0x232471D2: _RNvXs0_NvMs_NtNtCs6i54tJFfzR_5alloc3ffi5c_strNtBa_7CString3newReNtB5_11SpecNewImpl13spec_new_impl (in /home/guido/rustdom-selection-result-OEvCXh/dist/rustdom.node)
==6492==    by 0x231F117F: _RNvMs2_NtNtCs4QMHp0v7l6B_4napi9js_values15object_propertyNtB5_8Property14with_utf8_name (in /home/guido/rustdom-selection-result-OEvCXh/dist/rustdom.node)
==6492==    by 0x2318D909: _RNvNvNtNtNtCs3Ir8cfnU9oH_7rustdom3dom4tree32___napi_impl_helper_NativeTree_1736___napi_register__NativeTree_impl_44420___ctor_private_inner (in /home/guido/rustdom-selection-result-OEvCXh/dist/rustdom.node)
==6492==    by 0x231B5185: _RNvNvNvNvNtNtNtCs3Ir8cfnU9oH_7rustdom3dom4tree32___napi_impl_helper_NativeTree_1736___napi_register__NativeTree_impl_4441__18___CTOR_PRIVATE_REF14___ctor_private (in /home/guido/rustdom-selection-result-OEvCXh/dist/rustdom.node)
==6492==    by 0x6B9F47D: call_init.part.0 (dl-init.c:70)
==6492==    by 0x6B9F567: call_init (dl-init.c:33)
==6492==    by 0x6B9F567: _dl_init (dl-init.c:117)
==6492==    by 0x78ADBB4: _dl_catch_exception (dl-error-skeleton.c:182)
==6492==    by 0x6BA6FF5: dl_open_worker (dl-open.c:808)
==6492==    by 0x6BA6FF5: dl_open_worker (dl-open.c:771)
==6492==    by 0x78ADB57: _dl_catch_exception (dl-error-skeleton.c:208)
==6492==    by 0x6BA734D: _dl_open (dl-open.c:883)
==6492==    by 0x77C95FB: dlopen_doit (dlopen.c:56)
==6492== 
==6492== 29 bytes in 1 blocks are possibly lost in loss record 332 of 427
==6492==    at 0x73E1899: malloc (in /mnt/c/Users/guido/ghq/projects/rustdom/.tools/valgrind/usr/libexec/valgrind/vgpreload_memcheck-amd64-linux.so)
==6492==    by 0x232471D2: _RNvXs0_NvMs_NtNtCs6i54tJFfzR_5alloc3ffi5c_strNtBa_7CString3newReNtB5_11SpecNewImpl13spec_new_impl (in /home/guido/rustdom-selection-result-OEvCXh/dist/rustdom.node)
==6492==    by 0x231F117F: _RNvMs2_NtNtCs4QMHp0v7l6B_4napi9js_values15object_propertyNtB5_8Property14with_utf8_name (in /home/guido/rustdom-selection-result-OEvCXh/dist/rustdom.node)
==6492==    by 0x2318F3A5: _RNvNvNtNtNtCs3Ir8cfnU9oH_7rustdom3dom4tree32___napi_impl_helper_NativeTree_1736___napi_register__NativeTree_impl_44420___ctor_private_inner (in /home/guido/rustdom-selection-result-OEvCXh/dist/rustdom.node)
==6492==    by 0x231B5185: _RNvNvNvNvNtNtNtCs3Ir8cfnU9oH_7rustdom3dom4tree32___napi_impl_helper_NativeTree_1736___napi_register__NativeTree_impl_4441__18___CTOR_PRIVATE_REF14___ctor_private (in /home/guido/rustdom-selection-result-OEvCXh/dist/rustdom.node)
==6492==    by 0x6B9F47D: call_init.part.0 (dl-init.c:70)
==6492==    by 0x6B9F567: call_init (dl-init.c:33)
==6492==    by 0x6B9F567: _dl_init (dl-init.c:117)
==6492==    by 0x78ADBB4: _dl_catch_exception (dl-error-skeleton.c:182)
==6492==    by 0x6BA6FF5: dl_open_worker (dl-open.c:808)
==6492==    by 0x6BA6FF5: dl_open_worker (dl-open.c:771)
==6492==    by 0x78ADB57: _dl_catch_exception (dl-error-skeleton.c:208)
==6492==    by 0x6BA734D: _dl_open (dl-open.c:883)
==6492==    by 0x77C95FB: dlopen_doit (dlopen.c:56)
==6492== 
==6492== 30 bytes in 1 blocks are possibly lost in loss record 333 of 427
==6492==    at 0x73E1899: malloc (in /mnt/c/Users/guido/ghq/projects/rustdom/.tools/valgrind/usr/libexec/valgrind/vgpreload_memcheck-amd64-linux.so)
==6492==    by 0x232471D2: _RNvXs0_NvMs_NtNtCs6i54tJFfzR_5alloc3ffi5c_strNtBa_7CString3newReNtB5_11SpecNewImpl13spec_new_impl (in /home/guido/rustdom-selection-result-OEvCXh/dist/rustdom.node)
==6492==    by 0x231F117F: _RNvMs2_NtNtCs4QMHp0v7l6B_4napi9js_values15object_propertyNtB5_8Property14with_utf8_name (in /home/guido/rustdom-selection-result-OEvCXh/dist/rustdom.node)
==6492==    by 0x2318987E: _RNvNvNtNtNtCs3Ir8cfnU9oH_7rustdom3dom4tree32___napi_impl_helper_NativeTree_1736___napi_register__NativeTree_impl_44420___ctor_private_inner (in /home/guido/rustdom-selection-result-OEvCXh/dist/rustdom.node)
==6492==    by 0x231B5185: _RNvNvNvNvNtNtNtCs3Ir8cfnU9oH_7rustdom3dom4tree32___napi_impl_helper_NativeTree_1736___napi_register__NativeTree_impl_4441__18___CTOR_PRIVATE_REF14___ctor_private (in /home/guido/rustdom-selection-result-OEvCXh/dist/rustdom.node)
==6492==    by 0x6B9F47D: call_init.part.0 (dl-init.c:70)
==6492==    by 0x6B9F567: call_init (dl-init.c:33)
==6492==    by 0x6B9F567: _dl_init (dl-init.c:117)
==6492==    by 0x78ADBB4: _dl_catch_exception (dl-error-skeleton.c:182)
==6492==    by 0x6BA6FF5: dl_open_worker (dl-open.c:808)
==6492==    by 0x6BA6FF5: dl_open_worker (dl-open.c:771)
==6492==    by 0x78ADB57: _dl_catch_exception (dl-error-skeleton.c:208)
==6492==    by 0x6BA734D: _dl_open (dl-open.c:883)
==6492==    by 0x77C95FB: dlopen_doit (dlopen.c:56)
==6492== 
==6492== 30 bytes in 1 blocks are possibly lost in loss record 334 of 427
==6492==    at 0x73E1899: malloc (in /mnt/c/Users/guido/ghq/projects/rustdom/.tools/valgrind/usr/libexec/valgrind/vgpreload_memcheck-amd64-linux.so)
==6492==    by 0x232471D2: _RNvXs0_NvMs_NtNtCs6i54tJFfzR_5alloc3ffi5c_strNtBa_7CString3newReNtB5_11SpecNewImpl13spec_new_impl (in /home/guido/rustdom-selection-result-OEvCXh/dist/rustdom.node)
==6492==    by 0x231F117F: _RNvMs2_NtNtCs4QMHp0v7l6B_4napi9js_values15object_propertyNtB5_8Property14with_utf8_name (in /home/guido/rustdom-selection-result-OEvCXh/dist/rustdom.node)
==6492==    by 0x2318AE0D: _RNvNvNtNtNtCs3Ir8cfnU9oH_7rustdom3dom4tree32___napi_impl_helper_NativeTree_1736___napi_register__NativeTree_impl_44420___ctor_private_inner (in /home/guido/rustdom-selection-result-OEvCXh/dist/rustdom.node)
==6492==    by 0x231B5185: _RNvNvNvNvNtNtNtCs3Ir8cfnU9oH_7rustdom3dom4tree32___napi_impl_helper_NativeTree_1736___napi_register__NativeTree_impl_4441__18___CTOR_PRIVATE_REF14___ctor_private (in /home/guido/rustdom-selection-result-OEvCXh/dist/rustdom.node)
==6492==    by 0x6B9F47D: call_init.part.0 (dl-init.c:70)
==6492==    by 0x6B9F567: call_init (dl-init.c:33)
==6492==    by 0x6B9F567: _dl_init (dl-init.c:117)
==6492==    by 0x78ADBB4: _dl_catch_exception (dl-error-skeleton.c:182)
==6492==    by 0x6BA6FF5: dl_open_worker (dl-open.c:808)
==6492==    by 0x6BA6FF5: dl_open_worker (dl-open.c:771)
==6492==    by 0x78ADB57: _dl_catch_exception (dl-error-skeleton.c:208)
==6492==    by 0x6BA734D: _dl_open (dl-open.c:883)
==6492==    by 0x77C95FB: dlopen_doit (dlopen.c:56)
==6492== 
==6492== 30 bytes in 1 blocks are possibly lost in loss record 335 of 427
==6492==    at 0x73E1899: malloc (in /mnt/c/Users/guido/ghq/projects/rustdom/.tools/valgrind/usr/libexec/valgrind/vgpreload_memcheck-amd64-linux.so)
==6492==    by 0x232471D2: _RNvXs0_NvMs_NtNtCs6i54tJFfzR_5alloc3ffi5c_strNtBa_7CString3newReNtB5_11SpecNewImpl13spec_new_impl (in /home/guido/rustdom-selection-result-OEvCXh/dist/rustdom.node)
==6492==    by 0x231F117F: _RNvMs2_NtNtCs4QMHp0v7l6B_4napi9js_values15object_propertyNtB5_8Property14with_utf8_name (in /home/guido/rustdom-selection-result-OEvCXh/dist/rustdom.node)
==6492==    by 0x23190405: _RNvNvNtNtNtCs3Ir8cfnU9oH_7rustdom3dom4tree32___napi_impl_helper_NativeTree_1736___napi_register__NativeTree_impl_44420___ctor_private_inner (in /home/guido/rustdom-selection-result-OEvCXh/dist/rustdom.node)
==6492==    by 0x231B5185: _RNvNvNvNvNtNtNtCs3Ir8cfnU9oH_7rustdom3dom4tree32___napi_impl_helper_NativeTree_1736___napi_register__NativeTree_impl_4441__18___CTOR_PRIVATE_REF14___ctor_private (in /home/guido/rustdom-selection-result-OEvCXh/dist/rustdom.node)
==6492==    by 0x6B9F47D: call_init.part.0 (dl-init.c:70)
==6492==    by 0x6B9F567: call_init (dl-init.c:33)
==6492==    by 0x6B9F567: _dl_init (dl-init.c:117)
==6492==    by 0x78ADBB4: _dl_catch_exception (dl-error-skeleton.c:182)
==6492==    by 0x6BA6FF5: dl_open_worker (dl-open.c:808)
==6492==    by 0x6BA6FF5: dl_open_worker (dl-open.c:771)
==6492==    by 0x78ADB57: _dl_catch_exception (dl-error-skeleton.c:208)
==6492==    by 0x6BA734D: _dl_open (dl-open.c:883)
==6492==    by 0x77C95FB: dlopen_doit (dlopen.c:56)
==6492== 
==6492== 31 bytes in 1 blocks are possibly lost in loss record 336 of 427
==6492==    at 0x73E1899: malloc (in /mnt/c/Users/guido/ghq/projects/rustdom/.tools/valgrind/usr/libexec/valgrind/vgpreload_memcheck-amd64-linux.so)
==6492==    by 0x232471D2: _RNvXs0_NvMs_NtNtCs6i54tJFfzR_5alloc3ffi5c_strNtBa_7CString3newReNtB5_11SpecNewImpl13spec_new_impl (in /home/guido/rustdom-selection-result-OEvCXh/dist/rustdom.node)
==6492==    by 0x231F117F: _RNvMs2_NtNtCs4QMHp0v7l6B_4napi9js_values15object_propertyNtB5_8Property14with_utf8_name (in /home/guido/rustdom-selection-result-OEvCXh/dist/rustdom.node)
==6492==    by 0x2318C38B: _RNvNvNtNtNtCs3Ir8cfnU9oH_7rustdom3dom4tree32___napi_impl_helper_NativeTree_1736___napi_register__NativeTree_impl_44420___ctor_private_inner (in /home/guido/rustdom-selection-result-OEvCXh/dist/rustdom.node)
==6492==    by 0x231B5185: _RNvNvNvNvNtNtNtCs3Ir8cfnU9oH_7rustdom3dom4tree32___napi_impl_helper_NativeTree_1736___napi_register__NativeTree_impl_4441__18___CTOR_PRIVATE_REF14___ctor_private (in /home/guido/rustdom-selection-result-OEvCXh/dist/rustdom.node)
==6492==    by 0x6B9F47D: call_init.part.0 (dl-init.c:70)
==6492==    by 0x6B9F567: call_init (dl-init.c:33)
==6492==    by 0x6B9F567: _dl_init (dl-init.c:117)
==6492==    by 0x78ADBB4: _dl_catch_exception (dl-error-skeleton.c:182)
==6492==    by 0x6BA6FF5: dl_open_worker (dl-open.c:808)
==6492==    by 0x6BA6FF5: dl_open_worker (dl-open.c:771)
==6492==    by 0x78ADB57: _dl_catch_exception (dl-error-skeleton.c:208)
==6492==    by 0x6BA734D: _dl_open (dl-open.c:883)
==6492==    by 0x77C95FB: dlopen_doit (dlopen.c:56)
==6492== 
==6492== 32 bytes in 1 blocks are still reachable in loss record 337 of 427
==6492==    at 0x73E2013: operator new(unsigned long) (in /mnt/c/Users/guido/ghq/projects/rustdom/.tools/valgrind/usr/libexec/valgrind/vgpreload_memcheck-amd64-linux.so)
==6492==    by 0x9D5D58: node::PerIsolatePlatformData::FlushForegroundTasksInternal() (in /mnt/c/Users/guido/AppData/Local/Temp/rustdom-pr54-abort-retention-e991d78927094e13876cb3cd1a13dacf/.tools/node-v24.20.0-linux-x64/bin/node)
==6492==    by 0x19FBA52: uv__async_io (async.c:208)
==6492==    by 0x1A12859: uv__io_poll (linux.c:1546)
==6492==    by 0x19FCC86: uv_run (core.c:460)
==6492==    by 0x803734: node::SpinEventLoopInternal(node::Environment*) (in /mnt/c/Users/guido/AppData/Local/Temp/rustdom-pr54-abort-retention-e991d78927094e13876cb3cd1a13dacf/.tools/node-v24.20.0-linux-x64/bin/node)
==6492==    by 0x989FC9: node::NodeMainInstance::Run() (in /mnt/c/Users/guido/AppData/Local/Temp/rustdom-pr54-abort-retention-e991d78927094e13876cb3cd1a13dacf/.tools/node-v24.20.0-linux-x64/bin/node)
==6492==    by 0x8C71A4: node::Start(int, char**) (in /mnt/c/Users/guido/AppData/Local/Temp/rustdom-pr54-abort-retention-e991d78927094e13876cb3cd1a13dacf/.tools/node-v24.20.0-linux-x64/bin/node)
==6492==    by 0x7762D8F: (below main) (libc_start_call_main.h:58)
==6492== 
==6492== 33 bytes in 1 blocks are possibly lost in loss record 338 of 427
==6492==    at 0x73E1899: malloc (in /mnt/c/Users/guido/ghq/projects/rustdom/.tools/valgrind/usr/libexec/valgrind/vgpreload_memcheck-amd64-linux.so)
==6492==    by 0x232471D2: _RNvXs0_NvMs_NtNtCs6i54tJFfzR_5alloc3ffi5c_strNtBa_7CString3newReNtB5_11SpecNewImpl13spec_new_impl (in /home/guido/rustdom-selection-result-OEvCXh/dist/rustdom.node)
==6492==    by 0x231F117F: _RNvMs2_NtNtCs4QMHp0v7l6B_4napi9js_values15object_propertyNtB5_8Property14with_utf8_name (in /home/guido/rustdom-selection-result-OEvCXh/dist/rustdom.node)
==6492==    by 0x2318E551: _RNvNvNtNtNtCs3Ir8cfnU9oH_7rustdom3dom4tree32___napi_impl_helper_NativeTree_1736___napi_register__NativeTree_impl_44420___ctor_private_inner (in /home/guido/rustdom-selection-result-OEvCXh/dist/rustdom.node)
==6492==    by 0x231B5185: _RNvNvNvNvNtNtNtCs3Ir8cfnU9oH_7rustdom3dom4tree32___napi_impl_helper_NativeTree_1736___napi_register__NativeTree_impl_4441__18___CTOR_PRIVATE_REF14___ctor_private (in /home/guido/rustdom-selection-result-OEvCXh/dist/rustdom.node)
==6492==    by 0x6B9F47D: call_init.part.0 (dl-init.c:70)
==6492==    by 0x6B9F567: call_init (dl-init.c:33)
==6492==    by 0x6B9F567: _dl_init (dl-init.c:117)
==6492==    by 0x78ADBB4: _dl_catch_exception (dl-error-skeleton.c:182)
==6492==    by 0x6BA6FF5: dl_open_worker (dl-open.c:808)
==6492==    by 0x6BA6FF5: dl_open_worker (dl-open.c:771)
==6492==    by 0x78ADB57: _dl_catch_exception (dl-error-skeleton.c:208)
==6492==    by 0x6BA734D: _dl_open (dl-open.c:883)
==6492==    by 0x77C95FB: dlopen_doit (dlopen.c:56)
==6492== 
==6492== 34 bytes in 1 blocks are possibly lost in loss record 339 of 427
==6492==    at 0x73E1899: malloc (in /mnt/c/Users/guido/ghq/projects/rustdom/.tools/valgrind/usr/libexec/valgrind/vgpreload_memcheck-amd64-linux.so)
==6492==    by 0x232471D2: _RNvXs0_NvMs_NtNtCs6i54tJFfzR_5alloc3ffi5c_strNtBa_7CString3newReNtB5_11SpecNewImpl13spec_new_impl (in /home/guido/rustdom-selection-result-OEvCXh/dist/rustdom.node)
==6492==    by 0x231F117F: _RNvMs2_NtNtCs4QMHp0v7l6B_4napi9js_values15object_propertyNtB5_8Property14with_utf8_name (in /home/guido/rustdom-selection-result-OEvCXh/dist/rustdom.node)
==6492==    by 0x23189360: _RNvNvNtNtNtCs3Ir8cfnU9oH_7rustdom3dom4tree32___napi_impl_helper_NativeTree_1736___napi_register__NativeTree_impl_44420___ctor_private_inner (in /home/guido/rustdom-selection-result-OEvCXh/dist/rustdom.node)
==6492==    by 0x231B5185: _RNvNvNvNvNtNtNtCs3Ir8cfnU9oH_7rustdom3dom4tree32___napi_impl_helper_NativeTree_1736___napi_register__NativeTree_impl_4441__18___CTOR_PRIVATE_REF14___ctor_private (in /home/guido/rustdom-selection-result-OEvCXh/dist/rustdom.node)
==6492==    by 0x6B9F47D: call_init.part.0 (dl-init.c:70)
==6492==    by 0x6B9F567: call_init (dl-init.c:33)
==6492==    by 0x6B9F567: _dl_init (dl-init.c:117)
==6492==    by 0x78ADBB4: _dl_catch_exception (dl-error-skeleton.c:182)
==6492==    by 0x6BA6FF5: dl_open_worker (dl-open.c:808)
==6492==    by 0x6BA6FF5: dl_open_worker (dl-open.c:771)
==6492==    by 0x78ADB57: _dl_catch_exception (dl-error-skeleton.c:208)
==6492==    by 0x6BA734D: _dl_open (dl-open.c:883)
==6492==    by 0x77C95FB: dlopen_doit (dlopen.c:56)
==6492== 
==6492== 38 bytes in 1 blocks are possibly lost in loss record 340 of 427
==6492==    at 0x73E1899: malloc (in /mnt/c/Users/guido/ghq/projects/rustdom/.tools/valgrind/usr/libexec/valgrind/vgpreload_memcheck-amd64-linux.so)
==6492==    by 0x232471D2: _RNvXs0_NvMs_NtNtCs6i54tJFfzR_5alloc3ffi5c_strNtBa_7CString3newReNtB5_11SpecNewImpl13spec_new_impl (in /home/guido/rustdom-selection-result-OEvCXh/dist/rustdom.node)
==6492==    by 0x231F117F: _RNvMs2_NtNtCs4QMHp0v7l6B_4napi9js_values15object_propertyNtB5_8Property14with_utf8_name (in /home/guido/rustdom-selection-result-OEvCXh/dist/rustdom.node)
==6492==    by 0x2318B225: _RNvNvNtNtNtCs3Ir8cfnU9oH_7rustdom3dom4tree32___napi_impl_helper_NativeTree_1736___napi_register__NativeTree_impl_44420___ctor_private_inner (in /home/guido/rustdom-selection-result-OEvCXh/dist/rustdom.node)
==6492==    by 0x231B5185: _RNvNvNvNvNtNtNtCs3Ir8cfnU9oH_7rustdom3dom4tree32___napi_impl_helper_NativeTree_1736___napi_register__NativeTree_impl_4441__18___CTOR_PRIVATE_REF14___ctor_private (in /home/guido/rustdom-selection-result-OEvCXh/dist/rustdom.node)
==6492==    by 0x6B9F47D: call_init.part.0 (dl-init.c:70)
==6492==    by 0x6B9F567: call_init (dl-init.c:33)
==6492==    by 0x6B9F567: _dl_init (dl-init.c:117)
==6492==    by 0x78ADBB4: _dl_catch_exception (dl-error-skeleton.c:182)
==6492==    by 0x6BA6FF5: dl_open_worker (dl-open.c:808)
==6492==    by 0x6BA6FF5: dl_open_worker (dl-open.c:771)
==6492==    by 0x78ADB57: _dl_catch_exception (dl-error-skeleton.c:208)
==6492==    by 0x6BA734D: _dl_open (dl-open.c:883)
==6492==    by 0x77C95FB: dlopen_doit (dlopen.c:56)
==6492== 
==6492== 40 bytes in 1 blocks are still reachable in loss record 341 of 427
==6492==    at 0x73E1899: malloc (in /mnt/c/Users/guido/ghq/projects/rustdom/.tools/valgrind/usr/libexec/valgrind/vgpreload_memcheck-amd64-linux.so)
==6492==    by 0x26A0509: icu_78::locale_set_default_internal(char const*, UErrorCode&) (in /mnt/c/Users/guido/AppData/Local/Temp/rustdom-pr54-abort-retention-e991d78927094e13876cb3cd1a13dacf/.tools/node-v24.20.0-linux-x64/bin/node)
==6492==    by 0x26A08DE: icu_78::Locale::Locale() (in /mnt/c/Users/guido/AppData/Local/Temp/rustdom-pr54-abort-retention-e991d78927094e13876cb3cd1a13dacf/.tools/node-v24.20.0-linux-x64/bin/node)
==6492==    by 0xE43862: v8::internal::Isolate::DefaultLocale[abi:cxx11]() (in /mnt/c/Users/guido/AppData/Local/Temp/rustdom-pr54-abort-retention-e991d78927094e13876cb3cd1a13dacf/.tools/node-v24.20.0-linux-x64/bin/node)
==6492==    by 0xE43D73: v8::internal::LocalIsolate::LocalIsolate(v8::internal::Isolate*, v8::internal::ThreadKind) (in /mnt/c/Users/guido/AppData/Local/Temp/rustdom-pr54-abort-retention-e991d78927094e13876cb3cd1a13dacf/.tools/node-v24.20.0-linux-x64/bin/node)
==6492==    by 0xE41537: v8::internal::Isolate::Init(v8::internal::SnapshotData*, v8::internal::SnapshotData*, v8::internal::SnapshotData*, bool) (in /mnt/c/Users/guido/AppData/Local/Temp/rustdom-pr54-abort-retention-e991d78927094e13876cb3cd1a13dacf/.tools/node-v24.20.0-linux-x64/bin/node)
==6492==    by 0x141DAD2: v8::internal::Snapshot::Initialize(v8::internal::Isolate*) (in /mnt/c/Users/guido/AppData/Local/Temp/rustdom-pr54-abort-retention-e991d78927094e13876cb3cd1a13dacf/.tools/node-v24.20.0-linux-x64/bin/node)
==6492==    by 0xC8ABD5: v8::Isolate::Initialize(v8::Isolate*, v8::Isolate::CreateParams const&) (in /mnt/c/Users/guido/AppData/Local/Temp/rustdom-pr54-abort-retention-e991d78927094e13876cb3cd1a13dacf/.tools/node-v24.20.0-linux-x64/bin/node)
==6492==    by 0x807B3F: node::NewIsolate(v8::Isolate::CreateParams*, uv_loop_s*, node::MultiIsolatePlatform*, node::SnapshotData const*, node::IsolateSettings const&) (in /mnt/c/Users/guido/AppData/Local/Temp/rustdom-pr54-abort-retention-e991d78927094e13876cb3cd1a13dacf/.tools/node-v24.20.0-linux-x64/bin/node)
==6492==    by 0x989AB8: node::NodeMainInstance::NodeMainInstance(node::SnapshotData const*, uv_loop_s*, node::MultiIsolatePlatform*, std::vector<std::__cxx11::basic_string<char, std::char_traits<char>, std::allocator<char> >, std::allocator<std::__cxx11::basic_string<char, std::char_traits<char>, std::allocator<char> > > > const&, std::vector<std::__cxx11::basic_string<char, std::char_traits<char>, std::allocator<char> >, std::allocator<std::__cxx11::basic_string<char, std::char_traits<char>, std::allocator<char> > > > const&) (in /mnt/c/Users/guido/AppData/Local/Temp/rustdom-pr54-abort-retention-e991d78927094e13876cb3cd1a13dacf/.tools/node-v24.20.0-linux-x64/bin/node)
==6492==    by 0x8C7198: node::Start(int, char**) (in /mnt/c/Users/guido/AppData/Local/Temp/rustdom-pr54-abort-retention-e991d78927094e13876cb3cd1a13dacf/.tools/node-v24.20.0-linux-x64/bin/node)
==6492==    by 0x7762D8F: (below main) (libc_start_call_main.h:58)
==6492== 
==6492== 48 bytes in 1 blocks are still reachable in loss record 342 of 427
==6492==    at 0x73E2013: operator new(unsigned long) (in /mnt/c/Users/guido/ghq/projects/rustdom/.tools/valgrind/usr/libexec/valgrind/vgpreload_memcheck-amd64-linux.so)
==6492==    by 0xD5A789: v8::internal::ThreadIsolation::Initialize(v8::ThreadIsolatedAllocator*) (in /mnt/c/Users/guido/AppData/Local/Temp/rustdom-pr54-abort-retention-e991d78927094e13876cb3cd1a13dacf/.tools/node-v24.20.0-linux-x64/bin/node)
==6492==    by 0x102CF76: v8::internal::V8::Initialize() (in /mnt/c/Users/guido/AppData/Local/Temp/rustdom-pr54-abort-retention-e991d78927094e13876cb3cd1a13dacf/.tools/node-v24.20.0-linux-x64/bin/node)
==6492==    by 0xC79C7D: v8::V8::Initialize(int) (in /mnt/c/Users/guido/AppData/Local/Temp/rustdom-pr54-abort-retention-e991d78927094e13876cb3cd1a13dacf/.tools/node-v24.20.0-linux-x64/bin/node)
==6492==    by 0x8C6C57: node::InitializeOncePerProcessInternal(std::vector<std::__cxx11::basic_string<char, std::char_traits<char>, std::allocator<char> >, std::allocator<std::__cxx11::basic_string<char, std::char_traits<char>, std::allocator<char> > > > const&, node::ProcessInitializationFlags::Flags) (in /mnt/c/Users/guido/AppData/Local/Temp/rustdom-pr54-abort-retention-e991d78927094e13876cb3cd1a13dacf/.tools/node-v24.20.0-linux-x64/bin/node)
==6492==    by 0x8C6F7B: node::Start(int, char**) (in /mnt/c/Users/guido/AppData/Local/Temp/rustdom-pr54-abort-retention-e991d78927094e13876cb3cd1a13dacf/.tools/node-v24.20.0-linux-x64/bin/node)
==6492==    by 0x7762D8F: (below main) (libc_start_call_main.h:58)
==6492== 
==6492== 48 bytes in 1 blocks are still reachable in loss record 343 of 427
==6492==    at 0x73E2013: operator new(unsigned long) (in /mnt/c/Users/guido/ghq/projects/rustdom/.tools/valgrind/usr/libexec/valgrind/vgpreload_memcheck-amd64-linux.so)
==6492==    by 0xF80253: v8::internal::MemoryReducer::ScheduleTimer(double) (in /mnt/c/Users/guido/AppData/Local/Temp/rustdom-pr54-abort-retention-e991d78927094e13876cb3cd1a13dacf/.tools/node-v24.20.0-linux-x64/bin/node)
==6492==    by 0xF80369: v8::internal::MemoryReducer::NotifyTimer(v8::internal::MemoryReducer::Event const&) (in /mnt/c/Users/guido/AppData/Local/Temp/rustdom-pr54-abort-retention-e991d78927094e13876cb3cd1a13dacf/.tools/node-v24.20.0-linux-x64/bin/node)
==6492==    by 0xF8065D: v8::internal::MemoryReducer::TimerTask::RunInternal() (in /mnt/c/Users/guido/AppData/Local/Temp/rustdom-pr54-abort-retention-e991d78927094e13876cb3cd1a13dacf/.tools/node-v24.20.0-linux-x64/bin/node)
==6492==    by 0x9D3173: node::PerIsolatePlatformData::RunForegroundTask(std::unique_ptr<v8::Task, std::default_delete<v8::Task> >) [clone .part.0] (in /mnt/c/Users/guido/AppData/Local/Temp/rustdom-pr54-abort-retention-e991d78927094e13876cb3cd1a13dacf/.tools/node-v24.20.0-linux-x64/bin/node)
==6492==    by 0x9D4A0F: node::PerIsolatePlatformData::RunForegroundTask(uv_timer_s*) (in /mnt/c/Users/guido/AppData/Local/Temp/rustdom-pr54-abort-retention-e991d78927094e13876cb3cd1a13dacf/.tools/node-v24.20.0-linux-x64/bin/node)
==6492==    by 0x19F87B3: uv__run_timers (timer.c:192)
==6492==    by 0x19FCF59: uv_run (core.c:478)
==6492==    by 0x803734: node::SpinEventLoopInternal(node::Environment*) (in /mnt/c/Users/guido/AppData/Local/Temp/rustdom-pr54-abort-retention-e991d78927094e13876cb3cd1a13dacf/.tools/node-v24.20.0-linux-x64/bin/node)
==6492==    by 0x989FC9: node::NodeMainInstance::Run() (in /mnt/c/Users/guido/AppData/Local/Temp/rustdom-pr54-abort-retention-e991d78927094e13876cb3cd1a13dacf/.tools/node-v24.20.0-linux-x64/bin/node)
==6492==    by 0x8C71A4: node::Start(int, char**) (in /mnt/c/Users/guido/AppData/Local/Temp/rustdom-pr54-abort-retention-e991d78927094e13876cb3cd1a13dacf/.tools/node-v24.20.0-linux-x64/bin/node)
==6492==    by 0x7762D8F: (below main) (libc_start_call_main.h:58)
==6492== 
==6492== 48 bytes in 1 blocks are possibly lost in loss record 344 of 427
==6492==    at 0x73E1899: malloc (in /mnt/c/Users/guido/ghq/projects/rustdom/.tools/valgrind/usr/libexec/valgrind/vgpreload_memcheck-amd64-linux.so)
==6492==    by 0x2322D41E: _RNvMs_NtNtCs9k3SxhrAWiO_3std6thread6threadNtB4_6Thread3new (in /home/guido/rustdom-selection-result-OEvCXh/dist/rustdom.node)
==6492==    by 0x23235229: _RNvNtNtCs9k3SxhrAWiO_3std6thread7current12init_current (in /home/guido/rustdom-selection-result-OEvCXh/dist/rustdom.node)
==6492==    by 0x231F09D1: _RNvMs0_NtCs4QMHp0v7l6B_4napi5errorNtB5_8ErrorRef3new (in /home/guido/rustdom-selection-result-OEvCXh/dist/rustdom.node)
==6492==    by 0x231F2F91: _RNvNtCs4QMHp0v7l6B_4napi5error22error_without_coercion (in /home/guido/rustdom-selection-result-OEvCXh/dist/rustdom.node)
==6492==    by 0x231F226D: _RNvMsd_NtCs4QMHp0v7l6B_4napi5errorNtB5_5Error29from_unknown_without_coercion (in /home/guido/rustdom-selection-result-OEvCXh/dist/rustdom.node)
==6492==    by 0x2312B032: _RNvNtNtCs3Ir8cfnU9oH_7rustdom3dom10napi_error21capture_pending_error (in /home/guido/rustdom-selection-result-OEvCXh/dist/rustdom.node)
==6492==    by 0x23133C57: _RNvNtNtCs3Ir8cfnU9oH_7rustdom3dom20selection_operations23run_selection_operation (in /home/guido/rustdom-selection-result-OEvCXh/dist/rustdom.node)
==6492==    by 0x2313436F: _RNvNtNtCs3Ir8cfnU9oH_7rustdom3dom20selection_operations37selection_operation_result_c_callback (in /home/guido/rustdom-selection-result-OEvCXh/dist/rustdom.node)
==6492==    by 0x8A0810: v8impl::(anonymous namespace)::FunctionCallbackWrapper::Invoke(v8::FunctionCallbackInfo<v8::Value> const&) (in /mnt/c/Users/guido/AppData/Local/Temp/rustdom-pr54-abort-retention-e991d78927094e13876cb3cd1a13dacf/.tools/node-v24.20.0-linux-x64/bin/node)
==6492==    by 0x1A2608C: Builtins_CallApiCallbackGeneric (in /mnt/c/Users/guido/AppData/Local/Temp/rustdom-pr54-abort-retention-e991d78927094e13876cb3cd1a13dacf/.tools/node-v24.20.0-linux-x64/bin/node)
==6492==    by 0x1A24653: Builtins_InterpreterEntryTrampoline (in /mnt/c/Users/guido/AppData/Local/Temp/rustdom-pr54-abort-retention-e991d78927094e13876cb3cd1a13dacf/.tools/node-v24.20.0-linux-x64/bin/node)
==6492== 
==6492== 56 bytes in 1 blocks are still reachable in loss record 345 of 427
==6492==    at 0x73E1899: malloc (in /mnt/c/Users/guido/ghq/projects/rustdom/.tools/valgrind/usr/libexec/valgrind/vgpreload_memcheck-amd64-linux.so)
==6492==    by 0x26A912B: UDataMemory_createNewInstance_78 (in /mnt/c/Users/guido/AppData/Local/Temp/rustdom-pr54-abort-retention-e991d78927094e13876cb3cd1a13dacf/.tools/node-v24.20.0-linux-x64/bin/node)
==6492==    by 0x26DB4AB: setCommonICUData(UDataMemory*, signed char, UErrorCode*) [clone .isra.0] (in /mnt/c/Users/guido/AppData/Local/Temp/rustdom-pr54-abort-retention-e991d78927094e13876cb3cd1a13dacf/.tools/node-v24.20.0-linux-x64/bin/node)
==6492==    by 0x26DC46F: doLoadFromCommonData(signed char, char const*, char const*, char const*, char const*, char const*, char const*, char const*, signed char (*)(void*, char const*, char const*, UDataInfo const*), void*, UErrorCode*, UErrorCode*) [clone .constprop.0] (in /mnt/c/Users/guido/AppData/Local/Temp/rustdom-pr54-abort-retention-e991d78927094e13876cb3cd1a13dacf/.tools/node-v24.20.0-linux-x64/bin/node)
==6492==    by 0x26DCF53: doOpenChoice(char const*, char const*, char const*, signed char (*)(void*, char const*, char const*, UDataInfo const*), void*, UErrorCode*) (in /mnt/c/Users/guido/AppData/Local/Temp/rustdom-pr54-abort-retention-e991d78927094e13876cb3cd1a13dacf/.tools/node-v24.20.0-linux-x64/bin/node)
==6492==    by 0x26C9D4C: res_load_78 (in /mnt/c/Users/guido/AppData/Local/Temp/rustdom-pr54-abort-retention-e991d78927094e13876cb3cd1a13dacf/.tools/node-v24.20.0-linux-x64/bin/node)
==6492==    by 0x26DEB9D: init_entry(char const*, char const*, UErrorCode*) (in /mnt/c/Users/guido/AppData/Local/Temp/rustdom-pr54-abort-retention-e991d78927094e13876cb3cd1a13dacf/.tools/node-v24.20.0-linux-x64/bin/node)
==6492==    by 0x26DFA7A: ures_openDirectFillIn_78 (in /mnt/c/Users/guido/AppData/Local/Temp/rustdom-pr54-abort-retention-e991d78927094e13876cb3cd1a13dacf/.tools/node-v24.20.0-linux-x64/bin/node)
==6492==    by 0x20ABD70: icu_78::TimeZone::getTZDataVersion(UErrorCode&) (in /mnt/c/Users/guido/AppData/Local/Temp/rustdom-pr54-abort-retention-e991d78927094e13876cb3cd1a13dacf/.tools/node-v24.20.0-linux-x64/bin/node)
==6492==    by 0x99B4CD: node::Metadata::Versions::InitializeIntlVersions() (in /mnt/c/Users/guido/AppData/Local/Temp/rustdom-pr54-abort-retention-e991d78927094e13876cb3cd1a13dacf/.tools/node-v24.20.0-linux-x64/bin/node)
==6492==    by 0x8C3FB9: node::InitializeNodeWithArgsInternal(std::vector<std::__cxx11::basic_string<char, std::char_traits<char>, std::allocator<char> >, std::allocator<std::__cxx11::basic_string<char, std::char_traits<char>, std::allocator<char> > > >*, std::vector<std::__cxx11::basic_string<char, std::char_traits<char>, std::allocator<char> >, std::allocator<std::__cxx11::basic_string<char, std::char_traits<char>, std::allocator<char> > > >*, std::vector<std::__cxx11::basic_string<char, std::char_traits<char>, std::allocator<char> >, std::allocator<std::__cxx11::basic_string<char, std::char_traits<char>, std::allocator<char> > > >*, node::ProcessInitializationFlags::Flags) (in /mnt/c/Users/guido/AppData/Local/Temp/rustdom-pr54-abort-retention-e991d78927094e13876cb3cd1a13dacf/.tools/node-v24.20.0-linux-x64/bin/node)
==6492==    by 0x8C61BE: node::InitializeOncePerProcessInternal(std::vector<std::__cxx11::basic_string<char, std::char_traits<char>, std::allocator<char> >, std::allocator<std::__cxx11::basic_string<char, std::char_traits<char>, std::allocator<char> > > > const&, node::ProcessInitializationFlags::Flags) (in /mnt/c/Users/guido/AppData/Local/Temp/rustdom-pr54-abort-retention-e991d78927094e13876cb3cd1a13dacf/.tools/node-v24.20.0-linux-x64/bin/node)
==6492== 
==6492== 56 bytes in 1 blocks are still reachable in loss record 346 of 427
==6492==    at 0x73E1899: malloc (in /mnt/c/Users/guido/ghq/projects/rustdom/.tools/valgrind/usr/libexec/valgrind/vgpreload_memcheck-amd64-linux.so)
==6492==    by 0x26A912B: UDataMemory_createNewInstance_78 (in /mnt/c/Users/guido/AppData/Local/Temp/rustdom-pr54-abort-retention-e991d78927094e13876cb3cd1a13dacf/.tools/node-v24.20.0-linux-x64/bin/node)
==6492==    by 0x26DC14A: doLoadFromCommonData(signed char, char const*, char const*, char const*, char const*, char const*, char const*, char const*, signed char (*)(void*, char const*, char const*, UDataInfo const*), void*, UErrorCode*, UErrorCode*) [clone .constprop.0] (in /mnt/c/Users/guido/AppData/Local/Temp/rustdom-pr54-abort-retention-e991d78927094e13876cb3cd1a13dacf/.tools/node-v24.20.0-linux-x64/bin/node)
==6492==    by 0x26DCF53: doOpenChoice(char const*, char const*, char const*, signed char (*)(void*, char const*, char const*, UDataInfo const*), void*, UErrorCode*) (in /mnt/c/Users/guido/AppData/Local/Temp/rustdom-pr54-abort-retention-e991d78927094e13876cb3cd1a13dacf/.tools/node-v24.20.0-linux-x64/bin/node)
==6492==    by 0x26C9D4C: res_load_78 (in /mnt/c/Users/guido/AppData/Local/Temp/rustdom-pr54-abort-retention-e991d78927094e13876cb3cd1a13dacf/.tools/node-v24.20.0-linux-x64/bin/node)
==6492==    by 0x26DEB9D: init_entry(char const*, char const*, UErrorCode*) (in /mnt/c/Users/guido/AppData/Local/Temp/rustdom-pr54-abort-retention-e991d78927094e13876cb3cd1a13dacf/.tools/node-v24.20.0-linux-x64/bin/node)
==6492==    by 0x26DFA7A: ures_openDirectFillIn_78 (in /mnt/c/Users/guido/AppData/Local/Temp/rustdom-pr54-abort-retention-e991d78927094e13876cb3cd1a13dacf/.tools/node-v24.20.0-linux-x64/bin/node)
==6492==    by 0x20ABD70: icu_78::TimeZone::getTZDataVersion(UErrorCode&) (in /mnt/c/Users/guido/AppData/Local/Temp/rustdom-pr54-abort-retention-e991d78927094e13876cb3cd1a13dacf/.tools/node-v24.20.0-linux-x64/bin/node)
==6492==    by 0x99B4CD: node::Metadata::Versions::InitializeIntlVersions() (in /mnt/c/Users/guido/AppData/Local/Temp/rustdom-pr54-abort-retention-e991d78927094e13876cb3cd1a13dacf/.tools/node-v24.20.0-linux-x64/bin/node)
==6492==    by 0x8C3FB9: node::InitializeNodeWithArgsInternal(std::vector<std::__cxx11::basic_string<char, std::char_traits<char>, std::allocator<char> >, std::allocator<std::__cxx11::basic_string<char, std::char_traits<char>, std::allocator<char> > > >*, std::vector<std::__cxx11::basic_string<char, std::char_traits<char>, std::allocator<char> >, std::allocator<std::__cxx11::basic_string<char, std::char_traits<char>, std::allocator<char> > > >*, std::vector<std::__cxx11::basic_string<char, std::char_traits<char>, std::allocator<char> >, std::allocator<std::__cxx11::basic_string<char, std::char_traits<char>, std::allocator<char> > > >*, node::ProcessInitializationFlags::Flags) (in /mnt/c/Users/guido/AppData/Local/Temp/rustdom-pr54-abort-retention-e991d78927094e13876cb3cd1a13dacf/.tools/node-v24.20.0-linux-x64/bin/node)
==6492==    by 0x8C61BE: node::InitializeOncePerProcessInternal(std::vector<std::__cxx11::basic_string<char, std::char_traits<char>, std::allocator<char> >, std::allocator<std::__cxx11::basic_string<char, std::char_traits<char>, std::allocator<char> > > > const&, node::ProcessInitializationFlags::Flags) (in /mnt/c/Users/guido/AppData/Local/Temp/rustdom-pr54-abort-retention-e991d78927094e13876cb3cd1a13dacf/.tools/node-v24.20.0-linux-x64/bin/node)
==6492==    by 0x8C6F7B: node::Start(int, char**) (in /mnt/c/Users/guido/AppData/Local/Temp/rustdom-pr54-abort-retention-e991d78927094e13876cb3cd1a13dacf/.tools/node-v24.20.0-linux-x64/bin/node)
==6492== 
==6492== 56 bytes in 1 blocks are still reachable in loss record 347 of 427
==6492==    at 0x73E1899: malloc (in /mnt/c/Users/guido/ghq/projects/rustdom/.tools/valgrind/usr/libexec/valgrind/vgpreload_memcheck-amd64-linux.so)
==6492==    by 0x26A912B: UDataMemory_createNewInstance_78 (in /mnt/c/Users/guido/AppData/Local/Temp/rustdom-pr54-abort-retention-e991d78927094e13876cb3cd1a13dacf/.tools/node-v24.20.0-linux-x64/bin/node)
==6492==    by 0x26DC14A: doLoadFromCommonData(signed char, char const*, char const*, char const*, char const*, char const*, char const*, char const*, signed char (*)(void*, char const*, char const*, UDataInfo const*), void*, UErrorCode*, UErrorCode*) [clone .constprop.0] (in /mnt/c/Users/guido/AppData/Local/Temp/rustdom-pr54-abort-retention-e991d78927094e13876cb3cd1a13dacf/.tools/node-v24.20.0-linux-x64/bin/node)
==6492==    by 0x26DCF53: doOpenChoice(char const*, char const*, char const*, signed char (*)(void*, char const*, char const*, UDataInfo const*), void*, UErrorCode*) (in /mnt/c/Users/guido/AppData/Local/Temp/rustdom-pr54-abort-retention-e991d78927094e13876cb3cd1a13dacf/.tools/node-v24.20.0-linux-x64/bin/node)
==6492==    by 0x26C9D4C: res_load_78 (in /mnt/c/Users/guido/AppData/Local/Temp/rustdom-pr54-abort-retention-e991d78927094e13876cb3cd1a13dacf/.tools/node-v24.20.0-linux-x64/bin/node)
==6492==    by 0x26DEB9D: init_entry(char const*, char const*, UErrorCode*) (in /mnt/c/Users/guido/AppData/Local/Temp/rustdom-pr54-abort-retention-e991d78927094e13876cb3cd1a13dacf/.tools/node-v24.20.0-linux-x64/bin/node)
==6492==    by 0x26DF719: ures_openDirect_78 (in /mnt/c/Users/guido/AppData/Local/Temp/rustdom-pr54-abort-retention-e991d78927094e13876cb3cd1a13dacf/.tools/node-v24.20.0-linux-x64/bin/node)
==6492==    by 0x20E34F1: ulocdata_getCLDRVersion_78 (in /mnt/c/Users/guido/AppData/Local/Temp/rustdom-pr54-abort-retention-e991d78927094e13876cb3cd1a13dacf/.tools/node-v24.20.0-linux-x64/bin/node)
==6492==    by 0x99B4E1: node::Metadata::Versions::InitializeIntlVersions() (in /mnt/c/Users/guido/AppData/Local/Temp/rustdom-pr54-abort-retention-e991d78927094e13876cb3cd1a13dacf/.tools/node-v24.20.0-linux-x64/bin/node)
==6492==    by 0x8C3FB9: node::InitializeNodeWithArgsInternal(std::vector<std::__cxx11::basic_string<char, std::char_traits<char>, std::allocator<char> >, std::allocator<std::__cxx11::basic_string<char, std::char_traits<char>, std::allocator<char> > > >*, std::vector<std::__cxx11::basic_string<char, std::char_traits<char>, std::allocator<char> >, std::allocator<std::__cxx11::basic_string<char, std::char_traits<char>, std::allocator<char> > > >*, std::vector<std::__cxx11::basic_string<char, std::char_traits<char>, std::allocator<char> >, std::allocator<std::__cxx11::basic_string<char, std::char_traits<char>, std::allocator<char> > > >*, node::ProcessInitializationFlags::Flags) (in /mnt/c/Users/guido/AppData/Local/Temp/rustdom-pr54-abort-retention-e991d78927094e13876cb3cd1a13dacf/.tools/node-v24.20.0-linux-x64/bin/node)
==6492==    by 0x8C61BE: node::InitializeOncePerProcessInternal(std::vector<std::__cxx11::basic_string<char, std::char_traits<char>, std::allocator<char> >, std::allocator<std::__cxx11::basic_string<char, std::char_traits<char>, std::allocator<char> > > > const&, node::ProcessInitializationFlags::Flags) (in /mnt/c/Users/guido/AppData/Local/Temp/rustdom-pr54-abort-retention-e991d78927094e13876cb3cd1a13dacf/.tools/node-v24.20.0-linux-x64/bin/node)
==6492==    by 0x8C6F7B: node::Start(int, char**) (in /mnt/c/Users/guido/AppData/Local/Temp/rustdom-pr54-abort-retention-e991d78927094e13876cb3cd1a13dacf/.tools/node-v24.20.0-linux-x64/bin/node)
==6492== 
==6492== 56 bytes in 1 blocks are still reachable in loss record 348 of 427
==6492==    at 0x73E1899: malloc (in /mnt/c/Users/guido/ghq/projects/rustdom/.tools/valgrind/usr/libexec/valgrind/vgpreload_memcheck-amd64-linux.so)
==6492==    by 0x26A912B: UDataMemory_createNewInstance_78 (in /mnt/c/Users/guido/AppData/Local/Temp/rustdom-pr54-abort-retention-e991d78927094e13876cb3cd1a13dacf/.tools/node-v24.20.0-linux-x64/bin/node)
==6492==    by 0x26DC14A: doLoadFromCommonData(signed char, char const*, char const*, char const*, char const*, char const*, char const*, char const*, signed char (*)(void*, char const*, char const*, UDataInfo const*), void*, UErrorCode*, UErrorCode*) [clone .constprop.0] (in /mnt/c/Users/guido/AppData/Local/Temp/rustdom-pr54-abort-retention-e991d78927094e13876cb3cd1a13dacf/.tools/node-v24.20.0-linux-x64/bin/node)
==6492==    by 0x26DCF53: doOpenChoice(char const*, char const*, char const*, signed char (*)(void*, char const*, char const*, UDataInfo const*), void*, UErrorCode*) (in /mnt/c/Users/guido/AppData/Local/Temp/rustdom-pr54-abort-retention-e991d78927094e13876cb3cd1a13dacf/.tools/node-v24.20.0-linux-x64/bin/node)
==6492==    by 0x26B90EE: initAliasData(UErrorCode&) (in /mnt/c/Users/guido/AppData/Local/Temp/rustdom-pr54-abort-retention-e991d78927094e13876cb3cd1a13dacf/.tools/node-v24.20.0-linux-x64/bin/node)
==6492==    by 0x26B9BEE: ucnv_io_getConverterName_78 (in /mnt/c/Users/guido/AppData/Local/Temp/rustdom-pr54-abort-retention-e991d78927094e13876cb3cd1a13dacf/.tools/node-v24.20.0-linux-x64/bin/node)
==6492==    by 0x26D97F6: ucnv_loadSharedData_78 (in /mnt/c/Users/guido/AppData/Local/Temp/rustdom-pr54-abort-retention-e991d78927094e13876cb3cd1a13dacf/.tools/node-v24.20.0-linux-x64/bin/node)
==6492==    by 0x26D9A8E: ucnv_createConverter_78 (in /mnt/c/Users/guido/AppData/Local/Temp/rustdom-pr54-abort-retention-e991d78927094e13876cb3cd1a13dacf/.tools/node-v24.20.0-linux-x64/bin/node)
==6492==    by 0x979A68: node::i18n::ConverterObject::Create(v8::FunctionCallbackInfo<v8::Value> const&) (in /mnt/c/Users/guido/AppData/Local/Temp/rustdom-pr54-abort-retention-e991d78927094e13876cb3cd1a13dacf/.tools/node-v24.20.0-linux-x64/bin/node)
==6492==    by 0x1A2608C: Builtins_CallApiCallbackGeneric (in /mnt/c/Users/guido/AppData/Local/Temp/rustdom-pr54-abort-retention-e991d78927094e13876cb3cd1a13dacf/.tools/node-v24.20.0-linux-x64/bin/node)
==6492==    by 0x1A24653: Builtins_InterpreterEntryTrampoline (in /mnt/c/Users/guido/AppData/Local/Temp/rustdom-pr54-abort-retention-e991d78927094e13876cb3cd1a13dacf/.tools/node-v24.20.0-linux-x64/bin/node)
==6492==    by 0x1A24653: Builtins_InterpreterEntryTrampoline (in /mnt/c/Users/guido/AppData/Local/Temp/rustdom-pr54-abort-retention-e991d78927094e13876cb3cd1a13dacf/.tools/node-v24.20.0-linux-x64/bin/node)
==6492== 
==6492== 56 bytes in 1 blocks are still reachable in loss record 349 of 427
==6492==    at 0x73E1899: malloc (in /mnt/c/Users/guido/ghq/projects/rustdom/.tools/valgrind/usr/libexec/valgrind/vgpreload_memcheck-amd64-linux.so)
==6492==    by 0x26A912B: UDataMemory_createNewInstance_78 (in /mnt/c/Users/guido/AppData/Local/Temp/rustdom-pr54-abort-retention-e991d78927094e13876cb3cd1a13dacf/.tools/node-v24.20.0-linux-x64/bin/node)
==6492==    by 0x26DC14A: doLoadFromCommonData(signed char, char const*, char const*, char const*, char const*, char const*, char const*, char const*, signed char (*)(void*, char const*, char const*, UDataInfo const*), void*, UErrorCode*, UErrorCode*) [clone .constprop.0] (in /mnt/c/Users/guido/AppData/Local/Temp/rustdom-pr54-abort-retention-e991d78927094e13876cb3cd1a13dacf/.tools/node-v24.20.0-linux-x64/bin/node)
==6492==    by 0x26DCF53: doOpenChoice(char const*, char const*, char const*, signed char (*)(void*, char const*, char const*, UDataInfo const*), void*, UErrorCode*) (in /mnt/c/Users/guido/AppData/Local/Temp/rustdom-pr54-abort-retention-e991d78927094e13876cb3cd1a13dacf/.tools/node-v24.20.0-linux-x64/bin/node)
==6492==    by 0x26C9D4C: res_load_78 (in /mnt/c/Users/guido/AppData/Local/Temp/rustdom-pr54-abort-retention-e991d78927094e13876cb3cd1a13dacf/.tools/node-v24.20.0-linux-x64/bin/node)
==6492==    by 0x26DEB9D: init_entry(char const*, char const*, UErrorCode*) (in /mnt/c/Users/guido/AppData/Local/Temp/rustdom-pr54-abort-retention-e991d78927094e13876cb3cd1a13dacf/.tools/node-v24.20.0-linux-x64/bin/node)
==6492==    by 0x26DF719: ures_openDirect_78 (in /mnt/c/Users/guido/AppData/Local/Temp/rustdom-pr54-abort-retention-e991d78927094e13876cb3cd1a13dacf/.tools/node-v24.20.0-linux-x64/bin/node)
==6492==    by 0x21B2D8D: icu_78::ZoneMeta::getCanonicalCLDRID(icu_78::UnicodeString const&, UErrorCode&) (in /mnt/c/Users/guido/AppData/Local/Temp/rustdom-pr54-abort-retention-e991d78927094e13876cb3cd1a13dacf/.tools/node-v24.20.0-linux-x64/bin/node)
==6492==    by 0x2116C0A: icu_78::OlsonTimeZone::OlsonTimeZone(UResourceBundle const*, UResourceBundle const*, icu_78::UnicodeString const&, UErrorCode&) (in /mnt/c/Users/guido/AppData/Local/Temp/rustdom-pr54-abort-retention-e991d78927094e13876cb3cd1a13dacf/.tools/node-v24.20.0-linux-x64/bin/node)
==6492==    by 0x20A8599: icu_78::(anonymous namespace)::createSystemTimeZone(icu_78::UnicodeString const&, UErrorCode&) [clone .part.0] (in /mnt/c/Users/guido/AppData/Local/Temp/rustdom-pr54-abort-retention-e991d78927094e13876cb3cd1a13dacf/.tools/node-v24.20.0-linux-x64/bin/node)
==6492==    by 0x20A8D11: icu_78::TimeZone::detectHostTimeZone() (in /mnt/c/Users/guido/AppData/Local/Temp/rustdom-pr54-abort-retention-e991d78927094e13876cb3cd1a13dacf/.tools/node-v24.20.0-linux-x64/bin/node)
==6492==    by 0x20A8F04: icu_78::TimeZone::createDefault() (in /mnt/c/Users/guido/AppData/Local/Temp/rustdom-pr54-abort-retention-e991d78927094e13876cb3cd1a13dacf/.tools/node-v24.20.0-linux-x64/bin/node)
==6492== 
==6492== 56 bytes in 1 blocks are still reachable in loss record 350 of 427
==6492==    at 0x73E1899: malloc (in /mnt/c/Users/guido/ghq/projects/rustdom/.tools/valgrind/usr/libexec/valgrind/vgpreload_memcheck-amd64-linux.so)
==6492==    by 0x26A912B: UDataMemory_createNewInstance_78 (in /mnt/c/Users/guido/AppData/Local/Temp/rustdom-pr54-abort-retention-e991d78927094e13876cb3cd1a13dacf/.tools/node-v24.20.0-linux-x64/bin/node)
==6492==    by 0x26DC14A: doLoadFromCommonData(signed char, char const*, char const*, char const*, char const*, char const*, char const*, char const*, signed char (*)(void*, char const*, char const*, UDataInfo const*), void*, UErrorCode*, UErrorCode*) [clone .constprop.0] (in /mnt/c/Users/guido/AppData/Local/Temp/rustdom-pr54-abort-retention-e991d78927094e13876cb3cd1a13dacf/.tools/node-v24.20.0-linux-x64/bin/node)
==6492==    by 0x26DCF53: doOpenChoice(char const*, char const*, char const*, signed char (*)(void*, char const*, char const*, UDataInfo const*), void*, UErrorCode*) (in /mnt/c/Users/guido/AppData/Local/Temp/rustdom-pr54-abort-retention-e991d78927094e13876cb3cd1a13dacf/.tools/node-v24.20.0-linux-x64/bin/node)
==6492==    by 0x26C9D4C: res_load_78 (in /mnt/c/Users/guido/AppData/Local/Temp/rustdom-pr54-abort-retention-e991d78927094e13876cb3cd1a13dacf/.tools/node-v24.20.0-linux-x64/bin/node)
==6492==    by 0x26DEB9D: init_entry(char const*, char const*, UErrorCode*) (in /mnt/c/Users/guido/AppData/Local/Temp/rustdom-pr54-abort-retention-e991d78927094e13876cb3cd1a13dacf/.tools/node-v24.20.0-linux-x64/bin/node)
==6492==    by 0x26E0E4D: ures_openWithType(UResourceBundle*, char const*, char const*, UResOpenType, UErrorCode*) (in /mnt/c/Users/guido/AppData/Local/Temp/rustdom-pr54-abort-retention-e991d78927094e13876cb3cd1a13dacf/.tools/node-v24.20.0-linux-x64/bin/node)
==6492==    by 0x26E16FF: (anonymous namespace)::getAliasTargetAsResourceBundle(ResourceData const&, unsigned int, char const*, int, UResourceDataEntry*, char const*, int, UResourceBundle*, UErrorCode*) (in /mnt/c/Users/guido/AppData/Local/Temp/rustdom-pr54-abort-retention-e991d78927094e13876cb3cd1a13dacf/.tools/node-v24.20.0-linux-x64/bin/node)
==6492==    by 0x26E3414: ures_getByKey_78 (in /mnt/c/Users/guido/AppData/Local/Temp/rustdom-pr54-abort-retention-e991d78927094e13876cb3cd1a13dacf/.tools/node-v24.20.0-linux-x64/bin/node)
==6492==    by 0x21B2DC4: icu_78::ZoneMeta::getCanonicalCLDRID(icu_78::UnicodeString const&, UErrorCode&) (in /mnt/c/Users/guido/AppData/Local/Temp/rustdom-pr54-abort-retention-e991d78927094e13876cb3cd1a13dacf/.tools/node-v24.20.0-linux-x64/bin/node)
==6492==    by 0x2116C0A: icu_78::OlsonTimeZone::OlsonTimeZone(UResourceBundle const*, UResourceBundle const*, icu_78::UnicodeString const&, UErrorCode&) (in /mnt/c/Users/guido/AppData/Local/Temp/rustdom-pr54-abort-retention-e991d78927094e13876cb3cd1a13dacf/.tools/node-v24.20.0-linux-x64/bin/node)
==6492==    by 0x20A8599: icu_78::(anonymous namespace)::createSystemTimeZone(icu_78::UnicodeString const&, UErrorCode&) [clone .part.0] (in /mnt/c/Users/guido/AppData/Local/Temp/rustdom-pr54-abort-retention-e991d78927094e13876cb3cd1a13dacf/.tools/node-v24.20.0-linux-x64/bin/node)
==6492== 
==6492== 62 bytes in 1 blocks are still reachable in loss record 351 of 427
==6492==    at 0x73E1899: malloc (in /mnt/c/Users/guido/ghq/projects/rustdom/.tools/valgrind/usr/libexec/valgrind/vgpreload_memcheck-amd64-linux.so)
==6492==    by 0x6BC01DF: malloc (rtld-malloc.h:56)
==6492==    by 0x6BC01DF: strdup (strdup.c:42)
==6492==    by 0x6BA3588: _dl_map_object (dl-load.c:2259)
==6492==    by 0x6BA79A8: dl_open_worker_begin (dl-open.c:534)
==6492==    by 0x78ADB57: _dl_catch_exception (dl-error-skeleton.c:208)
==6492==    by 0x6BA6F99: dl_open_worker (dl-open.c:782)
==6492==    by 0x78ADB57: _dl_catch_exception (dl-error-skeleton.c:208)
==6492==    by 0x6BA734D: _dl_open (dl-open.c:883)
==6492==    by 0x77C95FB: dlopen_doit (dlopen.c:56)
==6492==    by 0x78ADB57: _dl_catch_exception (dl-error-skeleton.c:208)
==6492==    by 0x78ADC22: _dl_catch_error (dl-error-skeleton.c:227)
==6492==    by 0x77C90ED: _dlerror_run (dlerror.c:138)
==6492== 
==6492== 62 bytes in 1 blocks are still reachable in loss record 352 of 427
==6492==    at 0x73E1899: malloc (in /mnt/c/Users/guido/ghq/projects/rustdom/.tools/valgrind/usr/libexec/valgrind/vgpreload_memcheck-amd64-linux.so)
==6492==    by 0x6BA6D20: malloc (rtld-malloc.h:56)
==6492==    by 0x6BA6D20: _dl_new_object (dl-object.c:199)
==6492==    by 0x6BA1C82: _dl_map_object_from_fd (dl-load.c:1063)
==6492==    by 0x6BA3600: _dl_map_object (dl-load.c:2327)
==6492==    by 0x6BA79A8: dl_open_worker_begin (dl-open.c:534)
==6492==    by 0x78ADB57: _dl_catch_exception (dl-error-skeleton.c:208)
==6492==    by 0x6BA6F99: dl_open_worker (dl-open.c:782)
==6492==    by 0x78ADB57: _dl_catch_exception (dl-error-skeleton.c:208)
==6492==    by 0x6BA734D: _dl_open (dl-open.c:883)
==6492==    by 0x77C95FB: dlopen_doit (dlopen.c:56)
==6492==    by 0x78ADB57: _dl_catch_exception (dl-error-skeleton.c:208)
==6492==    by 0x78ADC22: _dl_catch_error (dl-error-skeleton.c:227)
==6492== 
==6492== 64 bytes in 1 blocks are still reachable in loss record 353 of 427
==6492==    at 0x73E1899: malloc (in /mnt/c/Users/guido/ghq/projects/rustdom/.tools/valgrind/usr/libexec/valgrind/vgpreload_memcheck-amd64-linux.so)
==6492==    by 0x268A836: u_getTimeZoneFilesDirectory_78 (in /mnt/c/Users/guido/AppData/Local/Temp/rustdom-pr54-abort-retention-e991d78927094e13876cb3cd1a13dacf/.tools/node-v24.20.0-linux-x64/bin/node)
==6492==    by 0x26DCC67: doOpenChoice(char const*, char const*, char const*, signed char (*)(void*, char const*, char const*, UDataInfo const*), void*, UErrorCode*) (in /mnt/c/Users/guido/AppData/Local/Temp/rustdom-pr54-abort-retention-e991d78927094e13876cb3cd1a13dacf/.tools/node-v24.20.0-linux-x64/bin/node)
==6492==    by 0x26C9D4C: res_load_78 (in /mnt/c/Users/guido/AppData/Local/Temp/rustdom-pr54-abort-retention-e991d78927094e13876cb3cd1a13dacf/.tools/node-v24.20.0-linux-x64/bin/node)
==6492==    by 0x26DEB9D: init_entry(char const*, char const*, UErrorCode*) (in /mnt/c/Users/guido/AppData/Local/Temp/rustdom-pr54-abort-retention-e991d78927094e13876cb3cd1a13dacf/.tools/node-v24.20.0-linux-x64/bin/node)
==6492==    by 0x26DFA7A: ures_openDirectFillIn_78 (in /mnt/c/Users/guido/AppData/Local/Temp/rustdom-pr54-abort-retention-e991d78927094e13876cb3cd1a13dacf/.tools/node-v24.20.0-linux-x64/bin/node)
==6492==    by 0x20ABD70: icu_78::TimeZone::getTZDataVersion(UErrorCode&) (in /mnt/c/Users/guido/AppData/Local/Temp/rustdom-pr54-abort-retention-e991d78927094e13876cb3cd1a13dacf/.tools/node-v24.20.0-linux-x64/bin/node)
==6492==    by 0x99B4CD: node::Metadata::Versions::InitializeIntlVersions() (in /mnt/c/Users/guido/AppData/Local/Temp/rustdom-pr54-abort-retention-e991d78927094e13876cb3cd1a13dacf/.tools/node-v24.20.0-linux-x64/bin/node)
==6492==    by 0x8C3FB9: node::InitializeNodeWithArgsInternal(std::vector<std::__cxx11::basic_string<char, std::char_traits<char>, std::allocator<char> >, std::allocator<std::__cxx11::basic_string<char, std::char_traits<char>, std::allocator<char> > > >*, std::vector<std::__cxx11::basic_string<char, std::char_traits<char>, std::allocator<char> >, std::allocator<std::__cxx11::basic_string<char, std::char_traits<char>, std::allocator<char> > > >*, std::vector<std::__cxx11::basic_string<char, std::char_traits<char>, std::allocator<char> >, std::allocator<std::__cxx11::basic_string<char, std::char_traits<char>, std::allocator<char> > > >*, node::ProcessInitializationFlags::Flags) (in /mnt/c/Users/guido/AppData/Local/Temp/rustdom-pr54-abort-retention-e991d78927094e13876cb3cd1a13dacf/.tools/node-v24.20.0-linux-x64/bin/node)
==6492==    by 0x8C61BE: node::InitializeOncePerProcessInternal(std::vector<std::__cxx11::basic_string<char, std::char_traits<char>, std::allocator<char> >, std::allocator<std::__cxx11::basic_string<char, std::char_traits<char>, std::allocator<char> > > > const&, node::ProcessInitializationFlags::Flags) (in /mnt/c/Users/guido/AppData/Local/Temp/rustdom-pr54-abort-retention-e991d78927094e13876cb3cd1a13dacf/.tools/node-v24.20.0-linux-x64/bin/node)
==6492==    by 0x8C6F7B: node::Start(int, char**) (in /mnt/c/Users/guido/AppData/Local/Temp/rustdom-pr54-abort-retention-e991d78927094e13876cb3cd1a13dacf/.tools/node-v24.20.0-linux-x64/bin/node)
==6492==    by 0x7762D8F: (below main) (libc_start_call_main.h:58)
==6492== 
==6492== 64 bytes in 1 blocks are possibly lost in loss record 354 of 427
==6492==    at 0x73E2013: operator new(unsigned long) (in /mnt/c/Users/guido/ghq/projects/rustdom/.tools/valgrind/usr/libexec/valgrind/vgpreload_memcheck-amd64-linux.so)
==6492==    by 0x8D0A13: std::_Deque_base<void*, std::allocator<void*> >::_M_initialize_map(unsigned long) (in /mnt/c/Users/guido/AppData/Local/Temp/rustdom-pr54-abort-retention-e991d78927094e13876cb3cd1a13dacf/.tools/node-v24.20.0-linux-x64/bin/node)
==6492==    by 0x8CE79E: node::Environment::CloseHandle<uv_handle_s, v8impl::(anonymous namespace)::ThreadSafeFunction::CloseHandlesAndMaybeDelete(bool)::{lambda(uv_handle_s*)#1}>(uv_handle_s*, v8impl::(anonymous namespace)::ThreadSafeFunction::CloseHandlesAndMaybeDelete(bool)::{lambda(uv_handle_s*)#1})::{lambda(uv_handle_s*)#1}::_FUN(uv_handle_s*) (in /mnt/c/Users/guido/AppData/Local/Temp/rustdom-pr54-abort-retention-e991d78927094e13876cb3cd1a13dacf/.tools/node-v24.20.0-linux-x64/bin/node)
==6492==    by 0x19FCD9D: uv__finish_close (core.c:363)
==6492==    by 0x19FCD9D: uv__run_closing_handles (core.c:377)
==6492==    by 0x19FCD9D: uv_run (core.c:475)
==6492==    by 0x879127: node::Environment::CleanupHandles() (in /mnt/c/Users/guido/AppData/Local/Temp/rustdom-pr54-abort-retention-e991d78927094e13876cb3cd1a13dacf/.tools/node-v24.20.0-linux-x64/bin/node)
==6492==    by 0x87921C: node::Environment::RunCleanup() (in /mnt/c/Users/guido/AppData/Local/Temp/rustdom-pr54-abort-retention-e991d78927094e13876cb3cd1a13dacf/.tools/node-v24.20.0-linux-x64/bin/node)
==6492==    by 0x80C498: node::FreeEnvironment(node::Environment*) (in /mnt/c/Users/guido/AppData/Local/Temp/rustdom-pr54-abort-retention-e991d78927094e13876cb3cd1a13dacf/.tools/node-v24.20.0-linux-x64/bin/node)
==6492==    by 0x989F82: node::NodeMainInstance::Run() (in /mnt/c/Users/guido/AppData/Local/Temp/rustdom-pr54-abort-retention-e991d78927094e13876cb3cd1a13dacf/.tools/node-v24.20.0-linux-x64/bin/node)
==6492==    by 0x8C71A4: node::Start(int, char**) (in /mnt/c/Users/guido/AppData/Local/Temp/rustdom-pr54-abort-retention-e991d78927094e13876cb3cd1a13dacf/.tools/node-v24.20.0-linux-x64/bin/node)
==6492==    by 0x7762D8F: (below main) (libc_start_call_main.h:58)
==6492== 
==6492== 80 bytes in 1 blocks are still reachable in loss record 355 of 427
==6492==    at 0x73E1899: malloc (in /mnt/c/Users/guido/ghq/projects/rustdom/.tools/valgrind/usr/libexec/valgrind/vgpreload_memcheck-amd64-linux.so)
==6492==    by 0x2695122: uhash_open_78 (in /mnt/c/Users/guido/AppData/Local/Temp/rustdom-pr54-abort-retention-e991d78927094e13876cb3cd1a13dacf/.tools/node-v24.20.0-linux-x64/bin/node)
==6492==    by 0x26DFA19: ures_openDirectFillIn_78 (in /mnt/c/Users/guido/AppData/Local/Temp/rustdom-pr54-abort-retention-e991d78927094e13876cb3cd1a13dacf/.tools/node-v24.20.0-linux-x64/bin/node)
==6492==    by 0x20ABD70: icu_78::TimeZone::getTZDataVersion(UErrorCode&) (in /mnt/c/Users/guido/AppData/Local/Temp/rustdom-pr54-abort-retention-e991d78927094e13876cb3cd1a13dacf/.tools/node-v24.20.0-linux-x64/bin/node)
==6492==    by 0x99B4CD: node::Metadata::Versions::InitializeIntlVersions() (in /mnt/c/Users/guido/AppData/Local/Temp/rustdom-pr54-abort-retention-e991d78927094e13876cb3cd1a13dacf/.tools/node-v24.20.0-linux-x64/bin/node)
==6492==    by 0x8C3FB9: node::InitializeNodeWithArgsInternal(std::vector<std::__cxx11::basic_string<char, std::char_traits<char>, std::allocator<char> >, std::allocator<std::__cxx11::basic_string<char, std::char_traits<char>, std::allocator<char> > > >*, std::vector<std::__cxx11::basic_string<char, std::char_traits<char>, std::allocator<char> >, std::allocator<std::__cxx11::basic_string<char, std::char_traits<char>, std::allocator<char> > > >*, std::vector<std::__cxx11::basic_string<char, std::char_traits<char>, std::allocator<char> >, std::allocator<std::__cxx11::basic_string<char, std::char_traits<char>, std::allocator<char> > > >*, node::ProcessInitializationFlags::Flags) (in /mnt/c/Users/guido/AppData/Local/Temp/rustdom-pr54-abort-retention-e991d78927094e13876cb3cd1a13dacf/.tools/node-v24.20.0-linux-x64/bin/node)
==6492==    by 0x8C61BE: node::InitializeOncePerProcessInternal(std::vector<std::__cxx11::basic_string<char, std::char_traits<char>, std::allocator<char> >, std::allocator<std::__cxx11::basic_string<char, std::char_traits<char>, std::allocator<char> > > > const&, node::ProcessInitializationFlags::Flags) (in /mnt/c/Users/guido/AppData/Local/Temp/rustdom-pr54-abort-retention-e991d78927094e13876cb3cd1a13dacf/.tools/node-v24.20.0-linux-x64/bin/node)
==6492==    by 0x8C6F7B: node::Start(int, char**) (in /mnt/c/Users/guido/AppData/Local/Temp/rustdom-pr54-abort-retention-e991d78927094e13876cb3cd1a13dacf/.tools/node-v24.20.0-linux-x64/bin/node)
==6492==    by 0x7762D8F: (below main) (libc_start_call_main.h:58)
==6492== 
==6492== 80 bytes in 1 blocks are still reachable in loss record 356 of 427
==6492==    at 0x73E1899: malloc (in /mnt/c/Users/guido/ghq/projects/rustdom/.tools/valgrind/usr/libexec/valgrind/vgpreload_memcheck-amd64-linux.so)
==6492==    by 0x2695122: uhash_open_78 (in /mnt/c/Users/guido/AppData/Local/Temp/rustdom-pr54-abort-retention-e991d78927094e13876cb3cd1a13dacf/.tools/node-v24.20.0-linux-x64/bin/node)
==6492==    by 0x26A05E3: icu_78::locale_set_default_internal(char const*, UErrorCode&) (in /mnt/c/Users/guido/AppData/Local/Temp/rustdom-pr54-abort-retention-e991d78927094e13876cb3cd1a13dacf/.tools/node-v24.20.0-linux-x64/bin/node)
==6492==    by 0x26A08DE: icu_78::Locale::Locale() (in /mnt/c/Users/guido/AppData/Local/Temp/rustdom-pr54-abort-retention-e991d78927094e13876cb3cd1a13dacf/.tools/node-v24.20.0-linux-x64/bin/node)
==6492==    by 0xE43862: v8::internal::Isolate::DefaultLocale[abi:cxx11]() (in /mnt/c/Users/guido/AppData/Local/Temp/rustdom-pr54-abort-retention-e991d78927094e13876cb3cd1a13dacf/.tools/node-v24.20.0-linux-x64/bin/node)
==6492==    by 0xE43D73: v8::internal::LocalIsolate::LocalIsolate(v8::internal::Isolate*, v8::internal::ThreadKind) (in /mnt/c/Users/guido/AppData/Local/Temp/rustdom-pr54-abort-retention-e991d78927094e13876cb3cd1a13dacf/.tools/node-v24.20.0-linux-x64/bin/node)
==6492==    by 0xE41537: v8::internal::Isolate::Init(v8::internal::SnapshotData*, v8::internal::SnapshotData*, v8::internal::SnapshotData*, bool) (in /mnt/c/Users/guido/AppData/Local/Temp/rustdom-pr54-abort-retention-e991d78927094e13876cb3cd1a13dacf/.tools/node-v24.20.0-linux-x64/bin/node)
==6492==    by 0x141DAD2: v8::internal::Snapshot::Initialize(v8::internal::Isolate*) (in /mnt/c/Users/guido/AppData/Local/Temp/rustdom-pr54-abort-retention-e991d78927094e13876cb3cd1a13dacf/.tools/node-v24.20.0-linux-x64/bin/node)
==6492==    by 0xC8ABD5: v8::Isolate::Initialize(v8::Isolate*, v8::Isolate::CreateParams const&) (in /mnt/c/Users/guido/AppData/Local/Temp/rustdom-pr54-abort-retention-e991d78927094e13876cb3cd1a13dacf/.tools/node-v24.20.0-linux-x64/bin/node)
==6492==    by 0x807B3F: node::NewIsolate(v8::Isolate::CreateParams*, uv_loop_s*, node::MultiIsolatePlatform*, node::SnapshotData const*, node::IsolateSettings const&) (in /mnt/c/Users/guido/AppData/Local/Temp/rustdom-pr54-abort-retention-e991d78927094e13876cb3cd1a13dacf/.tools/node-v24.20.0-linux-x64/bin/node)
==6492==    by 0x989AB8: node::NodeMainInstance::NodeMainInstance(node::SnapshotData const*, uv_loop_s*, node::MultiIsolatePlatform*, std::vector<std::__cxx11::basic_string<char, std::char_traits<char>, std::allocator<char> >, std::allocator<std::__cxx11::basic_string<char, std::char_traits<char>, std::allocator<char> > > > const&, std::vector<std::__cxx11::basic_string<char, std::char_traits<char>, std::allocator<char> >, std::allocator<std::__cxx11::basic_string<char, std::char_traits<char>, std::allocator<char> > > > const&) (in /mnt/c/Users/guido/AppData/Local/Temp/rustdom-pr54-abort-retention-e991d78927094e13876cb3cd1a13dacf/.tools/node-v24.20.0-linux-x64/bin/node)
==6492==    by 0x8C7198: node::Start(int, char**) (in /mnt/c/Users/guido/AppData/Local/Temp/rustdom-pr54-abort-retention-e991d78927094e13876cb3cd1a13dacf/.tools/node-v24.20.0-linux-x64/bin/node)
==6492== 
==6492== 80 bytes in 1 blocks are still reachable in loss record 357 of 427
==6492==    at 0x73E1899: malloc (in /mnt/c/Users/guido/ghq/projects/rustdom/.tools/valgrind/usr/libexec/valgrind/vgpreload_memcheck-amd64-linux.so)
==6492==    by 0x2695122: uhash_open_78 (in /mnt/c/Users/guido/AppData/Local/Temp/rustdom-pr54-abort-retention-e991d78927094e13876cb3cd1a13dacf/.tools/node-v24.20.0-linux-x64/bin/node)
==6492==    by 0x21B2C71: icu_78::ZoneMeta::getCanonicalCLDRID(icu_78::UnicodeString const&, UErrorCode&) (in /mnt/c/Users/guido/AppData/Local/Temp/rustdom-pr54-abort-retention-e991d78927094e13876cb3cd1a13dacf/.tools/node-v24.20.0-linux-x64/bin/node)
==6492==    by 0x2116C0A: icu_78::OlsonTimeZone::OlsonTimeZone(UResourceBundle const*, UResourceBundle const*, icu_78::UnicodeString const&, UErrorCode&) (in /mnt/c/Users/guido/AppData/Local/Temp/rustdom-pr54-abort-retention-e991d78927094e13876cb3cd1a13dacf/.tools/node-v24.20.0-linux-x64/bin/node)
==6492==    by 0x20A8599: icu_78::(anonymous namespace)::createSystemTimeZone(icu_78::UnicodeString const&, UErrorCode&) [clone .part.0] (in /mnt/c/Users/guido/AppData/Local/Temp/rustdom-pr54-abort-retention-e991d78927094e13876cb3cd1a13dacf/.tools/node-v24.20.0-linux-x64/bin/node)
==6492==    by 0x20A8D11: icu_78::TimeZone::detectHostTimeZone() (in /mnt/c/Users/guido/AppData/Local/Temp/rustdom-pr54-abort-retention-e991d78927094e13876cb3cd1a13dacf/.tools/node-v24.20.0-linux-x64/bin/node)
==6492==    by 0x20A8F04: icu_78::TimeZone::createDefault() (in /mnt/c/Users/guido/AppData/Local/Temp/rustdom-pr54-abort-retention-e991d78927094e13876cb3cd1a13dacf/.tools/node-v24.20.0-linux-x64/bin/node)
==6492==    by 0x11420B9: v8::internal::ICUTimezoneCache::LocalTimeOffset(double, bool) (in /mnt/c/Users/guido/AppData/Local/Temp/rustdom-pr54-abort-retention-e991d78927094e13876cb3cd1a13dacf/.tools/node-v24.20.0-linux-x64/bin/node)
==6492==    by 0xD66BC7: v8::internal::DateCache::GetLocalOffsetFromOS(long, bool) (in /mnt/c/Users/guido/AppData/Local/Temp/rustdom-pr54-abort-retention-e991d78927094e13876cb3cd1a13dacf/.tools/node-v24.20.0-linux-x64/bin/node)
==6492==    by 0xD67A35: v8::internal::DateCache::LocalOffsetInMs(long, bool) [clone .part.0] (in /mnt/c/Users/guido/AppData/Local/Temp/rustdom-pr54-abort-retention-e991d78927094e13876cb3cd1a13dacf/.tools/node-v24.20.0-linux-x64/bin/node)
==6492==    by 0x11B0925: v8::internal::JSDate::DoGetField(v8::internal::Isolate*, v8::internal::JSDate::FieldIndex) (in /mnt/c/Users/guido/AppData/Local/Temp/rustdom-pr54-abort-retention-e991d78927094e13876cb3cd1a13dacf/.tools/node-v24.20.0-linux-x64/bin/node)
==6492==    by 0x11B0B88: v8::internal::JSDate::GetField(v8::internal::Isolate*, unsigned long, unsigned long) (in /mnt/c/Users/guido/AppData/Local/Temp/rustdom-pr54-abort-retention-e991d78927094e13876cb3cd1a13dacf/.tools/node-v24.20.0-linux-x64/bin/node)
==6492== 
==6492== 80 bytes in 1 blocks are possibly lost in loss record 358 of 427
==6492==    at 0x73E1899: malloc (in /mnt/c/Users/guido/ghq/projects/rustdom/.tools/valgrind/usr/libexec/valgrind/vgpreload_memcheck-amd64-linux.so)
==6492==    by 0x26F94AE: icu_78::UnicodeString::UnicodeString(char const*, int, icu_78::UnicodeString::EInvariant) (in /mnt/c/Users/guido/AppData/Local/Temp/rustdom-pr54-abort-retention-e991d78927094e13876cb3cd1a13dacf/.tools/node-v24.20.0-linux-x64/bin/node)
==6492==    by 0x20A8CD7: icu_78::TimeZone::detectHostTimeZone() (in /mnt/c/Users/guido/AppData/Local/Temp/rustdom-pr54-abort-retention-e991d78927094e13876cb3cd1a13dacf/.tools/node-v24.20.0-linux-x64/bin/node)
==6492==    by 0x20A8F04: icu_78::TimeZone::createDefault() (in /mnt/c/Users/guido/AppData/Local/Temp/rustdom-pr54-abort-retention-e991d78927094e13876cb3cd1a13dacf/.tools/node-v24.20.0-linux-x64/bin/node)
==6492==    by 0x11420B9: v8::internal::ICUTimezoneCache::LocalTimeOffset(double, bool) (in /mnt/c/Users/guido/AppData/Local/Temp/rustdom-pr54-abort-retention-e991d78927094e13876cb3cd1a13dacf/.tools/node-v24.20.0-linux-x64/bin/node)
==6492==    by 0xD66BC7: v8::internal::DateCache::GetLocalOffsetFromOS(long, bool) (in /mnt/c/Users/guido/AppData/Local/Temp/rustdom-pr54-abort-retention-e991d78927094e13876cb3cd1a13dacf/.tools/node-v24.20.0-linux-x64/bin/node)
==6492==    by 0xD67A35: v8::internal::DateCache::LocalOffsetInMs(long, bool) [clone .part.0] (in /mnt/c/Users/guido/AppData/Local/Temp/rustdom-pr54-abort-retention-e991d78927094e13876cb3cd1a13dacf/.tools/node-v24.20.0-linux-x64/bin/node)
==6492==    by 0x11B0925: v8::internal::JSDate::DoGetField(v8::internal::Isolate*, v8::internal::JSDate::FieldIndex) (in /mnt/c/Users/guido/AppData/Local/Temp/rustdom-pr54-abort-retention-e991d78927094e13876cb3cd1a13dacf/.tools/node-v24.20.0-linux-x64/bin/node)
==6492==    by 0x11B0B88: v8::internal::JSDate::GetField(v8::internal::Isolate*, unsigned long, unsigned long) (in /mnt/c/Users/guido/AppData/Local/Temp/rustdom-pr54-abort-retention-e991d78927094e13876cb3cd1a13dacf/.tools/node-v24.20.0-linux-x64/bin/node)
==6492==    by 0x1A6894D: Builtins_DatePrototypeGetMonth (in /mnt/c/Users/guido/AppData/Local/Temp/rustdom-pr54-abort-retention-e991d78927094e13876cb3cd1a13dacf/.tools/node-v24.20.0-linux-x64/bin/node)
==6492==    by 0x1A24653: Builtins_InterpreterEntryTrampoline (in /mnt/c/Users/guido/AppData/Local/Temp/rustdom-pr54-abort-retention-e991d78927094e13876cb3cd1a13dacf/.tools/node-v24.20.0-linux-x64/bin/node)
==6492==    by 0x1A24653: Builtins_InterpreterEntryTrampoline (in /mnt/c/Users/guido/AppData/Local/Temp/rustdom-pr54-abort-retention-e991d78927094e13876cb3cd1a13dacf/.tools/node-v24.20.0-linux-x64/bin/node)
==6492== 
==6492== 112 bytes in 1 blocks are still reachable in loss record 359 of 427
==6492==    at 0x73E1899: malloc (in /mnt/c/Users/guido/ghq/projects/rustdom/.tools/valgrind/usr/libexec/valgrind/vgpreload_memcheck-amd64-linux.so)
==6492==    by 0x1E098B0: CRYPTO_zalloc (in /mnt/c/Users/guido/AppData/Local/Temp/rustdom-pr54-abort-retention-e991d78927094e13876cb3cd1a13dacf/.tools/node-v24.20.0-linux-x64/bin/node)
==6492==    by 0x1CF5066: BIO_meth_new (in /mnt/c/Users/guido/AppData/Local/Temp/rustdom-pr54-abort-retention-e991d78927094e13876cb3cd1a13dacf/.tools/node-v24.20.0-linux-x64/bin/node)
==6492==    by 0xB8F22E: node::crypto::NodeBIO::GetMethod() (in /mnt/c/Users/guido/AppData/Local/Temp/rustdom-pr54-abort-retention-e991d78927094e13876cb3cd1a13dacf/.tools/node-v24.20.0-linux-x64/bin/node)
==6492==    by 0xB8F2E1: node::crypto::NodeBIO::NewFixed(char const*, unsigned long, node::Environment*) (in /mnt/c/Users/guido/AppData/Local/Temp/rustdom-pr54-abort-retention-e991d78927094e13876cb3cd1a13dacf/.tools/node-v24.20.0-linux-x64/bin/node)
==6492==    by 0xBB54DB: node::crypto::GetBundledRootCertificates() (in /mnt/c/Users/guido/AppData/Local/Temp/rustdom-pr54-abort-retention-e991d78927094e13876cb3cd1a13dacf/.tools/node-v24.20.0-linux-x64/bin/node)
==6492==    by 0xBBCCE1: node::crypto::LoadCACertificates(void*) (in /mnt/c/Users/guido/AppData/Local/Temp/rustdom-pr54-abort-retention-e991d78927094e13876cb3cd1a13dacf/.tools/node-v24.20.0-linux-x64/bin/node)
==6492==    by 0x77CDA82: start_thread (pthread_create.c:442)
==6492==    by 0x785EA93: clone (clone.S:100)
==6492== 
==6492== 116 bytes in 1 blocks are possibly lost in loss record 360 of 427
==6492==    at 0x73E1899: malloc (in /mnt/c/Users/guido/ghq/projects/rustdom/.tools/valgrind/usr/libexec/valgrind/vgpreload_memcheck-amd64-linux.so)
==6492==    by 0x230654D7: _RINvMsa_NtCsfBDUjroi3FF_9hashbrown3rawNtB6_13RawTableInner22fallible_with_capacityNtNtCs6i54tJFfzR_5alloc5alloc6GlobalECs3Ir8cfnU9oH_7rustdom (in /home/guido/rustdom-selection-result-OEvCXh/dist/rustdom.node)
==6492==    by 0x2305D935: _RINvMs6_NtCsfBDUjroi3FF_9hashbrown3rawINtB6_8RawTableTjNtNtNtCs4QMHp0v7l6B_4napi15bindgen_runtime13native_borrow17NativeBorrowStateEE14reserve_rehashNCINvNtB8_3map11make_hasherjBR_NtNtNtCs9k3SxhrAWiO_3std4hash6random11RandomStateE0ECs3Ir8cfnU9oH_7rustdom (in /home/guido/rustdom-selection-result-OEvCXh/dist/rustdom.node)
==6492==    by 0x230837B0: _RINvNtNtCs4QMHp0v7l6B_4napi15bindgen_runtime13native_borrow33register_native_borrow_with_valueNtNtNtCs3Ir8cfnU9oH_7rustdom3dom12blob_binding18NativeBlobMetadataEB1A_ (in /home/guido/rustdom-selection-result-OEvCXh/dist/rustdom.node)
==6492==    by 0x2317DC07: _RNvNtNtNtCs3Ir8cfnU9oH_7rustdom3dom4tree32___napi_impl_helper_NativeTree_1734try_set_unicode_version_c_callback (in /home/guido/rustdom-selection-result-OEvCXh/dist/rustdom.node)
==6492==    by 0x8A0810: v8impl::(anonymous namespace)::FunctionCallbackWrapper::Invoke(v8::FunctionCallbackInfo<v8::Value> const&) (in /mnt/c/Users/guido/AppData/Local/Temp/rustdom-pr54-abort-retention-e991d78927094e13876cb3cd1a13dacf/.tools/node-v24.20.0-linux-x64/bin/node)
==6492==    by 0x1A2608C: Builtins_CallApiCallbackGeneric (in /mnt/c/Users/guido/AppData/Local/Temp/rustdom-pr54-abort-retention-e991d78927094e13876cb3cd1a13dacf/.tools/node-v24.20.0-linux-x64/bin/node)
==6492==    by 0x1A24653: Builtins_InterpreterEntryTrampoline (in /mnt/c/Users/guido/AppData/Local/Temp/rustdom-pr54-abort-retention-e991d78927094e13876cb3cd1a13dacf/.tools/node-v24.20.0-linux-x64/bin/node)
==6492==    by 0x1A24653: Builtins_InterpreterEntryTrampoline (in /mnt/c/Users/guido/AppData/Local/Temp/rustdom-pr54-abort-retention-e991d78927094e13876cb3cd1a13dacf/.tools/node-v24.20.0-linux-x64/bin/node)
==6492==    by 0x1A24DCE: Builtins_InterpreterPushArgsThenFastConstructFunction (in /mnt/c/Users/guido/AppData/Local/Temp/rustdom-pr54-abort-retention-e991d78927094e13876cb3cd1a13dacf/.tools/node-v24.20.0-linux-x64/bin/node)
==6492==    by 0x1BD8FC0: Builtins_ConstructHandler (in /mnt/c/Users/guido/AppData/Local/Temp/rustdom-pr54-abort-retention-e991d78927094e13876cb3cd1a13dacf/.tools/node-v24.20.0-linux-x64/bin/node)
==6492==    by 0x1A24653: Builtins_InterpreterEntryTrampoline (in /mnt/c/Users/guido/AppData/Local/Temp/rustdom-pr54-abort-retention-e991d78927094e13876cb3cd1a13dacf/.tools/node-v24.20.0-linux-x64/bin/node)
==6492== 
==6492== 120 bytes in 1 blocks are still reachable in loss record 361 of 427
==6492==    at 0x73E1899: malloc (in /mnt/c/Users/guido/ghq/projects/rustdom/.tools/valgrind/usr/libexec/valgrind/vgpreload_memcheck-amd64-linux.so)
==6492==    by 0x26DEB09: init_entry(char const*, char const*, UErrorCode*) (in /mnt/c/Users/guido/AppData/Local/Temp/rustdom-pr54-abort-retention-e991d78927094e13876cb3cd1a13dacf/.tools/node-v24.20.0-linux-x64/bin/node)
==6492==    by 0x26DFA7A: ures_openDirectFillIn_78 (in /mnt/c/Users/guido/AppData/Local/Temp/rustdom-pr54-abort-retention-e991d78927094e13876cb3cd1a13dacf/.tools/node-v24.20.0-linux-x64/bin/node)
==6492==    by 0x20ABD70: icu_78::TimeZone::getTZDataVersion(UErrorCode&) (in /mnt/c/Users/guido/AppData/Local/Temp/rustdom-pr54-abort-retention-e991d78927094e13876cb3cd1a13dacf/.tools/node-v24.20.0-linux-x64/bin/node)
==6492==    by 0x99B4CD: node::Metadata::Versions::InitializeIntlVersions() (in /mnt/c/Users/guido/AppData/Local/Temp/rustdom-pr54-abort-retention-e991d78927094e13876cb3cd1a13dacf/.tools/node-v24.20.0-linux-x64/bin/node)
==6492==    by 0x8C3FB9: node::InitializeNodeWithArgsInternal(std::vector<std::__cxx11::basic_string<char, std::char_traits<char>, std::allocator<char> >, std::allocator<std::__cxx11::basic_string<char, std::char_traits<char>, std::allocator<char> > > >*, std::vector<std::__cxx11::basic_string<char, std::char_traits<char>, std::allocator<char> >, std::allocator<std::__cxx11::basic_string<char, std::char_traits<char>, std::allocator<char> > > >*, std::vector<std::__cxx11::basic_string<char, std::char_traits<char>, std::allocator<char> >, std::allocator<std::__cxx11::basic_string<char, std::char_traits<char>, std::allocator<char> > > >*, node::ProcessInitializationFlags::Flags) (in /mnt/c/Users/guido/AppData/Local/Temp/rustdom-pr54-abort-retention-e991d78927094e13876cb3cd1a13dacf/.tools/node-v24.20.0-linux-x64/bin/node)
==6492==    by 0x8C61BE: node::InitializeOncePerProcessInternal(std::vector<std::__cxx11::basic_string<char, std::char_traits<char>, std::allocator<char> >, std::allocator<std::__cxx11::basic_string<char, std::char_traits<char>, std::allocator<char> > > > const&, node::ProcessInitializationFlags::Flags) (in /mnt/c/Users/guido/AppData/Local/Temp/rustdom-pr54-abort-retention-e991d78927094e13876cb3cd1a13dacf/.tools/node-v24.20.0-linux-x64/bin/node)
==6492==    by 0x8C6F7B: node::Start(int, char**) (in /mnt/c/Users/guido/AppData/Local/Temp/rustdom-pr54-abort-retention-e991d78927094e13876cb3cd1a13dacf/.tools/node-v24.20.0-linux-x64/bin/node)
==6492==    by 0x7762D8F: (below main) (libc_start_call_main.h:58)
==6492== 
==6492== 120 bytes in 1 blocks are still reachable in loss record 362 of 427
==6492==    at 0x73E1899: malloc (in /mnt/c/Users/guido/ghq/projects/rustdom/.tools/valgrind/usr/libexec/valgrind/vgpreload_memcheck-amd64-linux.so)
==6492==    by 0x26DEB09: init_entry(char const*, char const*, UErrorCode*) (in /mnt/c/Users/guido/AppData/Local/Temp/rustdom-pr54-abort-retention-e991d78927094e13876cb3cd1a13dacf/.tools/node-v24.20.0-linux-x64/bin/node)
==6492==    by 0x26DF719: ures_openDirect_78 (in /mnt/c/Users/guido/AppData/Local/Temp/rustdom-pr54-abort-retention-e991d78927094e13876cb3cd1a13dacf/.tools/node-v24.20.0-linux-x64/bin/node)
==6492==    by 0x20E34F1: ulocdata_getCLDRVersion_78 (in /mnt/c/Users/guido/AppData/Local/Temp/rustdom-pr54-abort-retention-e991d78927094e13876cb3cd1a13dacf/.tools/node-v24.20.0-linux-x64/bin/node)
==6492==    by 0x99B4E1: node::Metadata::Versions::InitializeIntlVersions() (in /mnt/c/Users/guido/AppData/Local/Temp/rustdom-pr54-abort-retention-e991d78927094e13876cb3cd1a13dacf/.tools/node-v24.20.0-linux-x64/bin/node)
==6492==    by 0x8C3FB9: node::InitializeNodeWithArgsInternal(std::vector<std::__cxx11::basic_string<char, std::char_traits<char>, std::allocator<char> >, std::allocator<std::__cxx11::basic_string<char, std::char_traits<char>, std::allocator<char> > > >*, std::vector<std::__cxx11::basic_string<char, std::char_traits<char>, std::allocator<char> >, std::allocator<std::__cxx11::basic_string<char, std::char_traits<char>, std::allocator<char> > > >*, std::vector<std::__cxx11::basic_string<char, std::char_traits<char>, std::allocator<char> >, std::allocator<std::__cxx11::basic_string<char, std::char_traits<char>, std::allocator<char> > > >*, node::ProcessInitializationFlags::Flags) (in /mnt/c/Users/guido/AppData/Local/Temp/rustdom-pr54-abort-retention-e991d78927094e13876cb3cd1a13dacf/.tools/node-v24.20.0-linux-x64/bin/node)
==6492==    by 0x8C61BE: node::InitializeOncePerProcessInternal(std::vector<std::__cxx11::basic_string<char, std::char_traits<char>, std::allocator<char> >, std::allocator<std::__cxx11::basic_string<char, std::char_traits<char>, std::allocator<char> > > > const&, node::ProcessInitializationFlags::Flags) (in /mnt/c/Users/guido/AppData/Local/Temp/rustdom-pr54-abort-retention-e991d78927094e13876cb3cd1a13dacf/.tools/node-v24.20.0-linux-x64/bin/node)
==6492==    by 0x8C6F7B: node::Start(int, char**) (in /mnt/c/Users/guido/AppData/Local/Temp/rustdom-pr54-abort-retention-e991d78927094e13876cb3cd1a13dacf/.tools/node-v24.20.0-linux-x64/bin/node)
==6492==    by 0x7762D8F: (below main) (libc_start_call_main.h:58)
==6492== 
==6492== 120 bytes in 1 blocks are still reachable in loss record 363 of 427
==6492==    at 0x73E1899: malloc (in /mnt/c/Users/guido/ghq/projects/rustdom/.tools/valgrind/usr/libexec/valgrind/vgpreload_memcheck-amd64-linux.so)
==6492==    by 0x26DEB09: init_entry(char const*, char const*, UErrorCode*) (in /mnt/c/Users/guido/AppData/Local/Temp/rustdom-pr54-abort-retention-e991d78927094e13876cb3cd1a13dacf/.tools/node-v24.20.0-linux-x64/bin/node)
==6492==    by 0x26DF719: ures_openDirect_78 (in /mnt/c/Users/guido/AppData/Local/Temp/rustdom-pr54-abort-retention-e991d78927094e13876cb3cd1a13dacf/.tools/node-v24.20.0-linux-x64/bin/node)
==6492==    by 0x21B2D8D: icu_78::ZoneMeta::getCanonicalCLDRID(icu_78::UnicodeString const&, UErrorCode&) (in /mnt/c/Users/guido/AppData/Local/Temp/rustdom-pr54-abort-retention-e991d78927094e13876cb3cd1a13dacf/.tools/node-v24.20.0-linux-x64/bin/node)
==6492==    by 0x2116C0A: icu_78::OlsonTimeZone::OlsonTimeZone(UResourceBundle const*, UResourceBundle const*, icu_78::UnicodeString const&, UErrorCode&) (in /mnt/c/Users/guido/AppData/Local/Temp/rustdom-pr54-abort-retention-e991d78927094e13876cb3cd1a13dacf/.tools/node-v24.20.0-linux-x64/bin/node)
==6492==    by 0x20A8599: icu_78::(anonymous namespace)::createSystemTimeZone(icu_78::UnicodeString const&, UErrorCode&) [clone .part.0] (in /mnt/c/Users/guido/AppData/Local/Temp/rustdom-pr54-abort-retention-e991d78927094e13876cb3cd1a13dacf/.tools/node-v24.20.0-linux-x64/bin/node)
==6492==    by 0x20A8D11: icu_78::TimeZone::detectHostTimeZone() (in /mnt/c/Users/guido/AppData/Local/Temp/rustdom-pr54-abort-retention-e991d78927094e13876cb3cd1a13dacf/.tools/node-v24.20.0-linux-x64/bin/node)
==6492==    by 0x20A8F04: icu_78::TimeZone::createDefault() (in /mnt/c/Users/guido/AppData/Local/Temp/rustdom-pr54-abort-retention-e991d78927094e13876cb3cd1a13dacf/.tools/node-v24.20.0-linux-x64/bin/node)
==6492==    by 0x11420B9: v8::internal::ICUTimezoneCache::LocalTimeOffset(double, bool) (in /mnt/c/Users/guido/AppData/Local/Temp/rustdom-pr54-abort-retention-e991d78927094e13876cb3cd1a13dacf/.tools/node-v24.20.0-linux-x64/bin/node)
==6492==    by 0xD66BC7: v8::internal::DateCache::GetLocalOffsetFromOS(long, bool) (in /mnt/c/Users/guido/AppData/Local/Temp/rustdom-pr54-abort-retention-e991d78927094e13876cb3cd1a13dacf/.tools/node-v24.20.0-linux-x64/bin/node)
==6492==    by 0xD67A35: v8::internal::DateCache::LocalOffsetInMs(long, bool) [clone .part.0] (in /mnt/c/Users/guido/AppData/Local/Temp/rustdom-pr54-abort-retention-e991d78927094e13876cb3cd1a13dacf/.tools/node-v24.20.0-linux-x64/bin/node)
==6492==    by 0x11B0925: v8::internal::JSDate::DoGetField(v8::internal::Isolate*, v8::internal::JSDate::FieldIndex) (in /mnt/c/Users/guido/AppData/Local/Temp/rustdom-pr54-abort-retention-e991d78927094e13876cb3cd1a13dacf/.tools/node-v24.20.0-linux-x64/bin/node)
==6492== 
==6492== 120 bytes in 1 blocks are still reachable in loss record 364 of 427
==6492==    at 0x73E1899: malloc (in /mnt/c/Users/guido/ghq/projects/rustdom/.tools/valgrind/usr/libexec/valgrind/vgpreload_memcheck-amd64-linux.so)
==6492==    by 0x26DEB09: init_entry(char const*, char const*, UErrorCode*) (in /mnt/c/Users/guido/AppData/Local/Temp/rustdom-pr54-abort-retention-e991d78927094e13876cb3cd1a13dacf/.tools/node-v24.20.0-linux-x64/bin/node)
==6492==    by 0x26E0E4D: ures_openWithType(UResourceBundle*, char const*, char const*, UResOpenType, UErrorCode*) (in /mnt/c/Users/guido/AppData/Local/Temp/rustdom-pr54-abort-retention-e991d78927094e13876cb3cd1a13dacf/.tools/node-v24.20.0-linux-x64/bin/node)
==6492==    by 0x26E16FF: (anonymous namespace)::getAliasTargetAsResourceBundle(ResourceData const&, unsigned int, char const*, int, UResourceDataEntry*, char const*, int, UResourceBundle*, UErrorCode*) (in /mnt/c/Users/guido/AppData/Local/Temp/rustdom-pr54-abort-retention-e991d78927094e13876cb3cd1a13dacf/.tools/node-v24.20.0-linux-x64/bin/node)
==6492==    by 0x26E3414: ures_getByKey_78 (in /mnt/c/Users/guido/AppData/Local/Temp/rustdom-pr54-abort-retention-e991d78927094e13876cb3cd1a13dacf/.tools/node-v24.20.0-linux-x64/bin/node)
==6492==    by 0x21B2DC4: icu_78::ZoneMeta::getCanonicalCLDRID(icu_78::UnicodeString const&, UErrorCode&) (in /mnt/c/Users/guido/AppData/Local/Temp/rustdom-pr54-abort-retention-e991d78927094e13876cb3cd1a13dacf/.tools/node-v24.20.0-linux-x64/bin/node)
==6492==    by 0x2116C0A: icu_78::OlsonTimeZone::OlsonTimeZone(UResourceBundle const*, UResourceBundle const*, icu_78::UnicodeString const&, UErrorCode&) (in /mnt/c/Users/guido/AppData/Local/Temp/rustdom-pr54-abort-retention-e991d78927094e13876cb3cd1a13dacf/.tools/node-v24.20.0-linux-x64/bin/node)
==6492==    by 0x20A8599: icu_78::(anonymous namespace)::createSystemTimeZone(icu_78::UnicodeString const&, UErrorCode&) [clone .part.0] (in /mnt/c/Users/guido/AppData/Local/Temp/rustdom-pr54-abort-retention-e991d78927094e13876cb3cd1a13dacf/.tools/node-v24.20.0-linux-x64/bin/node)
==6492==    by 0x20A8D11: icu_78::TimeZone::detectHostTimeZone() (in /mnt/c/Users/guido/AppData/Local/Temp/rustdom-pr54-abort-retention-e991d78927094e13876cb3cd1a13dacf/.tools/node-v24.20.0-linux-x64/bin/node)
==6492==    by 0x20A8F04: icu_78::TimeZone::createDefault() (in /mnt/c/Users/guido/AppData/Local/Temp/rustdom-pr54-abort-retention-e991d78927094e13876cb3cd1a13dacf/.tools/node-v24.20.0-linux-x64/bin/node)
==6492==    by 0x11420B9: v8::internal::ICUTimezoneCache::LocalTimeOffset(double, bool) (in /mnt/c/Users/guido/AppData/Local/Temp/rustdom-pr54-abort-retention-e991d78927094e13876cb3cd1a13dacf/.tools/node-v24.20.0-linux-x64/bin/node)
==6492==    by 0xD66BC7: v8::internal::DateCache::GetLocalOffsetFromOS(long, bool) (in /mnt/c/Users/guido/AppData/Local/Temp/rustdom-pr54-abort-retention-e991d78927094e13876cb3cd1a13dacf/.tools/node-v24.20.0-linux-x64/bin/node)
==6492== 
==6492== 128 bytes in 1 blocks are still reachable in loss record 365 of 427
==6492==    at 0x73E2013: operator new(unsigned long) (in /mnt/c/Users/guido/ghq/projects/rustdom/.tools/valgrind/usr/libexec/valgrind/vgpreload_memcheck-amd64-linux.so)
==6492==    by 0x9D4683: node::PerIsolatePlatformData::PerIsolatePlatformData(v8::Isolate*, uv_loop_s*, node::PlatformDebugLogLevel) (in /mnt/c/Users/guido/AppData/Local/Temp/rustdom-pr54-abort-retention-e991d78927094e13876cb3cd1a13dacf/.tools/node-v24.20.0-linux-x64/bin/node)
==6492==    by 0x9D726C: node::NodePlatform::RegisterIsolate(v8::Isolate*, uv_loop_s*) (in /mnt/c/Users/guido/AppData/Local/Temp/rustdom-pr54-abort-retention-e991d78927094e13876cb3cd1a13dacf/.tools/node-v24.20.0-linux-x64/bin/node)
==6492==    by 0x807AF8: node::NewIsolate(v8::Isolate::CreateParams*, uv_loop_s*, node::MultiIsolatePlatform*, node::SnapshotData const*, node::IsolateSettings const&) (in /mnt/c/Users/guido/AppData/Local/Temp/rustdom-pr54-abort-retention-e991d78927094e13876cb3cd1a13dacf/.tools/node-v24.20.0-linux-x64/bin/node)
==6492==    by 0x989AB8: node::NodeMainInstance::NodeMainInstance(node::SnapshotData const*, uv_loop_s*, node::MultiIsolatePlatform*, std::vector<std::__cxx11::basic_string<char, std::char_traits<char>, std::allocator<char> >, std::allocator<std::__cxx11::basic_string<char, std::char_traits<char>, std::allocator<char> > > > const&, std::vector<std::__cxx11::basic_string<char, std::char_traits<char>, std::allocator<char> >, std::allocator<std::__cxx11::basic_string<char, std::char_traits<char>, std::allocator<char> > > > const&) (in /mnt/c/Users/guido/AppData/Local/Temp/rustdom-pr54-abort-retention-e991d78927094e13876cb3cd1a13dacf/.tools/node-v24.20.0-linux-x64/bin/node)
==6492==    by 0x8C7198: node::Start(int, char**) (in /mnt/c/Users/guido/AppData/Local/Temp/rustdom-pr54-abort-retention-e991d78927094e13876cb3cd1a13dacf/.tools/node-v24.20.0-linux-x64/bin/node)
==6492==    by 0x7762D8F: (below main) (libc_start_call_main.h:58)
==6492== 
==6492== 148 bytes in 1 blocks are still reachable in loss record 366 of 427
==6492==    at 0x73E6CD3: realloc (in /mnt/c/Users/guido/ghq/projects/rustdom/.tools/valgrind/usr/libexec/valgrind/vgpreload_memcheck-amd64-linux.so)
==6492==    by 0x27334FF: icu_78::UnicodeSet::compact() (in /mnt/c/Users/guido/AppData/Local/Temp/rustdom-pr54-abort-retention-e991d78927094e13876cb3cd1a13dacf/.tools/node-v24.20.0-linux-x64/bin/node)
==6492==    by 0x2736121: icu_78::UnicodeSet::freeze() (in /mnt/c/Users/guido/AppData/Local/Temp/rustdom-pr54-abort-retention-e991d78927094e13876cb3cd1a13dacf/.tools/node-v24.20.0-linux-x64/bin/node)
==6492==    by 0x19953B1: v8::internal::BuildIgnoreSet() (in /mnt/c/Users/guido/AppData/Local/Temp/rustdom-pr54-abort-retention-e991d78927094e13876cb3cd1a13dacf/.tools/node-v24.20.0-linux-x64/bin/node)
==6492==    by 0x19953C8: v8::base::LazyInstanceImpl<v8::internal::IgnoreSetData, v8::base::StaticallyAllocatedInstanceTrait<v8::internal::IgnoreSetData>, v8::base::DefaultConstructTrait<v8::internal::IgnoreSetData>, v8::base::ThreadSafeInitOnceTrait, v8::base::LeakyInstanceTrait<v8::internal::IgnoreSetData> >::InitInstance(void*) (in /mnt/c/Users/guido/AppData/Local/Temp/rustdom-pr54-abort-retention-e991d78927094e13876cb3cd1a13dacf/.tools/node-v24.20.0-linux-x64/bin/node)
==6492==    by 0x27A547C: v8::base::CallOnceImpl(std::atomic<unsigned char>*, std::function<void ()>) (in /mnt/c/Users/guido/AppData/Local/Temp/rustdom-pr54-abort-retention-e991d78927094e13876cb3cd1a13dacf/.tools/node-v24.20.0-linux-x64/bin/node)
==6492==    by 0x1995422: v8::internal::RegExpCaseFolding::IgnoreSet() (in /mnt/c/Users/guido/AppData/Local/Temp/rustdom-pr54-abort-retention-e991d78927094e13876cb3cd1a13dacf/.tools/node-v24.20.0-linux-x64/bin/node)
==6492==    by 0x136F8C2: v8::internal::CharacterRange::AddCaseEquivalents(v8::internal::Isolate*, v8::internal::Zone*, v8::internal::ZoneList<v8::internal::CharacterRange>*, bool) (in /mnt/c/Users/guido/AppData/Local/Temp/rustdom-pr54-abort-retention-e991d78927094e13876cb3cd1a13dacf/.tools/node-v24.20.0-linux-x64/bin/node)
==6492==    by 0x1373A9C: v8::internal::TextNode::Accept(v8::internal::NodeVisitor*) (in /mnt/c/Users/guido/AppData/Local/Temp/rustdom-pr54-abort-retention-e991d78927094e13876cb3cd1a13dacf/.tools/node-v24.20.0-linux-x64/bin/node)
==6492==    by 0x137284D: v8::internal::ChoiceNode::Accept(v8::internal::NodeVisitor*) (in /mnt/c/Users/guido/AppData/Local/Temp/rustdom-pr54-abort-retention-e991d78927094e13876cb3cd1a13dacf/.tools/node-v24.20.0-linux-x64/bin/node)
==6492==    by 0x1372FA8: v8::internal::ActionNode::Accept(v8::internal::NodeVisitor*) (in /mnt/c/Users/guido/AppData/Local/Temp/rustdom-pr54-abort-retention-e991d78927094e13876cb3cd1a13dacf/.tools/node-v24.20.0-linux-x64/bin/node)
==6492==    by 0x1373337: v8::internal::LoopChoiceNode::Accept(v8::internal::NodeVisitor*) (in /mnt/c/Users/guido/AppData/Local/Temp/rustdom-pr54-abort-retention-e991d78927094e13876cb3cd1a13dacf/.tools/node-v24.20.0-linux-x64/bin/node)
==6492== 
==6492== 192 bytes in 1 blocks are still reachable in loss record 367 of 427
==6492==    at 0x73E2013: operator new(unsigned long) (in /mnt/c/Users/guido/ghq/projects/rustdom/.tools/valgrind/usr/libexec/valgrind/vgpreload_memcheck-amd64-linux.so)
==6492==    by 0x9D6AEC: node::PerIsolatePlatformData::PostDelayedTaskImpl(std::unique_ptr<v8::Task, std::default_delete<v8::Task> >, double, v8::SourceLocation const&) (in /mnt/c/Users/guido/AppData/Local/Temp/rustdom-pr54-abort-retention-e991d78927094e13876cb3cd1a13dacf/.tools/node-v24.20.0-linux-x64/bin/node)
==6492==    by 0xF802D9: v8::internal::MemoryReducer::ScheduleTimer(double) (in /mnt/c/Users/guido/AppData/Local/Temp/rustdom-pr54-abort-retention-e991d78927094e13876cb3cd1a13dacf/.tools/node-v24.20.0-linux-x64/bin/node)
==6492==    by 0xF80369: v8::internal::MemoryReducer::NotifyTimer(v8::internal::MemoryReducer::Event const&) (in /mnt/c/Users/guido/AppData/Local/Temp/rustdom-pr54-abort-retention-e991d78927094e13876cb3cd1a13dacf/.tools/node-v24.20.0-linux-x64/bin/node)
==6492==    by 0xF8065D: v8::internal::MemoryReducer::TimerTask::RunInternal() (in /mnt/c/Users/guido/AppData/Local/Temp/rustdom-pr54-abort-retention-e991d78927094e13876cb3cd1a13dacf/.tools/node-v24.20.0-linux-x64/bin/node)
==6492==    by 0x9D3173: node::PerIsolatePlatformData::RunForegroundTask(std::unique_ptr<v8::Task, std::default_delete<v8::Task> >) [clone .part.0] (in /mnt/c/Users/guido/AppData/Local/Temp/rustdom-pr54-abort-retention-e991d78927094e13876cb3cd1a13dacf/.tools/node-v24.20.0-linux-x64/bin/node)
==6492==    by 0x9D4A0F: node::PerIsolatePlatformData::RunForegroundTask(uv_timer_s*) (in /mnt/c/Users/guido/AppData/Local/Temp/rustdom-pr54-abort-retention-e991d78927094e13876cb3cd1a13dacf/.tools/node-v24.20.0-linux-x64/bin/node)
==6492==    by 0x19F87B3: uv__run_timers (timer.c:192)
==6492==    by 0x19FCF59: uv_run (core.c:478)
==6492==    by 0x803734: node::SpinEventLoopInternal(node::Environment*) (in /mnt/c/Users/guido/AppData/Local/Temp/rustdom-pr54-abort-retention-e991d78927094e13876cb3cd1a13dacf/.tools/node-v24.20.0-linux-x64/bin/node)
==6492==    by 0x989FC9: node::NodeMainInstance::Run() (in /mnt/c/Users/guido/AppData/Local/Temp/rustdom-pr54-abort-retention-e991d78927094e13876cb3cd1a13dacf/.tools/node-v24.20.0-linux-x64/bin/node)
==6492==    by 0x8C71A4: node::Start(int, char**) (in /mnt/c/Users/guido/AppData/Local/Temp/rustdom-pr54-abort-retention-e991d78927094e13876cb3cd1a13dacf/.tools/node-v24.20.0-linux-x64/bin/node)
==6492== 
==6492== 224 bytes in 1 blocks are still reachable in loss record 368 of 427
==6492==    at 0x73E1899: malloc (in /mnt/c/Users/guido/ghq/projects/rustdom/.tools/valgrind/usr/libexec/valgrind/vgpreload_memcheck-amd64-linux.so)
==6492==    by 0x20A8579: icu_78::(anonymous namespace)::createSystemTimeZone(icu_78::UnicodeString const&, UErrorCode&) [clone .part.0] (in /mnt/c/Users/guido/AppData/Local/Temp/rustdom-pr54-abort-retention-e991d78927094e13876cb3cd1a13dacf/.tools/node-v24.20.0-linux-x64/bin/node)
==6492==    by 0x20A8D11: icu_78::TimeZone::detectHostTimeZone() (in /mnt/c/Users/guido/AppData/Local/Temp/rustdom-pr54-abort-retention-e991d78927094e13876cb3cd1a13dacf/.tools/node-v24.20.0-linux-x64/bin/node)
==6492==    by 0x20A8F04: icu_78::TimeZone::createDefault() (in /mnt/c/Users/guido/AppData/Local/Temp/rustdom-pr54-abort-retention-e991d78927094e13876cb3cd1a13dacf/.tools/node-v24.20.0-linux-x64/bin/node)
==6492==    by 0x11420B9: v8::internal::ICUTimezoneCache::LocalTimeOffset(double, bool) (in /mnt/c/Users/guido/AppData/Local/Temp/rustdom-pr54-abort-retention-e991d78927094e13876cb3cd1a13dacf/.tools/node-v24.20.0-linux-x64/bin/node)
==6492==    by 0xD66BC7: v8::internal::DateCache::GetLocalOffsetFromOS(long, bool) (in /mnt/c/Users/guido/AppData/Local/Temp/rustdom-pr54-abort-retention-e991d78927094e13876cb3cd1a13dacf/.tools/node-v24.20.0-linux-x64/bin/node)
==6492==    by 0xD67A35: v8::internal::DateCache::LocalOffsetInMs(long, bool) [clone .part.0] (in /mnt/c/Users/guido/AppData/Local/Temp/rustdom-pr54-abort-retention-e991d78927094e13876cb3cd1a13dacf/.tools/node-v24.20.0-linux-x64/bin/node)
==6492==    by 0x11B0925: v8::internal::JSDate::DoGetField(v8::internal::Isolate*, v8::internal::JSDate::FieldIndex) (in /mnt/c/Users/guido/AppData/Local/Temp/rustdom-pr54-abort-retention-e991d78927094e13876cb3cd1a13dacf/.tools/node-v24.20.0-linux-x64/bin/node)
==6492==    by 0x11B0B88: v8::internal::JSDate::GetField(v8::internal::Isolate*, unsigned long, unsigned long) (in /mnt/c/Users/guido/AppData/Local/Temp/rustdom-pr54-abort-retention-e991d78927094e13876cb3cd1a13dacf/.tools/node-v24.20.0-linux-x64/bin/node)
==6492==    by 0x1A6894D: Builtins_DatePrototypeGetMonth (in /mnt/c/Users/guido/AppData/Local/Temp/rustdom-pr54-abort-retention-e991d78927094e13876cb3cd1a13dacf/.tools/node-v24.20.0-linux-x64/bin/node)
==6492==    by 0x1A24653: Builtins_InterpreterEntryTrampoline (in /mnt/c/Users/guido/AppData/Local/Temp/rustdom-pr54-abort-retention-e991d78927094e13876cb3cd1a13dacf/.tools/node-v24.20.0-linux-x64/bin/node)
==6492==    by 0x1A24653: Builtins_InterpreterEntryTrampoline (in /mnt/c/Users/guido/AppData/Local/Temp/rustdom-pr54-abort-retention-e991d78927094e13876cb3cd1a13dacf/.tools/node-v24.20.0-linux-x64/bin/node)
==6492== 
==6492== 256 bytes in 1 blocks are still reachable in loss record 369 of 427
==6492==    at 0x73E17A9: malloc (in /mnt/c/Users/guido/ghq/projects/rustdom/.tools/valgrind/usr/libexec/valgrind/vgpreload_memcheck-amd64-linux.so)
==6492==    by 0x19F8C7A: uv__realloc (uv-common.c:98)
==6492==    by 0x19F8C7A: uv__reallocf (uv-common.c:106)
==6492==    by 0x19FD4D1: maybe_resize (core.c:890)
==6492==    by 0x19FD4D1: uv__io_start (core.c:964)
==6492==    by 0x19FD4D1: uv__io_init_start (core.c:998)
==6492==    by 0x1A087F0: uv__signal_loop_once_init (signal.c:273)
==6492==    by 0x1A087F0: uv__signal_loop_once_init (signal.c:260)
==6492==    by 0x1A087F0: uv_signal_init (signal.c:344)
==6492==    by 0x1A06397: uv__process_init (process.c:84)
==6492==    by 0x1A0432F: uv_loop_init (loop.c:84)
==6492==    by 0x19FB169: uv_default_loop (uv-common.c:854)
==6492==    by 0x19FB169: uv_default_loop (uv-common.c:850)
==6492==    by 0x8C6FEE: node::Start(int, char**) (in /mnt/c/Users/guido/AppData/Local/Temp/rustdom-pr54-abort-retention-e991d78927094e13876cb3cd1a13dacf/.tools/node-v24.20.0-linux-x64/bin/node)
==6492==    by 0x7762D8F: (below main) (libc_start_call_main.h:58)
==6492== 
==6492== 276 bytes in 1 blocks are possibly lost in loss record 370 of 427
==6492==    at 0x73E1899: malloc (in /mnt/c/Users/guido/ghq/projects/rustdom/.tools/valgrind/usr/libexec/valgrind/vgpreload_memcheck-amd64-linux.so)
==6492==    by 0x231EE217: _RINvMsa_NtCsfBDUjroi3FF_9hashbrown3rawNtB6_13RawTableInner22fallible_with_capacityNtNtCs6i54tJFfzR_5alloc5alloc6GlobalECs4QMHp0v7l6B_4napi (in /home/guido/rustdom-selection-result-OEvCXh/dist/rustdom.node)
==6492==    by 0x231ECA55: _RINvMs6_NtCsfBDUjroi3FF_9hashbrown3rawINtB6_8RawTableTINtNtCsgxBkk5gSRhY_4core6option6OptionReENtNtNtCs4QMHp0v7l6B_4napi15bindgen_runtime15module_register17ClassRegistrationEE14reserve_rehashNCINvNtB8_3map11make_hasherBQ_B1v_NtCsip5QdaO9ESH_10rustc_hash13FxBuildHasherE0EB1B_ (in /home/guido/rustdom-selection-result-OEvCXh/dist/rustdom.node)
==6492==    by 0x231F49A8: _RNvNtNtCs4QMHp0v7l6B_4napi15bindgen_runtime15module_register14register_class (in /home/guido/rustdom-selection-result-OEvCXh/dist/rustdom.node)
==6492==    by 0x2319B650: _RNvNvNvNvNtNtNtCs3Ir8cfnU9oH_7rustdom3dom12blob_binding33___napi_helper__NativeBlobMetadata45___napi_register__NativeBlobMetadata_struct_231__18___CTOR_PRIVATE_REF14___ctor_private (in /home/guido/rustdom-selection-result-OEvCXh/dist/rustdom.node)
==6492==    by 0x6B9F47D: call_init.part.0 (dl-init.c:70)
==6492==    by 0x6B9F567: call_init (dl-init.c:33)
==6492==    by 0x6B9F567: _dl_init (dl-init.c:117)
==6492==    by 0x78ADBB4: _dl_catch_exception (dl-error-skeleton.c:182)
==6492==    by 0x6BA6FF5: dl_open_worker (dl-open.c:808)
==6492==    by 0x6BA6FF5: dl_open_worker (dl-open.c:771)
==6492==    by 0x78ADB57: _dl_catch_exception (dl-error-skeleton.c:208)
==6492==    by 0x6BA734D: _dl_open (dl-open.c:883)
==6492==    by 0x77C95FB: dlopen_doit (dlopen.c:56)
==6492== 
==6492== 276 bytes in 1 blocks are possibly lost in loss record 371 of 427
==6492==    at 0x73E1899: malloc (in /mnt/c/Users/guido/ghq/projects/rustdom/.tools/valgrind/usr/libexec/valgrind/vgpreload_memcheck-amd64-linux.so)
==6492==    by 0x231EE217: _RINvMsa_NtCsfBDUjroi3FF_9hashbrown3rawNtB6_13RawTableInner22fallible_with_capacityNtNtCs6i54tJFfzR_5alloc5alloc6GlobalECs4QMHp0v7l6B_4napi (in /home/guido/rustdom-selection-result-OEvCXh/dist/rustdom.node)
==6492==    by 0x231ECA55: _RINvMs6_NtCsfBDUjroi3FF_9hashbrown3rawINtB6_8RawTableTINtNtCsgxBkk5gSRhY_4core6option6OptionReENtNtNtCs4QMHp0v7l6B_4napi15bindgen_runtime15module_register17ClassRegistrationEE14reserve_rehashNCINvNtB8_3map11make_hasherBQ_B1v_NtCsip5QdaO9ESH_10rustc_hash13FxBuildHasherE0EB1B_ (in /home/guido/rustdom-selection-result-OEvCXh/dist/rustdom.node)
==6492==    by 0x231F49A8: _RNvNtNtCs4QMHp0v7l6B_4napi15bindgen_runtime15module_register14register_class (in /home/guido/rustdom-selection-result-OEvCXh/dist/rustdom.node)
==6492==    by 0x2319C370: _RNvNvNvNvNtNtNtCs3Ir8cfnU9oH_7rustdom3dom16dom_rect_binding28___napi_helper__NativeDomRect40___napi_register__NativeDomRect_struct_361__18___CTOR_PRIVATE_REF14___ctor_private (in /home/guido/rustdom-selection-result-OEvCXh/dist/rustdom.node)
==6492==    by 0x6B9F47D: call_init.part.0 (dl-init.c:70)
==6492==    by 0x6B9F567: call_init (dl-init.c:33)
==6492==    by 0x6B9F567: _dl_init (dl-init.c:117)
==6492==    by 0x78ADBB4: _dl_catch_exception (dl-error-skeleton.c:182)
==6492==    by 0x6BA6FF5: dl_open_worker (dl-open.c:808)
==6492==    by 0x6BA6FF5: dl_open_worker (dl-open.c:771)
==6492==    by 0x78ADB57: _dl_catch_exception (dl-error-skeleton.c:208)
==6492==    by 0x6BA734D: _dl_open (dl-open.c:883)
==6492==    by 0x77C95FB: dlopen_doit (dlopen.c:56)
==6492== 
==6492== 276 bytes in 1 blocks are possibly lost in loss record 372 of 427
==6492==    at 0x73E1899: malloc (in /mnt/c/Users/guido/ghq/projects/rustdom/.tools/valgrind/usr/libexec/valgrind/vgpreload_memcheck-amd64-linux.so)
==6492==    by 0x231EE217: _RINvMsa_NtCsfBDUjroi3FF_9hashbrown3rawNtB6_13RawTableInner22fallible_with_capacityNtNtCs6i54tJFfzR_5alloc5alloc6GlobalECs4QMHp0v7l6B_4napi (in /home/guido/rustdom-selection-result-OEvCXh/dist/rustdom.node)
==6492==    by 0x231ECA55: _RINvMs6_NtCsfBDUjroi3FF_9hashbrown3rawINtB6_8RawTableTINtNtCsgxBkk5gSRhY_4core6option6OptionReENtNtNtCs4QMHp0v7l6B_4napi15bindgen_runtime15module_register17ClassRegistrationEE14reserve_rehashNCINvNtB8_3map11make_hasherBQ_B1v_NtCsip5QdaO9ESH_10rustc_hash13FxBuildHasherE0EB1B_ (in /home/guido/rustdom-selection-result-OEvCXh/dist/rustdom.node)
==6492==    by 0x231F49A8: _RNvNtNtCs4QMHp0v7l6B_4napi15bindgen_runtime15module_register14register_class (in /home/guido/rustdom-selection-result-OEvCXh/dist/rustdom.node)
==6492==    by 0x2319DAD0: _RNvNvNvNvNtNtNtCs3Ir8cfnU9oH_7rustdom3dom17form_data_binding36___napi_helper__NativeFormDataEntries49___napi_register__NativeFormDataEntries_struct_1211__18___CTOR_PRIVATE_REF14___ctor_private (in /home/guido/rustdom-selection-result-OEvCXh/dist/rustdom.node)
==6492==    by 0x6B9F47D: call_init.part.0 (dl-init.c:70)
==6492==    by 0x6B9F567: call_init (dl-init.c:33)
==6492==    by 0x6B9F567: _dl_init (dl-init.c:117)
==6492==    by 0x78ADBB4: _dl_catch_exception (dl-error-skeleton.c:182)
==6492==    by 0x6BA6FF5: dl_open_worker (dl-open.c:808)
==6492==    by 0x6BA6FF5: dl_open_worker (dl-open.c:771)
==6492==    by 0x78ADB57: _dl_catch_exception (dl-error-skeleton.c:208)
==6492==    by 0x6BA734D: _dl_open (dl-open.c:883)
==6492==    by 0x77C95FB: dlopen_doit (dlopen.c:56)
==6492== 
==6492== 276 bytes in 1 blocks are possibly lost in loss record 373 of 427
==6492==    at 0x73E1899: malloc (in /mnt/c/Users/guido/ghq/projects/rustdom/.tools/valgrind/usr/libexec/valgrind/vgpreload_memcheck-amd64-linux.so)
==6492==    by 0x231EE217: _RINvMsa_NtCsfBDUjroi3FF_9hashbrown3rawNtB6_13RawTableInner22fallible_with_capacityNtNtCs6i54tJFfzR_5alloc5alloc6GlobalECs4QMHp0v7l6B_4napi (in /home/guido/rustdom-selection-result-OEvCXh/dist/rustdom.node)
==6492==    by 0x231ECA55: _RINvMs6_NtCsfBDUjroi3FF_9hashbrown3rawINtB6_8RawTableTINtNtCsgxBkk5gSRhY_4core6option6OptionReENtNtNtCs4QMHp0v7l6B_4napi15bindgen_runtime15module_register17ClassRegistrationEE14reserve_rehashNCINvNtB8_3map11make_hasherBQ_B1v_NtCsip5QdaO9ESH_10rustc_hash13FxBuildHasherE0EB1B_ (in /home/guido/rustdom-selection-result-OEvCXh/dist/rustdom.node)
==6492==    by 0x231F49A8: _RNvNtNtCs4QMHp0v7l6B_4napi15bindgen_runtime15module_register14register_class (in /home/guido/rustdom-selection-result-OEvCXh/dist/rustdom.node)
==6492==    by 0x2319FB60: _RNvNvNvNvNtNtNtCs3Ir8cfnU9oH_7rustdom3dom17selection_binding35___napi_helper__NativeSelectionState48___napi_register__NativeSelectionState_struct_2241__18___CTOR_PRIVATE_REF14___ctor_private (in /home/guido/rustdom-selection-result-OEvCXh/dist/rustdom.node)
==6492==    by 0x6B9F47D: call_init.part.0 (dl-init.c:70)
==6492==    by 0x6B9F567: call_init (dl-init.c:33)
==6492==    by 0x6B9F567: _dl_init (dl-init.c:117)
==6492==    by 0x78ADBB4: _dl_catch_exception (dl-error-skeleton.c:182)
==6492==    by 0x6BA6FF5: dl_open_worker (dl-open.c:808)
==6492==    by 0x6BA6FF5: dl_open_worker (dl-open.c:771)
==6492==    by 0x78ADB57: _dl_catch_exception (dl-error-skeleton.c:208)
==6492==    by 0x6BA734D: _dl_open (dl-open.c:883)
==6492==    by 0x77C95FB: dlopen_doit (dlopen.c:56)
==6492== 
==6492== 276 bytes in 1 blocks are possibly lost in loss record 374 of 427
==6492==    at 0x73E1899: malloc (in /mnt/c/Users/guido/ghq/projects/rustdom/.tools/valgrind/usr/libexec/valgrind/vgpreload_memcheck-amd64-linux.so)
==6492==    by 0x231EE217: _RINvMsa_NtCsfBDUjroi3FF_9hashbrown3rawNtB6_13RawTableInner22fallible_with_capacityNtNtCs6i54tJFfzR_5alloc5alloc6GlobalECs4QMHp0v7l6B_4napi (in /home/guido/rustdom-selection-result-OEvCXh/dist/rustdom.node)
==6492==    by 0x231ECA55: _RINvMs6_NtCsfBDUjroi3FF_9hashbrown3rawINtB6_8RawTableTINtNtCsgxBkk5gSRhY_4core6option6OptionReENtNtNtCs4QMHp0v7l6B_4napi15bindgen_runtime15module_register17ClassRegistrationEE14reserve_rehashNCINvNtB8_3map11make_hasherBQ_B1v_NtCsip5QdaO9ESH_10rustc_hash13FxBuildHasherE0EB1B_ (in /home/guido/rustdom-selection-result-OEvCXh/dist/rustdom.node)
==6492==    by 0x231F49A8: _RNvNtNtCs4QMHp0v7l6B_4napi15bindgen_runtime15module_register14register_class (in /home/guido/rustdom-selection-result-OEvCXh/dist/rustdom.node)
==6492==    by 0x231A0CA0: _RNvNvNvNvNtNtNtCs3Ir8cfnU9oH_7rustdom3dom18token_list_binding29___napi_helper__NativeTokenSet42___napi_register__NativeTokenSet_struct_2581__18___CTOR_PRIVATE_REF14___ctor_private (in /home/guido/rustdom-selection-result-OEvCXh/dist/rustdom.node)
==6492==    by 0x6B9F47D: call_init.part.0 (dl-init.c:70)
==6492==    by 0x6B9F567: call_init (dl-init.c:33)
==6492==    by 0x6B9F567: _dl_init (dl-init.c:117)
==6492==    by 0x78ADBB4: _dl_catch_exception (dl-error-skeleton.c:182)
==6492==    by 0x6BA6FF5: dl_open_worker (dl-open.c:808)
==6492==    by 0x6BA6FF5: dl_open_worker (dl-open.c:771)
==6492==    by 0x78ADB57: _dl_catch_exception (dl-error-skeleton.c:208)
==6492==    by 0x6BA734D: _dl_open (dl-open.c:883)
==6492==    by 0x77C95FB: dlopen_doit (dlopen.c:56)
==6492== 
==6492== 276 bytes in 1 blocks are possibly lost in loss record 375 of 427
==6492==    at 0x73E1899: malloc (in /mnt/c/Users/guido/ghq/projects/rustdom/.tools/valgrind/usr/libexec/valgrind/vgpreload_memcheck-amd64-linux.so)
==6492==    by 0x231EE217: _RINvMsa_NtCsfBDUjroi3FF_9hashbrown3rawNtB6_13RawTableInner22fallible_with_capacityNtNtCs6i54tJFfzR_5alloc5alloc6GlobalECs4QMHp0v7l6B_4napi (in /home/guido/rustdom-selection-result-OEvCXh/dist/rustdom.node)
==6492==    by 0x231ECA55: _RINvMs6_NtCsfBDUjroi3FF_9hashbrown3rawINtB6_8RawTableTINtNtCsgxBkk5gSRhY_4core6option6OptionReENtNtNtCs4QMHp0v7l6B_4napi15bindgen_runtime15module_register17ClassRegistrationEE14reserve_rehashNCINvNtB8_3map11make_hasherBQ_B1v_NtCsip5QdaO9ESH_10rustc_hash13FxBuildHasherE0EB1B_ (in /home/guido/rustdom-selection-result-OEvCXh/dist/rustdom.node)
==6492==    by 0x231F49A8: _RNvNtNtCs4QMHp0v7l6B_4napi15bindgen_runtime15module_register14register_class (in /home/guido/rustdom-selection-result-OEvCXh/dist/rustdom.node)
==6492==    by 0x231A0D00: _RNvNvNvNvNtNtNtCs3Ir8cfnU9oH_7rustdom3dom18token_list_binding30___napi_helper__NativeTokenList43___napi_register__NativeTokenList_struct_2571__18___CTOR_PRIVATE_REF14___ctor_private (in /home/guido/rustdom-selection-result-OEvCXh/dist/rustdom.node)
==6492==    by 0x6B9F47D: call_init.part.0 (dl-init.c:70)
==6492==    by 0x6B9F567: call_init (dl-init.c:33)
==6492==    by 0x6B9F567: _dl_init (dl-init.c:117)
==6492==    by 0x78ADBB4: _dl_catch_exception (dl-error-skeleton.c:182)
==6492==    by 0x6BA6FF5: dl_open_worker (dl-open.c:808)
==6492==    by 0x6BA6FF5: dl_open_worker (dl-open.c:771)
==6492==    by 0x78ADB57: _dl_catch_exception (dl-error-skeleton.c:208)
==6492==    by 0x6BA734D: _dl_open (dl-open.c:883)
==6492==    by 0x77C95FB: dlopen_doit (dlopen.c:56)
==6492== 
==6492== 276 bytes in 1 blocks are possibly lost in loss record 376 of 427
==6492==    at 0x73E1899: malloc (in /mnt/c/Users/guido/ghq/projects/rustdom/.tools/valgrind/usr/libexec/valgrind/vgpreload_memcheck-amd64-linux.so)
==6492==    by 0x231EE217: _RINvMsa_NtCsfBDUjroi3FF_9hashbrown3rawNtB6_13RawTableInner22fallible_with_capacityNtNtCs6i54tJFfzR_5alloc5alloc6GlobalECs4QMHp0v7l6B_4napi (in /home/guido/rustdom-selection-result-OEvCXh/dist/rustdom.node)
==6492==    by 0x231ECA55: _RINvMs6_NtCsfBDUjroi3FF_9hashbrown3rawINtB6_8RawTableTINtNtCsgxBkk5gSRhY_4core6option6OptionReENtNtNtCs4QMHp0v7l6B_4napi15bindgen_runtime15module_register17ClassRegistrationEE14reserve_rehashNCINvNtB8_3map11make_hasherBQ_B1v_NtCsip5QdaO9ESH_10rustc_hash13FxBuildHasherE0EB1B_ (in /home/guido/rustdom-selection-result-OEvCXh/dist/rustdom.node)
==6492==    by 0x231F49A8: _RNvNtNtCs4QMHp0v7l6B_4napi15bindgen_runtime15module_register14register_class (in /home/guido/rustdom-selection-result-OEvCXh/dist/rustdom.node)
==6492==    by 0x231A1BF0: _RNvNvNvNvNtNtNtCs3Ir8cfnU9oH_7rustdom3dom19abort_state_binding31___napi_helper__NativeAbortState42___napi_register__NativeAbortState_struct_31__18___CTOR_PRIVATE_REF14___ctor_private (in /home/guido/rustdom-selection-result-OEvCXh/dist/rustdom.node)
==6492==    by 0x6B9F47D: call_init.part.0 (dl-init.c:70)
==6492==    by 0x6B9F567: call_init (dl-init.c:33)
==6492==    by 0x6B9F567: _dl_init (dl-init.c:117)
==6492==    by 0x78ADBB4: _dl_catch_exception (dl-error-skeleton.c:182)
==6492==    by 0x6BA6FF5: dl_open_worker (dl-open.c:808)
==6492==    by 0x6BA6FF5: dl_open_worker (dl-open.c:771)
==6492==    by 0x78ADB57: _dl_catch_exception (dl-error-skeleton.c:208)
==6492==    by 0x6BA734D: _dl_open (dl-open.c:883)
==6492==    by 0x77C95FB: dlopen_doit (dlopen.c:56)
==6492== 
==6492== 276 bytes in 1 blocks are possibly lost in loss record 377 of 427
==6492==    at 0x73E1899: malloc (in /mnt/c/Users/guido/ghq/projects/rustdom/.tools/valgrind/usr/libexec/valgrind/vgpreload_memcheck-amd64-linux.so)
==6492==    by 0x231EE217: _RINvMsa_NtCsfBDUjroi3FF_9hashbrown3rawNtB6_13RawTableInner22fallible_with_capacityNtNtCs6i54tJFfzR_5alloc5alloc6GlobalECs4QMHp0v7l6B_4napi (in /home/guido/rustdom-selection-result-OEvCXh/dist/rustdom.node)
==6492==    by 0x231ECA55: _RINvMs6_NtCsfBDUjroi3FF_9hashbrown3rawINtB6_8RawTableTINtNtCsgxBkk5gSRhY_4core6option6OptionReENtNtNtCs4QMHp0v7l6B_4napi15bindgen_runtime15module_register17ClassRegistrationEE14reserve_rehashNCINvNtB8_3map11make_hasherBQ_B1v_NtCsip5QdaO9ESH_10rustc_hash13FxBuildHasherE0EB1B_ (in /home/guido/rustdom-selection-result-OEvCXh/dist/rustdom.node)
==6492==    by 0x231F49A8: _RNvNtNtCs4QMHp0v7l6B_4napi15bindgen_runtime15module_register14register_class (in /home/guido/rustdom-selection-result-OEvCXh/dist/rustdom.node)
==6492==    by 0x231A3A20: _RNvNvNvNvNtNtNtCs3Ir8cfnU9oH_7rustdom3dom19event_state_binding31___napi_helper__NativeEventState43___napi_register__NativeEventState_struct_751__18___CTOR_PRIVATE_REF14___ctor_private (in /home/guido/rustdom-selection-result-OEvCXh/dist/rustdom.node)
==6492==    by 0x6B9F47D: call_init.part.0 (dl-init.c:70)
==6492==    by 0x6B9F567: call_init (dl-init.c:33)
==6492==    by 0x6B9F567: _dl_init (dl-init.c:117)
==6492==    by 0x78ADBB4: _dl_catch_exception (dl-error-skeleton.c:182)
==6492==    by 0x6BA6FF5: dl_open_worker (dl-open.c:808)
==6492==    by 0x6BA6FF5: dl_open_worker (dl-open.c:771)
==6492==    by 0x78ADB57: _dl_catch_exception (dl-error-skeleton.c:208)
==6492==    by 0x6BA734D: _dl_open (dl-open.c:883)
==6492==    by 0x77C95FB: dlopen_doit (dlopen.c:56)
==6492== 
==6492== 276 bytes in 1 blocks are possibly lost in loss record 378 of 427
==6492==    at 0x73E1899: malloc (in /mnt/c/Users/guido/ghq/projects/rustdom/.tools/valgrind/usr/libexec/valgrind/vgpreload_memcheck-amd64-linux.so)
==6492==    by 0x231EE217: _RINvMsa_NtCsfBDUjroi3FF_9hashbrown3rawNtB6_13RawTableInner22fallible_with_capacityNtNtCs6i54tJFfzR_5alloc5alloc6GlobalECs4QMHp0v7l6B_4napi (in /home/guido/rustdom-selection-result-OEvCXh/dist/rustdom.node)
==6492==    by 0x231ECA55: _RINvMs6_NtCsfBDUjroi3FF_9hashbrown3rawINtB6_8RawTableTINtNtCsgxBkk5gSRhY_4core6option6OptionReENtNtNtCs4QMHp0v7l6B_4napi15bindgen_runtime15module_register17ClassRegistrationEE14reserve_rehashNCINvNtB8_3map11make_hasherBQ_B1v_NtCsip5QdaO9ESH_10rustc_hash13FxBuildHasherE0EB1B_ (in /home/guido/rustdom-selection-result-OEvCXh/dist/rustdom.node)
==6492==    by 0x231F49A8: _RNvNtNtCs4QMHp0v7l6B_4napi15bindgen_runtime15module_register14register_class (in /home/guido/rustdom-selection-result-OEvCXh/dist/rustdom.node)
==6492==    by 0x231A7000: _RNvNvNvNvNtNtNtCs3Ir8cfnU9oH_7rustdom3dom19file_reader_binding36___napi_helper__NativeFileReaderState49___napi_register__NativeFileReaderState_struct_1071__18___CTOR_PRIVATE_REF14___ctor_private (in /home/guido/rustdom-selection-result-OEvCXh/dist/rustdom.node)
==6492==    by 0x6B9F47D: call_init.part.0 (dl-init.c:70)
==6492==    by 0x6B9F567: call_init (dl-init.c:33)
==6492==    by 0x6B9F567: _dl_init (dl-init.c:117)
==6492==    by 0x78ADBB4: _dl_catch_exception (dl-error-skeleton.c:182)
==6492==    by 0x6BA6FF5: dl_open_worker (dl-open.c:808)
==6492==    by 0x6BA6FF5: dl_open_worker (dl-open.c:771)
==6492==    by 0x78ADB57: _dl_catch_exception (dl-error-skeleton.c:208)
==6492==    by 0x6BA734D: _dl_open (dl-open.c:883)
==6492==    by 0x77C95FB: dlopen_doit (dlopen.c:56)
==6492== 
==6492== 276 bytes in 1 blocks are possibly lost in loss record 379 of 427
==6492==    at 0x73E1899: malloc (in /mnt/c/Users/guido/ghq/projects/rustdom/.tools/valgrind/usr/libexec/valgrind/vgpreload_memcheck-amd64-linux.so)
==6492==    by 0x231EE217: _RINvMsa_NtCsfBDUjroi3FF_9hashbrown3rawNtB6_13RawTableInner22fallible_with_capacityNtNtCs6i54tJFfzR_5alloc5alloc6GlobalECs4QMHp0v7l6B_4napi (in /home/guido/rustdom-selection-result-OEvCXh/dist/rustdom.node)
==6492==    by 0x231ECA55: _RINvMs6_NtCsfBDUjroi3FF_9hashbrown3rawINtB6_8RawTableTINtNtCsgxBkk5gSRhY_4core6option6OptionReENtNtNtCs4QMHp0v7l6B_4napi15bindgen_runtime15module_register17ClassRegistrationEE14reserve_rehashNCINvNtB8_3map11make_hasherBQ_B1v_NtCsip5QdaO9ESH_10rustc_hash13FxBuildHasherE0EB1B_ (in /home/guido/rustdom-selection-result-OEvCXh/dist/rustdom.node)
==6492==    by 0x231F49A8: _RNvNtNtCs4QMHp0v7l6B_4napi15bindgen_runtime15module_register14register_class (in /home/guido/rustdom-selection-result-OEvCXh/dist/rustdom.node)
==6492==    by 0x231A7F30: _RNvNvNvNvNtNtNtCs3Ir8cfnU9oH_7rustdom3dom19range_clone_binding31___napi_helper__NativeRangeClone44___napi_register__NativeRangeClone_struct_1801__18___CTOR_PRIVATE_REF14___ctor_private (in /home/guido/rustdom-selection-result-OEvCXh/dist/rustdom.node)
==6492==    by 0x6B9F47D: call_init.part.0 (dl-init.c:70)
==6492==    by 0x6B9F567: call_init (dl-init.c:33)
==6492==    by 0x6B9F567: _dl_init (dl-init.c:117)
==6492==    by 0x78ADBB4: _dl_catch_exception (dl-error-skeleton.c:182)
==6492==    by 0x6BA6FF5: dl_open_worker (dl-open.c:808)
==6492==    by 0x6BA6FF5: dl_open_worker (dl-open.c:771)
==6492==    by 0x78ADB57: _dl_catch_exception (dl-error-skeleton.c:208)
==6492==    by 0x6BA734D: _dl_open (dl-open.c:883)
==6492==    by 0x77C95FB: dlopen_doit (dlopen.c:56)
==6492== 
==6492== 276 bytes in 1 blocks are possibly lost in loss record 380 of 427
==6492==    at 0x73E1899: malloc (in /mnt/c/Users/guido/ghq/projects/rustdom/.tools/valgrind/usr/libexec/valgrind/vgpreload_memcheck-amd64-linux.so)
==6492==    by 0x231EE217: _RINvMsa_NtCsfBDUjroi3FF_9hashbrown3rawNtB6_13RawTableInner22fallible_with_capacityNtNtCs6i54tJFfzR_5alloc5alloc6GlobalECs4QMHp0v7l6B_4napi (in /home/guido/rustdom-selection-result-OEvCXh/dist/rustdom.node)
==6492==    by 0x231ECA55: _RINvMs6_NtCsfBDUjroi3FF_9hashbrown3rawINtB6_8RawTableTINtNtCsgxBkk5gSRhY_4core6option6OptionReENtNtNtCs4QMHp0v7l6B_4napi15bindgen_runtime15module_register17ClassRegistrationEE14reserve_rehashNCINvNtB8_3map11make_hasherBQ_B1v_NtCsip5QdaO9ESH_10rustc_hash13FxBuildHasherE0EB1B_ (in /home/guido/rustdom-selection-result-OEvCXh/dist/rustdom.node)
==6492==    by 0x231F49A8: _RNvNtNtCs4QMHp0v7l6B_4napi15bindgen_runtime15module_register14register_class (in /home/guido/rustdom-selection-result-OEvCXh/dist/rustdom.node)
==6492==    by 0x231A8800: _RNvNvNvNvNtNtNtCs3Ir8cfnU9oH_7rustdom3dom19range_state_binding26___napi_helper__NativeRange39___napi_register__NativeRange_struct_2001__18___CTOR_PRIVATE_REF14___ctor_private (in /home/guido/rustdom-selection-result-OEvCXh/dist/rustdom.node)
==6492==    by 0x6B9F47D: call_init.part.0 (dl-init.c:70)
==6492==    by 0x6B9F567: call_init (dl-init.c:33)
==6492==    by 0x6B9F567: _dl_init (dl-init.c:117)
==6492==    by 0x78ADBB4: _dl_catch_exception (dl-error-skeleton.c:182)
==6492==    by 0x6BA6FF5: dl_open_worker (dl-open.c:808)
==6492==    by 0x6BA6FF5: dl_open_worker (dl-open.c:771)
==6492==    by 0x78ADB57: _dl_catch_exception (dl-error-skeleton.c:208)
==6492==    by 0x6BA734D: _dl_open (dl-open.c:883)
==6492==    by 0x77C95FB: dlopen_doit (dlopen.c:56)
==6492== 
==6492== 276 bytes in 1 blocks are possibly lost in loss record 381 of 427
==6492==    at 0x73E1899: malloc (in /mnt/c/Users/guido/ghq/projects/rustdom/.tools/valgrind/usr/libexec/valgrind/vgpreload_memcheck-amd64-linux.so)
==6492==    by 0x231EE217: _RINvMsa_NtCsfBDUjroi3FF_9hashbrown3rawNtB6_13RawTableInner22fallible_with_capacityNtNtCs6i54tJFfzR_5alloc5alloc6GlobalECs4QMHp0v7l6B_4napi (in /home/guido/rustdom-selection-result-OEvCXh/dist/rustdom.node)
==6492==    by 0x231ECA55: _RINvMs6_NtCsfBDUjroi3FF_9hashbrown3rawINtB6_8RawTableTINtNtCsgxBkk5gSRhY_4core6option6OptionReENtNtNtCs4QMHp0v7l6B_4napi15bindgen_runtime15module_register17ClassRegistrationEE14reserve_rehashNCINvNtB8_3map11make_hasherBQ_B1v_NtCsip5QdaO9ESH_10rustc_hash13FxBuildHasherE0EB1B_ (in /home/guido/rustdom-selection-result-OEvCXh/dist/rustdom.node)
==6492==    by 0x231F49A8: _RNvNtNtCs4QMHp0v7l6B_4napi15bindgen_runtime15module_register14register_class (in /home/guido/rustdom-selection-result-OEvCXh/dist/rustdom.node)
==6492==    by 0x231AB570: _RNvNvNvNvNtNtNtCs3Ir8cfnU9oH_7rustdom3dom19tree_cursor_binding30___napi_helper__NativeTraversal43___napi_register__NativeTraversal_struct_4501__18___CTOR_PRIVATE_REF14___ctor_private (in /home/guido/rustdom-selection-result-OEvCXh/dist/rustdom.node)
==6492==    by 0x6B9F47D: call_init.part.0 (dl-init.c:70)
==6492==    by 0x6B9F567: call_init (dl-init.c:33)
==6492==    by 0x6B9F567: _dl_init (dl-init.c:117)
==6492==    by 0x78ADBB4: _dl_catch_exception (dl-error-skeleton.c:182)
==6492==    by 0x6BA6FF5: dl_open_worker (dl-open.c:808)
==6492==    by 0x6BA6FF5: dl_open_worker (dl-open.c:771)
==6492==    by 0x78ADB57: _dl_catch_exception (dl-error-skeleton.c:208)
==6492==    by 0x6BA734D: _dl_open (dl-open.c:883)
==6492==    by 0x77C95FB: dlopen_doit (dlopen.c:56)
==6492== 
==6492== 276 bytes in 1 blocks are possibly lost in loss record 382 of 427
==6492==    at 0x73E1899: malloc (in /mnt/c/Users/guido/ghq/projects/rustdom/.tools/valgrind/usr/libexec/valgrind/vgpreload_memcheck-amd64-linux.so)
==6492==    by 0x231EE217: _RINvMsa_NtCsfBDUjroi3FF_9hashbrown3rawNtB6_13RawTableInner22fallible_with_capacityNtNtCs6i54tJFfzR_5alloc5alloc6GlobalECs4QMHp0v7l6B_4napi (in /home/guido/rustdom-selection-result-OEvCXh/dist/rustdom.node)
==6492==    by 0x231ECA55: _RINvMs6_NtCsfBDUjroi3FF_9hashbrown3rawINtB6_8RawTableTINtNtCsgxBkk5gSRhY_4core6option6OptionReENtNtNtCs4QMHp0v7l6B_4napi15bindgen_runtime15module_register17ClassRegistrationEE14reserve_rehashNCINvNtB8_3map11make_hasherBQ_B1v_NtCsip5QdaO9ESH_10rustc_hash13FxBuildHasherE0EB1B_ (in /home/guido/rustdom-selection-result-OEvCXh/dist/rustdom.node)
==6492==    by 0x231F49A8: _RNvNtNtCs4QMHp0v7l6B_4napi15bindgen_runtime15module_register14register_class (in /home/guido/rustdom-selection-result-OEvCXh/dist/rustdom.node)
==6492==    by 0x231AC030: _RNvNvNvNvNtNtNtCs3Ir8cfnU9oH_7rustdom3dom19tree_cursor_binding39___napi_helper__NativeTraversalOperation52___napi_register__NativeTraversalOperation_struct_4511__18___CTOR_PRIVATE_REF14___ctor_private (in /home/guido/rustdom-selection-result-OEvCXh/dist/rustdom.node)
==6492==    by 0x6B9F47D: call_init.part.0 (dl-init.c:70)
==6492==    by 0x6B9F567: call_init (dl-init.c:33)
==6492==    by 0x6B9F567: _dl_init (dl-init.c:117)
==6492==    by 0x78ADBB4: _dl_catch_exception (dl-error-skeleton.c:182)
==6492==    by 0x6BA6FF5: dl_open_worker (dl-open.c:808)
==6492==    by 0x6BA6FF5: dl_open_worker (dl-open.c:771)
==6492==    by 0x78ADB57: _dl_catch_exception (dl-error-skeleton.c:208)
==6492==    by 0x6BA734D: _dl_open (dl-open.c:883)
==6492==    by 0x77C95FB: dlopen_doit (dlopen.c:56)
==6492== 
==6492== 276 bytes in 1 blocks are possibly lost in loss record 383 of 427
==6492==    at 0x73E1899: malloc (in /mnt/c/Users/guido/ghq/projects/rustdom/.tools/valgrind/usr/libexec/valgrind/vgpreload_memcheck-amd64-linux.so)
==6492==    by 0x231EE217: _RINvMsa_NtCsfBDUjroi3FF_9hashbrown3rawNtB6_13RawTableInner22fallible_with_capacityNtNtCs6i54tJFfzR_5alloc5alloc6GlobalECs4QMHp0v7l6B_4napi (in /home/guido/rustdom-selection-result-OEvCXh/dist/rustdom.node)
==6492==    by 0x231ECA55: _RINvMs6_NtCsfBDUjroi3FF_9hashbrown3rawINtB6_8RawTableTINtNtCsgxBkk5gSRhY_4core6option6OptionReENtNtNtCs4QMHp0v7l6B_4napi15bindgen_runtime15module_register17ClassRegistrationEE14reserve_rehashNCINvNtB8_3map11make_hasherBQ_B1v_NtCsip5QdaO9ESH_10rustc_hash13FxBuildHasherE0EB1B_ (in /home/guido/rustdom-selection-result-OEvCXh/dist/rustdom.node)
==6492==    by 0x231F49A8: _RNvNtNtCs4QMHp0v7l6B_4napi15bindgen_runtime15module_register14register_class (in /home/guido/rustdom-selection-result-OEvCXh/dist/rustdom.node)
==6492==    by 0x231AC270: _RNvNvNvNvNtNtNtCs3Ir8cfnU9oH_7rustdom3dom19web_storage_binding32___napi_helper__NativeStorageArea45___napi_register__NativeStorageArea_struct_4641__18___CTOR_PRIVATE_REF14___ctor_private (in /home/guido/rustdom-selection-result-OEvCXh/dist/rustdom.node)
==6492==    by 0x6B9F47D: call_init.part.0 (dl-init.c:70)
==6492==    by 0x6B9F567: call_init (dl-init.c:33)
==6492==    by 0x6B9F567: _dl_init (dl-init.c:117)
==6492==    by 0x78ADBB4: _dl_catch_exception (dl-error-skeleton.c:182)
==6492==    by 0x6BA6FF5: dl_open_worker (dl-open.c:808)
==6492==    by 0x6BA6FF5: dl_open_worker (dl-open.c:771)
==6492==    by 0x78ADB57: _dl_catch_exception (dl-error-skeleton.c:208)
==6492==    by 0x6BA734D: _dl_open (dl-open.c:883)
==6492==    by 0x77C95FB: dlopen_doit (dlopen.c:56)
==6492== 
==6492== 276 bytes in 1 blocks are possibly lost in loss record 384 of 427
==6492==    at 0x73E1899: malloc (in /mnt/c/Users/guido/ghq/projects/rustdom/.tools/valgrind/usr/libexec/valgrind/vgpreload_memcheck-amd64-linux.so)
==6492==    by 0x231EE217: _RINvMsa_NtCsfBDUjroi3FF_9hashbrown3rawNtB6_13RawTableInner22fallible_with_capacityNtNtCs6i54tJFfzR_5alloc5alloc6GlobalECs4QMHp0v7l6B_4napi (in /home/guido/rustdom-selection-result-OEvCXh/dist/rustdom.node)
==6492==    by 0x231ECA55: _RINvMs6_NtCsfBDUjroi3FF_9hashbrown3rawINtB6_8RawTableTINtNtCsgxBkk5gSRhY_4core6option6OptionReENtNtNtCs4QMHp0v7l6B_4napi15bindgen_runtime15module_register17ClassRegistrationEE14reserve_rehashNCINvNtB8_3map11make_hasherBQ_B1v_NtCsip5QdaO9ESH_10rustc_hash13FxBuildHasherE0EB1B_ (in /home/guido/rustdom-selection-result-OEvCXh/dist/rustdom.node)
==6492==    by 0x231F49A8: _RNvNtNtCs4QMHp0v7l6B_4napi15bindgen_runtime15module_register14register_class (in /home/guido/rustdom-selection-result-OEvCXh/dist/rustdom.node)
==6492==    by 0x231AC2D0: _RNvNvNvNvNtNtNtCs3Ir8cfnU9oH_7rustdom3dom19web_storage_binding37___napi_helper__NativeStorageKeyCursor50___napi_register__NativeStorageKeyCursor_struct_4781__18___CTOR_PRIVATE_REF14___ctor_private (in /home/guido/rustdom-selection-result-OEvCXh/dist/rustdom.node)
==6492==    by 0x6B9F47D: call_init.part.0 (dl-init.c:70)
==6492==    by 0x6B9F567: call_init (dl-init.c:33)
==6492==    by 0x6B9F567: _dl_init (dl-init.c:117)
==6492==    by 0x78ADBB4: _dl_catch_exception (dl-error-skeleton.c:182)
==6492==    by 0x6BA6FF5: dl_open_worker (dl-open.c:808)
==6492==    by 0x6BA6FF5: dl_open_worker (dl-open.c:771)
==6492==    by 0x78ADB57: _dl_catch_exception (dl-error-skeleton.c:208)
==6492==    by 0x6BA734D: _dl_open (dl-open.c:883)
==6492==    by 0x77C95FB: dlopen_doit (dlopen.c:56)
==6492== 
==6492== 276 bytes in 1 blocks are possibly lost in loss record 385 of 427
==6492==    at 0x73E1899: malloc (in /mnt/c/Users/guido/ghq/projects/rustdom/.tools/valgrind/usr/libexec/valgrind/vgpreload_memcheck-amd64-linux.so)
==6492==    by 0x231EE217: _RINvMsa_NtCsfBDUjroi3FF_9hashbrown3rawNtB6_13RawTableInner22fallible_with_capacityNtNtCs6i54tJFfzR_5alloc5alloc6GlobalECs4QMHp0v7l6B_4napi (in /home/guido/rustdom-selection-result-OEvCXh/dist/rustdom.node)
==6492==    by 0x231ECA55: _RINvMs6_NtCsfBDUjroi3FF_9hashbrown3rawINtB6_8RawTableTINtNtCsgxBkk5gSRhY_4core6option6OptionReENtNtNtCs4QMHp0v7l6B_4napi15bindgen_runtime15module_register17ClassRegistrationEE14reserve_rehashNCINvNtB8_3map11make_hasherBQ_B1v_NtCsip5QdaO9ESH_10rustc_hash13FxBuildHasherE0EB1B_ (in /home/guido/rustdom-selection-result-OEvCXh/dist/rustdom.node)
==6492==    by 0x231F49A8: _RNvNtNtCs4QMHp0v7l6B_4napi15bindgen_runtime15module_register14register_class (in /home/guido/rustdom-selection-result-OEvCXh/dist/rustdom.node)
==6492==    by 0x231ADEC0: _RNvNvNvNvNtNtNtCs3Ir8cfnU9oH_7rustdom3dom21range_extract_binding33___napi_helper__NativeRangeExtract46___napi_register__NativeRangeExtract_struct_1881__18___CTOR_PRIVATE_REF14___ctor_private (in /home/guido/rustdom-selection-result-OEvCXh/dist/rustdom.node)
==6492==    by 0x6B9F47D: call_init.part.0 (dl-init.c:70)
==6492==    by 0x6B9F567: call_init (dl-init.c:33)
==6492==    by 0x6B9F567: _dl_init (dl-init.c:117)
==6492==    by 0x78ADBB4: _dl_catch_exception (dl-error-skeleton.c:182)
==6492==    by 0x6BA6FF5: dl_open_worker (dl-open.c:808)
==6492==    by 0x6BA6FF5: dl_open_worker (dl-open.c:771)
==6492==    by 0x78ADB57: _dl_catch_exception (dl-error-skeleton.c:208)
==6492==    by 0x6BA734D: _dl_open (dl-open.c:883)
==6492==    by 0x77C95FB: dlopen_doit (dlopen.c:56)
==6492== 
==6492== 276 bytes in 1 blocks are possibly lost in loss record 386 of 427
==6492==    at 0x73E1899: malloc (in /mnt/c/Users/guido/ghq/projects/rustdom/.tools/valgrind/usr/libexec/valgrind/vgpreload_memcheck-amd64-linux.so)
==6492==    by 0x231EE217: _RINvMsa_NtCsfBDUjroi3FF_9hashbrown3rawNtB6_13RawTableInner22fallible_with_capacityNtNtCs6i54tJFfzR_5alloc5alloc6GlobalECs4QMHp0v7l6B_4napi (in /home/guido/rustdom-selection-result-OEvCXh/dist/rustdom.node)
==6492==    by 0x231ECA55: _RINvMs6_NtCsfBDUjroi3FF_9hashbrown3rawINtB6_8RawTableTINtNtCsgxBkk5gSRhY_4core6option6OptionReENtNtNtCs4QMHp0v7l6B_4napi15bindgen_runtime15module_register17ClassRegistrationEE14reserve_rehashNCINvNtB8_3map11make_hasherBQ_B1v_NtCsip5QdaO9ESH_10rustc_hash13FxBuildHasherE0EB1B_ (in /home/guido/rustdom-selection-result-OEvCXh/dist/rustdom.node)
==6492==    by 0x231F49A8: _RNvNtNtCs4QMHp0v7l6B_4napi15bindgen_runtime15module_register14register_class (in /home/guido/rustdom-selection-result-OEvCXh/dist/rustdom.node)
==6492==    by 0x231AE790: _RNvNvNvNvNtNtNtCs3Ir8cfnU9oH_7rustdom3dom23event_listeners_binding37___napi_helper__NativeListenerRegistry49___napi_register__NativeListenerRegistry_struct_571__18___CTOR_PRIVATE_REF14___ctor_private (in /home/guido/rustdom-selection-result-OEvCXh/dist/rustdom.node)
==6492==    by 0x6B9F47D: call_init.part.0 (dl-init.c:70)
==6492==    by 0x6B9F567: call_init (dl-init.c:33)
==6492==    by 0x6B9F567: _dl_init (dl-init.c:117)
==6492==    by 0x78ADBB4: _dl_catch_exception (dl-error-skeleton.c:182)
==6492==    by 0x6BA6FF5: dl_open_worker (dl-open.c:808)
==6492==    by 0x6BA6FF5: dl_open_worker (dl-open.c:771)
==6492==    by 0x78ADB57: _dl_catch_exception (dl-error-skeleton.c:208)
==6492==    by 0x6BA734D: _dl_open (dl-open.c:883)
==6492==    by 0x77C95FB: dlopen_doit (dlopen.c:56)
==6492== 
==6492== 276 bytes in 1 blocks are possibly lost in loss record 387 of 427
==6492==    at 0x73E1899: malloc (in /mnt/c/Users/guido/ghq/projects/rustdom/.tools/valgrind/usr/libexec/valgrind/vgpreload_memcheck-amd64-linux.so)
==6492==    by 0x231EE217: _RINvMsa_NtCsfBDUjroi3FF_9hashbrown3rawNtB6_13RawTableInner22fallible_with_capacityNtNtCs6i54tJFfzR_5alloc5alloc6GlobalECs4QMHp0v7l6B_4napi (in /home/guido/rustdom-selection-result-OEvCXh/dist/rustdom.node)
==6492==    by 0x231ECA55: _RINvMs6_NtCsfBDUjroi3FF_9hashbrown3rawINtB6_8RawTableTINtNtCsgxBkk5gSRhY_4core6option6OptionReENtNtNtCs4QMHp0v7l6B_4napi15bindgen_runtime15module_register17ClassRegistrationEE14reserve_rehashNCINvNtB8_3map11make_hasherBQ_B1v_NtCsip5QdaO9ESH_10rustc_hash13FxBuildHasherE0EB1B_ (in /home/guido/rustdom-selection-result-OEvCXh/dist/rustdom.node)
==6492==    by 0x231F49A8: _RNvNtNtCs4QMHp0v7l6B_4napi15bindgen_runtime15module_register14register_class (in /home/guido/rustdom-selection-result-OEvCXh/dist/rustdom.node)
==6492==    by 0x231AFF70: _RNvNvNvNvNtNtNtCs3Ir8cfnU9oH_7rustdom3dom23mutation_record_binding35___napi_helper__NativeMutationRecord48___napi_register__NativeMutationRecord_struct_1471__18___CTOR_PRIVATE_REF14___ctor_private (in /home/guido/rustdom-selection-result-OEvCXh/dist/rustdom.node)
==6492==    by 0x6B9F47D: call_init.part.0 (dl-init.c:70)
==6492==    by 0x6B9F567: call_init (dl-init.c:33)
==6492==    by 0x6B9F567: _dl_init (dl-init.c:117)
==6492==    by 0x78ADBB4: _dl_catch_exception (dl-error-skeleton.c:182)
==6492==    by 0x6BA6FF5: dl_open_worker (dl-open.c:808)
==6492==    by 0x6BA6FF5: dl_open_worker (dl-open.c:771)
==6492==    by 0x78ADB57: _dl_catch_exception (dl-error-skeleton.c:208)
==6492==    by 0x6BA734D: _dl_open (dl-open.c:883)
==6492==    by 0x77C95FB: dlopen_doit (dlopen.c:56)
==6492== 
==6492== 276 bytes in 1 blocks are possibly lost in loss record 388 of 427
==6492==    at 0x73E1899: malloc (in /mnt/c/Users/guido/ghq/projects/rustdom/.tools/valgrind/usr/libexec/valgrind/vgpreload_memcheck-amd64-linux.so)
==6492==    by 0x231EE217: _RINvMsa_NtCsfBDUjroi3FF_9hashbrown3rawNtB6_13RawTableInner22fallible_with_capacityNtNtCs6i54tJFfzR_5alloc5alloc6GlobalECs4QMHp0v7l6B_4napi (in /home/guido/rustdom-selection-result-OEvCXh/dist/rustdom.node)
==6492==    by 0x231ECA55: _RINvMs6_NtCsfBDUjroi3FF_9hashbrown3rawINtB6_8RawTableTINtNtCsgxBkk5gSRhY_4core6option6OptionReENtNtNtCs4QMHp0v7l6B_4napi15bindgen_runtime15module_register17ClassRegistrationEE14reserve_rehashNCINvNtB8_3map11make_hasherBQ_B1v_NtCsip5QdaO9ESH_10rustc_hash13FxBuildHasherE0EB1B_ (in /home/guido/rustdom-selection-result-OEvCXh/dist/rustdom.node)
==6492==    by 0x231F49A8: _RNvNtNtCs4QMHp0v7l6B_4napi15bindgen_runtime15module_register14register_class (in /home/guido/rustdom-selection-result-OEvCXh/dist/rustdom.node)
==6492==    by 0x231B1730: _RNvNvNvNvNtNtNtCs3Ir8cfnU9oH_7rustdom3dom23slot_assignment_binding41___napi_helper__NativeSlotAssignmentDriver54___napi_register__NativeSlotAssignmentDriver_struct_2431__18___CTOR_PRIVATE_REF14___ctor_private (in /home/guido/rustdom-selection-result-OEvCXh/dist/rustdom.node)
==6492==    by 0x6B9F47D: call_init.part.0 (dl-init.c:70)
==6492==    by 0x6B9F567: call_init (dl-init.c:33)
==6492==    by 0x6B9F567: _dl_init (dl-init.c:117)
==6492==    by 0x78ADBB4: _dl_catch_exception (dl-error-skeleton.c:182)
==6492==    by 0x6BA6FF5: dl_open_worker (dl-open.c:808)
==6492==    by 0x6BA6FF5: dl_open_worker (dl-open.c:771)
==6492==    by 0x78ADB57: _dl_catch_exception (dl-error-skeleton.c:208)
==6492==    by 0x6BA734D: _dl_open (dl-open.c:883)
==6492==    by 0x77C95FB: dlopen_doit (dlopen.c:56)
==6492== 
==6492== 276 bytes in 1 blocks are possibly lost in loss record 389 of 427
==6492==    at 0x73E1899: malloc (in /mnt/c/Users/guido/ghq/projects/rustdom/.tools/valgrind/usr/libexec/valgrind/vgpreload_memcheck-amd64-linux.so)
==6492==    by 0x231EE217: _RINvMsa_NtCsfBDUjroi3FF_9hashbrown3rawNtB6_13RawTableInner22fallible_with_capacityNtNtCs6i54tJFfzR_5alloc5alloc6GlobalECs4QMHp0v7l6B_4napi (in /home/guido/rustdom-selection-result-OEvCXh/dist/rustdom.node)
==6492==    by 0x231ECA55: _RINvMs6_NtCsfBDUjroi3FF_9hashbrown3rawINtB6_8RawTableTINtNtCsgxBkk5gSRhY_4core6option6OptionReENtNtNtCs4QMHp0v7l6B_4napi15bindgen_runtime15module_register17ClassRegistrationEE14reserve_rehashNCINvNtB8_3map11make_hasherBQ_B1v_NtCsip5QdaO9ESH_10rustc_hash13FxBuildHasherE0EB1B_ (in /home/guido/rustdom-selection-result-OEvCXh/dist/rustdom.node)
==6492==    by 0x231F49A8: _RNvNtNtCs4QMHp0v7l6B_4napi15bindgen_runtime15module_register14register_class (in /home/guido/rustdom-selection-result-OEvCXh/dist/rustdom.node)
==6492==    by 0x231B2000: _RNvNvNvNvNtNtNtCs3Ir8cfnU9oH_7rustdom3dom25observer_delivery_binding37___napi_helper__NativeObserverDelivery50___napi_register__NativeObserverDelivery_struct_1651__18___CTOR_PRIVATE_REF14___ctor_private (in /home/guido/rustdom-selection-result-OEvCXh/dist/rustdom.node)
==6492==    by 0x6B9F47D: call_init.part.0 (dl-init.c:70)
==6492==    by 0x6B9F567: call_init (dl-init.c:33)
==6492==    by 0x6B9F567: _dl_init (dl-init.c:117)
==6492==    by 0x78ADBB4: _dl_catch_exception (dl-error-skeleton.c:182)
==6492==    by 0x6BA6FF5: dl_open_worker (dl-open.c:808)
==6492==    by 0x6BA6FF5: dl_open_worker (dl-open.c:771)
==6492==    by 0x78ADB57: _dl_catch_exception (dl-error-skeleton.c:208)
==6492==    by 0x6BA734D: _dl_open (dl-open.c:883)
==6492==    by 0x77C95FB: dlopen_doit (dlopen.c:56)
==6492== 
==6492== 276 bytes in 1 blocks are possibly lost in loss record 390 of 427
==6492==    at 0x73E1899: malloc (in /mnt/c/Users/guido/ghq/projects/rustdom/.tools/valgrind/usr/libexec/valgrind/vgpreload_memcheck-amd64-linux.so)
==6492==    by 0x231EE217: _RINvMsa_NtCsfBDUjroi3FF_9hashbrown3rawNtB6_13RawTableInner22fallible_with_capacityNtNtCs6i54tJFfzR_5alloc5alloc6GlobalECs4QMHp0v7l6B_4napi (in /home/guido/rustdom-selection-result-OEvCXh/dist/rustdom.node)
==6492==    by 0x231ECA55: _RINvMs6_NtCsfBDUjroi3FF_9hashbrown3rawINtB6_8RawTableTINtNtCsgxBkk5gSRhY_4core6option6OptionReENtNtNtCs4QMHp0v7l6B_4napi15bindgen_runtime15module_register17ClassRegistrationEE14reserve_rehashNCINvNtB8_3map11make_hasherBQ_B1v_NtCsip5QdaO9ESH_10rustc_hash13FxBuildHasherE0EB1B_ (in /home/guido/rustdom-selection-result-OEvCXh/dist/rustdom.node)
==6492==    by 0x231F49A8: _RNvNtNtCs4QMHp0v7l6B_4napi15bindgen_runtime15module_register14register_class (in /home/guido/rustdom-selection-result-OEvCXh/dist/rustdom.node)
==6492==    by 0x231B2D20: _RNvNvNvNvNtNtNtCs3Ir8cfnU9oH_7rustdom3dom4tree25___napi_helper__NativeTree38___napi_register__NativeTree_struct_2931__18___CTOR_PRIVATE_REF14___ctor_private (in /home/guido/rustdom-selection-result-OEvCXh/dist/rustdom.node)
==6492==    by 0x6B9F47D: call_init.part.0 (dl-init.c:70)
==6492==    by 0x6B9F567: call_init (dl-init.c:33)
==6492==    by 0x6B9F567: _dl_init (dl-init.c:117)
==6492==    by 0x78ADBB4: _dl_catch_exception (dl-error-skeleton.c:182)
==6492==    by 0x6BA6FF5: dl_open_worker (dl-open.c:808)
==6492==    by 0x6BA6FF5: dl_open_worker (dl-open.c:771)
==6492==    by 0x78ADB57: _dl_catch_exception (dl-error-skeleton.c:208)
==6492==    by 0x6BA734D: _dl_open (dl-open.c:883)
==6492==    by 0x77C95FB: dlopen_doit (dlopen.c:56)
==6492== 
==6492== 276 bytes in 1 blocks are possibly lost in loss record 391 of 427
==6492==    at 0x73E1899: malloc (in /mnt/c/Users/guido/ghq/projects/rustdom/.tools/valgrind/usr/libexec/valgrind/vgpreload_memcheck-amd64-linux.so)
==6492==    by 0x231EE217: _RINvMsa_NtCsfBDUjroi3FF_9hashbrown3rawNtB6_13RawTableInner22fallible_with_capacityNtNtCs6i54tJFfzR_5alloc5alloc6GlobalECs4QMHp0v7l6B_4napi (in /home/guido/rustdom-selection-result-OEvCXh/dist/rustdom.node)
==6492==    by 0x231ECA55: _RINvMs6_NtCsfBDUjroi3FF_9hashbrown3rawINtB6_8RawTableTINtNtCsgxBkk5gSRhY_4core6option6OptionReENtNtNtCs4QMHp0v7l6B_4napi15bindgen_runtime15module_register17ClassRegistrationEE14reserve_rehashNCINvNtB8_3map11make_hasherBQ_B1v_NtCsip5QdaO9ESH_10rustc_hash13FxBuildHasherE0EB1B_ (in /home/guido/rustdom-selection-result-OEvCXh/dist/rustdom.node)
==6492==    by 0x231F49A8: _RNvNtNtCs4QMHp0v7l6B_4napi15bindgen_runtime15module_register14register_class (in /home/guido/rustdom-selection-result-OEvCXh/dist/rustdom.node)
==6492==    by 0x231B51E0: _RNvNvNvNvNtNtNtCs3Ir8cfnU9oH_7rustdom3xml7binding30___napi_helper__NativeXmlParser43___napi_register__NativeXmlParser_struct_4861__18___CTOR_PRIVATE_REF14___ctor_private (in /home/guido/rustdom-selection-result-OEvCXh/dist/rustdom.node)
==6492==    by 0x6B9F47D: call_init.part.0 (dl-init.c:70)
==6492==    by 0x6B9F567: call_init (dl-init.c:33)
==6492==    by 0x6B9F567: _dl_init (dl-init.c:117)
==6492==    by 0x78ADBB4: _dl_catch_exception (dl-error-skeleton.c:182)
==6492==    by 0x6BA6FF5: dl_open_worker (dl-open.c:808)
==6492==    by 0x6BA6FF5: dl_open_worker (dl-open.c:771)
==6492==    by 0x78ADB57: _dl_catch_exception (dl-error-skeleton.c:208)
==6492==    by 0x6BA734D: _dl_open (dl-open.c:883)
==6492==    by 0x77C95FB: dlopen_doit (dlopen.c:56)
==6492== 
==6492== 304 bytes in 1 blocks are possibly lost in loss record 392 of 427
==6492==    at 0x73E6A83: calloc (in /mnt/c/Users/guido/ghq/projects/rustdom/.tools/valgrind/usr/libexec/valgrind/vgpreload_memcheck-amd64-linux.so)
==6492==    by 0x6BAD7D9: calloc (rtld-malloc.h:44)
==6492==    by 0x6BAD7D9: allocate_dtv (dl-tls.c:375)
==6492==    by 0x6BAD7D9: _dl_allocate_tls (dl-tls.c:634)
==6492==    by 0x77CE774: allocate_stack (allocatestack.c:430)
==6492==    by 0x77CE774: pthread_create@@GLIBC_2.34 (pthread_create.c:647)
==6492==    by 0xB36670: node::inspector::Agent::Start(std::__cxx11::basic_string<char, std::char_traits<char>, std::allocator<char> > const&, node::DebugOptions const&, std::shared_ptr<node::ExclusiveAccess<node::HostPort, node::MutexBase<node::LibuvMutexTraits> > >, bool) (in /mnt/c/Users/guido/AppData/Local/Temp/rustdom-pr54-abort-retention-e991d78927094e13876cb3cd1a13dacf/.tools/node-v24.20.0-linux-x64/bin/node)
==6492==    by 0x8C22EE: node::Environment::InitializeInspector(std::unique_ptr<node::inspector::ParentInspectorHandle, std::default_delete<node::inspector::ParentInspectorHandle> >) (in /mnt/c/Users/guido/AppData/Local/Temp/rustdom-pr54-abort-retention-e991d78927094e13876cb3cd1a13dacf/.tools/node-v24.20.0-linux-x64/bin/node)
==6492==    by 0x80C68D: node::CreateEnvironment(node::IsolateData*, v8::Local<v8::Context>, std::vector<std::__cxx11::basic_string<char, std::char_traits<char>, std::allocator<char> >, std::allocator<std::__cxx11::basic_string<char, std::char_traits<char>, std::allocator<char> > > > const&, std::vector<std::__cxx11::basic_string<char, std::char_traits<char>, std::allocator<char> >, std::allocator<std::__cxx11::basic_string<char, std::char_traits<char>, std::allocator<char> > > > const&, node::EnvironmentFlags::Flags, node::ThreadId, std::unique_ptr<node::InspectorParentHandle, std::default_delete<node::InspectorParentHandle> >, std::basic_string_view<char, std::char_traits<char> >) (in /mnt/c/Users/guido/AppData/Local/Temp/rustdom-pr54-abort-retention-e991d78927094e13876cb3cd1a13dacf/.tools/node-v24.20.0-linux-x64/bin/node)
==6492==    by 0x80C878: node::CreateEnvironment(node::IsolateData*, v8::Local<v8::Context>, std::vector<std::__cxx11::basic_string<char, std::char_traits<char>, std::allocator<char> >, std::allocator<std::__cxx11::basic_string<char, std::char_traits<char>, std::allocator<char> > > > const&, std::vector<std::__cxx11::basic_string<char, std::char_traits<char>, std::allocator<char> >, std::allocator<std::__cxx11::basic_string<char, std::char_traits<char>, std::allocator<char> > > > const&, node::EnvironmentFlags::Flags, node::ThreadId, std::unique_ptr<node::InspectorParentHandle, std::default_delete<node::InspectorParentHandle> >) (in /mnt/c/Users/guido/AppData/Local/Temp/rustdom-pr54-abort-retention-e991d78927094e13876cb3cd1a13dacf/.tools/node-v24.20.0-linux-x64/bin/node)
==6492==    by 0x989D3E: node::NodeMainInstance::CreateMainEnvironment(node::ExitCode*) (in /mnt/c/Users/guido/AppData/Local/Temp/rustdom-pr54-abort-retention-e991d78927094e13876cb3cd1a13dacf/.tools/node-v24.20.0-linux-x64/bin/node)
==6492==    by 0x989F40: node::NodeMainInstance::Run() (in /mnt/c/Users/guido/AppData/Local/Temp/rustdom-pr54-abort-retention-e991d78927094e13876cb3cd1a13dacf/.tools/node-v24.20.0-linux-x64/bin/node)
==6492==    by 0x8C71A4: node::Start(int, char**) (in /mnt/c/Users/guido/AppData/Local/Temp/rustdom-pr54-abort-retention-e991d78927094e13876cb3cd1a13dacf/.tools/node-v24.20.0-linux-x64/bin/node)
==6492==    by 0x7762D8F: (below main) (libc_start_call_main.h:58)
==6492== 
==6492== 384 bytes in 1 blocks are still reachable in loss record 393 of 427
==6492==    at 0x73E1899: malloc (in /mnt/c/Users/guido/ghq/projects/rustdom/.tools/valgrind/usr/libexec/valgrind/vgpreload_memcheck-amd64-linux.so)
==6492==    by 0x6BACE4D: malloc (rtld-malloc.h:56)
==6492==    by 0x6BACE4D: allocate_dtv_entry (dl-tls.c:684)
==6492==    by 0x6BACE4D: allocate_and_init (dl-tls.c:709)
==6492==    by 0x6BACE4D: tls_get_addr_tail (dl-tls.c:907)
==6492==    by 0x6BB120B: __tls_get_addr (tls_get_addr.S:55)
==6492==    by 0x231FCD9E: napi_register_module_v1 (in /home/guido/rustdom-selection-result-OEvCXh/dist/rustdom.node)
==6492==    by 0x8CDED9: napi_module_register_by_symbol(v8::Local<v8::Object>, v8::Local<v8::Value>, v8::Local<v8::Context>, napi_value__* (*)(napi_env__*, napi_value__*), int) (in /mnt/c/Users/guido/AppData/Local/Temp/rustdom-pr54-abort-retention-e991d78927094e13876cb3cd1a13dacf/.tools/node-v24.20.0-linux-x64/bin/node)
==6492==    by 0x8D4822: std::_Function_handler<bool (node::binding::DLib*), node::binding::DLOpen(v8::FunctionCallbackInfo<v8::Value> const&)::{lambda(node::binding::DLib*)#1}>::_M_invoke(std::_Any_data const&, node::binding::DLib*&&) (in /mnt/c/Users/guido/AppData/Local/Temp/rustdom-pr54-abort-retention-e991d78927094e13876cb3cd1a13dacf/.tools/node-v24.20.0-linux-x64/bin/node)
==6492==    by 0x877346: node::Environment::TryLoadAddon(char const*, int, std::function<bool (node::binding::DLib*)> const&) (in /mnt/c/Users/guido/AppData/Local/Temp/rustdom-pr54-abort-retention-e991d78927094e13876cb3cd1a13dacf/.tools/node-v24.20.0-linux-x64/bin/node)
==6492==    by 0x8D269F: node::binding::DLOpen(v8::FunctionCallbackInfo<v8::Value> const&) (in /mnt/c/Users/guido/AppData/Local/Temp/rustdom-pr54-abort-retention-e991d78927094e13876cb3cd1a13dacf/.tools/node-v24.20.0-linux-x64/bin/node)
==6492==    by 0x1A2608C: Builtins_CallApiCallbackGeneric (in /mnt/c/Users/guido/AppData/Local/Temp/rustdom-pr54-abort-retention-e991d78927094e13876cb3cd1a13dacf/.tools/node-v24.20.0-linux-x64/bin/node)
==6492==    by 0x1A24653: Builtins_InterpreterEntryTrampoline (in /mnt/c/Users/guido/AppData/Local/Temp/rustdom-pr54-abort-retention-e991d78927094e13876cb3cd1a13dacf/.tools/node-v24.20.0-linux-x64/bin/node)
==6492==    by 0x1A24653: Builtins_InterpreterEntryTrampoline (in /mnt/c/Users/guido/AppData/Local/Temp/rustdom-pr54-abort-retention-e991d78927094e13876cb3cd1a13dacf/.tools/node-v24.20.0-linux-x64/bin/node)
==6492==    by 0x1A24653: Builtins_InterpreterEntryTrampoline (in /mnt/c/Users/guido/AppData/Local/Temp/rustdom-pr54-abort-retention-e991d78927094e13876cb3cd1a13dacf/.tools/node-v24.20.0-linux-x64/bin/node)
==6492== 
==6492== 392 bytes in 1 blocks are possibly lost in loss record 394 of 427
==6492==    at 0x73E2013: operator new(unsigned long) (in /mnt/c/Users/guido/ghq/projects/rustdom/.tools/valgrind/usr/libexec/valgrind/vgpreload_memcheck-amd64-linux.so)
==6492==    by 0x8CE4E7: napi_create_threadsafe_function (in /mnt/c/Users/guido/AppData/Local/Temp/rustdom-pr54-abort-retention-e991d78927094e13876cb3cd1a13dacf/.tools/node-v24.20.0-linux-x64/bin/node)
==6492==    by 0x231FCBCB: napi_register_module_v1 (in /home/guido/rustdom-selection-result-OEvCXh/dist/rustdom.node)
==6492==    by 0x8CDED9: napi_module_register_by_symbol(v8::Local<v8::Object>, v8::Local<v8::Value>, v8::Local<v8::Context>, napi_value__* (*)(napi_env__*, napi_value__*), int) (in /mnt/c/Users/guido/AppData/Local/Temp/rustdom-pr54-abort-retention-e991d78927094e13876cb3cd1a13dacf/.tools/node-v24.20.0-linux-x64/bin/node)
==6492==    by 0x8D4822: std::_Function_handler<bool (node::binding::DLib*), node::binding::DLOpen(v8::FunctionCallbackInfo<v8::Value> const&)::{lambda(node::binding::DLib*)#1}>::_M_invoke(std::_Any_data const&, node::binding::DLib*&&) (in /mnt/c/Users/guido/AppData/Local/Temp/rustdom-pr54-abort-retention-e991d78927094e13876cb3cd1a13dacf/.tools/node-v24.20.0-linux-x64/bin/node)
==6492==    by 0x877346: node::Environment::TryLoadAddon(char const*, int, std::function<bool (node::binding::DLib*)> const&) (in /mnt/c/Users/guido/AppData/Local/Temp/rustdom-pr54-abort-retention-e991d78927094e13876cb3cd1a13dacf/.tools/node-v24.20.0-linux-x64/bin/node)
==6492==    by 0x8D269F: node::binding::DLOpen(v8::FunctionCallbackInfo<v8::Value> const&) (in /mnt/c/Users/guido/AppData/Local/Temp/rustdom-pr54-abort-retention-e991d78927094e13876cb3cd1a13dacf/.tools/node-v24.20.0-linux-x64/bin/node)
==6492==    by 0x1A2608C: Builtins_CallApiCallbackGeneric (in /mnt/c/Users/guido/AppData/Local/Temp/rustdom-pr54-abort-retention-e991d78927094e13876cb3cd1a13dacf/.tools/node-v24.20.0-linux-x64/bin/node)
==6492==    by 0x1A24653: Builtins_InterpreterEntryTrampoline (in /mnt/c/Users/guido/AppData/Local/Temp/rustdom-pr54-abort-retention-e991d78927094e13876cb3cd1a13dacf/.tools/node-v24.20.0-linux-x64/bin/node)
==6492==    by 0x1A24653: Builtins_InterpreterEntryTrampoline (in /mnt/c/Users/guido/AppData/Local/Temp/rustdom-pr54-abort-retention-e991d78927094e13876cb3cd1a13dacf/.tools/node-v24.20.0-linux-x64/bin/node)
==6492==    by 0x1A24653: Builtins_InterpreterEntryTrampoline (in /mnt/c/Users/guido/AppData/Local/Temp/rustdom-pr54-abort-retention-e991d78927094e13876cb3cd1a13dacf/.tools/node-v24.20.0-linux-x64/bin/node)
==6492==    by 0x1A24653: Builtins_InterpreterEntryTrampoline (in /mnt/c/Users/guido/AppData/Local/Temp/rustdom-pr54-abort-retention-e991d78927094e13876cb3cd1a13dacf/.tools/node-v24.20.0-linux-x64/bin/node)
==6492== 
==6492== 416 bytes in 1 blocks are possibly lost in loss record 395 of 427
==6492==    at 0x73E1899: malloc (in /mnt/c/Users/guido/ghq/projects/rustdom/.tools/valgrind/usr/libexec/valgrind/vgpreload_memcheck-amd64-linux.so)
==6492==    by 0x231F1C2C: _RNvMs5_NtCs6i54tJFfzR_5alloc7raw_vecNtB5_11RawVecInner11finish_growCs4QMHp0v7l6B_4napi (in /home/guido/rustdom-selection-result-OEvCXh/dist/rustdom.node)
==6492==    by 0x231EF44C: _RINvNvMs2_NtCs6i54tJFfzR_5alloc7raw_vecINtB8_11RawVecInnerpE7reserve21do_reserve_and_handleNtNtBa_5alloc6GlobalECs4QMHp0v7l6B_4napi (in /home/guido/rustdom-selection-result-OEvCXh/dist/rustdom.node)
==6492==    by 0x231F4962: _RNvNtNtCs4QMHp0v7l6B_4napi15bindgen_runtime15module_register14register_class (in /home/guido/rustdom-selection-result-OEvCXh/dist/rustdom.node)
==6492==    by 0x231A12FB: _RNvNvNvNvNtNtNtCs3Ir8cfnU9oH_7rustdom3dom18token_list_binding36___napi_impl_helper_NativeTokenSet_1540___napi_register__NativeTokenSet_impl_2671__18___CTOR_PRIVATE_REF14___ctor_private (in /home/guido/rustdom-selection-result-OEvCXh/dist/rustdom.node)
==6492==    by 0x6B9F47D: call_init.part.0 (dl-init.c:70)
==6492==    by 0x6B9F567: call_init (dl-init.c:33)
==6492==    by 0x6B9F567: _dl_init (dl-init.c:117)
==6492==    by 0x78ADBB4: _dl_catch_exception (dl-error-skeleton.c:182)
==6492==    by 0x6BA6FF5: dl_open_worker (dl-open.c:808)
==6492==    by 0x6BA6FF5: dl_open_worker (dl-open.c:771)
==6492==    by 0x78ADB57: _dl_catch_exception (dl-error-skeleton.c:208)
==6492==    by 0x6BA734D: _dl_open (dl-open.c:883)
==6492==    by 0x77C95FB: dlopen_doit (dlopen.c:56)
==6492== 
==6492== 416 bytes in 1 blocks are possibly lost in loss record 396 of 427
==6492==    at 0x73E1899: malloc (in /mnt/c/Users/guido/ghq/projects/rustdom/.tools/valgrind/usr/libexec/valgrind/vgpreload_memcheck-amd64-linux.so)
==6492==    by 0x231F1C2C: _RNvMs5_NtCs6i54tJFfzR_5alloc7raw_vecNtB5_11RawVecInner11finish_growCs4QMHp0v7l6B_4napi (in /home/guido/rustdom-selection-result-OEvCXh/dist/rustdom.node)
==6492==    by 0x231EF44C: _RINvNvMs2_NtCs6i54tJFfzR_5alloc7raw_vecINtB8_11RawVecInnerpE7reserve21do_reserve_and_handleNtNtBa_5alloc6GlobalECs4QMHp0v7l6B_4napi (in /home/guido/rustdom-selection-result-OEvCXh/dist/rustdom.node)
==6492==    by 0x231F4962: _RNvNtNtCs4QMHp0v7l6B_4napi15bindgen_runtime15module_register14register_class (in /home/guido/rustdom-selection-result-OEvCXh/dist/rustdom.node)
==6492==    by 0x231A19D7: _RNvNvNvNvNtNtNtCs3Ir8cfnU9oH_7rustdom3dom18token_list_binding37___napi_impl_helper_NativeTokenList_1441___napi_register__NativeTokenList_impl_2621__18___CTOR_PRIVATE_REF14___ctor_private (in /home/guido/rustdom-selection-result-OEvCXh/dist/rustdom.node)
==6492==    by 0x6B9F47D: call_init.part.0 (dl-init.c:70)
==6492==    by 0x6B9F567: call_init (dl-init.c:33)
==6492==    by 0x6B9F567: _dl_init (dl-init.c:117)
==6492==    by 0x78ADBB4: _dl_catch_exception (dl-error-skeleton.c:182)
==6492==    by 0x6BA6FF5: dl_open_worker (dl-open.c:808)
==6492==    by 0x6BA6FF5: dl_open_worker (dl-open.c:771)
==6492==    by 0x78ADB57: _dl_catch_exception (dl-error-skeleton.c:208)
==6492==    by 0x6BA734D: _dl_open (dl-open.c:883)
==6492==    by 0x77C95FB: dlopen_doit (dlopen.c:56)
==6492== 
==6492== 416 bytes in 1 blocks are possibly lost in loss record 397 of 427
==6492==    at 0x73E1899: malloc (in /mnt/c/Users/guido/ghq/projects/rustdom/.tools/valgrind/usr/libexec/valgrind/vgpreload_memcheck-amd64-linux.so)
==6492==    by 0x231F1C2C: _RNvMs5_NtCs6i54tJFfzR_5alloc7raw_vecNtB5_11RawVecInner11finish_growCs4QMHp0v7l6B_4napi (in /home/guido/rustdom-selection-result-OEvCXh/dist/rustdom.node)
==6492==    by 0x231EF44C: _RINvNvMs2_NtCs6i54tJFfzR_5alloc7raw_vecINtB8_11RawVecInnerpE7reserve21do_reserve_and_handleNtNtBa_5alloc6GlobalECs4QMHp0v7l6B_4napi (in /home/guido/rustdom-selection-result-OEvCXh/dist/rustdom.node)
==6492==    by 0x231F4962: _RNvNtNtCs4QMHp0v7l6B_4napi15bindgen_runtime15module_register14register_class (in /home/guido/rustdom-selection-result-OEvCXh/dist/rustdom.node)
==6492==    by 0x231A854F: _RNvNvNvNvNtNtNtCs3Ir8cfnU9oH_7rustdom3dom19range_clone_binding37___napi_impl_helper_NativeRangeClone_942___napi_register__NativeRangeClone_impl_1851__18___CTOR_PRIVATE_REF14___ctor_private (in /home/guido/rustdom-selection-result-OEvCXh/dist/rustdom.node)
==6492==    by 0x6B9F47D: call_init.part.0 (dl-init.c:70)
==6492==    by 0x6B9F567: call_init (dl-init.c:33)
==6492==    by 0x6B9F567: _dl_init (dl-init.c:117)
==6492==    by 0x78ADBB4: _dl_catch_exception (dl-error-skeleton.c:182)
==6492==    by 0x6BA6FF5: dl_open_worker (dl-open.c:808)
==6492==    by 0x6BA6FF5: dl_open_worker (dl-open.c:771)
==6492==    by 0x78ADB57: _dl_catch_exception (dl-error-skeleton.c:208)
==6492==    by 0x6BA734D: _dl_open (dl-open.c:883)
==6492==    by 0x77C95FB: dlopen_doit (dlopen.c:56)
==6492== 
==6492== 416 bytes in 1 blocks are possibly lost in loss record 398 of 427
==6492==    at 0x73E1899: malloc (in /mnt/c/Users/guido/ghq/projects/rustdom/.tools/valgrind/usr/libexec/valgrind/vgpreload_memcheck-amd64-linux.so)
==6492==    by 0x231F1C2C: _RNvMs5_NtCs6i54tJFfzR_5alloc7raw_vecNtB5_11RawVecInner11finish_growCs4QMHp0v7l6B_4napi (in /home/guido/rustdom-selection-result-OEvCXh/dist/rustdom.node)
==6492==    by 0x231EF44C: _RINvNvMs2_NtCs6i54tJFfzR_5alloc7raw_vecINtB8_11RawVecInnerpE7reserve21do_reserve_and_handleNtNtBa_5alloc6GlobalECs4QMHp0v7l6B_4napi (in /home/guido/rustdom-selection-result-OEvCXh/dist/rustdom.node)
==6492==    by 0x231F4962: _RNvNtNtCs4QMHp0v7l6B_4napi15bindgen_runtime15module_register14register_class (in /home/guido/rustdom-selection-result-OEvCXh/dist/rustdom.node)
==6492==    by 0x231AC17A: _RNvNvNvNvNtNtNtCs3Ir8cfnU9oH_7rustdom3dom19tree_cursor_binding46___napi_impl_helper_NativeTraversalOperation_1950___napi_register__NativeTraversalOperation_impl_4601__18___CTOR_PRIVATE_REF14___ctor_private (in /home/guido/rustdom-selection-result-OEvCXh/dist/rustdom.node)
==6492==    by 0x6B9F47D: call_init.part.0 (dl-init.c:70)
==6492==    by 0x6B9F567: call_init (dl-init.c:33)
==6492==    by 0x6B9F567: _dl_init (dl-init.c:117)
==6492==    by 0x78ADBB4: _dl_catch_exception (dl-error-skeleton.c:182)
==6492==    by 0x6BA6FF5: dl_open_worker (dl-open.c:808)
==6492==    by 0x6BA6FF5: dl_open_worker (dl-open.c:771)
==6492==    by 0x78ADB57: _dl_catch_exception (dl-error-skeleton.c:208)
==6492==    by 0x6BA734D: _dl_open (dl-open.c:883)
==6492==    by 0x77C95FB: dlopen_doit (dlopen.c:56)
==6492== 
==6492== 416 bytes in 1 blocks are possibly lost in loss record 399 of 427
==6492==    at 0x73E1899: malloc (in /mnt/c/Users/guido/ghq/projects/rustdom/.tools/valgrind/usr/libexec/valgrind/vgpreload_memcheck-amd64-linux.so)
==6492==    by 0x231F1C2C: _RNvMs5_NtCs6i54tJFfzR_5alloc7raw_vecNtB5_11RawVecInner11finish_growCs4QMHp0v7l6B_4napi (in /home/guido/rustdom-selection-result-OEvCXh/dist/rustdom.node)
==6492==    by 0x231EF44C: _RINvNvMs2_NtCs6i54tJFfzR_5alloc7raw_vecINtB8_11RawVecInnerpE7reserve21do_reserve_and_handleNtNtBa_5alloc6GlobalECs4QMHp0v7l6B_4napi (in /home/guido/rustdom-selection-result-OEvCXh/dist/rustdom.node)
==6492==    by 0x231F4962: _RNvNtNtCs4QMHp0v7l6B_4napi15bindgen_runtime15module_register14register_class (in /home/guido/rustdom-selection-result-OEvCXh/dist/rustdom.node)
==6492==    by 0x231ADDCA: _RNvNvNvNvNtNtNtCs3Ir8cfnU9oH_7rustdom3dom19web_storage_binding44___napi_impl_helper_NativeStorageKeyCursor_2148___napi_register__NativeStorageKeyCursor_impl_4801__18___CTOR_PRIVATE_REF14___ctor_private (in /home/guido/rustdom-selection-result-OEvCXh/dist/rustdom.node)
==6492==    by 0x6B9F47D: call_init.part.0 (dl-init.c:70)
==6492==    by 0x6B9F567: call_init (dl-init.c:33)
==6492==    by 0x6B9F567: _dl_init (dl-init.c:117)
==6492==    by 0x78ADBB4: _dl_catch_exception (dl-error-skeleton.c:182)
==6492==    by 0x6BA6FF5: dl_open_worker (dl-open.c:808)
==6492==    by 0x6BA6FF5: dl_open_worker (dl-open.c:771)
==6492==    by 0x78ADB57: _dl_catch_exception (dl-error-skeleton.c:208)
==6492==    by 0x6BA734D: _dl_open (dl-open.c:883)
==6492==    by 0x77C95FB: dlopen_doit (dlopen.c:56)
==6492== 
==6492== 416 bytes in 1 blocks are possibly lost in loss record 400 of 427
==6492==    at 0x73E1899: malloc (in /mnt/c/Users/guido/ghq/projects/rustdom/.tools/valgrind/usr/libexec/valgrind/vgpreload_memcheck-amd64-linux.so)
==6492==    by 0x231F1C2C: _RNvMs5_NtCs6i54tJFfzR_5alloc7raw_vecNtB5_11RawVecInner11finish_growCs4QMHp0v7l6B_4napi (in /home/guido/rustdom-selection-result-OEvCXh/dist/rustdom.node)
==6492==    by 0x231EF44C: _RINvNvMs2_NtCs6i54tJFfzR_5alloc7raw_vecINtB8_11RawVecInnerpE7reserve21do_reserve_and_handleNtNtBa_5alloc6GlobalECs4QMHp0v7l6B_4napi (in /home/guido/rustdom-selection-result-OEvCXh/dist/rustdom.node)
==6492==    by 0x231F4962: _RNvNtNtCs4QMHp0v7l6B_4napi15bindgen_runtime15module_register14register_class (in /home/guido/rustdom-selection-result-OEvCXh/dist/rustdom.node)
==6492==    by 0x231AE4DF: _RNvNvNvNvNtNtNtCs3Ir8cfnU9oH_7rustdom3dom21range_extract_binding40___napi_impl_helper_NativeRangeExtract_1044___napi_register__NativeRangeExtract_impl_1931__18___CTOR_PRIVATE_REF14___ctor_private (in /home/guido/rustdom-selection-result-OEvCXh/dist/rustdom.node)
==6492==    by 0x6B9F47D: call_init.part.0 (dl-init.c:70)
==6492==    by 0x6B9F567: call_init (dl-init.c:33)
==6492==    by 0x6B9F567: _dl_init (dl-init.c:117)
==6492==    by 0x78ADBB4: _dl_catch_exception (dl-error-skeleton.c:182)
==6492==    by 0x6BA6FF5: dl_open_worker (dl-open.c:808)
==6492==    by 0x6BA6FF5: dl_open_worker (dl-open.c:771)
==6492==    by 0x78ADB57: _dl_catch_exception (dl-error-skeleton.c:208)
==6492==    by 0x6BA734D: _dl_open (dl-open.c:883)
==6492==    by 0x77C95FB: dlopen_doit (dlopen.c:56)
==6492== 
==6492== 416 bytes in 1 blocks are possibly lost in loss record 401 of 427
==6492==    at 0x73E1899: malloc (in /mnt/c/Users/guido/ghq/projects/rustdom/.tools/valgrind/usr/libexec/valgrind/vgpreload_memcheck-amd64-linux.so)
==6492==    by 0x231F1C2C: _RNvMs5_NtCs6i54tJFfzR_5alloc7raw_vecNtB5_11RawVecInner11finish_growCs4QMHp0v7l6B_4napi (in /home/guido/rustdom-selection-result-OEvCXh/dist/rustdom.node)
==6492==    by 0x231EF44C: _RINvNvMs2_NtCs6i54tJFfzR_5alloc7raw_vecINtB8_11RawVecInnerpE7reserve21do_reserve_and_handleNtNtBa_5alloc6GlobalECs4QMHp0v7l6B_4napi (in /home/guido/rustdom-selection-result-OEvCXh/dist/rustdom.node)
==6492==    by 0x231F4962: _RNvNtNtCs4QMHp0v7l6B_4napi15bindgen_runtime15module_register14register_class (in /home/guido/rustdom-selection-result-OEvCXh/dist/rustdom.node)
==6492==    by 0x231B1D4F: _RNvNvNvNvNtNtNtCs3Ir8cfnU9oH_7rustdom3dom23slot_assignment_binding48___napi_impl_helper_NativeSlotAssignmentDriver_1352___napi_register__NativeSlotAssignmentDriver_impl_2481__18___CTOR_PRIVATE_REF14___ctor_private (in /home/guido/rustdom-selection-result-OEvCXh/dist/rustdom.node)
==6492==    by 0x6B9F47D: call_init.part.0 (dl-init.c:70)
==6492==    by 0x6B9F567: call_init (dl-init.c:33)
==6492==    by 0x6B9F567: _dl_init (dl-init.c:117)
==6492==    by 0x78ADBB4: _dl_catch_exception (dl-error-skeleton.c:182)
==6492==    by 0x6BA6FF5: dl_open_worker (dl-open.c:808)
==6492==    by 0x6BA6FF5: dl_open_worker (dl-open.c:771)
==6492==    by 0x78ADB57: _dl_catch_exception (dl-error-skeleton.c:208)
==6492==    by 0x6BA734D: _dl_open (dl-open.c:883)
==6492==    by 0x77C95FB: dlopen_doit (dlopen.c:56)
==6492== 
==6492== 432 bytes in 1 blocks are still reachable in loss record 402 of 427
==6492==    at 0x73E6A83: calloc (in /mnt/c/Users/guido/ghq/projects/rustdom/.tools/valgrind/usr/libexec/valgrind/vgpreload_memcheck-amd64-linux.so)
==6492==    by 0x6BAF2DC: calloc (rtld-malloc.h:44)
==6492==    by 0x6BAF2DC: _dl_check_map_versions (dl-version.c:273)
==6492==    by 0x6BA7D13: dl_open_worker_begin (dl-open.c:600)
==6492==    by 0x78ADB57: _dl_catch_exception (dl-error-skeleton.c:208)
==6492==    by 0x6BA6F99: dl_open_worker (dl-open.c:782)
==6492==    by 0x78ADB57: _dl_catch_exception (dl-error-skeleton.c:208)
==6492==    by 0x6BA734D: _dl_open (dl-open.c:883)
==6492==    by 0x77C95FB: dlopen_doit (dlopen.c:56)
==6492==    by 0x78ADB57: _dl_catch_exception (dl-error-skeleton.c:208)
==6492==    by 0x78ADC22: _dl_catch_error (dl-error-skeleton.c:227)
==6492==    by 0x77C90ED: _dlerror_run (dlerror.c:138)
==6492==    by 0x77C9687: dlopen_implementation (dlopen.c:71)
==6492==    by 0x77C9687: dlopen@@GLIBC_2.34 (dlopen.c:81)
==6492== 
==6492== 448 bytes in 1 blocks are still reachable in loss record 403 of 427
==6492==    at 0x73E6A83: calloc (in /mnt/c/Users/guido/ghq/projects/rustdom/.tools/valgrind/usr/libexec/valgrind/vgpreload_memcheck-amd64-linux.so)
==6492==    by 0x1A04144: uv_loop_init (loop.c:39)
==6492==    by 0x19FB169: uv_default_loop (uv-common.c:854)
==6492==    by 0x19FB169: uv_default_loop (uv-common.c:850)
==6492==    by 0x8C6FEE: node::Start(int, char**) (in /mnt/c/Users/guido/AppData/Local/Temp/rustdom-pr54-abort-retention-e991d78927094e13876cb3cd1a13dacf/.tools/node-v24.20.0-linux-x64/bin/node)
==6492==    by 0x7762D8F: (below main) (libc_start_call_main.h:58)
==6492== 
==6492== 504 bytes in 1 blocks are still reachable in loss record 404 of 427
==6492==    at 0x73E2013: operator new(unsigned long) (in /mnt/c/Users/guido/ghq/projects/rustdom/.tools/valgrind/usr/libexec/valgrind/vgpreload_memcheck-amd64-linux.so)
==6492==    by 0x9D7230: node::NodePlatform::RegisterIsolate(v8::Isolate*, uv_loop_s*) (in /mnt/c/Users/guido/AppData/Local/Temp/rustdom-pr54-abort-retention-e991d78927094e13876cb3cd1a13dacf/.tools/node-v24.20.0-linux-x64/bin/node)
==6492==    by 0x807AF8: node::NewIsolate(v8::Isolate::CreateParams*, uv_loop_s*, node::MultiIsolatePlatform*, node::SnapshotData const*, node::IsolateSettings const&) (in /mnt/c/Users/guido/AppData/Local/Temp/rustdom-pr54-abort-retention-e991d78927094e13876cb3cd1a13dacf/.tools/node-v24.20.0-linux-x64/bin/node)
==6492==    by 0x989AB8: node::NodeMainInstance::NodeMainInstance(node::SnapshotData const*, uv_loop_s*, node::MultiIsolatePlatform*, std::vector<std::__cxx11::basic_string<char, std::char_traits<char>, std::allocator<char> >, std::allocator<std::__cxx11::basic_string<char, std::char_traits<char>, std::allocator<char> > > > const&, std::vector<std::__cxx11::basic_string<char, std::char_traits<char>, std::allocator<char> >, std::allocator<std::__cxx11::basic_string<char, std::char_traits<char>, std::allocator<char> > > > const&) (in /mnt/c/Users/guido/AppData/Local/Temp/rustdom-pr54-abort-retention-e991d78927094e13876cb3cd1a13dacf/.tools/node-v24.20.0-linux-x64/bin/node)
==6492==    by 0x8C7198: node::Start(int, char**) (in /mnt/c/Users/guido/AppData/Local/Temp/rustdom-pr54-abort-retention-e991d78927094e13876cb3cd1a13dacf/.tools/node-v24.20.0-linux-x64/bin/node)
==6492==    by 0x7762D8F: (below main) (libc_start_call_main.h:58)
==6492== 
==6492== 512 bytes in 1 blocks are possibly lost in loss record 405 of 427
==6492==    at 0x73E2013: operator new(unsigned long) (in /mnt/c/Users/guido/ghq/projects/rustdom/.tools/valgrind/usr/libexec/valgrind/vgpreload_memcheck-amd64-linux.so)
==6492==    by 0x8D0A45: std::_Deque_base<void*, std::allocator<void*> >::_M_initialize_map(unsigned long) (in /mnt/c/Users/guido/AppData/Local/Temp/rustdom-pr54-abort-retention-e991d78927094e13876cb3cd1a13dacf/.tools/node-v24.20.0-linux-x64/bin/node)
==6492==    by 0x8CE79E: node::Environment::CloseHandle<uv_handle_s, v8impl::(anonymous namespace)::ThreadSafeFunction::CloseHandlesAndMaybeDelete(bool)::{lambda(uv_handle_s*)#1}>(uv_handle_s*, v8impl::(anonymous namespace)::ThreadSafeFunction::CloseHandlesAndMaybeDelete(bool)::{lambda(uv_handle_s*)#1})::{lambda(uv_handle_s*)#1}::_FUN(uv_handle_s*) (in /mnt/c/Users/guido/AppData/Local/Temp/rustdom-pr54-abort-retention-e991d78927094e13876cb3cd1a13dacf/.tools/node-v24.20.0-linux-x64/bin/node)
==6492==    by 0x19FCD9D: uv__finish_close (core.c:363)
==6492==    by 0x19FCD9D: uv__run_closing_handles (core.c:377)
==6492==    by 0x19FCD9D: uv_run (core.c:475)
==6492==    by 0x879127: node::Environment::CleanupHandles() (in /mnt/c/Users/guido/AppData/Local/Temp/rustdom-pr54-abort-retention-e991d78927094e13876cb3cd1a13dacf/.tools/node-v24.20.0-linux-x64/bin/node)
==6492==    by 0x87921C: node::Environment::RunCleanup() (in /mnt/c/Users/guido/AppData/Local/Temp/rustdom-pr54-abort-retention-e991d78927094e13876cb3cd1a13dacf/.tools/node-v24.20.0-linux-x64/bin/node)
==6492==    by 0x80C498: node::FreeEnvironment(node::Environment*) (in /mnt/c/Users/guido/AppData/Local/Temp/rustdom-pr54-abort-retention-e991d78927094e13876cb3cd1a13dacf/.tools/node-v24.20.0-linux-x64/bin/node)
==6492==    by 0x989F82: node::NodeMainInstance::Run() (in /mnt/c/Users/guido/AppData/Local/Temp/rustdom-pr54-abort-retention-e991d78927094e13876cb3cd1a13dacf/.tools/node-v24.20.0-linux-x64/bin/node)
==6492==    by 0x8C71A4: node::Start(int, char**) (in /mnt/c/Users/guido/AppData/Local/Temp/rustdom-pr54-abort-retention-e991d78927094e13876cb3cd1a13dacf/.tools/node-v24.20.0-linux-x64/bin/node)
==6492==    by 0x7762D8F: (below main) (libc_start_call_main.h:58)
==6492== 
==6492== 520 bytes in 1 blocks are possibly lost in loss record 406 of 427
==6492==    at 0x73E1899: malloc (in /mnt/c/Users/guido/ghq/projects/rustdom/.tools/valgrind/usr/libexec/valgrind/vgpreload_memcheck-amd64-linux.so)
==6492==    by 0x231F1C2C: _RNvMs5_NtCs6i54tJFfzR_5alloc7raw_vecNtB5_11RawVecInner11finish_growCs4QMHp0v7l6B_4napi (in /home/guido/rustdom-selection-result-OEvCXh/dist/rustdom.node)
==6492==    by 0x231EF44C: _RINvNvMs2_NtCs6i54tJFfzR_5alloc7raw_vecINtB8_11RawVecInnerpE7reserve21do_reserve_and_handleNtNtBa_5alloc6GlobalECs4QMHp0v7l6B_4napi (in /home/guido/rustdom-selection-result-OEvCXh/dist/rustdom.node)
==6492==    by 0x231F4962: _RNvNtNtCs4QMHp0v7l6B_4napi15bindgen_runtime15module_register14register_class (in /home/guido/rustdom-selection-result-OEvCXh/dist/rustdom.node)
==6492==    by 0x231ABCCF: _RNvNvNvNvNtNtNtCs3Ir8cfnU9oH_7rustdom3dom19tree_cursor_binding37___napi_impl_helper_NativeTraversal_1841___napi_register__NativeTraversal_impl_4581__18___CTOR_PRIVATE_REF14___ctor_private (in /home/guido/rustdom-selection-result-OEvCXh/dist/rustdom.node)
==6492==    by 0x6B9F47D: call_init.part.0 (dl-init.c:70)
==6492==    by 0x6B9F567: call_init (dl-init.c:33)
==6492==    by 0x6B9F567: _dl_init (dl-init.c:117)
==6492==    by 0x78ADBB4: _dl_catch_exception (dl-error-skeleton.c:182)
==6492==    by 0x6BA6FF5: dl_open_worker (dl-open.c:808)
==6492==    by 0x6BA6FF5: dl_open_worker (dl-open.c:771)
==6492==    by 0x78ADB57: _dl_catch_exception (dl-error-skeleton.c:208)
==6492==    by 0x6BA734D: _dl_open (dl-open.c:883)
==6492==    by 0x77C95FB: dlopen_doit (dlopen.c:56)
==6492== 
==6492== 624 bytes in 1 blocks are possibly lost in loss record 407 of 427
==6492==    at 0x73E1899: malloc (in /mnt/c/Users/guido/ghq/projects/rustdom/.tools/valgrind/usr/libexec/valgrind/vgpreload_memcheck-amd64-linux.so)
==6492==    by 0x231F1C2C: _RNvMs5_NtCs6i54tJFfzR_5alloc7raw_vecNtB5_11RawVecInner11finish_growCs4QMHp0v7l6B_4napi (in /home/guido/rustdom-selection-result-OEvCXh/dist/rustdom.node)
==6492==    by 0x231EF44C: _RINvNvMs2_NtCs6i54tJFfzR_5alloc7raw_vecINtB8_11RawVecInnerpE7reserve21do_reserve_and_handleNtNtBa_5alloc6GlobalECs4QMHp0v7l6B_4napi (in /home/guido/rustdom-selection-result-OEvCXh/dist/rustdom.node)
==6492==    by 0x231F4962: _RNvNtNtCs4QMHp0v7l6B_4napi15bindgen_runtime15module_register14register_class (in /home/guido/rustdom-selection-result-OEvCXh/dist/rustdom.node)
==6492==    by 0x2319BF7C: _RNvNvNvNvNtNtNtCs3Ir8cfnU9oH_7rustdom3dom12blob_binding39___napi_impl_helper_NativeBlobMetadata_143___napi_register__NativeBlobMetadata_impl_301__18___CTOR_PRIVATE_REF14___ctor_private (in /home/guido/rustdom-selection-result-OEvCXh/dist/rustdom.node)
==6492==    by 0x6B9F47D: call_init.part.0 (dl-init.c:70)
==6492==    by 0x6B9F567: call_init (dl-init.c:33)
==6492==    by 0x6B9F567: _dl_init (dl-init.c:117)
==6492==    by 0x78ADBB4: _dl_catch_exception (dl-error-skeleton.c:182)
==6492==    by 0x6BA6FF5: dl_open_worker (dl-open.c:808)
==6492==    by 0x6BA6FF5: dl_open_worker (dl-open.c:771)
==6492==    by 0x78ADB57: _dl_catch_exception (dl-error-skeleton.c:208)
==6492==    by 0x6BA734D: _dl_open (dl-open.c:883)
==6492==    by 0x77C95FB: dlopen_doit (dlopen.c:56)
==6492== 
==6492== 624 bytes in 1 blocks are possibly lost in loss record 408 of 427
==6492==    at 0x73E1899: malloc (in /mnt/c/Users/guido/ghq/projects/rustdom/.tools/valgrind/usr/libexec/valgrind/vgpreload_memcheck-amd64-linux.so)
==6492==    by 0x231F1C2C: _RNvMs5_NtCs6i54tJFfzR_5alloc7raw_vecNtB5_11RawVecInner11finish_growCs4QMHp0v7l6B_4napi (in /home/guido/rustdom-selection-result-OEvCXh/dist/rustdom.node)
==6492==    by 0x231EF44C: _RINvNvMs2_NtCs6i54tJFfzR_5alloc7raw_vecINtB8_11RawVecInnerpE7reserve21do_reserve_and_handleNtNtBa_5alloc6GlobalECs4QMHp0v7l6B_4napi (in /home/guido/rustdom-selection-result-OEvCXh/dist/rustdom.node)
==6492==    by 0x231F4962: _RNvNtNtCs4QMHp0v7l6B_4napi15bindgen_runtime15module_register14register_class (in /home/guido/rustdom-selection-result-OEvCXh/dist/rustdom.node)
==6492==    by 0x231B2932: _RNvNvNvNvNtNtNtCs3Ir8cfnU9oH_7rustdom3dom25observer_delivery_binding43___napi_impl_helper_NativeObserverDelivery_848___napi_register__NativeObserverDelivery_impl_1721__18___CTOR_PRIVATE_REF14___ctor_private (in /home/guido/rustdom-selection-result-OEvCXh/dist/rustdom.node)
==6492==    by 0x6B9F47D: call_init.part.0 (dl-init.c:70)
==6492==    by 0x6B9F567: call_init (dl-init.c:33)
==6492==    by 0x6B9F567: _dl_init (dl-init.c:117)
==6492==    by 0x78ADBB4: _dl_catch_exception (dl-error-skeleton.c:182)
==6492==    by 0x6BA6FF5: dl_open_worker (dl-open.c:808)
==6492==    by 0x6BA6FF5: dl_open_worker (dl-open.c:771)
==6492==    by 0x78ADB57: _dl_catch_exception (dl-error-skeleton.c:208)
==6492==    by 0x6BA734D: _dl_open (dl-open.c:883)
==6492==    by 0x77C95FB: dlopen_doit (dlopen.c:56)
==6492== 
==6492== 728 bytes in 1 blocks are possibly lost in loss record 409 of 427
==6492==    at 0x73E1899: malloc (in /mnt/c/Users/guido/ghq/projects/rustdom/.tools/valgrind/usr/libexec/valgrind/vgpreload_memcheck-amd64-linux.so)
==6492==    by 0x231F1C2C: _RNvMs5_NtCs6i54tJFfzR_5alloc7raw_vecNtB5_11RawVecInner11finish_growCs4QMHp0v7l6B_4napi (in /home/guido/rustdom-selection-result-OEvCXh/dist/rustdom.node)
==6492==    by 0x231EF44C: _RINvNvMs2_NtCs6i54tJFfzR_5alloc7raw_vecINtB8_11RawVecInnerpE7reserve21do_reserve_and_handleNtNtBa_5alloc6GlobalECs4QMHp0v7l6B_4napi (in /home/guido/rustdom-selection-result-OEvCXh/dist/rustdom.node)
==6492==    by 0x231F4962: _RNvNtNtCs4QMHp0v7l6B_4napi15bindgen_runtime15module_register14register_class (in /home/guido/rustdom-selection-result-OEvCXh/dist/rustdom.node)
==6492==    by 0x231A7ACF: _RNvNvNvNvNtNtNtCs3Ir8cfnU9oH_7rustdom3dom19file_reader_binding42___napi_impl_helper_NativeFileReaderState_547___napi_register__NativeFileReaderState_impl_1151__18___CTOR_PRIVATE_REF14___ctor_private (in /home/guido/rustdom-selection-result-OEvCXh/dist/rustdom.node)
==6492==    by 0x6B9F47D: call_init.part.0 (dl-init.c:70)
==6492==    by 0x6B9F567: call_init (dl-init.c:33)
==6492==    by 0x6B9F567: _dl_init (dl-init.c:117)
==6492==    by 0x78ADBB4: _dl_catch_exception (dl-error-skeleton.c:182)
==6492==    by 0x6BA6FF5: dl_open_worker (dl-open.c:808)
==6492==    by 0x6BA6FF5: dl_open_worker (dl-open.c:771)
==6492==    by 0x78ADB57: _dl_catch_exception (dl-error-skeleton.c:208)
==6492==    by 0x6BA734D: _dl_open (dl-open.c:883)
==6492==    by 0x77C95FB: dlopen_doit (dlopen.c:56)
==6492== 
==6492== 832 bytes in 1 blocks are possibly lost in loss record 410 of 427
==6492==    at 0x73E1899: malloc (in /mnt/c/Users/guido/ghq/projects/rustdom/.tools/valgrind/usr/libexec/valgrind/vgpreload_memcheck-amd64-linux.so)
==6492==    by 0x231F1C2C: _RNvMs5_NtCs6i54tJFfzR_5alloc7raw_vecNtB5_11RawVecInner11finish_growCs4QMHp0v7l6B_4napi (in /home/guido/rustdom-selection-result-OEvCXh/dist/rustdom.node)
==6492==    by 0x231EF44C: _RINvNvMs2_NtCs6i54tJFfzR_5alloc7raw_vecINtB8_11RawVecInnerpE7reserve21do_reserve_and_handleNtNtBa_5alloc6GlobalECs4QMHp0v7l6B_4napi (in /home/guido/rustdom-selection-result-OEvCXh/dist/rustdom.node)
==6492==    by 0x231F4962: _RNvNtNtCs4QMHp0v7l6B_4napi15bindgen_runtime15module_register14register_class (in /home/guido/rustdom-selection-result-OEvCXh/dist/rustdom.node)
==6492==    by 0x231A07B4: _RNvNvNvNvNtNtNtCs3Ir8cfnU9oH_7rustdom3dom17selection_binding42___napi_impl_helper_NativeSelectionState_1246___napi_register__NativeSelectionState_impl_2341__18___CTOR_PRIVATE_REF14___ctor_private (in /home/guido/rustdom-selection-result-OEvCXh/dist/rustdom.node)
==6492==    by 0x6B9F47D: call_init.part.0 (dl-init.c:70)
==6492==    by 0x6B9F567: call_init (dl-init.c:33)
==6492==    by 0x6B9F567: _dl_init (dl-init.c:117)
==6492==    by 0x78ADBB4: _dl_catch_exception (dl-error-skeleton.c:182)
==6492==    by 0x6BA6FF5: dl_open_worker (dl-open.c:808)
==6492==    by 0x6BA6FF5: dl_open_worker (dl-open.c:771)
==6492==    by 0x78ADB57: _dl_catch_exception (dl-error-skeleton.c:208)
==6492==    by 0x6BA734D: _dl_open (dl-open.c:883)
==6492==    by 0x77C95FB: dlopen_doit (dlopen.c:56)
==6492== 
==6492== 832 bytes in 1 blocks are possibly lost in loss record 411 of 427
==6492==    at 0x73E1899: malloc (in /mnt/c/Users/guido/ghq/projects/rustdom/.tools/valgrind/usr/libexec/valgrind/vgpreload_memcheck-amd64-linux.so)
==6492==    by 0x231F1C2C: _RNvMs5_NtCs6i54tJFfzR_5alloc7raw_vecNtB5_11RawVecInner11finish_growCs4QMHp0v7l6B_4napi (in /home/guido/rustdom-selection-result-OEvCXh/dist/rustdom.node)
==6492==    by 0x231EF44C: _RINvNvMs2_NtCs6i54tJFfzR_5alloc7raw_vecINtB8_11RawVecInnerpE7reserve21do_reserve_and_handleNtNtBa_5alloc6GlobalECs4QMHp0v7l6B_4napi (in /home/guido/rustdom-selection-result-OEvCXh/dist/rustdom.node)
==6492==    by 0x231F4962: _RNvNtNtCs4QMHp0v7l6B_4napi15bindgen_runtime15module_register14register_class (in /home/guido/rustdom-selection-result-OEvCXh/dist/rustdom.node)
==6492==    by 0x231B5E46: _RNvNvNvNvNtNtNtCs3Ir8cfnU9oH_7rustdom3xml7binding37___napi_impl_helper_NativeXmlParser_2241___napi_register__NativeXmlParser_impl_4951__18___CTOR_PRIVATE_REF14___ctor_private (in /home/guido/rustdom-selection-result-OEvCXh/dist/rustdom.node)
==6492==    by 0x6B9F47D: call_init.part.0 (dl-init.c:70)
==6492==    by 0x6B9F567: call_init (dl-init.c:33)
==6492==    by 0x6B9F567: _dl_init (dl-init.c:117)
==6492==    by 0x78ADBB4: _dl_catch_exception (dl-error-skeleton.c:182)
==6492==    by 0x6BA6FF5: dl_open_worker (dl-open.c:808)
==6492==    by 0x6BA6FF5: dl_open_worker (dl-open.c:771)
==6492==    by 0x78ADB57: _dl_catch_exception (dl-error-skeleton.c:208)
==6492==    by 0x6BA734D: _dl_open (dl-open.c:883)
==6492==    by 0x77C95FB: dlopen_doit (dlopen.c:56)
==6492== 
==6492== 872 bytes in 1 blocks are still reachable in loss record 412 of 427
==6492==    at 0x73E1899: malloc (in /mnt/c/Users/guido/ghq/projects/rustdom/.tools/valgrind/usr/libexec/valgrind/vgpreload_memcheck-amd64-linux.so)
==6492==    by 0x2736195: icu_78::UnicodeSet::freeze() (in /mnt/c/Users/guido/AppData/Local/Temp/rustdom-pr54-abort-retention-e991d78927094e13876cb3cd1a13dacf/.tools/node-v24.20.0-linux-x64/bin/node)
==6492==    by 0x19953B1: v8::internal::BuildIgnoreSet() (in /mnt/c/Users/guido/AppData/Local/Temp/rustdom-pr54-abort-retention-e991d78927094e13876cb3cd1a13dacf/.tools/node-v24.20.0-linux-x64/bin/node)
==6492==    by 0x19953C8: v8::base::LazyInstanceImpl<v8::internal::IgnoreSetData, v8::base::StaticallyAllocatedInstanceTrait<v8::internal::IgnoreSetData>, v8::base::DefaultConstructTrait<v8::internal::IgnoreSetData>, v8::base::ThreadSafeInitOnceTrait, v8::base::LeakyInstanceTrait<v8::internal::IgnoreSetData> >::InitInstance(void*) (in /mnt/c/Users/guido/AppData/Local/Temp/rustdom-pr54-abort-retention-e991d78927094e13876cb3cd1a13dacf/.tools/node-v24.20.0-linux-x64/bin/node)
==6492==    by 0x27A547C: v8::base::CallOnceImpl(std::atomic<unsigned char>*, std::function<void ()>) (in /mnt/c/Users/guido/AppData/Local/Temp/rustdom-pr54-abort-retention-e991d78927094e13876cb3cd1a13dacf/.tools/node-v24.20.0-linux-x64/bin/node)
==6492==    by 0x1995422: v8::internal::RegExpCaseFolding::IgnoreSet() (in /mnt/c/Users/guido/AppData/Local/Temp/rustdom-pr54-abort-retention-e991d78927094e13876cb3cd1a13dacf/.tools/node-v24.20.0-linux-x64/bin/node)
==6492==    by 0x136F8C2: v8::internal::CharacterRange::AddCaseEquivalents(v8::internal::Isolate*, v8::internal::Zone*, v8::internal::ZoneList<v8::internal::CharacterRange>*, bool) (in /mnt/c/Users/guido/AppData/Local/Temp/rustdom-pr54-abort-retention-e991d78927094e13876cb3cd1a13dacf/.tools/node-v24.20.0-linux-x64/bin/node)
==6492==    by 0x1373A9C: v8::internal::TextNode::Accept(v8::internal::NodeVisitor*) (in /mnt/c/Users/guido/AppData/Local/Temp/rustdom-pr54-abort-retention-e991d78927094e13876cb3cd1a13dacf/.tools/node-v24.20.0-linux-x64/bin/node)
==6492==    by 0x137284D: v8::internal::ChoiceNode::Accept(v8::internal::NodeVisitor*) (in /mnt/c/Users/guido/AppData/Local/Temp/rustdom-pr54-abort-retention-e991d78927094e13876cb3cd1a13dacf/.tools/node-v24.20.0-linux-x64/bin/node)
==6492==    by 0x1372FA8: v8::internal::ActionNode::Accept(v8::internal::NodeVisitor*) (in /mnt/c/Users/guido/AppData/Local/Temp/rustdom-pr54-abort-retention-e991d78927094e13876cb3cd1a13dacf/.tools/node-v24.20.0-linux-x64/bin/node)
==6492==    by 0x1373337: v8::internal::LoopChoiceNode::Accept(v8::internal::NodeVisitor*) (in /mnt/c/Users/guido/AppData/Local/Temp/rustdom-pr54-abort-retention-e991d78927094e13876cb3cd1a13dacf/.tools/node-v24.20.0-linux-x64/bin/node)
==6492==    by 0x1372FA8: v8::internal::ActionNode::Accept(v8::internal::NodeVisitor*) (in /mnt/c/Users/guido/AppData/Local/Temp/rustdom-pr54-abort-retention-e991d78927094e13876cb3cd1a13dacf/.tools/node-v24.20.0-linux-x64/bin/node)
==6492== 
==6492== 1,144 bytes in 1 blocks are possibly lost in loss record 413 of 427
==6492==    at 0x73E1899: malloc (in /mnt/c/Users/guido/ghq/projects/rustdom/.tools/valgrind/usr/libexec/valgrind/vgpreload_memcheck-amd64-linux.so)
==6492==    by 0x231F1C2C: _RNvMs5_NtCs6i54tJFfzR_5alloc7raw_vecNtB5_11RawVecInner11finish_growCs4QMHp0v7l6B_4napi (in /home/guido/rustdom-selection-result-OEvCXh/dist/rustdom.node)
==6492==    by 0x231EF44C: _RINvNvMs2_NtCs6i54tJFfzR_5alloc7raw_vecINtB8_11RawVecInnerpE7reserve21do_reserve_and_handleNtNtBa_5alloc6GlobalECs4QMHp0v7l6B_4napi (in /home/guido/rustdom-selection-result-OEvCXh/dist/rustdom.node)
==6492==    by 0x231F4962: _RNvNtNtCs4QMHp0v7l6B_4napi15bindgen_runtime15module_register14register_class (in /home/guido/rustdom-selection-result-OEvCXh/dist/rustdom.node)
==6492==    by 0x2319D41A: _RNvNvNvNvNtNtNtCs3Ir8cfnU9oH_7rustdom3dom16dom_rect_binding34___napi_impl_helper_NativeDomRect_238___napi_register__NativeDomRect_impl_521__18___CTOR_PRIVATE_REF14___ctor_private (in /home/guido/rustdom-selection-result-OEvCXh/dist/rustdom.node)
==6492==    by 0x6B9F47D: call_init.part.0 (dl-init.c:70)
==6492==    by 0x6B9F567: call_init (dl-init.c:33)
==6492==    by 0x6B9F567: _dl_init (dl-init.c:117)
==6492==    by 0x78ADBB4: _dl_catch_exception (dl-error-skeleton.c:182)
==6492==    by 0x6BA6FF5: dl_open_worker (dl-open.c:808)
==6492==    by 0x6BA6FF5: dl_open_worker (dl-open.c:771)
==6492==    by 0x78ADB57: _dl_catch_exception (dl-error-skeleton.c:208)
==6492==    by 0x6BA734D: _dl_open (dl-open.c:883)
==6492==    by 0x77C95FB: dlopen_doit (dlopen.c:56)
==6492== 
==6492== 1,144 bytes in 1 blocks are possibly lost in loss record 414 of 427
==6492==    at 0x73E1899: malloc (in /mnt/c/Users/guido/ghq/projects/rustdom/.tools/valgrind/usr/libexec/valgrind/vgpreload_memcheck-amd64-linux.so)
==6492==    by 0x231F1C2C: _RNvMs5_NtCs6i54tJFfzR_5alloc7raw_vecNtB5_11RawVecInner11finish_growCs4QMHp0v7l6B_4napi (in /home/guido/rustdom-selection-result-OEvCXh/dist/rustdom.node)
==6492==    by 0x231EF44C: _RINvNvMs2_NtCs6i54tJFfzR_5alloc7raw_vecINtB8_11RawVecInnerpE7reserve21do_reserve_and_handleNtNtBa_5alloc6GlobalECs4QMHp0v7l6B_4napi (in /home/guido/rustdom-selection-result-OEvCXh/dist/rustdom.node)
==6492==    by 0x231F4962: _RNvNtNtCs4QMHp0v7l6B_4napi15bindgen_runtime15module_register14register_class (in /home/guido/rustdom-selection-result-OEvCXh/dist/rustdom.node)
==6492==    by 0x231AF8BB: _RNvNvNvNvNtNtNtCs3Ir8cfnU9oH_7rustdom3dom23event_listeners_binding43___napi_impl_helper_NativeListenerRegistry_347___napi_register__NativeListenerRegistry_impl_691__18___CTOR_PRIVATE_REF14___ctor_private (in /home/guido/rustdom-selection-result-OEvCXh/dist/rustdom.node)
==6492==    by 0x6B9F47D: call_init.part.0 (dl-init.c:70)
==6492==    by 0x6B9F567: call_init (dl-init.c:33)
==6492==    by 0x6B9F567: _dl_init (dl-init.c:117)
==6492==    by 0x78ADBB4: _dl_catch_exception (dl-error-skeleton.c:182)
==6492==    by 0x6BA6FF5: dl_open_worker (dl-open.c:808)
==6492==    by 0x6BA6FF5: dl_open_worker (dl-open.c:771)
==6492==    by 0x78ADB57: _dl_catch_exception (dl-error-skeleton.c:208)
==6492==    by 0x6BA734D: _dl_open (dl-open.c:883)
==6492==    by 0x77C95FB: dlopen_doit (dlopen.c:56)
==6492== 
==6492== 1,144 bytes in 1 blocks are possibly lost in loss record 415 of 427
==6492==    at 0x73E1899: malloc (in /mnt/c/Users/guido/ghq/projects/rustdom/.tools/valgrind/usr/libexec/valgrind/vgpreload_memcheck-amd64-linux.so)
==6492==    by 0x231F1C2C: _RNvMs5_NtCs6i54tJFfzR_5alloc7raw_vecNtB5_11RawVecInner11finish_growCs4QMHp0v7l6B_4napi (in /home/guido/rustdom-selection-result-OEvCXh/dist/rustdom.node)
==6492==    by 0x231EF44C: _RINvNvMs2_NtCs6i54tJFfzR_5alloc7raw_vecINtB8_11RawVecInnerpE7reserve21do_reserve_and_handleNtNtBa_5alloc6GlobalECs4QMHp0v7l6B_4napi (in /home/guido/rustdom-selection-result-OEvCXh/dist/rustdom.node)
==6492==    by 0x231F4962: _RNvNtNtCs4QMHp0v7l6B_4napi15bindgen_runtime15module_register14register_class (in /home/guido/rustdom-selection-result-OEvCXh/dist/rustdom.node)
==6492==    by 0x231B107D: _RNvNvNvNvNtNtNtCs3Ir8cfnU9oH_7rustdom3dom23mutation_record_binding41___napi_impl_helper_NativeMutationRecord_746___napi_register__NativeMutationRecord_impl_1591__18___CTOR_PRIVATE_REF14___ctor_private (in /home/guido/rustdom-selection-result-OEvCXh/dist/rustdom.node)
==6492==    by 0x6B9F47D: call_init.part.0 (dl-init.c:70)
==6492==    by 0x6B9F567: call_init (dl-init.c:33)
==6492==    by 0x6B9F567: _dl_init (dl-init.c:117)
==6492==    by 0x78ADBB4: _dl_catch_exception (dl-error-skeleton.c:182)
==6492==    by 0x6BA6FF5: dl_open_worker (dl-open.c:808)
==6492==    by 0x6BA6FF5: dl_open_worker (dl-open.c:771)
==6492==    by 0x78ADB57: _dl_catch_exception (dl-error-skeleton.c:208)
==6492==    by 0x6BA734D: _dl_open (dl-open.c:883)
==6492==    by 0x77C95FB: dlopen_doit (dlopen.c:56)
==6492== 
==6492== 1,248 bytes in 1 blocks are possibly lost in loss record 416 of 427
==6492==    at 0x73E1899: malloc (in /mnt/c/Users/guido/ghq/projects/rustdom/.tools/valgrind/usr/libexec/valgrind/vgpreload_memcheck-amd64-linux.so)
==6492==    by 0x231F1C2C: _RNvMs5_NtCs6i54tJFfzR_5alloc7raw_vecNtB5_11RawVecInner11finish_growCs4QMHp0v7l6B_4napi (in /home/guido/rustdom-selection-result-OEvCXh/dist/rustdom.node)
==6492==    by 0x231EF44C: _RINvNvMs2_NtCs6i54tJFfzR_5alloc7raw_vecINtB8_11RawVecInnerpE7reserve21do_reserve_and_handleNtNtBa_5alloc6GlobalECs4QMHp0v7l6B_4napi (in /home/guido/rustdom-selection-result-OEvCXh/dist/rustdom.node)
==6492==    by 0x231F4962: _RNvNtNtCs4QMHp0v7l6B_4napi15bindgen_runtime15module_register14register_class (in /home/guido/rustdom-selection-result-OEvCXh/dist/rustdom.node)
==6492==    by 0x231AD598: _RNvNvNvNvNtNtNtCs3Ir8cfnU9oH_7rustdom3dom19web_storage_binding39___napi_impl_helper_NativeStorageArea_2043___napi_register__NativeStorageArea_impl_4771__18___CTOR_PRIVATE_REF14___ctor_private (in /home/guido/rustdom-selection-result-OEvCXh/dist/rustdom.node)
==6492==    by 0x6B9F47D: call_init.part.0 (dl-init.c:70)
==6492==    by 0x6B9F567: call_init (dl-init.c:33)
==6492==    by 0x6B9F567: _dl_init (dl-init.c:117)
==6492==    by 0x78ADBB4: _dl_catch_exception (dl-error-skeleton.c:182)
==6492==    by 0x6BA6FF5: dl_open_worker (dl-open.c:808)
==6492==    by 0x6BA6FF5: dl_open_worker (dl-open.c:771)
==6492==    by 0x78ADB57: _dl_catch_exception (dl-error-skeleton.c:208)
==6492==    by 0x6BA734D: _dl_open (dl-open.c:883)
==6492==    by 0x77C95FB: dlopen_doit (dlopen.c:56)
==6492== 
==6492== 1,254 bytes in 1 blocks are still reachable in loss record 417 of 427
==6492==    at 0x73E6A83: calloc (in /mnt/c/Users/guido/ghq/projects/rustdom/.tools/valgrind/usr/libexec/valgrind/vgpreload_memcheck-amd64-linux.so)
==6492==    by 0x6BA6A02: calloc (rtld-malloc.h:44)
==6492==    by 0x6BA6A02: _dl_new_object (dl-object.c:92)
==6492==    by 0x6BA1C82: _dl_map_object_from_fd (dl-load.c:1063)
==6492==    by 0x6BA3600: _dl_map_object (dl-load.c:2327)
==6492==    by 0x6BA79A8: dl_open_worker_begin (dl-open.c:534)
==6492==    by 0x78ADB57: _dl_catch_exception (dl-error-skeleton.c:208)
==6492==    by 0x6BA6F99: dl_open_worker (dl-open.c:782)
==6492==    by 0x78ADB57: _dl_catch_exception (dl-error-skeleton.c:208)
==6492==    by 0x6BA734D: _dl_open (dl-open.c:883)
==6492==    by 0x77C95FB: dlopen_doit (dlopen.c:56)
==6492==    by 0x78ADB57: _dl_catch_exception (dl-error-skeleton.c:208)
==6492==    by 0x78ADC22: _dl_catch_error (dl-error-skeleton.c:227)
==6492== 
==6492== 1,456 bytes in 1 blocks are possibly lost in loss record 418 of 427
==6492==    at 0x73E1899: malloc (in /mnt/c/Users/guido/ghq/projects/rustdom/.tools/valgrind/usr/libexec/valgrind/vgpreload_memcheck-amd64-linux.so)
==6492==    by 0x231F1C2C: _RNvMs5_NtCs6i54tJFfzR_5alloc7raw_vecNtB5_11RawVecInner11finish_growCs4QMHp0v7l6B_4napi (in /home/guido/rustdom-selection-result-OEvCXh/dist/rustdom.node)
==6492==    by 0x231EF44C: _RINvNvMs2_NtCs6i54tJFfzR_5alloc7raw_vecINtB8_11RawVecInnerpE7reserve21do_reserve_and_handleNtNtBa_5alloc6GlobalECs4QMHp0v7l6B_4napi (in /home/guido/rustdom-selection-result-OEvCXh/dist/rustdom.node)
==6492==    by 0x231F4962: _RNvNtNtCs4QMHp0v7l6B_4napi15bindgen_runtime15module_register14register_class (in /home/guido/rustdom-selection-result-OEvCXh/dist/rustdom.node)
==6492==    by 0x231A31A6: _RNvNvNvNvNtNtNtCs3Ir8cfnU9oH_7rustdom3dom19abort_state_binding37___napi_impl_helper_NativeAbortState_041___napi_register__NativeAbortState_impl_201__18___CTOR_PRIVATE_REF14___ctor_private (in /home/guido/rustdom-selection-result-OEvCXh/dist/rustdom.node)
==6492==    by 0x6B9F47D: call_init.part.0 (dl-init.c:70)
==6492==    by 0x6B9F567: call_init (dl-init.c:33)
==6492==    by 0x6B9F567: _dl_init (dl-init.c:117)
==6492==    by 0x78ADBB4: _dl_catch_exception (dl-error-skeleton.c:182)
==6492==    by 0x6BA6FF5: dl_open_worker (dl-open.c:808)
==6492==    by 0x6BA6FF5: dl_open_worker (dl-open.c:771)
==6492==    by 0x78ADB57: _dl_catch_exception (dl-error-skeleton.c:208)
==6492==    by 0x6BA734D: _dl_open (dl-open.c:883)
==6492==    by 0x77C95FB: dlopen_doit (dlopen.c:56)
==6492== 
==6492== 1,560 bytes in 1 blocks are possibly lost in loss record 419 of 427
==6492==    at 0x73E1899: malloc (in /mnt/c/Users/guido/ghq/projects/rustdom/.tools/valgrind/usr/libexec/valgrind/vgpreload_memcheck-amd64-linux.so)
==6492==    by 0x231F1C2C: _RNvMs5_NtCs6i54tJFfzR_5alloc7raw_vecNtB5_11RawVecInner11finish_growCs4QMHp0v7l6B_4napi (in /home/guido/rustdom-selection-result-OEvCXh/dist/rustdom.node)
==6492==    by 0x231EF44C: _RINvNvMs2_NtCs6i54tJFfzR_5alloc7raw_vecINtB8_11RawVecInnerpE7reserve21do_reserve_and_handleNtNtBa_5alloc6GlobalECs4QMHp0v7l6B_4napi (in /home/guido/rustdom-selection-result-OEvCXh/dist/rustdom.node)
==6492==    by 0x231F4962: _RNvNtNtCs4QMHp0v7l6B_4napi15bindgen_runtime15module_register14register_class (in /home/guido/rustdom-selection-result-OEvCXh/dist/rustdom.node)
==6492==    by 0x2319F24D: _RNvNvNvNvNtNtNtCs3Ir8cfnU9oH_7rustdom3dom17form_data_binding42___napi_impl_helper_NativeFormDataEntries_647___napi_register__NativeFormDataEntries_impl_1371__18___CTOR_PRIVATE_REF14___ctor_private (in /home/guido/rustdom-selection-result-OEvCXh/dist/rustdom.node)
==6492==    by 0x6B9F47D: call_init.part.0 (dl-init.c:70)
==6492==    by 0x6B9F567: call_init (dl-init.c:33)
==6492==    by 0x6B9F567: _dl_init (dl-init.c:117)
==6492==    by 0x78ADBB4: _dl_catch_exception (dl-error-skeleton.c:182)
==6492==    by 0x6BA6FF5: dl_open_worker (dl-open.c:808)
==6492==    by 0x6BA6FF5: dl_open_worker (dl-open.c:771)
==6492==    by 0x78ADB57: _dl_catch_exception (dl-error-skeleton.c:208)
==6492==    by 0x6BA734D: _dl_open (dl-open.c:883)
==6492==    by 0x77C95FB: dlopen_doit (dlopen.c:56)
==6492== 
==6492== 1,584 bytes in 1 blocks are possibly lost in loss record 420 of 427
==6492==    at 0x73E1899: malloc (in /mnt/c/Users/guido/ghq/projects/rustdom/.tools/valgrind/usr/libexec/valgrind/vgpreload_memcheck-amd64-linux.so)
==6492==    by 0x231EE217: _RINvMsa_NtCsfBDUjroi3FF_9hashbrown3rawNtB6_13RawTableInner22fallible_with_capacityNtNtCs6i54tJFfzR_5alloc5alloc6GlobalECs4QMHp0v7l6B_4napi (in /home/guido/rustdom-selection-result-OEvCXh/dist/rustdom.node)
==6492==    by 0x231ED655: _RINvMs6_NtCsfBDUjroi3FF_9hashbrown3rawINtB6_8RawTableTNtNtCsgxBkk5gSRhY_4core3any6TypeIdINtNtNtNtCs9k3SxhrAWiO_3std11collections4hash3map7HashMapINtNtBU_6option6OptionReENtNtNtCs4QMHp0v7l6B_4napi15bindgen_runtime15module_register17ClassRegistrationNtCsip5QdaO9ESH_10rustc_hash13FxBuildHasherEEE14reserve_rehashNCINvNtB8_3map11make_hasherBQ_B1o_B3Y_E0EB2O_ (in /home/guido/rustdom-selection-result-OEvCXh/dist/rustdom.node)
==6492==    by 0x231F4A2C: _RNvNtNtCs4QMHp0v7l6B_4napi15bindgen_runtime15module_register14register_class (in /home/guido/rustdom-selection-result-OEvCXh/dist/rustdom.node)
==6492==    by 0x231AC2D0: _RNvNvNvNvNtNtNtCs3Ir8cfnU9oH_7rustdom3dom19web_storage_binding37___napi_helper__NativeStorageKeyCursor50___napi_register__NativeStorageKeyCursor_struct_4781__18___CTOR_PRIVATE_REF14___ctor_private (in /home/guido/rustdom-selection-result-OEvCXh/dist/rustdom.node)
==6492==    by 0x6B9F47D: call_init.part.0 (dl-init.c:70)
==6492==    by 0x6B9F567: call_init (dl-init.c:33)
==6492==    by 0x6B9F567: _dl_init (dl-init.c:117)
==6492==    by 0x78ADBB4: _dl_catch_exception (dl-error-skeleton.c:182)
==6492==    by 0x6BA6FF5: dl_open_worker (dl-open.c:808)
==6492==    by 0x6BA6FF5: dl_open_worker (dl-open.c:771)
==6492==    by 0x78ADB57: _dl_catch_exception (dl-error-skeleton.c:208)
==6492==    by 0x6BA734D: _dl_open (dl-open.c:883)
==6492==    by 0x77C95FB: dlopen_doit (dlopen.c:56)
==6492== 
==6492== 2,184 bytes in 1 blocks are possibly lost in loss record 421 of 427
==6492==    at 0x73E1899: malloc (in /mnt/c/Users/guido/ghq/projects/rustdom/.tools/valgrind/usr/libexec/valgrind/vgpreload_memcheck-amd64-linux.so)
==6492==    by 0x231F1C2C: _RNvMs5_NtCs6i54tJFfzR_5alloc7raw_vecNtB5_11RawVecInner11finish_growCs4QMHp0v7l6B_4napi (in /home/guido/rustdom-selection-result-OEvCXh/dist/rustdom.node)
==6492==    by 0x231EF44C: _RINvNvMs2_NtCs6i54tJFfzR_5alloc7raw_vecINtB8_11RawVecInnerpE7reserve21do_reserve_and_handleNtNtBa_5alloc6GlobalECs4QMHp0v7l6B_4napi (in /home/guido/rustdom-selection-result-OEvCXh/dist/rustdom.node)
==6492==    by 0x231F4962: _RNvNtNtCs4QMHp0v7l6B_4napi15bindgen_runtime15module_register14register_class (in /home/guido/rustdom-selection-result-OEvCXh/dist/rustdom.node)
==6492==    by 0x231AA8D5: _RNvNvNvNvNtNtNtCs3Ir8cfnU9oH_7rustdom3dom19range_state_binding33___napi_impl_helper_NativeRange_1137___napi_register__NativeRange_impl_2221__18___CTOR_PRIVATE_REF14___ctor_private (in /home/guido/rustdom-selection-result-OEvCXh/dist/rustdom.node)
==6492==    by 0x6B9F47D: call_init.part.0 (dl-init.c:70)
==6492==    by 0x6B9F567: call_init (dl-init.c:33)
==6492==    by 0x6B9F567: _dl_init (dl-init.c:117)
==6492==    by 0x78ADBB4: _dl_catch_exception (dl-error-skeleton.c:182)
==6492==    by 0x6BA6FF5: dl_open_worker (dl-open.c:808)
==6492==    by 0x6BA6FF5: dl_open_worker (dl-open.c:771)
==6492==    by 0x78ADB57: _dl_catch_exception (dl-error-skeleton.c:208)
==6492==    by 0x6BA734D: _dl_open (dl-open.c:883)
==6492==    by 0x77C95FB: dlopen_doit (dlopen.c:56)
==6492== 
==6492== 2,560 bytes in 1 blocks are still reachable in loss record 422 of 427
==6492==    at 0x73E6CD3: realloc (in /mnt/c/Users/guido/ghq/projects/rustdom/.tools/valgrind/usr/libexec/valgrind/vgpreload_memcheck-amd64-linux.so)
==6492==    by 0x231F1C0E: _RNvMs5_NtCs6i54tJFfzR_5alloc7raw_vecNtB5_11RawVecInner11finish_growCs4QMHp0v7l6B_4napi (in /home/guido/rustdom-selection-result-OEvCXh/dist/rustdom.node)
==6492==    by 0x231F19C9: _RNvMs4_NtCs6i54tJFfzR_5alloc7raw_vecINtB5_6RawVecTINtNtCsgxBkk5gSRhY_4core6option6OptionReETB1o_FUONtNtCsb61mMDCNxTA_8napi_sys5types10napi_env__EINtNtBR_6result6ResultONtB1B_12napi_value__NtNtCs4QMHp0v7l6B_4napi5error5ErrorEEEE8grow_oneB34_ (in /home/guido/rustdom-selection-result-OEvCXh/dist/rustdom.node)
==6492==    by 0x231F4E97: _RNvNtNtCs4QMHp0v7l6B_4napi15bindgen_runtime15module_register22register_module_export (in /home/guido/rustdom-selection-result-OEvCXh/dist/rustdom.node)
==6492==    by 0x2319B2FB: _RNvNvNvNvNtNtCs3Ir8cfnU9oH_7rustdom3dom23slot_assignment_binding41___napi_register__SlotAssignmentAction_2401__18___CTOR_PRIVATE_REF14___ctor_private (in /home/guido/rustdom-selection-result-OEvCXh/dist/rustdom.node)
==6492==    by 0x6B9F47D: call_init.part.0 (dl-init.c:70)
==6492==    by 0x6B9F567: call_init (dl-init.c:33)
==6492==    by 0x6B9F567: _dl_init (dl-init.c:117)
==6492==    by 0x78ADBB4: _dl_catch_exception (dl-error-skeleton.c:182)
==6492==    by 0x6BA6FF5: dl_open_worker (dl-open.c:808)
==6492==    by 0x6BA6FF5: dl_open_worker (dl-open.c:771)
==6492==    by 0x78ADB57: _dl_catch_exception (dl-error-skeleton.c:208)
==6492==    by 0x6BA734D: _dl_open (dl-open.c:883)
==6492==    by 0x77C95FB: dlopen_doit (dlopen.c:56)
==6492== 
==6492== 2,600 bytes in 1 blocks are possibly lost in loss record 423 of 427
==6492==    at 0x73E1899: malloc (in /mnt/c/Users/guido/ghq/projects/rustdom/.tools/valgrind/usr/libexec/valgrind/vgpreload_memcheck-amd64-linux.so)
==6492==    by 0x231F1C2C: _RNvMs5_NtCs6i54tJFfzR_5alloc7raw_vecNtB5_11RawVecInner11finish_growCs4QMHp0v7l6B_4napi (in /home/guido/rustdom-selection-result-OEvCXh/dist/rustdom.node)
==6492==    by 0x231EF44C: _RINvNvMs2_NtCs6i54tJFfzR_5alloc7raw_vecINtB8_11RawVecInnerpE7reserve21do_reserve_and_handleNtNtBa_5alloc6GlobalECs4QMHp0v7l6B_4napi (in /home/guido/rustdom-selection-result-OEvCXh/dist/rustdom.node)
==6492==    by 0x231F4962: _RNvNtNtCs4QMHp0v7l6B_4napi15bindgen_runtime15module_register14register_class (in /home/guido/rustdom-selection-result-OEvCXh/dist/rustdom.node)
==6492==    by 0x231A60FC: _RNvNvNvNvNtNtNtCs3Ir8cfnU9oH_7rustdom3dom19event_state_binding37___napi_impl_helper_NativeEventState_442___napi_register__NativeEventState_impl_1041__18___CTOR_PRIVATE_REF14___ctor_private (in /home/guido/rustdom-selection-result-OEvCXh/dist/rustdom.node)
==6492==    by 0x6B9F47D: call_init.part.0 (dl-init.c:70)
==6492==    by 0x6B9F567: call_init (dl-init.c:33)
==6492==    by 0x6B9F567: _dl_init (dl-init.c:117)
==6492==    by 0x78ADBB4: _dl_catch_exception (dl-error-skeleton.c:182)
==6492==    by 0x6BA6FF5: dl_open_worker (dl-open.c:808)
==6492==    by 0x6BA6FF5: dl_open_worker (dl-open.c:771)
==6492==    by 0x78ADB57: _dl_catch_exception (dl-error-skeleton.c:208)
==6492==    by 0x6BA734D: _dl_open (dl-open.c:883)
==6492==    by 0x77C95FB: dlopen_doit (dlopen.c:56)
==6492== 
==6492== 3,048 bytes in 1 blocks are still reachable in loss record 424 of 427
==6492==    at 0x73E1899: malloc (in /mnt/c/Users/guido/ghq/projects/rustdom/.tools/valgrind/usr/libexec/valgrind/vgpreload_memcheck-amd64-linux.so)
==6492==    by 0x2695174: uhash_open_78 (in /mnt/c/Users/guido/AppData/Local/Temp/rustdom-pr54-abort-retention-e991d78927094e13876cb3cd1a13dacf/.tools/node-v24.20.0-linux-x64/bin/node)
==6492==    by 0x26DFA19: ures_openDirectFillIn_78 (in /mnt/c/Users/guido/AppData/Local/Temp/rustdom-pr54-abort-retention-e991d78927094e13876cb3cd1a13dacf/.tools/node-v24.20.0-linux-x64/bin/node)
==6492==    by 0x20ABD70: icu_78::TimeZone::getTZDataVersion(UErrorCode&) (in /mnt/c/Users/guido/AppData/Local/Temp/rustdom-pr54-abort-retention-e991d78927094e13876cb3cd1a13dacf/.tools/node-v24.20.0-linux-x64/bin/node)
==6492==    by 0x99B4CD: node::Metadata::Versions::InitializeIntlVersions() (in /mnt/c/Users/guido/AppData/Local/Temp/rustdom-pr54-abort-retention-e991d78927094e13876cb3cd1a13dacf/.tools/node-v24.20.0-linux-x64/bin/node)
==6492==    by 0x8C3FB9: node::InitializeNodeWithArgsInternal(std::vector<std::__cxx11::basic_string<char, std::char_traits<char>, std::allocator<char> >, std::allocator<std::__cxx11::basic_string<char, std::char_traits<char>, std::allocator<char> > > >*, std::vector<std::__cxx11::basic_string<char, std::char_traits<char>, std::allocator<char> >, std::allocator<std::__cxx11::basic_string<char, std::char_traits<char>, std::allocator<char> > > >*, std::vector<std::__cxx11::basic_string<char, std::char_traits<char>, std::allocator<char> >, std::allocator<std::__cxx11::basic_string<char, std::char_traits<char>, std::allocator<char> > > >*, node::ProcessInitializationFlags::Flags) (in /mnt/c/Users/guido/AppData/Local/Temp/rustdom-pr54-abort-retention-e991d78927094e13876cb3cd1a13dacf/.tools/node-v24.20.0-linux-x64/bin/node)
==6492==    by 0x8C61BE: node::InitializeOncePerProcessInternal(std::vector<std::__cxx11::basic_string<char, std::char_traits<char>, std::allocator<char> >, std::allocator<std::__cxx11::basic_string<char, std::char_traits<char>, std::allocator<char> > > > const&, node::ProcessInitializationFlags::Flags) (in /mnt/c/Users/guido/AppData/Local/Temp/rustdom-pr54-abort-retention-e991d78927094e13876cb3cd1a13dacf/.tools/node-v24.20.0-linux-x64/bin/node)
==6492==    by 0x8C6F7B: node::Start(int, char**) (in /mnt/c/Users/guido/AppData/Local/Temp/rustdom-pr54-abort-retention-e991d78927094e13876cb3cd1a13dacf/.tools/node-v24.20.0-linux-x64/bin/node)
==6492==    by 0x7762D8F: (below main) (libc_start_call_main.h:58)
==6492== 
==6492== 3,048 bytes in 1 blocks are still reachable in loss record 425 of 427
==6492==    at 0x73E1899: malloc (in /mnt/c/Users/guido/ghq/projects/rustdom/.tools/valgrind/usr/libexec/valgrind/vgpreload_memcheck-amd64-linux.so)
==6492==    by 0x2695174: uhash_open_78 (in /mnt/c/Users/guido/AppData/Local/Temp/rustdom-pr54-abort-retention-e991d78927094e13876cb3cd1a13dacf/.tools/node-v24.20.0-linux-x64/bin/node)
==6492==    by 0x26A05E3: icu_78::locale_set_default_internal(char const*, UErrorCode&) (in /mnt/c/Users/guido/AppData/Local/Temp/rustdom-pr54-abort-retention-e991d78927094e13876cb3cd1a13dacf/.tools/node-v24.20.0-linux-x64/bin/node)
==6492==    by 0x26A08DE: icu_78::Locale::Locale() (in /mnt/c/Users/guido/AppData/Local/Temp/rustdom-pr54-abort-retention-e991d78927094e13876cb3cd1a13dacf/.tools/node-v24.20.0-linux-x64/bin/node)
==6492==    by 0xE43862: v8::internal::Isolate::DefaultLocale[abi:cxx11]() (in /mnt/c/Users/guido/AppData/Local/Temp/rustdom-pr54-abort-retention-e991d78927094e13876cb3cd1a13dacf/.tools/node-v24.20.0-linux-x64/bin/node)
==6492==    by 0xE43D73: v8::internal::LocalIsolate::LocalIsolate(v8::internal::Isolate*, v8::internal::ThreadKind) (in /mnt/c/Users/guido/AppData/Local/Temp/rustdom-pr54-abort-retention-e991d78927094e13876cb3cd1a13dacf/.tools/node-v24.20.0-linux-x64/bin/node)
==6492==    by 0xE41537: v8::internal::Isolate::Init(v8::internal::SnapshotData*, v8::internal::SnapshotData*, v8::internal::SnapshotData*, bool) (in /mnt/c/Users/guido/AppData/Local/Temp/rustdom-pr54-abort-retention-e991d78927094e13876cb3cd1a13dacf/.tools/node-v24.20.0-linux-x64/bin/node)
==6492==    by 0x141DAD2: v8::internal::Snapshot::Initialize(v8::internal::Isolate*) (in /mnt/c/Users/guido/AppData/Local/Temp/rustdom-pr54-abort-retention-e991d78927094e13876cb3cd1a13dacf/.tools/node-v24.20.0-linux-x64/bin/node)
==6492==    by 0xC8ABD5: v8::Isolate::Initialize(v8::Isolate*, v8::Isolate::CreateParams const&) (in /mnt/c/Users/guido/AppData/Local/Temp/rustdom-pr54-abort-retention-e991d78927094e13876cb3cd1a13dacf/.tools/node-v24.20.0-linux-x64/bin/node)
==6492==    by 0x807B3F: node::NewIsolate(v8::Isolate::CreateParams*, uv_loop_s*, node::MultiIsolatePlatform*, node::SnapshotData const*, node::IsolateSettings const&) (in /mnt/c/Users/guido/AppData/Local/Temp/rustdom-pr54-abort-retention-e991d78927094e13876cb3cd1a13dacf/.tools/node-v24.20.0-linux-x64/bin/node)
==6492==    by 0x989AB8: node::NodeMainInstance::NodeMainInstance(node::SnapshotData const*, uv_loop_s*, node::MultiIsolatePlatform*, std::vector<std::__cxx11::basic_string<char, std::char_traits<char>, std::allocator<char> >, std::allocator<std::__cxx11::basic_string<char, std::char_traits<char>, std::allocator<char> > > > const&, std::vector<std::__cxx11::basic_string<char, std::char_traits<char>, std::allocator<char> >, std::allocator<std::__cxx11::basic_string<char, std::char_traits<char>, std::allocator<char> > > > const&) (in /mnt/c/Users/guido/AppData/Local/Temp/rustdom-pr54-abort-retention-e991d78927094e13876cb3cd1a13dacf/.tools/node-v24.20.0-linux-x64/bin/node)
==6492==    by 0x8C7198: node::Start(int, char**) (in /mnt/c/Users/guido/AppData/Local/Temp/rustdom-pr54-abort-retention-e991d78927094e13876cb3cd1a13dacf/.tools/node-v24.20.0-linux-x64/bin/node)
==6492== 
==6492== 3,048 bytes in 1 blocks are still reachable in loss record 426 of 427
==6492==    at 0x73E1899: malloc (in /mnt/c/Users/guido/ghq/projects/rustdom/.tools/valgrind/usr/libexec/valgrind/vgpreload_memcheck-amd64-linux.so)
==6492==    by 0x2695174: uhash_open_78 (in /mnt/c/Users/guido/AppData/Local/Temp/rustdom-pr54-abort-retention-e991d78927094e13876cb3cd1a13dacf/.tools/node-v24.20.0-linux-x64/bin/node)
==6492==    by 0x21B2C71: icu_78::ZoneMeta::getCanonicalCLDRID(icu_78::UnicodeString const&, UErrorCode&) (in /mnt/c/Users/guido/AppData/Local/Temp/rustdom-pr54-abort-retention-e991d78927094e13876cb3cd1a13dacf/.tools/node-v24.20.0-linux-x64/bin/node)
==6492==    by 0x2116C0A: icu_78::OlsonTimeZone::OlsonTimeZone(UResourceBundle const*, UResourceBundle const*, icu_78::UnicodeString const&, UErrorCode&) (in /mnt/c/Users/guido/AppData/Local/Temp/rustdom-pr54-abort-retention-e991d78927094e13876cb3cd1a13dacf/.tools/node-v24.20.0-linux-x64/bin/node)
==6492==    by 0x20A8599: icu_78::(anonymous namespace)::createSystemTimeZone(icu_78::UnicodeString const&, UErrorCode&) [clone .part.0] (in /mnt/c/Users/guido/AppData/Local/Temp/rustdom-pr54-abort-retention-e991d78927094e13876cb3cd1a13dacf/.tools/node-v24.20.0-linux-x64/bin/node)
==6492==    by 0x20A8D11: icu_78::TimeZone::detectHostTimeZone() (in /mnt/c/Users/guido/AppData/Local/Temp/rustdom-pr54-abort-retention-e991d78927094e13876cb3cd1a13dacf/.tools/node-v24.20.0-linux-x64/bin/node)
==6492==    by 0x20A8F04: icu_78::TimeZone::createDefault() (in /mnt/c/Users/guido/AppData/Local/Temp/rustdom-pr54-abort-retention-e991d78927094e13876cb3cd1a13dacf/.tools/node-v24.20.0-linux-x64/bin/node)
==6492==    by 0x11420B9: v8::internal::ICUTimezoneCache::LocalTimeOffset(double, bool) (in /mnt/c/Users/guido/AppData/Local/Temp/rustdom-pr54-abort-retention-e991d78927094e13876cb3cd1a13dacf/.tools/node-v24.20.0-linux-x64/bin/node)
==6492==    by 0xD66BC7: v8::internal::DateCache::GetLocalOffsetFromOS(long, bool) (in /mnt/c/Users/guido/AppData/Local/Temp/rustdom-pr54-abort-retention-e991d78927094e13876cb3cd1a13dacf/.tools/node-v24.20.0-linux-x64/bin/node)
==6492==    by 0xD67A35: v8::internal::DateCache::LocalOffsetInMs(long, bool) [clone .part.0] (in /mnt/c/Users/guido/AppData/Local/Temp/rustdom-pr54-abort-retention-e991d78927094e13876cb3cd1a13dacf/.tools/node-v24.20.0-linux-x64/bin/node)
==6492==    by 0x11B0925: v8::internal::JSDate::DoGetField(v8::internal::Isolate*, v8::internal::JSDate::FieldIndex) (in /mnt/c/Users/guido/AppData/Local/Temp/rustdom-pr54-abort-retention-e991d78927094e13876cb3cd1a13dacf/.tools/node-v24.20.0-linux-x64/bin/node)
==6492==    by 0x11B0B88: v8::internal::JSDate::GetField(v8::internal::Isolate*, unsigned long, unsigned long) (in /mnt/c/Users/guido/AppData/Local/Temp/rustdom-pr54-abort-retention-e991d78927094e13876cb3cd1a13dacf/.tools/node-v24.20.0-linux-x64/bin/node)
==6492== 
==6492== 15,496 bytes in 1 blocks are possibly lost in loss record 427 of 427
==6492==    at 0x73E6CD3: realloc (in /mnt/c/Users/guido/ghq/projects/rustdom/.tools/valgrind/usr/libexec/valgrind/vgpreload_memcheck-amd64-linux.so)
==6492==    by 0x231F1C0E: _RNvMs5_NtCs6i54tJFfzR_5alloc7raw_vecNtB5_11RawVecInner11finish_growCs4QMHp0v7l6B_4napi (in /home/guido/rustdom-selection-result-OEvCXh/dist/rustdom.node)
==6492==    by 0x231EF44C: _RINvNvMs2_NtCs6i54tJFfzR_5alloc7raw_vecINtB8_11RawVecInnerpE7reserve21do_reserve_and_handleNtNtBa_5alloc6GlobalECs4QMHp0v7l6B_4napi (in /home/guido/rustdom-selection-result-OEvCXh/dist/rustdom.node)
==6492==    by 0x231F4962: _RNvNtNtCs4QMHp0v7l6B_4napi15bindgen_runtime15module_register14register_class (in /home/guido/rustdom-selection-result-OEvCXh/dist/rustdom.node)
==6492==    by 0x23195570: _RNvNvNtNtNtCs3Ir8cfnU9oH_7rustdom3dom4tree32___napi_impl_helper_NativeTree_1736___napi_register__NativeTree_impl_44420___ctor_private_inner (in /home/guido/rustdom-selection-result-OEvCXh/dist/rustdom.node)
==6492==    by 0x231B5185: _RNvNvNvNvNtNtNtCs3Ir8cfnU9oH_7rustdom3dom4tree32___napi_impl_helper_NativeTree_1736___napi_register__NativeTree_impl_4441__18___CTOR_PRIVATE_REF14___ctor_private (in /home/guido/rustdom-selection-result-OEvCXh/dist/rustdom.node)
==6492==    by 0x6B9F47D: call_init.part.0 (dl-init.c:70)
==6492==    by 0x6B9F567: call_init (dl-init.c:33)
==6492==    by 0x6B9F567: _dl_init (dl-init.c:117)
==6492==    by 0x78ADBB4: _dl_catch_exception (dl-error-skeleton.c:182)
==6492==    by 0x6BA6FF5: dl_open_worker (dl-open.c:808)
==6492==    by 0x6BA6FF5: dl_open_worker (dl-open.c:771)
==6492==    by 0x78ADB57: _dl_catch_exception (dl-error-skeleton.c:208)
==6492==    by 0x6BA734D: _dl_open (dl-open.c:883)
==6492== 
==6492== LEAK SUMMARY:
==6492==    definitely lost: 24 bytes in 1 blocks
==6492==    indirectly lost: 0 bytes in 0 blocks
==6492==      possibly lost: 48,839 bytes in 382 blocks
==6492==    still reachable: 18,177 bytes in 44 blocks
==6492==                       of which reachable via heuristic:
==6492==                         multipleinheritance: 48 bytes in 1 blocks
==6492==         suppressed: 0 bytes in 0 blocks
==6492== 
==6492== For lists of detected and suppressed errors, rerun with: -s
==6492== ERROR SUMMARY: 1 errors from 1 contexts (suppressed: 13746 from 2)
