==2406856== Memcheck, a memory error detector
==2406856== Copyright (C) 2002-2017, and GNU GPL'd, by Julian Seward et al.
==2406856== Using Valgrind-3.18.1 and LibVEX; rerun with -h for copyright info
==2406856== Command: .tools/node/bin/node --jitless --expose-gc tests/helpers/blob-bytes-memory.cjs addon-control 100
==2406856== Parent PID: 2406853
==2406856== 
==2406856== Warning: set address range perms: large range [0xa390000, 0x1a39f000) (noaccess)
==2406856== 
==2406856== HEAP SUMMARY:
==2406856==     in use at exit: 56,998 bytes in 367 blocks
==2406856==   total heap usage: 86,470 allocs, 86,103 frees, 41,152,325 bytes allocated
==2406856== 
==2406856== 2 bytes in 1 blocks are possibly lost in loss record 1 of 367
==2406856==    at 0x7056899: malloc (in /mnt/c/Users/guido/ghq/projects/rustdom/.tools/valgrind/usr/libexec/valgrind/vgpreload_memcheck-amd64-linux.so)
==2406856==    by 0x22E5C032: _RNvXs0_NvMs_NtNtCs6i54tJFfzR_5alloc3ffi5c_strNtBa_7CString3newReNtB5_11SpecNewImpl13spec_new_impl (in /mnt/c/Users/guido/ghq/projects/rustdom/dist/rustdom.node)
==2406856==    by 0x22E112BF: _RNvMs2_NtNtCsbKcx7MMum66_4napi9js_values15object_propertyNtB5_8Property14with_utf8_name (in /mnt/c/Users/guido/ghq/projects/rustdom/dist/rustdom.node)
==2406856==    by 0x22DC31E6: _RNvNvNvNvNtNtNtCsdulfWib0rSm_7rustdom3dom16dom_rect_binding34___napi_impl_helper_NativeDomRect_238___napi_register__NativeDomRect_impl_501__18___CTOR_PRIVATE_REF14___ctor_private (in /mnt/c/Users/guido/ghq/projects/rustdom/dist/rustdom.node)
==2406856==    by 0x681447D: call_init.part.0 (dl-init.c:70)
==2406856==    by 0x6814567: call_init (dl-init.c:33)
==2406856==    by 0x6814567: _dl_init (dl-init.c:117)
==2406856==    by 0x7522BB4: _dl_catch_exception (dl-error-skeleton.c:182)
==2406856==    by 0x681BFF5: dl_open_worker (dl-open.c:808)
==2406856==    by 0x681BFF5: dl_open_worker (dl-open.c:771)
==2406856==    by 0x7522B57: _dl_catch_exception (dl-error-skeleton.c:208)
==2406856==    by 0x681C34D: _dl_open (dl-open.c:883)
==2406856==    by 0x743E5FB: dlopen_doit (dlopen.c:56)
==2406856==    by 0x7522B57: _dl_catch_exception (dl-error-skeleton.c:208)
==2406856== 
==2406856== 2 bytes in 1 blocks are possibly lost in loss record 2 of 367
==2406856==    at 0x7056899: malloc (in /mnt/c/Users/guido/ghq/projects/rustdom/.tools/valgrind/usr/libexec/valgrind/vgpreload_memcheck-amd64-linux.so)
==2406856==    by 0x22E5C032: _RNvXs0_NvMs_NtNtCs6i54tJFfzR_5alloc3ffi5c_strNtBa_7CString3newReNtB5_11SpecNewImpl13spec_new_impl (in /mnt/c/Users/guido/ghq/projects/rustdom/dist/rustdom.node)
==2406856==    by 0x22E112BF: _RNvMs2_NtNtCsbKcx7MMum66_4napi9js_values15object_propertyNtB5_8Property14with_utf8_name (in /mnt/c/Users/guido/ghq/projects/rustdom/dist/rustdom.node)
==2406856==    by 0x22DC3281: _RNvNvNvNvNtNtNtCsdulfWib0rSm_7rustdom3dom16dom_rect_binding34___napi_impl_helper_NativeDomRect_238___napi_register__NativeDomRect_impl_501__18___CTOR_PRIVATE_REF14___ctor_private (in /mnt/c/Users/guido/ghq/projects/rustdom/dist/rustdom.node)
==2406856==    by 0x681447D: call_init.part.0 (dl-init.c:70)
==2406856==    by 0x6814567: call_init (dl-init.c:33)
==2406856==    by 0x6814567: _dl_init (dl-init.c:117)
==2406856==    by 0x7522BB4: _dl_catch_exception (dl-error-skeleton.c:182)
==2406856==    by 0x681BFF5: dl_open_worker (dl-open.c:808)
==2406856==    by 0x681BFF5: dl_open_worker (dl-open.c:771)
==2406856==    by 0x7522B57: _dl_catch_exception (dl-error-skeleton.c:208)
==2406856==    by 0x681C34D: _dl_open (dl-open.c:883)
==2406856==    by 0x743E5FB: dlopen_doit (dlopen.c:56)
==2406856==    by 0x7522B57: _dl_catch_exception (dl-error-skeleton.c:208)
==2406856== 
==2406856== 3 bytes in 1 blocks are possibly lost in loss record 3 of 367
==2406856==    at 0x7056899: malloc (in /mnt/c/Users/guido/ghq/projects/rustdom/.tools/valgrind/usr/libexec/valgrind/vgpreload_memcheck-amd64-linux.so)
==2406856==    by 0x22E5C032: _RNvXs0_NvMs_NtNtCs6i54tJFfzR_5alloc3ffi5c_strNtBa_7CString3newReNtB5_11SpecNewImpl13spec_new_impl (in /mnt/c/Users/guido/ghq/projects/rustdom/dist/rustdom.node)
==2406856==    by 0x22E112BF: _RNvMs2_NtNtCsbKcx7MMum66_4napi9js_values15object_propertyNtB5_8Property14with_utf8_name (in /mnt/c/Users/guido/ghq/projects/rustdom/dist/rustdom.node)
==2406856==    by 0x22DC558A: _RNvNvNvNvNtNtNtCsdulfWib0rSm_7rustdom3dom19abort_state_binding37___napi_impl_helper_NativeAbortState_041___napi_register__NativeAbortState_impl_181__18___CTOR_PRIVATE_REF14___ctor_private (in /mnt/c/Users/guido/ghq/projects/rustdom/dist/rustdom.node)
==2406856==    by 0x681447D: call_init.part.0 (dl-init.c:70)
==2406856==    by 0x6814567: call_init (dl-init.c:33)
==2406856==    by 0x6814567: _dl_init (dl-init.c:117)
==2406856==    by 0x7522BB4: _dl_catch_exception (dl-error-skeleton.c:182)
==2406856==    by 0x681BFF5: dl_open_worker (dl-open.c:808)
==2406856==    by 0x681BFF5: dl_open_worker (dl-open.c:771)
==2406856==    by 0x7522B57: _dl_catch_exception (dl-error-skeleton.c:208)
==2406856==    by 0x681C34D: _dl_open (dl-open.c:883)
==2406856==    by 0x743E5FB: dlopen_doit (dlopen.c:56)
==2406856==    by 0x7522B57: _dl_catch_exception (dl-error-skeleton.c:208)
==2406856== 
==2406856== 4 bytes in 1 blocks are possibly lost in loss record 4 of 367
==2406856==    at 0x7056899: malloc (in /mnt/c/Users/guido/ghq/projects/rustdom/.tools/valgrind/usr/libexec/valgrind/vgpreload_memcheck-amd64-linux.so)
==2406856==    by 0x22E5C032: _RNvXs0_NvMs_NtNtCs6i54tJFfzR_5alloc3ffi5c_strNtBa_7CString3newReNtB5_11SpecNewImpl13spec_new_impl (in /mnt/c/Users/guido/ghq/projects/rustdom/dist/rustdom.node)
==2406856==    by 0x22E112BF: _RNvMs2_NtNtCsbKcx7MMum66_4napi9js_values15object_propertyNtB5_8Property14with_utf8_name (in /mnt/c/Users/guido/ghq/projects/rustdom/dist/rustdom.node)
==2406856==    by 0x22DC2FEA: _RNvNvNvNvNtNtNtCsdulfWib0rSm_7rustdom3dom16dom_rect_binding34___napi_impl_helper_NativeDomRect_238___napi_register__NativeDomRect_impl_501__18___CTOR_PRIVATE_REF14___ctor_private (in /mnt/c/Users/guido/ghq/projects/rustdom/dist/rustdom.node)
==2406856==    by 0x681447D: call_init.part.0 (dl-init.c:70)
==2406856==    by 0x6814567: call_init (dl-init.c:33)
==2406856==    by 0x6814567: _dl_init (dl-init.c:117)
==2406856==    by 0x7522BB4: _dl_catch_exception (dl-error-skeleton.c:182)
==2406856==    by 0x681BFF5: dl_open_worker (dl-open.c:808)
==2406856==    by 0x681BFF5: dl_open_worker (dl-open.c:771)
==2406856==    by 0x7522B57: _dl_catch_exception (dl-error-skeleton.c:208)
==2406856==    by 0x681C34D: _dl_open (dl-open.c:883)
==2406856==    by 0x743E5FB: dlopen_doit (dlopen.c:56)
==2406856==    by 0x7522B57: _dl_catch_exception (dl-error-skeleton.c:208)
==2406856== 
==2406856== 4 bytes in 1 blocks are possibly lost in loss record 5 of 367
==2406856==    at 0x7056899: malloc (in /mnt/c/Users/guido/ghq/projects/rustdom/.tools/valgrind/usr/libexec/valgrind/vgpreload_memcheck-amd64-linux.so)
==2406856==    by 0x22E5C032: _RNvXs0_NvMs_NtNtCs6i54tJFfzR_5alloc3ffi5c_strNtBa_7CString3newReNtB5_11SpecNewImpl13spec_new_impl (in /mnt/c/Users/guido/ghq/projects/rustdom/dist/rustdom.node)
==2406856==    by 0x22E112BF: _RNvMs2_NtNtCsbKcx7MMum66_4napi9js_values15object_propertyNtB5_8Property14with_utf8_name (in /mnt/c/Users/guido/ghq/projects/rustdom/dist/rustdom.node)
==2406856==    by 0x22DC419A: _RNvNvNvNvNtNtNtCsdulfWib0rSm_7rustdom3dom18token_list_binding36___napi_impl_helper_NativeTokenSet_1240___napi_register__NativeTokenSet_impl_2101__18___CTOR_PRIVATE_REF14___ctor_private (in /mnt/c/Users/guido/ghq/projects/rustdom/dist/rustdom.node)
==2406856==    by 0x681447D: call_init.part.0 (dl-init.c:70)
==2406856==    by 0x6814567: call_init (dl-init.c:33)
==2406856==    by 0x6814567: _dl_init (dl-init.c:117)
==2406856==    by 0x7522BB4: _dl_catch_exception (dl-error-skeleton.c:182)
==2406856==    by 0x681BFF5: dl_open_worker (dl-open.c:808)
==2406856==    by 0x681BFF5: dl_open_worker (dl-open.c:771)
==2406856==    by 0x7522B57: _dl_catch_exception (dl-error-skeleton.c:208)
==2406856==    by 0x681C34D: _dl_open (dl-open.c:883)
==2406856==    by 0x743E5FB: dlopen_doit (dlopen.c:56)
==2406856==    by 0x7522B57: _dl_catch_exception (dl-error-skeleton.c:208)
==2406856== 
==2406856== 4 bytes in 1 blocks are possibly lost in loss record 6 of 367
==2406856==    at 0x7056899: malloc (in /mnt/c/Users/guido/ghq/projects/rustdom/.tools/valgrind/usr/libexec/valgrind/vgpreload_memcheck-amd64-linux.so)
==2406856==    by 0x22E5C032: _RNvXs0_NvMs_NtNtCs6i54tJFfzR_5alloc3ffi5c_strNtBa_7CString3newReNtB5_11SpecNewImpl13spec_new_impl (in /mnt/c/Users/guido/ghq/projects/rustdom/dist/rustdom.node)
==2406856==    by 0x22E112BF: _RNvMs2_NtNtCsbKcx7MMum66_4napi9js_values15object_propertyNtB5_8Property14with_utf8_name (in /mnt/c/Users/guido/ghq/projects/rustdom/dist/rustdom.node)
==2406856==    by 0x22DCAF30: _RNvNvNvNvNtNtNtCsdulfWib0rSm_7rustdom3dom19range_state_binding32___napi_impl_helper_NativeRange_937___napi_register__NativeRange_impl_1821__18___CTOR_PRIVATE_REF14___ctor_private (in /mnt/c/Users/guido/ghq/projects/rustdom/dist/rustdom.node)
==2406856==    by 0x681447D: call_init.part.0 (dl-init.c:70)
==2406856==    by 0x6814567: call_init (dl-init.c:33)
==2406856==    by 0x6814567: _dl_init (dl-init.c:117)
==2406856==    by 0x7522BB4: _dl_catch_exception (dl-error-skeleton.c:182)
==2406856==    by 0x681BFF5: dl_open_worker (dl-open.c:808)
==2406856==    by 0x681BFF5: dl_open_worker (dl-open.c:771)
==2406856==    by 0x7522B57: _dl_catch_exception (dl-error-skeleton.c:208)
==2406856==    by 0x681C34D: _dl_open (dl-open.c:883)
==2406856==    by 0x743E5FB: dlopen_doit (dlopen.c:56)
==2406856==    by 0x7522B57: _dl_catch_exception (dl-error-skeleton.c:208)
==2406856== 
==2406856== 4 bytes in 1 blocks are possibly lost in loss record 7 of 367
==2406856==    at 0x7056899: malloc (in /mnt/c/Users/guido/ghq/projects/rustdom/.tools/valgrind/usr/libexec/valgrind/vgpreload_memcheck-amd64-linux.so)
==2406856==    by 0x22E5C032: _RNvXs0_NvMs_NtNtCs6i54tJFfzR_5alloc3ffi5c_strNtBa_7CString3newReNtB5_11SpecNewImpl13spec_new_impl (in /mnt/c/Users/guido/ghq/projects/rustdom/dist/rustdom.node)
==2406856==    by 0x22E112BF: _RNvMs2_NtNtCsbKcx7MMum66_4napi9js_values15object_propertyNtB5_8Property14with_utf8_name (in /mnt/c/Users/guido/ghq/projects/rustdom/dist/rustdom.node)
==2406856==    by 0x22DCE6EE: _RNvNvNvNvNtNtNtCsdulfWib0rSm_7rustdom3dom19web_storage_binding39___napi_impl_helper_NativeStorageArea_1743___napi_register__NativeStorageArea_impl_4201__18___CTOR_PRIVATE_REF14___ctor_private (in /mnt/c/Users/guido/ghq/projects/rustdom/dist/rustdom.node)
==2406856==    by 0x681447D: call_init.part.0 (dl-init.c:70)
==2406856==    by 0x6814567: call_init (dl-init.c:33)
==2406856==    by 0x6814567: _dl_init (dl-init.c:117)
==2406856==    by 0x7522BB4: _dl_catch_exception (dl-error-skeleton.c:182)
==2406856==    by 0x681BFF5: dl_open_worker (dl-open.c:808)
==2406856==    by 0x681BFF5: dl_open_worker (dl-open.c:771)
==2406856==    by 0x7522B57: _dl_catch_exception (dl-error-skeleton.c:208)
==2406856==    by 0x681C34D: _dl_open (dl-open.c:883)
==2406856==    by 0x743E5FB: dlopen_doit (dlopen.c:56)
==2406856==    by 0x7522B57: _dl_catch_exception (dl-error-skeleton.c:208)
==2406856== 
==2406856== 4 bytes in 1 blocks are possibly lost in loss record 8 of 367
==2406856==    at 0x7056899: malloc (in /mnt/c/Users/guido/ghq/projects/rustdom/.tools/valgrind/usr/libexec/valgrind/vgpreload_memcheck-amd64-linux.so)
==2406856==    by 0x22E5C032: _RNvXs0_NvMs_NtNtCs6i54tJFfzR_5alloc3ffi5c_strNtBa_7CString3newReNtB5_11SpecNewImpl13spec_new_impl (in /mnt/c/Users/guido/ghq/projects/rustdom/dist/rustdom.node)
==2406856==    by 0x22E112BF: _RNvMs2_NtNtCsbKcx7MMum66_4napi9js_values15object_propertyNtB5_8Property14with_utf8_name (in /mnt/c/Users/guido/ghq/projects/rustdom/dist/rustdom.node)
==2406856==    by 0x22DCE7F4: _RNvNvNvNvNtNtNtCsdulfWib0rSm_7rustdom3dom19web_storage_binding39___napi_impl_helper_NativeStorageArea_1743___napi_register__NativeStorageArea_impl_4201__18___CTOR_PRIVATE_REF14___ctor_private (in /mnt/c/Users/guido/ghq/projects/rustdom/dist/rustdom.node)
==2406856==    by 0x681447D: call_init.part.0 (dl-init.c:70)
==2406856==    by 0x6814567: call_init (dl-init.c:33)
==2406856==    by 0x6814567: _dl_init (dl-init.c:117)
==2406856==    by 0x7522BB4: _dl_catch_exception (dl-error-skeleton.c:182)
==2406856==    by 0x681BFF5: dl_open_worker (dl-open.c:808)
==2406856==    by 0x681BFF5: dl_open_worker (dl-open.c:771)
==2406856==    by 0x7522B57: _dl_catch_exception (dl-error-skeleton.c:208)
==2406856==    by 0x681C34D: _dl_open (dl-open.c:883)
==2406856==    by 0x743E5FB: dlopen_doit (dlopen.c:56)
==2406856==    by 0x7522B57: _dl_catch_exception (dl-error-skeleton.c:208)
==2406856== 
==2406856== 4 bytes in 1 blocks are possibly lost in loss record 9 of 367
==2406856==    at 0x7056899: malloc (in /mnt/c/Users/guido/ghq/projects/rustdom/.tools/valgrind/usr/libexec/valgrind/vgpreload_memcheck-amd64-linux.so)
==2406856==    by 0x22E5C032: _RNvXs0_NvMs_NtNtCs6i54tJFfzR_5alloc3ffi5c_strNtBa_7CString3newReNtB5_11SpecNewImpl13spec_new_impl (in /mnt/c/Users/guido/ghq/projects/rustdom/dist/rustdom.node)
==2406856==    by 0x22E112BF: _RNvMs2_NtNtCsbKcx7MMum66_4napi9js_values15object_propertyNtB5_8Property14with_utf8_name (in /mnt/c/Users/guido/ghq/projects/rustdom/dist/rustdom.node)
==2406856==    by 0x22DCEB06: _RNvNvNvNvNtNtNtCsdulfWib0rSm_7rustdom3dom19web_storage_binding39___napi_impl_helper_NativeStorageArea_1743___napi_register__NativeStorageArea_impl_4201__18___CTOR_PRIVATE_REF14___ctor_private (in /mnt/c/Users/guido/ghq/projects/rustdom/dist/rustdom.node)
==2406856==    by 0x681447D: call_init.part.0 (dl-init.c:70)
==2406856==    by 0x6814567: call_init (dl-init.c:33)
==2406856==    by 0x6814567: _dl_init (dl-init.c:117)
==2406856==    by 0x7522BB4: _dl_catch_exception (dl-error-skeleton.c:182)
==2406856==    by 0x681BFF5: dl_open_worker (dl-open.c:808)
==2406856==    by 0x681BFF5: dl_open_worker (dl-open.c:771)
==2406856==    by 0x7522B57: _dl_catch_exception (dl-error-skeleton.c:208)
==2406856==    by 0x681C34D: _dl_open (dl-open.c:883)
==2406856==    by 0x743E5FB: dlopen_doit (dlopen.c:56)
==2406856==    by 0x7522B57: _dl_catch_exception (dl-error-skeleton.c:208)
==2406856== 
==2406856== 4 bytes in 1 blocks are possibly lost in loss record 10 of 367
==2406856==    at 0x7056899: malloc (in /mnt/c/Users/guido/ghq/projects/rustdom/.tools/valgrind/usr/libexec/valgrind/vgpreload_memcheck-amd64-linux.so)
==2406856==    by 0x22E5C032: _RNvXs0_NvMs_NtNtCs6i54tJFfzR_5alloc3ffi5c_strNtBa_7CString3newReNtB5_11SpecNewImpl13spec_new_impl (in /mnt/c/Users/guido/ghq/projects/rustdom/dist/rustdom.node)
==2406856==    by 0x22E112BF: _RNvMs2_NtNtCsbKcx7MMum66_4napi9js_values15object_propertyNtB5_8Property14with_utf8_name (in /mnt/c/Users/guido/ghq/projects/rustdom/dist/rustdom.node)
==2406856==    by 0x22DD07AB: _RNvNvNvNvNtNtNtCsdulfWib0rSm_7rustdom3dom23event_listeners_binding43___napi_impl_helper_NativeListenerRegistry_347___napi_register__NativeListenerRegistry_impl_661__18___CTOR_PRIVATE_REF14___ctor_private (in /mnt/c/Users/guido/ghq/projects/rustdom/dist/rustdom.node)
==2406856==    by 0x681447D: call_init.part.0 (dl-init.c:70)
==2406856==    by 0x6814567: call_init (dl-init.c:33)
==2406856==    by 0x6814567: _dl_init (dl-init.c:117)
==2406856==    by 0x7522BB4: _dl_catch_exception (dl-error-skeleton.c:182)
==2406856==    by 0x681BFF5: dl_open_worker (dl-open.c:808)
==2406856==    by 0x681BFF5: dl_open_worker (dl-open.c:771)
==2406856==    by 0x7522B57: _dl_catch_exception (dl-error-skeleton.c:208)
==2406856==    by 0x681C34D: _dl_open (dl-open.c:883)
==2406856==    by 0x743E5FB: dlopen_doit (dlopen.c:56)
==2406856==    by 0x7522B57: _dl_catch_exception (dl-error-skeleton.c:208)
==2406856== 
==2406856== 5 bytes in 1 blocks are possibly lost in loss record 11 of 367
==2406856==    at 0x7056899: malloc (in /mnt/c/Users/guido/ghq/projects/rustdom/.tools/valgrind/usr/libexec/valgrind/vgpreload_memcheck-amd64-linux.so)
==2406856==    by 0x22E5C032: _RNvXs0_NvMs_NtNtCs6i54tJFfzR_5alloc3ffi5c_strNtBa_7CString3newReNtB5_11SpecNewImpl13spec_new_impl (in /mnt/c/Users/guido/ghq/projects/rustdom/dist/rustdom.node)
==2406856==    by 0x22E112BF: _RNvMs2_NtNtCsbKcx7MMum66_4napi9js_values15object_propertyNtB5_8Property14with_utf8_name (in /mnt/c/Users/guido/ghq/projects/rustdom/dist/rustdom.node)
==2406856==    by 0x22DC2BD2: _RNvNvNvNvNtNtNtCsdulfWib0rSm_7rustdom3dom16dom_rect_binding34___napi_impl_helper_NativeDomRect_238___napi_register__NativeDomRect_impl_501__18___CTOR_PRIVATE_REF14___ctor_private (in /mnt/c/Users/guido/ghq/projects/rustdom/dist/rustdom.node)
==2406856==    by 0x681447D: call_init.part.0 (dl-init.c:70)
==2406856==    by 0x6814567: call_init (dl-init.c:33)
==2406856==    by 0x6814567: _dl_init (dl-init.c:117)
==2406856==    by 0x7522BB4: _dl_catch_exception (dl-error-skeleton.c:182)
==2406856==    by 0x681BFF5: dl_open_worker (dl-open.c:808)
==2406856==    by 0x681BFF5: dl_open_worker (dl-open.c:771)
==2406856==    by 0x7522B57: _dl_catch_exception (dl-error-skeleton.c:208)
==2406856==    by 0x681C34D: _dl_open (dl-open.c:883)
==2406856==    by 0x743E5FB: dlopen_doit (dlopen.c:56)
==2406856==    by 0x7522B57: _dl_catch_exception (dl-error-skeleton.c:208)
==2406856== 
==2406856== 5 bytes in 1 blocks are possibly lost in loss record 12 of 367
==2406856==    at 0x7056899: malloc (in /mnt/c/Users/guido/ghq/projects/rustdom/.tools/valgrind/usr/libexec/valgrind/vgpreload_memcheck-amd64-linux.so)
==2406856==    by 0x22E5C032: _RNvXs0_NvMs_NtNtCs6i54tJFfzR_5alloc3ffi5c_strNtBa_7CString3newReNtB5_11SpecNewImpl13spec_new_impl (in /mnt/c/Users/guido/ghq/projects/rustdom/dist/rustdom.node)
==2406856==    by 0x22E112BF: _RNvMs2_NtNtCsbKcx7MMum66_4napi9js_values15object_propertyNtB5_8Property14with_utf8_name (in /mnt/c/Users/guido/ghq/projects/rustdom/dist/rustdom.node)
==2406856==    by 0x22DC428F: _RNvNvNvNvNtNtNtCsdulfWib0rSm_7rustdom3dom18token_list_binding36___napi_impl_helper_NativeTokenSet_1240___napi_register__NativeTokenSet_impl_2101__18___CTOR_PRIVATE_REF14___ctor_private (in /mnt/c/Users/guido/ghq/projects/rustdom/dist/rustdom.node)
==2406856==    by 0x681447D: call_init.part.0 (dl-init.c:70)
==2406856==    by 0x6814567: call_init (dl-init.c:33)
==2406856==    by 0x6814567: _dl_init (dl-init.c:117)
==2406856==    by 0x7522BB4: _dl_catch_exception (dl-error-skeleton.c:182)
==2406856==    by 0x681BFF5: dl_open_worker (dl-open.c:808)
==2406856==    by 0x681BFF5: dl_open_worker (dl-open.c:771)
==2406856==    by 0x7522B57: _dl_catch_exception (dl-error-skeleton.c:208)
==2406856==    by 0x681C34D: _dl_open (dl-open.c:883)
==2406856==    by 0x743E5FB: dlopen_doit (dlopen.c:56)
==2406856==    by 0x7522B57: _dl_catch_exception (dl-error-skeleton.c:208)
==2406856== 
==2406856== 5 bytes in 1 blocks are possibly lost in loss record 13 of 367
==2406856==    at 0x7056899: malloc (in /mnt/c/Users/guido/ghq/projects/rustdom/.tools/valgrind/usr/libexec/valgrind/vgpreload_memcheck-amd64-linux.so)
==2406856==    by 0x22E5C032: _RNvXs0_NvMs_NtNtCs6i54tJFfzR_5alloc3ffi5c_strNtBa_7CString3newReNtB5_11SpecNewImpl13spec_new_impl (in /mnt/c/Users/guido/ghq/projects/rustdom/dist/rustdom.node)
==2406856==    by 0x22E112BF: _RNvMs2_NtNtCsbKcx7MMum66_4napi9js_values15object_propertyNtB5_8Property14with_utf8_name (in /mnt/c/Users/guido/ghq/projects/rustdom/dist/rustdom.node)
==2406856==    by 0x22DC7166: _RNvNvNvNvNtNtNtCsdulfWib0rSm_7rustdom3dom19event_state_binding37___napi_impl_helper_NativeEventState_442___napi_register__NativeEventState_impl_1011__18___CTOR_PRIVATE_REF14___ctor_private (in /mnt/c/Users/guido/ghq/projects/rustdom/dist/rustdom.node)
==2406856==    by 0x681447D: call_init.part.0 (dl-init.c:70)
==2406856==    by 0x6814567: call_init (dl-init.c:33)
==2406856==    by 0x6814567: _dl_init (dl-init.c:117)
==2406856==    by 0x7522BB4: _dl_catch_exception (dl-error-skeleton.c:182)
==2406856==    by 0x681BFF5: dl_open_worker (dl-open.c:808)
==2406856==    by 0x681BFF5: dl_open_worker (dl-open.c:771)
==2406856==    by 0x7522B57: _dl_catch_exception (dl-error-skeleton.c:208)
==2406856==    by 0x681C34D: _dl_open (dl-open.c:883)
==2406856==    by 0x743E5FB: dlopen_doit (dlopen.c:56)
==2406856==    by 0x7522B57: _dl_catch_exception (dl-error-skeleton.c:208)
==2406856== 
==2406856== 5 bytes in 1 blocks are possibly lost in loss record 14 of 367
==2406856==    at 0x7056899: malloc (in /mnt/c/Users/guido/ghq/projects/rustdom/.tools/valgrind/usr/libexec/valgrind/vgpreload_memcheck-amd64-linux.so)
==2406856==    by 0x22E5C032: _RNvXs0_NvMs_NtNtCs6i54tJFfzR_5alloc3ffi5c_strNtBa_7CString3newReNtB5_11SpecNewImpl13spec_new_impl (in /mnt/c/Users/guido/ghq/projects/rustdom/dist/rustdom.node)
==2406856==    by 0x22E112BF: _RNvMs2_NtNtCsbKcx7MMum66_4napi9js_values15object_propertyNtB5_8Property14with_utf8_name (in /mnt/c/Users/guido/ghq/projects/rustdom/dist/rustdom.node)
==2406856==    by 0x22DCAE2A: _RNvNvNvNvNtNtNtCsdulfWib0rSm_7rustdom3dom19range_state_binding32___napi_impl_helper_NativeRange_937___napi_register__NativeRange_impl_1821__18___CTOR_PRIVATE_REF14___ctor_private (in /mnt/c/Users/guido/ghq/projects/rustdom/dist/rustdom.node)
==2406856==    by 0x681447D: call_init.part.0 (dl-init.c:70)
==2406856==    by 0x6814567: call_init (dl-init.c:33)
==2406856==    by 0x6814567: _dl_init (dl-init.c:117)
==2406856==    by 0x7522BB4: _dl_catch_exception (dl-error-skeleton.c:182)
==2406856==    by 0x681BFF5: dl_open_worker (dl-open.c:808)
==2406856==    by 0x681BFF5: dl_open_worker (dl-open.c:771)
==2406856==    by 0x7522B57: _dl_catch_exception (dl-error-skeleton.c:208)
==2406856==    by 0x681C34D: _dl_open (dl-open.c:883)
==2406856==    by 0x743E5FB: dlopen_doit (dlopen.c:56)
==2406856==    by 0x7522B57: _dl_catch_exception (dl-error-skeleton.c:208)
==2406856== 
==2406856== 5 bytes in 1 blocks are possibly lost in loss record 15 of 367
==2406856==    at 0x7056899: malloc (in /mnt/c/Users/guido/ghq/projects/rustdom/.tools/valgrind/usr/libexec/valgrind/vgpreload_memcheck-amd64-linux.so)
==2406856==    by 0x22E5C032: _RNvXs0_NvMs_NtNtCs6i54tJFfzR_5alloc3ffi5c_strNtBa_7CString3newReNtB5_11SpecNewImpl13spec_new_impl (in /mnt/c/Users/guido/ghq/projects/rustdom/dist/rustdom.node)
==2406856==    by 0x22E112BF: _RNvMs2_NtNtCsbKcx7MMum66_4napi9js_values15object_propertyNtB5_8Property14with_utf8_name (in /mnt/c/Users/guido/ghq/projects/rustdom/dist/rustdom.node)
==2406856==    by 0x22DCEC0C: _RNvNvNvNvNtNtNtCsdulfWib0rSm_7rustdom3dom19web_storage_binding39___napi_impl_helper_NativeStorageArea_1743___napi_register__NativeStorageArea_impl_4201__18___CTOR_PRIVATE_REF14___ctor_private (in /mnt/c/Users/guido/ghq/projects/rustdom/dist/rustdom.node)
==2406856==    by 0x681447D: call_init.part.0 (dl-init.c:70)
==2406856==    by 0x6814567: call_init (dl-init.c:33)
==2406856==    by 0x6814567: _dl_init (dl-init.c:117)
==2406856==    by 0x7522BB4: _dl_catch_exception (dl-error-skeleton.c:182)
==2406856==    by 0x681BFF5: dl_open_worker (dl-open.c:808)
==2406856==    by 0x681BFF5: dl_open_worker (dl-open.c:771)
==2406856==    by 0x7522B57: _dl_catch_exception (dl-error-skeleton.c:208)
==2406856==    by 0x681C34D: _dl_open (dl-open.c:883)
==2406856==    by 0x743E5FB: dlopen_doit (dlopen.c:56)
==2406856==    by 0x7522B57: _dl_catch_exception (dl-error-skeleton.c:208)
==2406856== 
==2406856== 5 bytes in 1 blocks are possibly lost in loss record 16 of 367
==2406856==    at 0x7056899: malloc (in /mnt/c/Users/guido/ghq/projects/rustdom/.tools/valgrind/usr/libexec/valgrind/vgpreload_memcheck-amd64-linux.so)
==2406856==    by 0x22E5C032: _RNvXs0_NvMs_NtNtCs6i54tJFfzR_5alloc3ffi5c_strNtBa_7CString3newReNtB5_11SpecNewImpl13spec_new_impl (in /mnt/c/Users/guido/ghq/projects/rustdom/dist/rustdom.node)
==2406856==    by 0x22E112BF: _RNvMs2_NtNtCsbKcx7MMum66_4napi9js_values15object_propertyNtB5_8Property14with_utf8_name (in /mnt/c/Users/guido/ghq/projects/rustdom/dist/rustdom.node)
==2406856==    by 0x22DCFC3A: _RNvNvNvNvNtNtNtCsdulfWib0rSm_7rustdom3dom19web_storage_binding44___napi_impl_helper_NativeStorageKeyCursor_1848___napi_register__NativeStorageKeyCursor_impl_4231__18___CTOR_PRIVATE_REF14___ctor_private (in /mnt/c/Users/guido/ghq/projects/rustdom/dist/rustdom.node)
==2406856==    by 0x681447D: call_init.part.0 (dl-init.c:70)
==2406856==    by 0x6814567: call_init (dl-init.c:33)
==2406856==    by 0x6814567: _dl_init (dl-init.c:117)
==2406856==    by 0x7522BB4: _dl_catch_exception (dl-error-skeleton.c:182)
==2406856==    by 0x681BFF5: dl_open_worker (dl-open.c:808)
==2406856==    by 0x681BFF5: dl_open_worker (dl-open.c:771)
==2406856==    by 0x7522B57: _dl_catch_exception (dl-error-skeleton.c:208)
==2406856==    by 0x681C34D: _dl_open (dl-open.c:883)
==2406856==    by 0x743E5FB: dlopen_doit (dlopen.c:56)
==2406856==    by 0x7522B57: _dl_catch_exception (dl-error-skeleton.c:208)
==2406856== 
==2406856== 5 bytes in 1 blocks are possibly lost in loss record 17 of 367
==2406856==    at 0x7056899: malloc (in /mnt/c/Users/guido/ghq/projects/rustdom/.tools/valgrind/usr/libexec/valgrind/vgpreload_memcheck-amd64-linux.so)
==2406856==    by 0x22E5C032: _RNvXs0_NvMs_NtNtCs6i54tJFfzR_5alloc3ffi5c_strNtBa_7CString3newReNtB5_11SpecNewImpl13spec_new_impl (in /mnt/c/Users/guido/ghq/projects/rustdom/dist/rustdom.node)
==2406856==    by 0x22E112BF: _RNvMs2_NtNtCsbKcx7MMum66_4napi9js_values15object_propertyNtB5_8Property14with_utf8_name (in /mnt/c/Users/guido/ghq/projects/rustdom/dist/rustdom.node)
==2406856==    by 0x22DD215C: _RNvNvNvNvNtNtNtCsdulfWib0rSm_7rustdom3dom23mutation_record_binding41___napi_impl_helper_NativeMutationRecord_546___napi_register__NativeMutationRecord_impl_1191__18___CTOR_PRIVATE_REF14___ctor_private (in /mnt/c/Users/guido/ghq/projects/rustdom/dist/rustdom.node)
==2406856==    by 0x681447D: call_init.part.0 (dl-init.c:70)
==2406856==    by 0x6814567: call_init (dl-init.c:33)
==2406856==    by 0x6814567: _dl_init (dl-init.c:117)
==2406856==    by 0x7522BB4: _dl_catch_exception (dl-error-skeleton.c:182)
==2406856==    by 0x681BFF5: dl_open_worker (dl-open.c:808)
==2406856==    by 0x681BFF5: dl_open_worker (dl-open.c:771)
==2406856==    by 0x7522B57: _dl_catch_exception (dl-error-skeleton.c:208)
==2406856==    by 0x681C34D: _dl_open (dl-open.c:883)
==2406856==    by 0x743E5FB: dlopen_doit (dlopen.c:56)
==2406856==    by 0x7522B57: _dl_catch_exception (dl-error-skeleton.c:208)
==2406856== 
==2406856== 5 bytes in 1 blocks are possibly lost in loss record 18 of 367
==2406856==    at 0x7056899: malloc (in /mnt/c/Users/guido/ghq/projects/rustdom/.tools/valgrind/usr/libexec/valgrind/vgpreload_memcheck-amd64-linux.so)
==2406856==    by 0x22E5C032: _RNvXs0_NvMs_NtNtCs6i54tJFfzR_5alloc3ffi5c_strNtBa_7CString3newReNtB5_11SpecNewImpl13spec_new_impl (in /mnt/c/Users/guido/ghq/projects/rustdom/dist/rustdom.node)
==2406856==    by 0x22E112BF: _RNvMs2_NtNtCsbKcx7MMum66_4napi9js_values15object_propertyNtB5_8Property14with_utf8_name (in /mnt/c/Users/guido/ghq/projects/rustdom/dist/rustdom.node)
==2406856==    by 0x22DD73C8: _RNvNvNvNvNtNtNtCsdulfWib0rSm_7rustdom3xml7binding37___napi_impl_helper_NativeXmlParser_1941___napi_register__NativeXmlParser_impl_4381__18___CTOR_PRIVATE_REF14___ctor_private (in /mnt/c/Users/guido/ghq/projects/rustdom/dist/rustdom.node)
==2406856==    by 0x681447D: call_init.part.0 (dl-init.c:70)
==2406856==    by 0x6814567: call_init (dl-init.c:33)
==2406856==    by 0x6814567: _dl_init (dl-init.c:117)
==2406856==    by 0x7522BB4: _dl_catch_exception (dl-error-skeleton.c:182)
==2406856==    by 0x681BFF5: dl_open_worker (dl-open.c:808)
==2406856==    by 0x681BFF5: dl_open_worker (dl-open.c:771)
==2406856==    by 0x7522B57: _dl_catch_exception (dl-error-skeleton.c:208)
==2406856==    by 0x681C34D: _dl_open (dl-open.c:883)
==2406856==    by 0x743E5FB: dlopen_doit (dlopen.c:56)
==2406856==    by 0x7522B57: _dl_catch_exception (dl-error-skeleton.c:208)
==2406856== 
==2406856== 6 bytes in 1 blocks are possibly lost in loss record 19 of 367
==2406856==    at 0x7056899: malloc (in /mnt/c/Users/guido/ghq/projects/rustdom/.tools/valgrind/usr/libexec/valgrind/vgpreload_memcheck-amd64-linux.so)
==2406856==    by 0x22E5C032: _RNvXs0_NvMs_NtNtCs6i54tJFfzR_5alloc3ffi5c_strNtBa_7CString3newReNtB5_11SpecNewImpl13spec_new_impl (in /mnt/c/Users/guido/ghq/projects/rustdom/dist/rustdom.node)
==2406856==    by 0x22E112BF: _RNvMs2_NtNtCsbKcx7MMum66_4napi9js_values15object_propertyNtB5_8Property14with_utf8_name (in /mnt/c/Users/guido/ghq/projects/rustdom/dist/rustdom.node)
==2406856==    by 0x22DC2CD8: _RNvNvNvNvNtNtNtCsdulfWib0rSm_7rustdom3dom16dom_rect_binding34___napi_impl_helper_NativeDomRect_238___napi_register__NativeDomRect_impl_501__18___CTOR_PRIVATE_REF14___ctor_private (in /mnt/c/Users/guido/ghq/projects/rustdom/dist/rustdom.node)
==2406856==    by 0x681447D: call_init.part.0 (dl-init.c:70)
==2406856==    by 0x6814567: call_init (dl-init.c:33)
==2406856==    by 0x6814567: _dl_init (dl-init.c:117)
==2406856==    by 0x7522BB4: _dl_catch_exception (dl-error-skeleton.c:182)
==2406856==    by 0x681BFF5: dl_open_worker (dl-open.c:808)
==2406856==    by 0x681BFF5: dl_open_worker (dl-open.c:771)
==2406856==    by 0x7522B57: _dl_catch_exception (dl-error-skeleton.c:208)
==2406856==    by 0x681C34D: _dl_open (dl-open.c:883)
==2406856==    by 0x743E5FB: dlopen_doit (dlopen.c:56)
==2406856==    by 0x7522B57: _dl_catch_exception (dl-error-skeleton.c:208)
==2406856== 
==2406856== 6 bytes in 1 blocks are possibly lost in loss record 20 of 367
==2406856==    at 0x7056899: malloc (in /mnt/c/Users/guido/ghq/projects/rustdom/.tools/valgrind/usr/libexec/valgrind/vgpreload_memcheck-amd64-linux.so)
==2406856==    by 0x22E5C032: _RNvXs0_NvMs_NtNtCs6i54tJFfzR_5alloc3ffi5c_strNtBa_7CString3newReNtB5_11SpecNewImpl13spec_new_impl (in /mnt/c/Users/guido/ghq/projects/rustdom/dist/rustdom.node)
==2406856==    by 0x22E112BF: _RNvMs2_NtNtCsbKcx7MMum66_4napi9js_values15object_propertyNtB5_8Property14with_utf8_name (in /mnt/c/Users/guido/ghq/projects/rustdom/dist/rustdom.node)
==2406856==    by 0x22DC30F0: _RNvNvNvNvNtNtNtCsdulfWib0rSm_7rustdom3dom16dom_rect_binding34___napi_impl_helper_NativeDomRect_238___napi_register__NativeDomRect_impl_501__18___CTOR_PRIVATE_REF14___ctor_private (in /mnt/c/Users/guido/ghq/projects/rustdom/dist/rustdom.node)
==2406856==    by 0x681447D: call_init.part.0 (dl-init.c:70)
==2406856==    by 0x6814567: call_init (dl-init.c:33)
==2406856==    by 0x6814567: _dl_init (dl-init.c:117)
==2406856==    by 0x7522BB4: _dl_catch_exception (dl-error-skeleton.c:182)
==2406856==    by 0x681BFF5: dl_open_worker (dl-open.c:808)
==2406856==    by 0x681BFF5: dl_open_worker (dl-open.c:771)
==2406856==    by 0x7522B57: _dl_catch_exception (dl-error-skeleton.c:208)
==2406856==    by 0x681C34D: _dl_open (dl-open.c:883)
==2406856==    by 0x743E5FB: dlopen_doit (dlopen.c:56)
==2406856==    by 0x7522B57: _dl_catch_exception (dl-error-skeleton.c:208)
==2406856== 
==2406856== 6 bytes in 1 blocks are possibly lost in loss record 21 of 367
==2406856==    at 0x7056899: malloc (in /mnt/c/Users/guido/ghq/projects/rustdom/.tools/valgrind/usr/libexec/valgrind/vgpreload_memcheck-amd64-linux.so)
==2406856==    by 0x22E5C032: _RNvXs0_NvMs_NtNtCs6i54tJFfzR_5alloc3ffi5c_strNtBa_7CString3newReNtB5_11SpecNewImpl13spec_new_impl (in /mnt/c/Users/guido/ghq/projects/rustdom/dist/rustdom.node)
==2406856==    by 0x22E112BF: _RNvMs2_NtNtCsbKcx7MMum66_4napi9js_values15object_propertyNtB5_8Property14with_utf8_name (in /mnt/c/Users/guido/ghq/projects/rustdom/dist/rustdom.node)
==2406856==    by 0x22DCBA72: _RNvNvNvNvNtNtNtCsdulfWib0rSm_7rustdom3dom19range_state_binding32___napi_impl_helper_NativeRange_937___napi_register__NativeRange_impl_1821__18___CTOR_PRIVATE_REF14___ctor_private (in /mnt/c/Users/guido/ghq/projects/rustdom/dist/rustdom.node)
==2406856==    by 0x681447D: call_init.part.0 (dl-init.c:70)
==2406856==    by 0x6814567: call_init (dl-init.c:33)
==2406856==    by 0x6814567: _dl_init (dl-init.c:117)
==2406856==    by 0x7522BB4: _dl_catch_exception (dl-error-skeleton.c:182)
==2406856==    by 0x681BFF5: dl_open_worker (dl-open.c:808)
==2406856==    by 0x681BFF5: dl_open_worker (dl-open.c:771)
==2406856==    by 0x7522B57: _dl_catch_exception (dl-error-skeleton.c:208)
==2406856==    by 0x681C34D: _dl_open (dl-open.c:883)
==2406856==    by 0x743E5FB: dlopen_doit (dlopen.c:56)
==2406856==    by 0x7522B57: _dl_catch_exception (dl-error-skeleton.c:208)
==2406856== 
==2406856== 6 bytes in 1 blocks are possibly lost in loss record 22 of 367
==2406856==    at 0x7056899: malloc (in /mnt/c/Users/guido/ghq/projects/rustdom/.tools/valgrind/usr/libexec/valgrind/vgpreload_memcheck-amd64-linux.so)
==2406856==    by 0x22E5C032: _RNvXs0_NvMs_NtNtCs6i54tJFfzR_5alloc3ffi5c_strNtBa_7CString3newReNtB5_11SpecNewImpl13spec_new_impl (in /mnt/c/Users/guido/ghq/projects/rustdom/dist/rustdom.node)
==2406856==    by 0x22E112BF: _RNvMs2_NtNtCsbKcx7MMum66_4napi9js_values15object_propertyNtB5_8Property14with_utf8_name (in /mnt/c/Users/guido/ghq/projects/rustdom/dist/rustdom.node)
==2406856==    by 0x22DCD859: _RNvNvNvNvNtNtNtCsdulfWib0rSm_7rustdom3dom19tree_cursor_binding37___napi_impl_helper_NativeTraversal_1541___napi_register__NativeTraversal_impl_4011__18___CTOR_PRIVATE_REF14___ctor_private (in /mnt/c/Users/guido/ghq/projects/rustdom/dist/rustdom.node)
==2406856==    by 0x681447D: call_init.part.0 (dl-init.c:70)
==2406856==    by 0x6814567: call_init (dl-init.c:33)
==2406856==    by 0x6814567: _dl_init (dl-init.c:117)
==2406856==    by 0x7522BB4: _dl_catch_exception (dl-error-skeleton.c:182)
==2406856==    by 0x681BFF5: dl_open_worker (dl-open.c:808)
==2406856==    by 0x681BFF5: dl_open_worker (dl-open.c:771)
==2406856==    by 0x7522B57: _dl_catch_exception (dl-error-skeleton.c:208)
==2406856==    by 0x681C34D: _dl_open (dl-open.c:883)
==2406856==    by 0x743E5FB: dlopen_doit (dlopen.c:56)
==2406856==    by 0x7522B57: _dl_catch_exception (dl-error-skeleton.c:208)
==2406856== 
==2406856== 6 bytes in 1 blocks are possibly lost in loss record 23 of 367
==2406856==    at 0x7056899: malloc (in /mnt/c/Users/guido/ghq/projects/rustdom/.tools/valgrind/usr/libexec/valgrind/vgpreload_memcheck-amd64-linux.so)
==2406856==    by 0x22E5C032: _RNvXs0_NvMs_NtNtCs6i54tJFfzR_5alloc3ffi5c_strNtBa_7CString3newReNtB5_11SpecNewImpl13spec_new_impl (in /mnt/c/Users/guido/ghq/projects/rustdom/dist/rustdom.node)
==2406856==    by 0x22E112BF: _RNvMs2_NtNtCsbKcx7MMum66_4napi9js_values15object_propertyNtB5_8Property14with_utf8_name (in /mnt/c/Users/guido/ghq/projects/rustdom/dist/rustdom.node)
==2406856==    by 0x22DCE3DB: _RNvNvNvNvNtNtNtCsdulfWib0rSm_7rustdom3dom19web_storage_binding39___napi_impl_helper_NativeStorageArea_1743___napi_register__NativeStorageArea_impl_4201__18___CTOR_PRIVATE_REF14___ctor_private (in /mnt/c/Users/guido/ghq/projects/rustdom/dist/rustdom.node)
==2406856==    by 0x681447D: call_init.part.0 (dl-init.c:70)
==2406856==    by 0x6814567: call_init (dl-init.c:33)
==2406856==    by 0x6814567: _dl_init (dl-init.c:117)
==2406856==    by 0x7522BB4: _dl_catch_exception (dl-error-skeleton.c:182)
==2406856==    by 0x681BFF5: dl_open_worker (dl-open.c:808)
==2406856==    by 0x681BFF5: dl_open_worker (dl-open.c:771)
==2406856==    by 0x7522B57: _dl_catch_exception (dl-error-skeleton.c:208)
==2406856==    by 0x681C34D: _dl_open (dl-open.c:883)
==2406856==    by 0x743E5FB: dlopen_doit (dlopen.c:56)
==2406856==    by 0x7522B57: _dl_catch_exception (dl-error-skeleton.c:208)
==2406856== 
==2406856== 6 bytes in 1 blocks are possibly lost in loss record 24 of 367
==2406856==    at 0x7056899: malloc (in /mnt/c/Users/guido/ghq/projects/rustdom/.tools/valgrind/usr/libexec/valgrind/vgpreload_memcheck-amd64-linux.so)
==2406856==    by 0x22E5C032: _RNvXs0_NvMs_NtNtCs6i54tJFfzR_5alloc3ffi5c_strNtBa_7CString3newReNtB5_11SpecNewImpl13spec_new_impl (in /mnt/c/Users/guido/ghq/projects/rustdom/dist/rustdom.node)
==2406856==    by 0x22E112BF: _RNvMs2_NtNtCsbKcx7MMum66_4napi9js_values15object_propertyNtB5_8Property14with_utf8_name (in /mnt/c/Users/guido/ghq/projects/rustdom/dist/rustdom.node)
==2406856==    by 0x22DCEDBD: _RNvNvNvNvNtNtNtCsdulfWib0rSm_7rustdom3dom19web_storage_binding39___napi_impl_helper_NativeStorageArea_1743___napi_register__NativeStorageArea_impl_4201__18___CTOR_PRIVATE_REF14___ctor_private (in /mnt/c/Users/guido/ghq/projects/rustdom/dist/rustdom.node)
==2406856==    by 0x681447D: call_init.part.0 (dl-init.c:70)
==2406856==    by 0x6814567: call_init (dl-init.c:33)
==2406856==    by 0x6814567: _dl_init (dl-init.c:117)
==2406856==    by 0x7522BB4: _dl_catch_exception (dl-error-skeleton.c:182)
==2406856==    by 0x681BFF5: dl_open_worker (dl-open.c:808)
==2406856==    by 0x681BFF5: dl_open_worker (dl-open.c:771)
==2406856==    by 0x7522B57: _dl_catch_exception (dl-error-skeleton.c:208)
==2406856==    by 0x681C34D: _dl_open (dl-open.c:883)
==2406856==    by 0x743E5FB: dlopen_doit (dlopen.c:56)
==2406856==    by 0x7522B57: _dl_catch_exception (dl-error-skeleton.c:208)
==2406856== 
==2406856== 6 bytes in 1 blocks are possibly lost in loss record 25 of 367
==2406856==    at 0x7056899: malloc (in /mnt/c/Users/guido/ghq/projects/rustdom/.tools/valgrind/usr/libexec/valgrind/vgpreload_memcheck-amd64-linux.so)
==2406856==    by 0x22E5C032: _RNvXs0_NvMs_NtNtCs6i54tJFfzR_5alloc3ffi5c_strNtBa_7CString3newReNtB5_11SpecNewImpl13spec_new_impl (in /mnt/c/Users/guido/ghq/projects/rustdom/dist/rustdom.node)
==2406856==    by 0x22E112BF: _RNvMs2_NtNtCsbKcx7MMum66_4napi9js_values15object_propertyNtB5_8Property14with_utf8_name (in /mnt/c/Users/guido/ghq/projects/rustdom/dist/rustdom.node)
==2406856==    by 0x22DB324B: _RNvNvNtNtNtCsdulfWib0rSm_7rustdom3dom4tree32___napi_impl_helper_NativeTree_1436___napi_register__NativeTree_impl_38720___ctor_private_inner (in /mnt/c/Users/guido/ghq/projects/rustdom/dist/rustdom.node)
==2406856==    by 0x22DD6E85: _RNvNvNvNvNtNtNtCsdulfWib0rSm_7rustdom3dom4tree32___napi_impl_helper_NativeTree_1436___napi_register__NativeTree_impl_3871__18___CTOR_PRIVATE_REF14___ctor_private (in /mnt/c/Users/guido/ghq/projects/rustdom/dist/rustdom.node)
==2406856==    by 0x681447D: call_init.part.0 (dl-init.c:70)
==2406856==    by 0x6814567: call_init (dl-init.c:33)
==2406856==    by 0x6814567: _dl_init (dl-init.c:117)
==2406856==    by 0x7522BB4: _dl_catch_exception (dl-error-skeleton.c:182)
==2406856==    by 0x681BFF5: dl_open_worker (dl-open.c:808)
==2406856==    by 0x681BFF5: dl_open_worker (dl-open.c:771)
==2406856==    by 0x7522B57: _dl_catch_exception (dl-error-skeleton.c:208)
==2406856==    by 0x681C34D: _dl_open (dl-open.c:883)
==2406856==    by 0x743E5FB: dlopen_doit (dlopen.c:56)
==2406856== 
==2406856== 6 bytes in 1 blocks are possibly lost in loss record 26 of 367
==2406856==    at 0x7056899: malloc (in /mnt/c/Users/guido/ghq/projects/rustdom/.tools/valgrind/usr/libexec/valgrind/vgpreload_memcheck-amd64-linux.so)
==2406856==    by 0x22E5C032: _RNvXs0_NvMs_NtNtCs6i54tJFfzR_5alloc3ffi5c_strNtBa_7CString3newReNtB5_11SpecNewImpl13spec_new_impl (in /mnt/c/Users/guido/ghq/projects/rustdom/dist/rustdom.node)
==2406856==    by 0x22E112BF: _RNvMs2_NtNtCsbKcx7MMum66_4napi9js_values15object_propertyNtB5_8Property14with_utf8_name (in /mnt/c/Users/guido/ghq/projects/rustdom/dist/rustdom.node)
==2406856==    by 0x22DD70BB: _RNvNvNvNvNtNtNtCsdulfWib0rSm_7rustdom3xml7binding37___napi_impl_helper_NativeXmlParser_1941___napi_register__NativeXmlParser_impl_4381__18___CTOR_PRIVATE_REF14___ctor_private (in /mnt/c/Users/guido/ghq/projects/rustdom/dist/rustdom.node)
==2406856==    by 0x681447D: call_init.part.0 (dl-init.c:70)
==2406856==    by 0x6814567: call_init (dl-init.c:33)
==2406856==    by 0x6814567: _dl_init (dl-init.c:117)
==2406856==    by 0x7522BB4: _dl_catch_exception (dl-error-skeleton.c:182)
==2406856==    by 0x681BFF5: dl_open_worker (dl-open.c:808)
==2406856==    by 0x681BFF5: dl_open_worker (dl-open.c:771)
==2406856==    by 0x7522B57: _dl_catch_exception (dl-error-skeleton.c:208)
==2406856==    by 0x681C34D: _dl_open (dl-open.c:883)
==2406856==    by 0x743E5FB: dlopen_doit (dlopen.c:56)
==2406856==    by 0x7522B57: _dl_catch_exception (dl-error-skeleton.c:208)
==2406856== 
==2406856== 7 bytes in 1 blocks are possibly lost in loss record 27 of 367
==2406856==    at 0x7056899: malloc (in /mnt/c/Users/guido/ghq/projects/rustdom/.tools/valgrind/usr/libexec/valgrind/vgpreload_memcheck-amd64-linux.so)
==2406856==    by 0x22E5C032: _RNvXs0_NvMs_NtNtCs6i54tJFfzR_5alloc3ffi5c_strNtBa_7CString3newReNtB5_11SpecNewImpl13spec_new_impl (in /mnt/c/Users/guido/ghq/projects/rustdom/dist/rustdom.node)
==2406856==    by 0x22E112BF: _RNvMs2_NtNtCsbKcx7MMum66_4napi9js_values15object_propertyNtB5_8Property14with_utf8_name (in /mnt/c/Users/guido/ghq/projects/rustdom/dist/rustdom.node)
==2406856==    by 0x22DC28EB: _RNvNvNvNvNtNtNtCsdulfWib0rSm_7rustdom3dom16dom_rect_binding34___napi_impl_helper_NativeDomRect_238___napi_register__NativeDomRect_impl_501__18___CTOR_PRIVATE_REF14___ctor_private (in /mnt/c/Users/guido/ghq/projects/rustdom/dist/rustdom.node)
==2406856==    by 0x681447D: call_init.part.0 (dl-init.c:70)
==2406856==    by 0x6814567: call_init (dl-init.c:33)
==2406856==    by 0x6814567: _dl_init (dl-init.c:117)
==2406856==    by 0x7522BB4: _dl_catch_exception (dl-error-skeleton.c:182)
==2406856==    by 0x681BFF5: dl_open_worker (dl-open.c:808)
==2406856==    by 0x681BFF5: dl_open_worker (dl-open.c:771)
==2406856==    by 0x7522B57: _dl_catch_exception (dl-error-skeleton.c:208)
==2406856==    by 0x681C34D: _dl_open (dl-open.c:883)
==2406856==    by 0x743E5FB: dlopen_doit (dlopen.c:56)
==2406856==    by 0x7522B57: _dl_catch_exception (dl-error-skeleton.c:208)
==2406856== 
==2406856== 7 bytes in 1 blocks are possibly lost in loss record 28 of 367
==2406856==    at 0x7056899: malloc (in /mnt/c/Users/guido/ghq/projects/rustdom/.tools/valgrind/usr/libexec/valgrind/vgpreload_memcheck-amd64-linux.so)
==2406856==    by 0x22E5C032: _RNvXs0_NvMs_NtNtCs6i54tJFfzR_5alloc3ffi5c_strNtBa_7CString3newReNtB5_11SpecNewImpl13spec_new_impl (in /mnt/c/Users/guido/ghq/projects/rustdom/dist/rustdom.node)
==2406856==    by 0x22E112BF: _RNvMs2_NtNtCsbKcx7MMum66_4napi9js_values15object_propertyNtB5_8Property14with_utf8_name (in /mnt/c/Users/guido/ghq/projects/rustdom/dist/rustdom.node)
==2406856==    by 0x22DC2ADC: _RNvNvNvNvNtNtNtCsdulfWib0rSm_7rustdom3dom16dom_rect_binding34___napi_impl_helper_NativeDomRect_238___napi_register__NativeDomRect_impl_501__18___CTOR_PRIVATE_REF14___ctor_private (in /mnt/c/Users/guido/ghq/projects/rustdom/dist/rustdom.node)
==2406856==    by 0x681447D: call_init.part.0 (dl-init.c:70)
==2406856==    by 0x6814567: call_init (dl-init.c:33)
==2406856==    by 0x6814567: _dl_init (dl-init.c:117)
==2406856==    by 0x7522BB4: _dl_catch_exception (dl-error-skeleton.c:182)
==2406856==    by 0x681BFF5: dl_open_worker (dl-open.c:808)
==2406856==    by 0x681BFF5: dl_open_worker (dl-open.c:771)
==2406856==    by 0x7522B57: _dl_catch_exception (dl-error-skeleton.c:208)
==2406856==    by 0x681C34D: _dl_open (dl-open.c:883)
==2406856==    by 0x743E5FB: dlopen_doit (dlopen.c:56)
==2406856==    by 0x7522B57: _dl_catch_exception (dl-error-skeleton.c:208)
==2406856== 
==2406856== 7 bytes in 1 blocks are possibly lost in loss record 29 of 367
==2406856==    at 0x7056899: malloc (in /mnt/c/Users/guido/ghq/projects/rustdom/.tools/valgrind/usr/libexec/valgrind/vgpreload_memcheck-amd64-linux.so)
==2406856==    by 0x22E5C032: _RNvXs0_NvMs_NtNtCs6i54tJFfzR_5alloc3ffi5c_strNtBa_7CString3newReNtB5_11SpecNewImpl13spec_new_impl (in /mnt/c/Users/guido/ghq/projects/rustdom/dist/rustdom.node)
==2406856==    by 0x22E112BF: _RNvMs2_NtNtCsbKcx7MMum66_4napi9js_values15object_propertyNtB5_8Property14with_utf8_name (in /mnt/c/Users/guido/ghq/projects/rustdom/dist/rustdom.node)
==2406856==    by 0x22DC9F4B: _RNvNvNvNvNtNtNtCsdulfWib0rSm_7rustdom3dom19range_clone_binding37___napi_impl_helper_NativeRangeClone_742___napi_register__NativeRangeClone_impl_1451__18___CTOR_PRIVATE_REF14___ctor_private (in /mnt/c/Users/guido/ghq/projects/rustdom/dist/rustdom.node)
==2406856==    by 0x681447D: call_init.part.0 (dl-init.c:70)
==2406856==    by 0x6814567: call_init (dl-init.c:33)
==2406856==    by 0x6814567: _dl_init (dl-init.c:117)
==2406856==    by 0x7522BB4: _dl_catch_exception (dl-error-skeleton.c:182)
==2406856==    by 0x681BFF5: dl_open_worker (dl-open.c:808)
==2406856==    by 0x681BFF5: dl_open_worker (dl-open.c:771)
==2406856==    by 0x7522B57: _dl_catch_exception (dl-error-skeleton.c:208)
==2406856==    by 0x681C34D: _dl_open (dl-open.c:883)
==2406856==    by 0x743E5FB: dlopen_doit (dlopen.c:56)
==2406856==    by 0x7522B57: _dl_catch_exception (dl-error-skeleton.c:208)
==2406856== 
==2406856== 7 bytes in 1 blocks are possibly lost in loss record 30 of 367
==2406856==    at 0x7056899: malloc (in /mnt/c/Users/guido/ghq/projects/rustdom/.tools/valgrind/usr/libexec/valgrind/vgpreload_memcheck-amd64-linux.so)
==2406856==    by 0x22E5C032: _RNvXs0_NvMs_NtNtCs6i54tJFfzR_5alloc3ffi5c_strNtBa_7CString3newReNtB5_11SpecNewImpl13spec_new_impl (in /mnt/c/Users/guido/ghq/projects/rustdom/dist/rustdom.node)
==2406856==    by 0x22E112BF: _RNvMs2_NtNtCsbKcx7MMum66_4napi9js_values15object_propertyNtB5_8Property14with_utf8_name (in /mnt/c/Users/guido/ghq/projects/rustdom/dist/rustdom.node)
==2406856==    by 0x22DCB65A: _RNvNvNvNvNtNtNtCsdulfWib0rSm_7rustdom3dom19range_state_binding32___napi_impl_helper_NativeRange_937___napi_register__NativeRange_impl_1821__18___CTOR_PRIVATE_REF14___ctor_private (in /mnt/c/Users/guido/ghq/projects/rustdom/dist/rustdom.node)
==2406856==    by 0x681447D: call_init.part.0 (dl-init.c:70)
==2406856==    by 0x6814567: call_init (dl-init.c:33)
==2406856==    by 0x6814567: _dl_init (dl-init.c:117)
==2406856==    by 0x7522BB4: _dl_catch_exception (dl-error-skeleton.c:182)
==2406856==    by 0x681BFF5: dl_open_worker (dl-open.c:808)
==2406856==    by 0x681BFF5: dl_open_worker (dl-open.c:771)
==2406856==    by 0x7522B57: _dl_catch_exception (dl-error-skeleton.c:208)
==2406856==    by 0x681C34D: _dl_open (dl-open.c:883)
==2406856==    by 0x743E5FB: dlopen_doit (dlopen.c:56)
==2406856==    by 0x7522B57: _dl_catch_exception (dl-error-skeleton.c:208)
==2406856== 
==2406856== 7 bytes in 1 blocks are possibly lost in loss record 31 of 367
==2406856==    at 0x7056899: malloc (in /mnt/c/Users/guido/ghq/projects/rustdom/.tools/valgrind/usr/libexec/valgrind/vgpreload_memcheck-amd64-linux.so)
==2406856==    by 0x22E5C032: _RNvXs0_NvMs_NtNtCs6i54tJFfzR_5alloc3ffi5c_strNtBa_7CString3newReNtB5_11SpecNewImpl13spec_new_impl (in /mnt/c/Users/guido/ghq/projects/rustdom/dist/rustdom.node)
==2406856==    by 0x22E112BF: _RNvMs2_NtNtCsbKcx7MMum66_4napi9js_values15object_propertyNtB5_8Property14with_utf8_name (in /mnt/c/Users/guido/ghq/projects/rustdom/dist/rustdom.node)
==2406856==    by 0x22DCD58B: _RNvNvNvNvNtNtNtCsdulfWib0rSm_7rustdom3dom19tree_cursor_binding37___napi_impl_helper_NativeTraversal_1541___napi_register__NativeTraversal_impl_4011__18___CTOR_PRIVATE_REF14___ctor_private (in /mnt/c/Users/guido/ghq/projects/rustdom/dist/rustdom.node)
==2406856==    by 0x681447D: call_init.part.0 (dl-init.c:70)
==2406856==    by 0x6814567: call_init (dl-init.c:33)
==2406856==    by 0x6814567: _dl_init (dl-init.c:117)
==2406856==    by 0x7522BB4: _dl_catch_exception (dl-error-skeleton.c:182)
==2406856==    by 0x681BFF5: dl_open_worker (dl-open.c:808)
==2406856==    by 0x681BFF5: dl_open_worker (dl-open.c:771)
==2406856==    by 0x7522B57: _dl_catch_exception (dl-error-skeleton.c:208)
==2406856==    by 0x681C34D: _dl_open (dl-open.c:883)
==2406856==    by 0x743E5FB: dlopen_doit (dlopen.c:56)
==2406856==    by 0x7522B57: _dl_catch_exception (dl-error-skeleton.c:208)
==2406856== 
==2406856== 7 bytes in 1 blocks are possibly lost in loss record 32 of 367
==2406856==    at 0x7056899: malloc (in /mnt/c/Users/guido/ghq/projects/rustdom/.tools/valgrind/usr/libexec/valgrind/vgpreload_memcheck-amd64-linux.so)
==2406856==    by 0x22E5C032: _RNvXs0_NvMs_NtNtCs6i54tJFfzR_5alloc3ffi5c_strNtBa_7CString3newReNtB5_11SpecNewImpl13spec_new_impl (in /mnt/c/Users/guido/ghq/projects/rustdom/dist/rustdom.node)
==2406856==    by 0x22E112BF: _RNvMs2_NtNtCsbKcx7MMum66_4napi9js_values15object_propertyNtB5_8Property14with_utf8_name (in /mnt/c/Users/guido/ghq/projects/rustdom/dist/rustdom.node)
==2406856==    by 0x22DCD66A: _RNvNvNvNvNtNtNtCsdulfWib0rSm_7rustdom3dom19tree_cursor_binding37___napi_impl_helper_NativeTraversal_1541___napi_register__NativeTraversal_impl_4011__18___CTOR_PRIVATE_REF14___ctor_private (in /mnt/c/Users/guido/ghq/projects/rustdom/dist/rustdom.node)
==2406856==    by 0x681447D: call_init.part.0 (dl-init.c:70)
==2406856==    by 0x6814567: call_init (dl-init.c:33)
==2406856==    by 0x6814567: _dl_init (dl-init.c:117)
==2406856==    by 0x7522BB4: _dl_catch_exception (dl-error-skeleton.c:182)
==2406856==    by 0x681BFF5: dl_open_worker (dl-open.c:808)
==2406856==    by 0x681BFF5: dl_open_worker (dl-open.c:771)
==2406856==    by 0x7522B57: _dl_catch_exception (dl-error-skeleton.c:208)
==2406856==    by 0x681C34D: _dl_open (dl-open.c:883)
==2406856==    by 0x743E5FB: dlopen_doit (dlopen.c:56)
==2406856==    by 0x7522B57: _dl_catch_exception (dl-error-skeleton.c:208)
==2406856== 
==2406856== 7 bytes in 1 blocks are possibly lost in loss record 33 of 367
==2406856==    at 0x7056899: malloc (in /mnt/c/Users/guido/ghq/projects/rustdom/.tools/valgrind/usr/libexec/valgrind/vgpreload_memcheck-amd64-linux.so)
==2406856==    by 0x22E5C032: _RNvXs0_NvMs_NtNtCs6i54tJFfzR_5alloc3ffi5c_strNtBa_7CString3newReNtB5_11SpecNewImpl13spec_new_impl (in /mnt/c/Users/guido/ghq/projects/rustdom/dist/rustdom.node)
==2406856==    by 0x22E112BF: _RNvMs2_NtNtCsbKcx7MMum66_4napi9js_values15object_propertyNtB5_8Property14with_utf8_name (in /mnt/c/Users/guido/ghq/projects/rustdom/dist/rustdom.node)
==2406856==    by 0x22DCDFEA: _RNvNvNvNvNtNtNtCsdulfWib0rSm_7rustdom3dom19tree_cursor_binding46___napi_impl_helper_NativeTraversalOperation_1650___napi_register__NativeTraversalOperation_impl_4031__18___CTOR_PRIVATE_REF14___ctor_private (in /mnt/c/Users/guido/ghq/projects/rustdom/dist/rustdom.node)
==2406856==    by 0x681447D: call_init.part.0 (dl-init.c:70)
==2406856==    by 0x6814567: call_init (dl-init.c:33)
==2406856==    by 0x6814567: _dl_init (dl-init.c:117)
==2406856==    by 0x7522BB4: _dl_catch_exception (dl-error-skeleton.c:182)
==2406856==    by 0x681BFF5: dl_open_worker (dl-open.c:808)
==2406856==    by 0x681BFF5: dl_open_worker (dl-open.c:771)
==2406856==    by 0x7522B57: _dl_catch_exception (dl-error-skeleton.c:208)
==2406856==    by 0x681C34D: _dl_open (dl-open.c:883)
==2406856==    by 0x743E5FB: dlopen_doit (dlopen.c:56)
==2406856==    by 0x7522B57: _dl_catch_exception (dl-error-skeleton.c:208)
==2406856== 
==2406856== 7 bytes in 1 blocks are possibly lost in loss record 34 of 367
==2406856==    at 0x7056899: malloc (in /mnt/c/Users/guido/ghq/projects/rustdom/.tools/valgrind/usr/libexec/valgrind/vgpreload_memcheck-amd64-linux.so)
==2406856==    by 0x22E5C032: _RNvXs0_NvMs_NtNtCs6i54tJFfzR_5alloc3ffi5c_strNtBa_7CString3newReNtB5_11SpecNewImpl13spec_new_impl (in /mnt/c/Users/guido/ghq/projects/rustdom/dist/rustdom.node)
==2406856==    by 0x22E112BF: _RNvMs2_NtNtCsbKcx7MMum66_4napi9js_values15object_propertyNtB5_8Property14with_utf8_name (in /mnt/c/Users/guido/ghq/projects/rustdom/dist/rustdom.node)
==2406856==    by 0x22DCE5E8: _RNvNvNvNvNtNtNtCsdulfWib0rSm_7rustdom3dom19web_storage_binding39___napi_impl_helper_NativeStorageArea_1743___napi_register__NativeStorageArea_impl_4201__18___CTOR_PRIVATE_REF14___ctor_private (in /mnt/c/Users/guido/ghq/projects/rustdom/dist/rustdom.node)
==2406856==    by 0x681447D: call_init.part.0 (dl-init.c:70)
==2406856==    by 0x6814567: call_init (dl-init.c:33)
==2406856==    by 0x6814567: _dl_init (dl-init.c:117)
==2406856==    by 0x7522BB4: _dl_catch_exception (dl-error-skeleton.c:182)
==2406856==    by 0x681BFF5: dl_open_worker (dl-open.c:808)
==2406856==    by 0x681BFF5: dl_open_worker (dl-open.c:771)
==2406856==    by 0x7522B57: _dl_catch_exception (dl-error-skeleton.c:208)
==2406856==    by 0x681C34D: _dl_open (dl-open.c:883)
==2406856==    by 0x743E5FB: dlopen_doit (dlopen.c:56)
==2406856==    by 0x7522B57: _dl_catch_exception (dl-error-skeleton.c:208)
==2406856== 
==2406856== 7 bytes in 1 blocks are possibly lost in loss record 35 of 367
==2406856==    at 0x7056899: malloc (in /mnt/c/Users/guido/ghq/projects/rustdom/.tools/valgrind/usr/libexec/valgrind/vgpreload_memcheck-amd64-linux.so)
==2406856==    by 0x22E5C032: _RNvXs0_NvMs_NtNtCs6i54tJFfzR_5alloc3ffi5c_strNtBa_7CString3newReNtB5_11SpecNewImpl13spec_new_impl (in /mnt/c/Users/guido/ghq/projects/rustdom/dist/rustdom.node)
==2406856==    by 0x22E112BF: _RNvMs2_NtNtCsbKcx7MMum66_4napi9js_values15object_propertyNtB5_8Property14with_utf8_name (in /mnt/c/Users/guido/ghq/projects/rustdom/dist/rustdom.node)
==2406856==    by 0x22DCFEDB: _RNvNvNvNvNtNtNtCsdulfWib0rSm_7rustdom3dom21range_extract_binding39___napi_impl_helper_NativeRangeExtract_844___napi_register__NativeRangeExtract_impl_1531__18___CTOR_PRIVATE_REF14___ctor_private (in /mnt/c/Users/guido/ghq/projects/rustdom/dist/rustdom.node)
==2406856==    by 0x681447D: call_init.part.0 (dl-init.c:70)
==2406856==    by 0x6814567: call_init (dl-init.c:33)
==2406856==    by 0x6814567: _dl_init (dl-init.c:117)
==2406856==    by 0x7522BB4: _dl_catch_exception (dl-error-skeleton.c:182)
==2406856==    by 0x681BFF5: dl_open_worker (dl-open.c:808)
==2406856==    by 0x681BFF5: dl_open_worker (dl-open.c:771)
==2406856==    by 0x7522B57: _dl_catch_exception (dl-error-skeleton.c:208)
==2406856==    by 0x681C34D: _dl_open (dl-open.c:883)
==2406856==    by 0x743E5FB: dlopen_doit (dlopen.c:56)
==2406856==    by 0x7522B57: _dl_catch_exception (dl-error-skeleton.c:208)
==2406856== 
==2406856== 7 bytes in 1 blocks are possibly lost in loss record 36 of 367
==2406856==    at 0x7056899: malloc (in /mnt/c/Users/guido/ghq/projects/rustdom/.tools/valgrind/usr/libexec/valgrind/vgpreload_memcheck-amd64-linux.so)
==2406856==    by 0x22E5C032: _RNvXs0_NvMs_NtNtCs6i54tJFfzR_5alloc3ffi5c_strNtBa_7CString3newReNtB5_11SpecNewImpl13spec_new_impl (in /mnt/c/Users/guido/ghq/projects/rustdom/dist/rustdom.node)
==2406856==    by 0x22E112BF: _RNvMs2_NtNtCsbKcx7MMum66_4napi9js_values15object_propertyNtB5_8Property14with_utf8_name (in /mnt/c/Users/guido/ghq/projects/rustdom/dist/rustdom.node)
==2406856==    by 0x22DD0CAE: _RNvNvNvNvNtNtNtCsdulfWib0rSm_7rustdom3dom23event_listeners_binding43___napi_impl_helper_NativeListenerRegistry_347___napi_register__NativeListenerRegistry_impl_661__18___CTOR_PRIVATE_REF14___ctor_private (in /mnt/c/Users/guido/ghq/projects/rustdom/dist/rustdom.node)
==2406856==    by 0x681447D: call_init.part.0 (dl-init.c:70)
==2406856==    by 0x6814567: call_init (dl-init.c:33)
==2406856==    by 0x6814567: _dl_init (dl-init.c:117)
==2406856==    by 0x7522BB4: _dl_catch_exception (dl-error-skeleton.c:182)
==2406856==    by 0x681BFF5: dl_open_worker (dl-open.c:808)
==2406856==    by 0x681BFF5: dl_open_worker (dl-open.c:771)
==2406856==    by 0x7522B57: _dl_catch_exception (dl-error-skeleton.c:208)
==2406856==    by 0x681C34D: _dl_open (dl-open.c:883)
==2406856==    by 0x743E5FB: dlopen_doit (dlopen.c:56)
==2406856==    by 0x7522B57: _dl_catch_exception (dl-error-skeleton.c:208)
==2406856== 
==2406856== 7 bytes in 1 blocks are possibly lost in loss record 37 of 367
==2406856==    at 0x7056899: malloc (in /mnt/c/Users/guido/ghq/projects/rustdom/.tools/valgrind/usr/libexec/valgrind/vgpreload_memcheck-amd64-linux.so)
==2406856==    by 0x22E5C032: _RNvXs0_NvMs_NtNtCs6i54tJFfzR_5alloc3ffi5c_strNtBa_7CString3newReNtB5_11SpecNewImpl13spec_new_impl (in /mnt/c/Users/guido/ghq/projects/rustdom/dist/rustdom.node)
==2406856==    by 0x22E112BF: _RNvMs2_NtNtCsbKcx7MMum66_4napi9js_values15object_propertyNtB5_8Property14with_utf8_name (in /mnt/c/Users/guido/ghq/projects/rustdom/dist/rustdom.node)
==2406856==    by 0x22DD2725: _RNvNvNvNvNtNtNtCsdulfWib0rSm_7rustdom3dom23mutation_record_binding41___napi_impl_helper_NativeMutationRecord_546___napi_register__NativeMutationRecord_impl_1191__18___CTOR_PRIVATE_REF14___ctor_private (in /mnt/c/Users/guido/ghq/projects/rustdom/dist/rustdom.node)
==2406856==    by 0x681447D: call_init.part.0 (dl-init.c:70)
==2406856==    by 0x6814567: call_init (dl-init.c:33)
==2406856==    by 0x6814567: _dl_init (dl-init.c:117)
==2406856==    by 0x7522BB4: _dl_catch_exception (dl-error-skeleton.c:182)
==2406856==    by 0x681BFF5: dl_open_worker (dl-open.c:808)
==2406856==    by 0x681BFF5: dl_open_worker (dl-open.c:771)
==2406856==    by 0x7522B57: _dl_catch_exception (dl-error-skeleton.c:208)
==2406856==    by 0x681C34D: _dl_open (dl-open.c:883)
==2406856==    by 0x743E5FB: dlopen_doit (dlopen.c:56)
==2406856==    by 0x7522B57: _dl_catch_exception (dl-error-skeleton.c:208)
==2406856== 
==2406856== 7 bytes in 1 blocks are possibly lost in loss record 38 of 367
==2406856==    at 0x7056899: malloc (in /mnt/c/Users/guido/ghq/projects/rustdom/.tools/valgrind/usr/libexec/valgrind/vgpreload_memcheck-amd64-linux.so)
==2406856==    by 0x22E5C032: _RNvXs0_NvMs_NtNtCs6i54tJFfzR_5alloc3ffi5c_strNtBa_7CString3newReNtB5_11SpecNewImpl13spec_new_impl (in /mnt/c/Users/guido/ghq/projects/rustdom/dist/rustdom.node)
==2406856==    by 0x22E112BF: _RNvMs2_NtNtCsbKcx7MMum66_4napi9js_values15object_propertyNtB5_8Property14with_utf8_name (in /mnt/c/Users/guido/ghq/projects/rustdom/dist/rustdom.node)
==2406856==    by 0x22DD351B: _RNvNvNvNvNtNtNtCsdulfWib0rSm_7rustdom3dom23slot_assignment_binding48___napi_impl_helper_NativeSlotAssignmentDriver_1052___napi_register__NativeSlotAssignmentDriver_impl_1911__18___CTOR_PRIVATE_REF14___ctor_private (in /mnt/c/Users/guido/ghq/projects/rustdom/dist/rustdom.node)
==2406856==    by 0x681447D: call_init.part.0 (dl-init.c:70)
==2406856==    by 0x6814567: call_init (dl-init.c:33)
==2406856==    by 0x6814567: _dl_init (dl-init.c:117)
==2406856==    by 0x7522BB4: _dl_catch_exception (dl-error-skeleton.c:182)
==2406856==    by 0x681BFF5: dl_open_worker (dl-open.c:808)
==2406856==    by 0x681BFF5: dl_open_worker (dl-open.c:771)
==2406856==    by 0x7522B57: _dl_catch_exception (dl-error-skeleton.c:208)
==2406856==    by 0x681C34D: _dl_open (dl-open.c:883)
==2406856==    by 0x743E5FB: dlopen_doit (dlopen.c:56)
==2406856==    by 0x7522B57: _dl_catch_exception (dl-error-skeleton.c:208)
==2406856== 
==2406856== 7 bytes in 1 blocks are possibly lost in loss record 39 of 367
==2406856==    at 0x7056899: malloc (in /mnt/c/Users/guido/ghq/projects/rustdom/.tools/valgrind/usr/libexec/valgrind/vgpreload_memcheck-amd64-linux.so)
==2406856==    by 0x22E5C032: _RNvXs0_NvMs_NtNtCs6i54tJFfzR_5alloc3ffi5c_strNtBa_7CString3newReNtB5_11SpecNewImpl13spec_new_impl (in /mnt/c/Users/guido/ghq/projects/rustdom/dist/rustdom.node)
==2406856==    by 0x22E112BF: _RNvMs2_NtNtCsbKcx7MMum66_4napi9js_values15object_propertyNtB5_8Property14with_utf8_name (in /mnt/c/Users/guido/ghq/projects/rustdom/dist/rustdom.node)
==2406856==    by 0x22DD3DEB: _RNvNvNvNvNtNtNtCsdulfWib0rSm_7rustdom3dom25observer_delivery_binding43___napi_impl_helper_NativeObserverDelivery_648___napi_register__NativeObserverDelivery_impl_1321__18___CTOR_PRIVATE_REF14___ctor_private (in /mnt/c/Users/guido/ghq/projects/rustdom/dist/rustdom.node)
==2406856==    by 0x681447D: call_init.part.0 (dl-init.c:70)
==2406856==    by 0x6814567: call_init (dl-init.c:33)
==2406856==    by 0x6814567: _dl_init (dl-init.c:117)
==2406856==    by 0x7522BB4: _dl_catch_exception (dl-error-skeleton.c:182)
==2406856==    by 0x681BFF5: dl_open_worker (dl-open.c:808)
==2406856==    by 0x681BFF5: dl_open_worker (dl-open.c:771)
==2406856==    by 0x7522B57: _dl_catch_exception (dl-error-skeleton.c:208)
==2406856==    by 0x681C34D: _dl_open (dl-open.c:883)
==2406856==    by 0x743E5FB: dlopen_doit (dlopen.c:56)
==2406856==    by 0x7522B57: _dl_catch_exception (dl-error-skeleton.c:208)
==2406856== 
==2406856== 7 bytes in 1 blocks are possibly lost in loss record 40 of 367
==2406856==    at 0x7056899: malloc (in /mnt/c/Users/guido/ghq/projects/rustdom/.tools/valgrind/usr/libexec/valgrind/vgpreload_memcheck-amd64-linux.so)
==2406856==    by 0x22E5C032: _RNvXs0_NvMs_NtNtCs6i54tJFfzR_5alloc3ffi5c_strNtBa_7CString3newReNtB5_11SpecNewImpl13spec_new_impl (in /mnt/c/Users/guido/ghq/projects/rustdom/dist/rustdom.node)
==2406856==    by 0x22E112BF: _RNvMs2_NtNtCsbKcx7MMum66_4napi9js_values15object_propertyNtB5_8Property14with_utf8_name (in /mnt/c/Users/guido/ghq/projects/rustdom/dist/rustdom.node)
==2406856==    by 0x22DAEEAE: _RNvNvNtNtNtCsdulfWib0rSm_7rustdom3dom4tree32___napi_impl_helper_NativeTree_1436___napi_register__NativeTree_impl_38720___ctor_private_inner (in /mnt/c/Users/guido/ghq/projects/rustdom/dist/rustdom.node)
==2406856==    by 0x22DD6E85: _RNvNvNvNvNtNtNtCsdulfWib0rSm_7rustdom3dom4tree32___napi_impl_helper_NativeTree_1436___napi_register__NativeTree_impl_3871__18___CTOR_PRIVATE_REF14___ctor_private (in /mnt/c/Users/guido/ghq/projects/rustdom/dist/rustdom.node)
==2406856==    by 0x681447D: call_init.part.0 (dl-init.c:70)
==2406856==    by 0x6814567: call_init (dl-init.c:33)
==2406856==    by 0x6814567: _dl_init (dl-init.c:117)
==2406856==    by 0x7522BB4: _dl_catch_exception (dl-error-skeleton.c:182)
==2406856==    by 0x681BFF5: dl_open_worker (dl-open.c:808)
==2406856==    by 0x681BFF5: dl_open_worker (dl-open.c:771)
==2406856==    by 0x7522B57: _dl_catch_exception (dl-error-skeleton.c:208)
==2406856==    by 0x681C34D: _dl_open (dl-open.c:883)
==2406856==    by 0x743E5FB: dlopen_doit (dlopen.c:56)
==2406856== 
==2406856== 7 bytes in 1 blocks are possibly lost in loss record 41 of 367
==2406856==    at 0x7056899: malloc (in /mnt/c/Users/guido/ghq/projects/rustdom/.tools/valgrind/usr/libexec/valgrind/vgpreload_memcheck-amd64-linux.so)
==2406856==    by 0x22E5C032: _RNvXs0_NvMs_NtNtCs6i54tJFfzR_5alloc3ffi5c_strNtBa_7CString3newReNtB5_11SpecNewImpl13spec_new_impl (in /mnt/c/Users/guido/ghq/projects/rustdom/dist/rustdom.node)
==2406856==    by 0x22E112BF: _RNvMs2_NtNtCsbKcx7MMum66_4napi9js_values15object_propertyNtB5_8Property14with_utf8_name (in /mnt/c/Users/guido/ghq/projects/rustdom/dist/rustdom.node)
==2406856==    by 0x22DB47C9: _RNvNvNtNtNtCsdulfWib0rSm_7rustdom3dom4tree32___napi_impl_helper_NativeTree_1436___napi_register__NativeTree_impl_38720___ctor_private_inner (in /mnt/c/Users/guido/ghq/projects/rustdom/dist/rustdom.node)
==2406856==    by 0x22DD6E85: _RNvNvNvNvNtNtNtCsdulfWib0rSm_7rustdom3dom4tree32___napi_impl_helper_NativeTree_1436___napi_register__NativeTree_impl_3871__18___CTOR_PRIVATE_REF14___ctor_private (in /mnt/c/Users/guido/ghq/projects/rustdom/dist/rustdom.node)
==2406856==    by 0x681447D: call_init.part.0 (dl-init.c:70)
==2406856==    by 0x6814567: call_init (dl-init.c:33)
==2406856==    by 0x6814567: _dl_init (dl-init.c:117)
==2406856==    by 0x7522BB4: _dl_catch_exception (dl-error-skeleton.c:182)
==2406856==    by 0x681BFF5: dl_open_worker (dl-open.c:808)
==2406856==    by 0x681BFF5: dl_open_worker (dl-open.c:771)
==2406856==    by 0x7522B57: _dl_catch_exception (dl-error-skeleton.c:208)
==2406856==    by 0x681C34D: _dl_open (dl-open.c:883)
==2406856==    by 0x743E5FB: dlopen_doit (dlopen.c:56)
==2406856== 
==2406856== 8 bytes in 1 blocks are still reachable in loss record 42 of 367
==2406856==    at 0x7057013: operator new(unsigned long) (in /mnt/c/Users/guido/ghq/projects/rustdom/.tools/valgrind/usr/libexec/valgrind/vgpreload_memcheck-amd64-linux.so)
==2406856==    by 0xCA93C7: v8::internal::ThreadIsolation::Initialize(v8::ThreadIsolatedAllocator*) (in /mnt/c/Users/guido/ghq/projects/rustdom/.tools/node/bin/node)
==2406856==    by 0xF72136: v8::internal::V8::Initialize() (in /mnt/c/Users/guido/ghq/projects/rustdom/.tools/node/bin/node)
==2406856==    by 0xBC8A1D: v8::V8::Initialize(int) (in /mnt/c/Users/guido/ghq/projects/rustdom/.tools/node/bin/node)
==2406856==    by 0x84B0A0: node::InitializeOncePerProcessInternal(std::vector<std::__cxx11::basic_string<char, std::char_traits<char>, std::allocator<char> >, std::allocator<std::__cxx11::basic_string<char, std::char_traits<char>, std::allocator<char> > > > const&, node::ProcessInitializationFlags::Flags) (in /mnt/c/Users/guido/ghq/projects/rustdom/.tools/node/bin/node)
==2406856==    by 0x84CAEB: node::Start(int, char**) (in /mnt/c/Users/guido/ghq/projects/rustdom/.tools/node/bin/node)
==2406856==    by 0x73D7D8F: (below main) (libc_start_call_main.h:58)
==2406856== 
==2406856== 8 bytes in 1 blocks are still reachable in loss record 43 of 367
==2406856==    at 0x7057013: operator new(unsigned long) (in /mnt/c/Users/guido/ghq/projects/rustdom/.tools/valgrind/usr/libexec/valgrind/vgpreload_memcheck-amd64-linux.so)
==2406856==    by 0x1912B8A: cppgc::internal::HeapRegistry::RegisterHeap(cppgc::internal::HeapBase&) (in /mnt/c/Users/guido/ghq/projects/rustdom/.tools/node/bin/node)
==2406856==    by 0x18FB450: cppgc::internal::HeapBase::HeapBase(std::shared_ptr<cppgc::Platform>, std::vector<std::unique_ptr<cppgc::CustomSpaceBase, std::default_delete<cppgc::CustomSpaceBase> >, std::allocator<std::unique_ptr<cppgc::CustomSpaceBase, std::default_delete<cppgc::CustomSpaceBase> > > > const&, cppgc::Heap::StackSupport, cppgc::Heap::MarkingType, cppgc::Heap::SweepingType, cppgc::internal::GarbageCollector&) (in /mnt/c/Users/guido/ghq/projects/rustdom/.tools/node/bin/node)
==2406856==    by 0xDD5EBA: v8::CppHeap::Create(v8::Platform*, v8::CppHeapCreateParams const&) (in /mnt/c/Users/guido/ghq/projects/rustdom/.tools/node/bin/node)
==2406856==    by 0x78D7FA: node::NewIsolate(v8::Isolate::CreateParams*, uv_loop_s*, node::MultiIsolatePlatform*, node::SnapshotData const*, node::IsolateSettings const&) (in /mnt/c/Users/guido/ghq/projects/rustdom/.tools/node/bin/node)
==2406856==    by 0x90ED28: node::NodeMainInstance::NodeMainInstance(node::SnapshotData const*, uv_loop_s*, node::MultiIsolatePlatform*, std::vector<std::__cxx11::basic_string<char, std::char_traits<char>, std::allocator<char> >, std::allocator<std::__cxx11::basic_string<char, std::char_traits<char>, std::allocator<char> > > > const&, std::vector<std::__cxx11::basic_string<char, std::char_traits<char>, std::allocator<char> >, std::allocator<std::__cxx11::basic_string<char, std::char_traits<char>, std::allocator<char> > > > const&) (in /mnt/c/Users/guido/ghq/projects/rustdom/.tools/node/bin/node)
==2406856==    by 0x84CE55: node::Start(int, char**) (in /mnt/c/Users/guido/ghq/projects/rustdom/.tools/node/bin/node)
==2406856==    by 0x73D7D8F: (below main) (libc_start_call_main.h:58)
==2406856== 
==2406856== 8 bytes in 1 blocks are possibly lost in loss record 44 of 367
==2406856==    at 0x7056899: malloc (in /mnt/c/Users/guido/ghq/projects/rustdom/.tools/valgrind/usr/libexec/valgrind/vgpreload_memcheck-amd64-linux.so)
==2406856==    by 0x22E5C032: _RNvXs0_NvMs_NtNtCs6i54tJFfzR_5alloc3ffi5c_strNtBa_7CString3newReNtB5_11SpecNewImpl13spec_new_impl (in /mnt/c/Users/guido/ghq/projects/rustdom/dist/rustdom.node)
==2406856==    by 0x22E112BF: _RNvMs2_NtNtCsbKcx7MMum66_4napi9js_values15object_propertyNtB5_8Property14with_utf8_name (in /mnt/c/Users/guido/ghq/projects/rustdom/dist/rustdom.node)
==2406856==    by 0x22DC1FC7: _RNvNvNvNvNtNtNtCsdulfWib0rSm_7rustdom3dom12blob_binding39___napi_impl_helper_NativeBlobMetadata_143___napi_register__NativeBlobMetadata_impl_281__18___CTOR_PRIVATE_REF14___ctor_private (in /mnt/c/Users/guido/ghq/projects/rustdom/dist/rustdom.node)
==2406856==    by 0x681447D: call_init.part.0 (dl-init.c:70)
==2406856==    by 0x6814567: call_init (dl-init.c:33)
==2406856==    by 0x6814567: _dl_init (dl-init.c:117)
==2406856==    by 0x7522BB4: _dl_catch_exception (dl-error-skeleton.c:182)
==2406856==    by 0x681BFF5: dl_open_worker (dl-open.c:808)
==2406856==    by 0x681BFF5: dl_open_worker (dl-open.c:771)
==2406856==    by 0x7522B57: _dl_catch_exception (dl-error-skeleton.c:208)
==2406856==    by 0x681C34D: _dl_open (dl-open.c:883)
==2406856==    by 0x743E5FB: dlopen_doit (dlopen.c:56)
==2406856==    by 0x7522B57: _dl_catch_exception (dl-error-skeleton.c:208)
==2406856== 
==2406856== 8 bytes in 1 blocks are possibly lost in loss record 45 of 367
==2406856==    at 0x7056899: malloc (in /mnt/c/Users/guido/ghq/projects/rustdom/.tools/valgrind/usr/libexec/valgrind/vgpreload_memcheck-amd64-linux.so)
==2406856==    by 0x22E5C032: _RNvXs0_NvMs_NtNtCs6i54tJFfzR_5alloc3ffi5c_strNtBa_7CString3newReNtB5_11SpecNewImpl13spec_new_impl (in /mnt/c/Users/guido/ghq/projects/rustdom/dist/rustdom.node)
==2406856==    by 0x22E112BF: _RNvMs2_NtNtCsbKcx7MMum66_4napi9js_values15object_propertyNtB5_8Property14with_utf8_name (in /mnt/c/Users/guido/ghq/projects/rustdom/dist/rustdom.node)
==2406856==    by 0x22DC433C: _RNvNvNvNvNtNtNtCsdulfWib0rSm_7rustdom3dom18token_list_binding36___napi_impl_helper_NativeTokenSet_1240___napi_register__NativeTokenSet_impl_2101__18___CTOR_PRIVATE_REF14___ctor_private (in /mnt/c/Users/guido/ghq/projects/rustdom/dist/rustdom.node)
==2406856==    by 0x681447D: call_init.part.0 (dl-init.c:70)
==2406856==    by 0x6814567: call_init (dl-init.c:33)
==2406856==    by 0x6814567: _dl_init (dl-init.c:117)
==2406856==    by 0x7522BB4: _dl_catch_exception (dl-error-skeleton.c:182)
==2406856==    by 0x681BFF5: dl_open_worker (dl-open.c:808)
==2406856==    by 0x681BFF5: dl_open_worker (dl-open.c:771)
==2406856==    by 0x7522B57: _dl_catch_exception (dl-error-skeleton.c:208)
==2406856==    by 0x681C34D: _dl_open (dl-open.c:883)
==2406856==    by 0x743E5FB: dlopen_doit (dlopen.c:56)
==2406856==    by 0x7522B57: _dl_catch_exception (dl-error-skeleton.c:208)
==2406856== 
==2406856== 8 bytes in 1 blocks are possibly lost in loss record 46 of 367
==2406856==    at 0x7056899: malloc (in /mnt/c/Users/guido/ghq/projects/rustdom/.tools/valgrind/usr/libexec/valgrind/vgpreload_memcheck-amd64-linux.so)
==2406856==    by 0x22E5C032: _RNvXs0_NvMs_NtNtCs6i54tJFfzR_5alloc3ffi5c_strNtBa_7CString3newReNtB5_11SpecNewImpl13spec_new_impl (in /mnt/c/Users/guido/ghq/projects/rustdom/dist/rustdom.node)
==2406856==    by 0x22E112BF: _RNvMs2_NtNtCsbKcx7MMum66_4napi9js_values15object_propertyNtB5_8Property14with_utf8_name (in /mnt/c/Users/guido/ghq/projects/rustdom/dist/rustdom.node)
==2406856==    by 0x22DC4F9B: _RNvNvNvNvNtNtNtCsdulfWib0rSm_7rustdom3dom19abort_state_binding37___napi_impl_helper_NativeAbortState_041___napi_register__NativeAbortState_impl_181__18___CTOR_PRIVATE_REF14___ctor_private (in /mnt/c/Users/guido/ghq/projects/rustdom/dist/rustdom.node)
==2406856==    by 0x681447D: call_init.part.0 (dl-init.c:70)
==2406856==    by 0x6814567: call_init (dl-init.c:33)
==2406856==    by 0x6814567: _dl_init (dl-init.c:117)
==2406856==    by 0x7522BB4: _dl_catch_exception (dl-error-skeleton.c:182)
==2406856==    by 0x681BFF5: dl_open_worker (dl-open.c:808)
==2406856==    by 0x681BFF5: dl_open_worker (dl-open.c:771)
==2406856==    by 0x7522B57: _dl_catch_exception (dl-error-skeleton.c:208)
==2406856==    by 0x681C34D: _dl_open (dl-open.c:883)
==2406856==    by 0x743E5FB: dlopen_doit (dlopen.c:56)
==2406856==    by 0x7522B57: _dl_catch_exception (dl-error-skeleton.c:208)
==2406856== 
==2406856== 8 bytes in 1 blocks are possibly lost in loss record 47 of 367
==2406856==    at 0x7056899: malloc (in /mnt/c/Users/guido/ghq/projects/rustdom/.tools/valgrind/usr/libexec/valgrind/vgpreload_memcheck-amd64-linux.so)
==2406856==    by 0x22E5C032: _RNvXs0_NvMs_NtNtCs6i54tJFfzR_5alloc3ffi5c_strNtBa_7CString3newReNtB5_11SpecNewImpl13spec_new_impl (in /mnt/c/Users/guido/ghq/projects/rustdom/dist/rustdom.node)
==2406856==    by 0x22E112BF: _RNvMs2_NtNtCsbKcx7MMum66_4napi9js_values15object_propertyNtB5_8Property14with_utf8_name (in /mnt/c/Users/guido/ghq/projects/rustdom/dist/rustdom.node)
==2406856==    by 0x22DC7BA2: _RNvNvNvNvNtNtNtCsdulfWib0rSm_7rustdom3dom19event_state_binding37___napi_impl_helper_NativeEventState_442___napi_register__NativeEventState_impl_1011__18___CTOR_PRIVATE_REF14___ctor_private (in /mnt/c/Users/guido/ghq/projects/rustdom/dist/rustdom.node)
==2406856==    by 0x681447D: call_init.part.0 (dl-init.c:70)
==2406856==    by 0x6814567: call_init (dl-init.c:33)
==2406856==    by 0x6814567: _dl_init (dl-init.c:117)
==2406856==    by 0x7522BB4: _dl_catch_exception (dl-error-skeleton.c:182)
==2406856==    by 0x681BFF5: dl_open_worker (dl-open.c:808)
==2406856==    by 0x681BFF5: dl_open_worker (dl-open.c:771)
==2406856==    by 0x7522B57: _dl_catch_exception (dl-error-skeleton.c:208)
==2406856==    by 0x681C34D: _dl_open (dl-open.c:883)
==2406856==    by 0x743E5FB: dlopen_doit (dlopen.c:56)
==2406856==    by 0x7522B57: _dl_catch_exception (dl-error-skeleton.c:208)
==2406856== 
==2406856== 8 bytes in 1 blocks are possibly lost in loss record 48 of 367
==2406856==    at 0x7056899: malloc (in /mnt/c/Users/guido/ghq/projects/rustdom/.tools/valgrind/usr/libexec/valgrind/vgpreload_memcheck-amd64-linux.so)
==2406856==    by 0x22E5C032: _RNvXs0_NvMs_NtNtCs6i54tJFfzR_5alloc3ffi5c_strNtBa_7CString3newReNtB5_11SpecNewImpl13spec_new_impl (in /mnt/c/Users/guido/ghq/projects/rustdom/dist/rustdom.node)
==2406856==    by 0x22E112BF: _RNvMs2_NtNtCsbKcx7MMum66_4napi9js_values15object_propertyNtB5_8Property14with_utf8_name (in /mnt/c/Users/guido/ghq/projects/rustdom/dist/rustdom.node)
==2406856==    by 0x22DCD760: _RNvNvNvNvNtNtNtCsdulfWib0rSm_7rustdom3dom19tree_cursor_binding37___napi_impl_helper_NativeTraversal_1541___napi_register__NativeTraversal_impl_4011__18___CTOR_PRIVATE_REF14___ctor_private (in /mnt/c/Users/guido/ghq/projects/rustdom/dist/rustdom.node)
==2406856==    by 0x681447D: call_init.part.0 (dl-init.c:70)
==2406856==    by 0x6814567: call_init (dl-init.c:33)
==2406856==    by 0x6814567: _dl_init (dl-init.c:117)
==2406856==    by 0x7522BB4: _dl_catch_exception (dl-error-skeleton.c:182)
==2406856==    by 0x681BFF5: dl_open_worker (dl-open.c:808)
==2406856==    by 0x681BFF5: dl_open_worker (dl-open.c:771)
==2406856==    by 0x7522B57: _dl_catch_exception (dl-error-skeleton.c:208)
==2406856==    by 0x681C34D: _dl_open (dl-open.c:883)
==2406856==    by 0x743E5FB: dlopen_doit (dlopen.c:56)
==2406856==    by 0x7522B57: _dl_catch_exception (dl-error-skeleton.c:208)
==2406856== 
==2406856== 8 bytes in 1 blocks are possibly lost in loss record 49 of 367
==2406856==    at 0x7056899: malloc (in /mnt/c/Users/guido/ghq/projects/rustdom/.tools/valgrind/usr/libexec/valgrind/vgpreload_memcheck-amd64-linux.so)
==2406856==    by 0x22E5C032: _RNvXs0_NvMs_NtNtCs6i54tJFfzR_5alloc3ffi5c_strNtBa_7CString3newReNtB5_11SpecNewImpl13spec_new_impl (in /mnt/c/Users/guido/ghq/projects/rustdom/dist/rustdom.node)
==2406856==    by 0x22E112BF: _RNvMs2_NtNtCsbKcx7MMum66_4napi9js_values15object_propertyNtB5_8Property14with_utf8_name (in /mnt/c/Users/guido/ghq/projects/rustdom/dist/rustdom.node)
==2406856==    by 0x22DCEA00: _RNvNvNvNvNtNtNtCsdulfWib0rSm_7rustdom3dom19web_storage_binding39___napi_impl_helper_NativeStorageArea_1743___napi_register__NativeStorageArea_impl_4201__18___CTOR_PRIVATE_REF14___ctor_private (in /mnt/c/Users/guido/ghq/projects/rustdom/dist/rustdom.node)
==2406856==    by 0x681447D: call_init.part.0 (dl-init.c:70)
==2406856==    by 0x6814567: call_init (dl-init.c:33)
==2406856==    by 0x6814567: _dl_init (dl-init.c:117)
==2406856==    by 0x7522BB4: _dl_catch_exception (dl-error-skeleton.c:182)
==2406856==    by 0x681BFF5: dl_open_worker (dl-open.c:808)
==2406856==    by 0x681BFF5: dl_open_worker (dl-open.c:771)
==2406856==    by 0x7522B57: _dl_catch_exception (dl-error-skeleton.c:208)
==2406856==    by 0x681C34D: _dl_open (dl-open.c:883)
==2406856==    by 0x743E5FB: dlopen_doit (dlopen.c:56)
==2406856==    by 0x7522B57: _dl_catch_exception (dl-error-skeleton.c:208)
==2406856== 
==2406856== 8 bytes in 1 blocks are possibly lost in loss record 50 of 367
==2406856==    at 0x7056899: malloc (in /mnt/c/Users/guido/ghq/projects/rustdom/.tools/valgrind/usr/libexec/valgrind/vgpreload_memcheck-amd64-linux.so)
==2406856==    by 0x22E5C032: _RNvXs0_NvMs_NtNtCs6i54tJFfzR_5alloc3ffi5c_strNtBa_7CString3newReNtB5_11SpecNewImpl13spec_new_impl (in /mnt/c/Users/guido/ghq/projects/rustdom/dist/rustdom.node)
==2406856==    by 0x22E112BF: _RNvMs2_NtNtCsbKcx7MMum66_4napi9js_values15object_propertyNtB5_8Property14with_utf8_name (in /mnt/c/Users/guido/ghq/projects/rustdom/dist/rustdom.node)
==2406856==    by 0x22DB303F: _RNvNvNtNtNtCsdulfWib0rSm_7rustdom3dom4tree32___napi_impl_helper_NativeTree_1436___napi_register__NativeTree_impl_38720___ctor_private_inner (in /mnt/c/Users/guido/ghq/projects/rustdom/dist/rustdom.node)
==2406856==    by 0x22DD6E85: _RNvNvNvNvNtNtNtCsdulfWib0rSm_7rustdom3dom4tree32___napi_impl_helper_NativeTree_1436___napi_register__NativeTree_impl_3871__18___CTOR_PRIVATE_REF14___ctor_private (in /mnt/c/Users/guido/ghq/projects/rustdom/dist/rustdom.node)
==2406856==    by 0x681447D: call_init.part.0 (dl-init.c:70)
==2406856==    by 0x6814567: call_init (dl-init.c:33)
==2406856==    by 0x6814567: _dl_init (dl-init.c:117)
==2406856==    by 0x7522BB4: _dl_catch_exception (dl-error-skeleton.c:182)
==2406856==    by 0x681BFF5: dl_open_worker (dl-open.c:808)
==2406856==    by 0x681BFF5: dl_open_worker (dl-open.c:771)
==2406856==    by 0x7522B57: _dl_catch_exception (dl-error-skeleton.c:208)
==2406856==    by 0x681C34D: _dl_open (dl-open.c:883)
==2406856==    by 0x743E5FB: dlopen_doit (dlopen.c:56)
==2406856== 
==2406856== 8 bytes in 1 blocks are possibly lost in loss record 51 of 367
==2406856==    at 0x7056899: malloc (in /mnt/c/Users/guido/ghq/projects/rustdom/.tools/valgrind/usr/libexec/valgrind/vgpreload_memcheck-amd64-linux.so)
==2406856==    by 0x22E5C032: _RNvXs0_NvMs_NtNtCs6i54tJFfzR_5alloc3ffi5c_strNtBa_7CString3newReNtB5_11SpecNewImpl13spec_new_impl (in /mnt/c/Users/guido/ghq/projects/rustdom/dist/rustdom.node)
==2406856==    by 0x22E112BF: _RNvMs2_NtNtCsbKcx7MMum66_4napi9js_values15object_propertyNtB5_8Property14with_utf8_name (in /mnt/c/Users/guido/ghq/projects/rustdom/dist/rustdom.node)
==2406856==    by 0x22DB45BD: _RNvNvNtNtNtCsdulfWib0rSm_7rustdom3dom4tree32___napi_impl_helper_NativeTree_1436___napi_register__NativeTree_impl_38720___ctor_private_inner (in /mnt/c/Users/guido/ghq/projects/rustdom/dist/rustdom.node)
==2406856==    by 0x22DD6E85: _RNvNvNvNvNtNtNtCsdulfWib0rSm_7rustdom3dom4tree32___napi_impl_helper_NativeTree_1436___napi_register__NativeTree_impl_3871__18___CTOR_PRIVATE_REF14___ctor_private (in /mnt/c/Users/guido/ghq/projects/rustdom/dist/rustdom.node)
==2406856==    by 0x681447D: call_init.part.0 (dl-init.c:70)
==2406856==    by 0x6814567: call_init (dl-init.c:33)
==2406856==    by 0x6814567: _dl_init (dl-init.c:117)
==2406856==    by 0x7522BB4: _dl_catch_exception (dl-error-skeleton.c:182)
==2406856==    by 0x681BFF5: dl_open_worker (dl-open.c:808)
==2406856==    by 0x681BFF5: dl_open_worker (dl-open.c:771)
==2406856==    by 0x7522B57: _dl_catch_exception (dl-error-skeleton.c:208)
==2406856==    by 0x681C34D: _dl_open (dl-open.c:883)
==2406856==    by 0x743E5FB: dlopen_doit (dlopen.c:56)
==2406856== 
==2406856== 8 bytes in 1 blocks are possibly lost in loss record 52 of 367
==2406856==    at 0x7056899: malloc (in /mnt/c/Users/guido/ghq/projects/rustdom/.tools/valgrind/usr/libexec/valgrind/vgpreload_memcheck-amd64-linux.so)
==2406856==    by 0x22E5C032: _RNvXs0_NvMs_NtNtCs6i54tJFfzR_5alloc3ffi5c_strNtBa_7CString3newReNtB5_11SpecNewImpl13spec_new_impl (in /mnt/c/Users/guido/ghq/projects/rustdom/dist/rustdom.node)
==2406856==    by 0x22E112BF: _RNvMs2_NtNtCsbKcx7MMum66_4napi9js_values15object_propertyNtB5_8Property14with_utf8_name (in /mnt/c/Users/guido/ghq/projects/rustdom/dist/rustdom.node)
==2406856==    by 0x22DB5517: _RNvNvNtNtNtCsdulfWib0rSm_7rustdom3dom4tree32___napi_impl_helper_NativeTree_1436___napi_register__NativeTree_impl_38720___ctor_private_inner (in /mnt/c/Users/guido/ghq/projects/rustdom/dist/rustdom.node)
==2406856==    by 0x22DD6E85: _RNvNvNvNvNtNtNtCsdulfWib0rSm_7rustdom3dom4tree32___napi_impl_helper_NativeTree_1436___napi_register__NativeTree_impl_3871__18___CTOR_PRIVATE_REF14___ctor_private (in /mnt/c/Users/guido/ghq/projects/rustdom/dist/rustdom.node)
==2406856==    by 0x681447D: call_init.part.0 (dl-init.c:70)
==2406856==    by 0x6814567: call_init (dl-init.c:33)
==2406856==    by 0x6814567: _dl_init (dl-init.c:117)
==2406856==    by 0x7522BB4: _dl_catch_exception (dl-error-skeleton.c:182)
==2406856==    by 0x681BFF5: dl_open_worker (dl-open.c:808)
==2406856==    by 0x681BFF5: dl_open_worker (dl-open.c:771)
==2406856==    by 0x7522B57: _dl_catch_exception (dl-error-skeleton.c:208)
==2406856==    by 0x681C34D: _dl_open (dl-open.c:883)
==2406856==    by 0x743E5FB: dlopen_doit (dlopen.c:56)
==2406856== 
==2406856== 9 bytes in 1 blocks are possibly lost in loss record 53 of 367
==2406856==    at 0x7056899: malloc (in /mnt/c/Users/guido/ghq/projects/rustdom/.tools/valgrind/usr/libexec/valgrind/vgpreload_memcheck-amd64-linux.so)
==2406856==    by 0x22E5C032: _RNvXs0_NvMs_NtNtCs6i54tJFfzR_5alloc3ffi5c_strNtBa_7CString3newReNtB5_11SpecNewImpl13spec_new_impl (in /mnt/c/Users/guido/ghq/projects/rustdom/dist/rustdom.node)
==2406856==    by 0x22E112BF: _RNvMs2_NtNtCsbKcx7MMum66_4napi9js_values15object_propertyNtB5_8Property14with_utf8_name (in /mnt/c/Users/guido/ghq/projects/rustdom/dist/rustdom.node)
==2406856==    by 0x22DC1CCC: _RNvNvNvNvNtNtNtCsdulfWib0rSm_7rustdom3dom12blob_binding39___napi_impl_helper_NativeBlobMetadata_143___napi_register__NativeBlobMetadata_impl_281__18___CTOR_PRIVATE_REF14___ctor_private (in /mnt/c/Users/guido/ghq/projects/rustdom/dist/rustdom.node)
==2406856==    by 0x681447D: call_init.part.0 (dl-init.c:70)
==2406856==    by 0x6814567: call_init (dl-init.c:33)
==2406856==    by 0x6814567: _dl_init (dl-init.c:117)
==2406856==    by 0x7522BB4: _dl_catch_exception (dl-error-skeleton.c:182)
==2406856==    by 0x681BFF5: dl_open_worker (dl-open.c:808)
==2406856==    by 0x681BFF5: dl_open_worker (dl-open.c:771)
==2406856==    by 0x7522B57: _dl_catch_exception (dl-error-skeleton.c:208)
==2406856==    by 0x681C34D: _dl_open (dl-open.c:883)
==2406856==    by 0x743E5FB: dlopen_doit (dlopen.c:56)
==2406856==    by 0x7522B57: _dl_catch_exception (dl-error-skeleton.c:208)
==2406856== 
==2406856== 9 bytes in 1 blocks are possibly lost in loss record 54 of 367
==2406856==    at 0x7056899: malloc (in /mnt/c/Users/guido/ghq/projects/rustdom/.tools/valgrind/usr/libexec/valgrind/vgpreload_memcheck-amd64-linux.so)
==2406856==    by 0x22E5C032: _RNvXs0_NvMs_NtNtCs6i54tJFfzR_5alloc3ffi5c_strNtBa_7CString3newReNtB5_11SpecNewImpl13spec_new_impl (in /mnt/c/Users/guido/ghq/projects/rustdom/dist/rustdom.node)
==2406856==    by 0x22E112BF: _RNvMs2_NtNtCsbKcx7MMum66_4napi9js_values15object_propertyNtB5_8Property14with_utf8_name (in /mnt/c/Users/guido/ghq/projects/rustdom/dist/rustdom.node)
==2406856==    by 0x22DC1EC2: _RNvNvNvNvNtNtNtCsdulfWib0rSm_7rustdom3dom12blob_binding39___napi_impl_helper_NativeBlobMetadata_143___napi_register__NativeBlobMetadata_impl_281__18___CTOR_PRIVATE_REF14___ctor_private (in /mnt/c/Users/guido/ghq/projects/rustdom/dist/rustdom.node)
==2406856==    by 0x681447D: call_init.part.0 (dl-init.c:70)
==2406856==    by 0x6814567: call_init (dl-init.c:33)
==2406856==    by 0x6814567: _dl_init (dl-init.c:117)
==2406856==    by 0x7522BB4: _dl_catch_exception (dl-error-skeleton.c:182)
==2406856==    by 0x681BFF5: dl_open_worker (dl-open.c:808)
==2406856==    by 0x681BFF5: dl_open_worker (dl-open.c:771)
==2406856==    by 0x7522B57: _dl_catch_exception (dl-error-skeleton.c:208)
==2406856==    by 0x681C34D: _dl_open (dl-open.c:883)
==2406856==    by 0x743E5FB: dlopen_doit (dlopen.c:56)
==2406856==    by 0x7522B57: _dl_catch_exception (dl-error-skeleton.c:208)
==2406856== 
==2406856== 9 bytes in 1 blocks are possibly lost in loss record 55 of 367
==2406856==    at 0x7056899: malloc (in /mnt/c/Users/guido/ghq/projects/rustdom/.tools/valgrind/usr/libexec/valgrind/vgpreload_memcheck-amd64-linux.so)
==2406856==    by 0x22E5C032: _RNvXs0_NvMs_NtNtCs6i54tJFfzR_5alloc3ffi5c_strNtBa_7CString3newReNtB5_11SpecNewImpl13spec_new_impl (in /mnt/c/Users/guido/ghq/projects/rustdom/dist/rustdom.node)
==2406856==    by 0x22E112BF: _RNvMs2_NtNtCsbKcx7MMum66_4napi9js_values15object_propertyNtB5_8Property14with_utf8_name (in /mnt/c/Users/guido/ghq/projects/rustdom/dist/rustdom.node)
==2406856==    by 0x22DC2DDE: _RNvNvNvNvNtNtNtCsdulfWib0rSm_7rustdom3dom16dom_rect_binding34___napi_impl_helper_NativeDomRect_238___napi_register__NativeDomRect_impl_501__18___CTOR_PRIVATE_REF14___ctor_private (in /mnt/c/Users/guido/ghq/projects/rustdom/dist/rustdom.node)
==2406856==    by 0x681447D: call_init.part.0 (dl-init.c:70)
==2406856==    by 0x6814567: call_init (dl-init.c:33)
==2406856==    by 0x6814567: _dl_init (dl-init.c:117)
==2406856==    by 0x7522BB4: _dl_catch_exception (dl-error-skeleton.c:182)
==2406856==    by 0x681BFF5: dl_open_worker (dl-open.c:808)
==2406856==    by 0x681BFF5: dl_open_worker (dl-open.c:771)
==2406856==    by 0x7522B57: _dl_catch_exception (dl-error-skeleton.c:208)
==2406856==    by 0x681C34D: _dl_open (dl-open.c:883)
==2406856==    by 0x743E5FB: dlopen_doit (dlopen.c:56)
==2406856==    by 0x7522B57: _dl_catch_exception (dl-error-skeleton.c:208)
==2406856== 
==2406856== 9 bytes in 1 blocks are possibly lost in loss record 56 of 367
==2406856==    at 0x7056899: malloc (in /mnt/c/Users/guido/ghq/projects/rustdom/.tools/valgrind/usr/libexec/valgrind/vgpreload_memcheck-amd64-linux.so)
==2406856==    by 0x22E5C032: _RNvXs0_NvMs_NtNtCs6i54tJFfzR_5alloc3ffi5c_strNtBa_7CString3newReNtB5_11SpecNewImpl13spec_new_impl (in /mnt/c/Users/guido/ghq/projects/rustdom/dist/rustdom.node)
==2406856==    by 0x22E112BF: _RNvMs2_NtNtCsbKcx7MMum66_4napi9js_values15object_propertyNtB5_8Property14with_utf8_name (in /mnt/c/Users/guido/ghq/projects/rustdom/dist/rustdom.node)
==2406856==    by 0x22DC40AB: _RNvNvNvNvNtNtNtCsdulfWib0rSm_7rustdom3dom18token_list_binding36___napi_impl_helper_NativeTokenSet_1240___napi_register__NativeTokenSet_impl_2101__18___CTOR_PRIVATE_REF14___ctor_private (in /mnt/c/Users/guido/ghq/projects/rustdom/dist/rustdom.node)
==2406856==    by 0x681447D: call_init.part.0 (dl-init.c:70)
==2406856==    by 0x6814567: call_init (dl-init.c:33)
==2406856==    by 0x6814567: _dl_init (dl-init.c:117)
==2406856==    by 0x7522BB4: _dl_catch_exception (dl-error-skeleton.c:182)
==2406856==    by 0x681BFF5: dl_open_worker (dl-open.c:808)
==2406856==    by 0x681BFF5: dl_open_worker (dl-open.c:771)
==2406856==    by 0x7522B57: _dl_catch_exception (dl-error-skeleton.c:208)
==2406856==    by 0x681C34D: _dl_open (dl-open.c:883)
==2406856==    by 0x743E5FB: dlopen_doit (dlopen.c:56)
==2406856==    by 0x7522B57: _dl_catch_exception (dl-error-skeleton.c:208)
==2406856== 
==2406856== 9 bytes in 1 blocks are possibly lost in loss record 57 of 367
==2406856==    at 0x7056899: malloc (in /mnt/c/Users/guido/ghq/projects/rustdom/.tools/valgrind/usr/libexec/valgrind/vgpreload_memcheck-amd64-linux.so)
==2406856==    by 0x22E5C032: _RNvXs0_NvMs_NtNtCs6i54tJFfzR_5alloc3ffi5c_strNtBa_7CString3newReNtB5_11SpecNewImpl13spec_new_impl (in /mnt/c/Users/guido/ghq/projects/rustdom/dist/rustdom.node)
==2406856==    by 0x22E112BF: _RNvMs2_NtNtCsbKcx7MMum66_4napi9js_values15object_propertyNtB5_8Property14with_utf8_name (in /mnt/c/Users/guido/ghq/projects/rustdom/dist/rustdom.node)
==2406856==    by 0x22DC4AA7: _RNvNvNvNvNtNtNtCsdulfWib0rSm_7rustdom3dom18token_list_binding37___napi_impl_helper_NativeTokenList_1141___napi_register__NativeTokenList_impl_2051__18___CTOR_PRIVATE_REF14___ctor_private (in /mnt/c/Users/guido/ghq/projects/rustdom/dist/rustdom.node)
==2406856==    by 0x681447D: call_init.part.0 (dl-init.c:70)
==2406856==    by 0x6814567: call_init (dl-init.c:33)
==2406856==    by 0x6814567: _dl_init (dl-init.c:117)
==2406856==    by 0x7522BB4: _dl_catch_exception (dl-error-skeleton.c:182)
==2406856==    by 0x681BFF5: dl_open_worker (dl-open.c:808)
==2406856==    by 0x681BFF5: dl_open_worker (dl-open.c:771)
==2406856==    by 0x7522B57: _dl_catch_exception (dl-error-skeleton.c:208)
==2406856==    by 0x681C34D: _dl_open (dl-open.c:883)
==2406856==    by 0x743E5FB: dlopen_doit (dlopen.c:56)
==2406856==    by 0x7522B57: _dl_catch_exception (dl-error-skeleton.c:208)
==2406856== 
==2406856== 9 bytes in 1 blocks are possibly lost in loss record 58 of 367
==2406856==    at 0x7056899: malloc (in /mnt/c/Users/guido/ghq/projects/rustdom/.tools/valgrind/usr/libexec/valgrind/vgpreload_memcheck-amd64-linux.so)
==2406856==    by 0x22E5C032: _RNvXs0_NvMs_NtNtCs6i54tJFfzR_5alloc3ffi5c_strNtBa_7CString3newReNtB5_11SpecNewImpl13spec_new_impl (in /mnt/c/Users/guido/ghq/projects/rustdom/dist/rustdom.node)
==2406856==    by 0x22E112BF: _RNvMs2_NtNtCsbKcx7MMum66_4napi9js_values15object_propertyNtB5_8Property14with_utf8_name (in /mnt/c/Users/guido/ghq/projects/rustdom/dist/rustdom.node)
==2406856==    by 0x22DCA03A: _RNvNvNvNvNtNtNtCsdulfWib0rSm_7rustdom3dom19range_clone_binding37___napi_impl_helper_NativeRangeClone_742___napi_register__NativeRangeClone_impl_1451__18___CTOR_PRIVATE_REF14___ctor_private (in /mnt/c/Users/guido/ghq/projects/rustdom/dist/rustdom.node)
==2406856==    by 0x681447D: call_init.part.0 (dl-init.c:70)
==2406856==    by 0x6814567: call_init (dl-init.c:33)
==2406856==    by 0x6814567: _dl_init (dl-init.c:117)
==2406856==    by 0x7522BB4: _dl_catch_exception (dl-error-skeleton.c:182)
==2406856==    by 0x681BFF5: dl_open_worker (dl-open.c:808)
==2406856==    by 0x681BFF5: dl_open_worker (dl-open.c:771)
==2406856==    by 0x7522B57: _dl_catch_exception (dl-error-skeleton.c:208)
==2406856==    by 0x681C34D: _dl_open (dl-open.c:883)
==2406856==    by 0x743E5FB: dlopen_doit (dlopen.c:56)
==2406856==    by 0x7522B57: _dl_catch_exception (dl-error-skeleton.c:208)
==2406856== 
==2406856== 9 bytes in 1 blocks are possibly lost in loss record 59 of 367
==2406856==    at 0x7056899: malloc (in /mnt/c/Users/guido/ghq/projects/rustdom/.tools/valgrind/usr/libexec/valgrind/vgpreload_memcheck-amd64-linux.so)
==2406856==    by 0x22E5C032: _RNvXs0_NvMs_NtNtCs6i54tJFfzR_5alloc3ffi5c_strNtBa_7CString3newReNtB5_11SpecNewImpl13spec_new_impl (in /mnt/c/Users/guido/ghq/projects/rustdom/dist/rustdom.node)
==2406856==    by 0x22E112BF: _RNvMs2_NtNtCsbKcx7MMum66_4napi9js_values15object_propertyNtB5_8Property14with_utf8_name (in /mnt/c/Users/guido/ghq/projects/rustdom/dist/rustdom.node)
==2406856==    by 0x22DCB760: _RNvNvNvNvNtNtNtCsdulfWib0rSm_7rustdom3dom19range_state_binding32___napi_impl_helper_NativeRange_937___napi_register__NativeRange_impl_1821__18___CTOR_PRIVATE_REF14___ctor_private (in /mnt/c/Users/guido/ghq/projects/rustdom/dist/rustdom.node)
==2406856==    by 0x681447D: call_init.part.0 (dl-init.c:70)
==2406856==    by 0x6814567: call_init (dl-init.c:33)
==2406856==    by 0x6814567: _dl_init (dl-init.c:117)
==2406856==    by 0x7522BB4: _dl_catch_exception (dl-error-skeleton.c:182)
==2406856==    by 0x681BFF5: dl_open_worker (dl-open.c:808)
==2406856==    by 0x681BFF5: dl_open_worker (dl-open.c:771)
==2406856==    by 0x7522B57: _dl_catch_exception (dl-error-skeleton.c:208)
==2406856==    by 0x681C34D: _dl_open (dl-open.c:883)
==2406856==    by 0x743E5FB: dlopen_doit (dlopen.c:56)
==2406856==    by 0x7522B57: _dl_catch_exception (dl-error-skeleton.c:208)
==2406856== 
==2406856== 9 bytes in 1 blocks are possibly lost in loss record 60 of 367
==2406856==    at 0x7056899: malloc (in /mnt/c/Users/guido/ghq/projects/rustdom/.tools/valgrind/usr/libexec/valgrind/vgpreload_memcheck-amd64-linux.so)
==2406856==    by 0x22E5C032: _RNvXs0_NvMs_NtNtCs6i54tJFfzR_5alloc3ffi5c_strNtBa_7CString3newReNtB5_11SpecNewImpl13spec_new_impl (in /mnt/c/Users/guido/ghq/projects/rustdom/dist/rustdom.node)
==2406856==    by 0x22E112BF: _RNvMs2_NtNtCsbKcx7MMum66_4napi9js_values15object_propertyNtB5_8Property14with_utf8_name (in /mnt/c/Users/guido/ghq/projects/rustdom/dist/rustdom.node)
==2406856==    by 0x22DCE2EB: _RNvNvNvNvNtNtNtCsdulfWib0rSm_7rustdom3dom19web_storage_binding39___napi_impl_helper_NativeStorageArea_1743___napi_register__NativeStorageArea_impl_4201__18___CTOR_PRIVATE_REF14___ctor_private (in /mnt/c/Users/guido/ghq/projects/rustdom/dist/rustdom.node)
==2406856==    by 0x681447D: call_init.part.0 (dl-init.c:70)
==2406856==    by 0x6814567: call_init (dl-init.c:33)
==2406856==    by 0x6814567: _dl_init (dl-init.c:117)
==2406856==    by 0x7522BB4: _dl_catch_exception (dl-error-skeleton.c:182)
==2406856==    by 0x681BFF5: dl_open_worker (dl-open.c:808)
==2406856==    by 0x681BFF5: dl_open_worker (dl-open.c:771)
==2406856==    by 0x7522B57: _dl_catch_exception (dl-error-skeleton.c:208)
==2406856==    by 0x681C34D: _dl_open (dl-open.c:883)
==2406856==    by 0x743E5FB: dlopen_doit (dlopen.c:56)
==2406856==    by 0x7522B57: _dl_catch_exception (dl-error-skeleton.c:208)
==2406856== 
==2406856== 9 bytes in 1 blocks are possibly lost in loss record 61 of 367
==2406856==    at 0x7056899: malloc (in /mnt/c/Users/guido/ghq/projects/rustdom/.tools/valgrind/usr/libexec/valgrind/vgpreload_memcheck-amd64-linux.so)
==2406856==    by 0x22E5C032: _RNvXs0_NvMs_NtNtCs6i54tJFfzR_5alloc3ffi5c_strNtBa_7CString3newReNtB5_11SpecNewImpl13spec_new_impl (in /mnt/c/Users/guido/ghq/projects/rustdom/dist/rustdom.node)
==2406856==    by 0x22E112BF: _RNvMs2_NtNtCsbKcx7MMum66_4napi9js_values15object_propertyNtB5_8Property14with_utf8_name (in /mnt/c/Users/guido/ghq/projects/rustdom/dist/rustdom.node)
==2406856==    by 0x22DCFFCA: _RNvNvNvNvNtNtNtCsdulfWib0rSm_7rustdom3dom21range_extract_binding39___napi_impl_helper_NativeRangeExtract_844___napi_register__NativeRangeExtract_impl_1531__18___CTOR_PRIVATE_REF14___ctor_private (in /mnt/c/Users/guido/ghq/projects/rustdom/dist/rustdom.node)
==2406856==    by 0x681447D: call_init.part.0 (dl-init.c:70)
==2406856==    by 0x6814567: call_init (dl-init.c:33)
==2406856==    by 0x6814567: _dl_init (dl-init.c:117)
==2406856==    by 0x7522BB4: _dl_catch_exception (dl-error-skeleton.c:182)
==2406856==    by 0x681BFF5: dl_open_worker (dl-open.c:808)
==2406856==    by 0x681BFF5: dl_open_worker (dl-open.c:771)
==2406856==    by 0x7522B57: _dl_catch_exception (dl-error-skeleton.c:208)
==2406856==    by 0x681C34D: _dl_open (dl-open.c:883)
==2406856==    by 0x743E5FB: dlopen_doit (dlopen.c:56)
==2406856==    by 0x7522B57: _dl_catch_exception (dl-error-skeleton.c:208)
==2406856== 
==2406856== 9 bytes in 1 blocks are possibly lost in loss record 62 of 367
==2406856==    at 0x7056899: malloc (in /mnt/c/Users/guido/ghq/projects/rustdom/.tools/valgrind/usr/libexec/valgrind/vgpreload_memcheck-amd64-linux.so)
==2406856==    by 0x22E5C032: _RNvXs0_NvMs_NtNtCs6i54tJFfzR_5alloc3ffi5c_strNtBa_7CString3newReNtB5_11SpecNewImpl13spec_new_impl (in /mnt/c/Users/guido/ghq/projects/rustdom/dist/rustdom.node)
==2406856==    by 0x22E112BF: _RNvMs2_NtNtCsbKcx7MMum66_4napi9js_values15object_propertyNtB5_8Property14with_utf8_name (in /mnt/c/Users/guido/ghq/projects/rustdom/dist/rustdom.node)
==2406856==    by 0x22DD0DB4: _RNvNvNvNvNtNtNtCsdulfWib0rSm_7rustdom3dom23event_listeners_binding43___napi_impl_helper_NativeListenerRegistry_347___napi_register__NativeListenerRegistry_impl_661__18___CTOR_PRIVATE_REF14___ctor_private (in /mnt/c/Users/guido/ghq/projects/rustdom/dist/rustdom.node)
==2406856==    by 0x681447D: call_init.part.0 (dl-init.c:70)
==2406856==    by 0x6814567: call_init (dl-init.c:33)
==2406856==    by 0x6814567: _dl_init (dl-init.c:117)
==2406856==    by 0x7522BB4: _dl_catch_exception (dl-error-skeleton.c:182)
==2406856==    by 0x681BFF5: dl_open_worker (dl-open.c:808)
==2406856==    by 0x681BFF5: dl_open_worker (dl-open.c:771)
==2406856==    by 0x7522B57: _dl_catch_exception (dl-error-skeleton.c:208)
==2406856==    by 0x681C34D: _dl_open (dl-open.c:883)
==2406856==    by 0x743E5FB: dlopen_doit (dlopen.c:56)
==2406856==    by 0x7522B57: _dl_catch_exception (dl-error-skeleton.c:208)
==2406856== 
==2406856== 9 bytes in 1 blocks are possibly lost in loss record 63 of 367
==2406856==    at 0x7056899: malloc (in /mnt/c/Users/guido/ghq/projects/rustdom/.tools/valgrind/usr/libexec/valgrind/vgpreload_memcheck-amd64-linux.so)
==2406856==    by 0x22E5C032: _RNvXs0_NvMs_NtNtCs6i54tJFfzR_5alloc3ffi5c_strNtBa_7CString3newReNtB5_11SpecNewImpl13spec_new_impl (in /mnt/c/Users/guido/ghq/projects/rustdom/dist/rustdom.node)
==2406856==    by 0x22E112BF: _RNvMs2_NtNtCsbKcx7MMum66_4napi9js_values15object_propertyNtB5_8Property14with_utf8_name (in /mnt/c/Users/guido/ghq/projects/rustdom/dist/rustdom.node)
==2406856==    by 0x22DD2368: _RNvNvNvNvNtNtNtCsdulfWib0rSm_7rustdom3dom23mutation_record_binding41___napi_impl_helper_NativeMutationRecord_546___napi_register__NativeMutationRecord_impl_1191__18___CTOR_PRIVATE_REF14___ctor_private (in /mnt/c/Users/guido/ghq/projects/rustdom/dist/rustdom.node)
==2406856==    by 0x681447D: call_init.part.0 (dl-init.c:70)
==2406856==    by 0x6814567: call_init (dl-init.c:33)
==2406856==    by 0x6814567: _dl_init (dl-init.c:117)
==2406856==    by 0x7522BB4: _dl_catch_exception (dl-error-skeleton.c:182)
==2406856==    by 0x681BFF5: dl_open_worker (dl-open.c:808)
==2406856==    by 0x681BFF5: dl_open_worker (dl-open.c:771)
==2406856==    by 0x7522B57: _dl_catch_exception (dl-error-skeleton.c:208)
==2406856==    by 0x681C34D: _dl_open (dl-open.c:883)
==2406856==    by 0x743E5FB: dlopen_doit (dlopen.c:56)
==2406856==    by 0x7522B57: _dl_catch_exception (dl-error-skeleton.c:208)
==2406856== 
==2406856== 9 bytes in 1 blocks are possibly lost in loss record 64 of 367
==2406856==    at 0x7056899: malloc (in /mnt/c/Users/guido/ghq/projects/rustdom/.tools/valgrind/usr/libexec/valgrind/vgpreload_memcheck-amd64-linux.so)
==2406856==    by 0x22E5C032: _RNvXs0_NvMs_NtNtCs6i54tJFfzR_5alloc3ffi5c_strNtBa_7CString3newReNtB5_11SpecNewImpl13spec_new_impl (in /mnt/c/Users/guido/ghq/projects/rustdom/dist/rustdom.node)
==2406856==    by 0x22E112BF: _RNvMs2_NtNtCsbKcx7MMum66_4napi9js_values15object_propertyNtB5_8Property14with_utf8_name (in /mnt/c/Users/guido/ghq/projects/rustdom/dist/rustdom.node)
==2406856==    by 0x22DD360A: _RNvNvNvNvNtNtNtCsdulfWib0rSm_7rustdom3dom23slot_assignment_binding48___napi_impl_helper_NativeSlotAssignmentDriver_1052___napi_register__NativeSlotAssignmentDriver_impl_1911__18___CTOR_PRIVATE_REF14___ctor_private (in /mnt/c/Users/guido/ghq/projects/rustdom/dist/rustdom.node)
==2406856==    by 0x681447D: call_init.part.0 (dl-init.c:70)
==2406856==    by 0x6814567: call_init (dl-init.c:33)
==2406856==    by 0x6814567: _dl_init (dl-init.c:117)
==2406856==    by 0x7522BB4: _dl_catch_exception (dl-error-skeleton.c:182)
==2406856==    by 0x681BFF5: dl_open_worker (dl-open.c:808)
==2406856==    by 0x681BFF5: dl_open_worker (dl-open.c:771)
==2406856==    by 0x7522B57: _dl_catch_exception (dl-error-skeleton.c:208)
==2406856==    by 0x681C34D: _dl_open (dl-open.c:883)
==2406856==    by 0x743E5FB: dlopen_doit (dlopen.c:56)
==2406856==    by 0x7522B57: _dl_catch_exception (dl-error-skeleton.c:208)
==2406856== 
==2406856== 9 bytes in 1 blocks are possibly lost in loss record 65 of 367
==2406856==    at 0x7056899: malloc (in /mnt/c/Users/guido/ghq/projects/rustdom/.tools/valgrind/usr/libexec/valgrind/vgpreload_memcheck-amd64-linux.so)
==2406856==    by 0x22E5C032: _RNvXs0_NvMs_NtNtCs6i54tJFfzR_5alloc3ffi5c_strNtBa_7CString3newReNtB5_11SpecNewImpl13spec_new_impl (in /mnt/c/Users/guido/ghq/projects/rustdom/dist/rustdom.node)
==2406856==    by 0x22E112BF: _RNvMs2_NtNtCsbKcx7MMum66_4napi9js_values15object_propertyNtB5_8Property14with_utf8_name (in /mnt/c/Users/guido/ghq/projects/rustdom/dist/rustdom.node)
==2406856==    by 0x22DD3EDB: _RNvNvNvNvNtNtNtCsdulfWib0rSm_7rustdom3dom25observer_delivery_binding43___napi_impl_helper_NativeObserverDelivery_648___napi_register__NativeObserverDelivery_impl_1321__18___CTOR_PRIVATE_REF14___ctor_private (in /mnt/c/Users/guido/ghq/projects/rustdom/dist/rustdom.node)
==2406856==    by 0x681447D: call_init.part.0 (dl-init.c:70)
==2406856==    by 0x6814567: call_init (dl-init.c:33)
==2406856==    by 0x6814567: _dl_init (dl-init.c:117)
==2406856==    by 0x7522BB4: _dl_catch_exception (dl-error-skeleton.c:182)
==2406856==    by 0x681BFF5: dl_open_worker (dl-open.c:808)
==2406856==    by 0x681BFF5: dl_open_worker (dl-open.c:771)
==2406856==    by 0x7522B57: _dl_catch_exception (dl-error-skeleton.c:208)
==2406856==    by 0x681C34D: _dl_open (dl-open.c:883)
==2406856==    by 0x743E5FB: dlopen_doit (dlopen.c:56)
==2406856==    by 0x7522B57: _dl_catch_exception (dl-error-skeleton.c:208)
==2406856== 
==2406856== 9 bytes in 1 blocks are possibly lost in loss record 66 of 367
==2406856==    at 0x7056899: malloc (in /mnt/c/Users/guido/ghq/projects/rustdom/.tools/valgrind/usr/libexec/valgrind/vgpreload_memcheck-amd64-linux.so)
==2406856==    by 0x22E5C032: _RNvXs0_NvMs_NtNtCs6i54tJFfzR_5alloc3ffi5c_strNtBa_7CString3newReNtB5_11SpecNewImpl13spec_new_impl (in /mnt/c/Users/guido/ghq/projects/rustdom/dist/rustdom.node)
==2406856==    by 0x22E112BF: _RNvMs2_NtNtCsbKcx7MMum66_4napi9js_values15object_propertyNtB5_8Property14with_utf8_name (in /mnt/c/Users/guido/ghq/projects/rustdom/dist/rustdom.node)
==2406856==    by 0x22DAECC8: _RNvNvNtNtNtCsdulfWib0rSm_7rustdom3dom4tree32___napi_impl_helper_NativeTree_1436___napi_register__NativeTree_impl_38720___ctor_private_inner (in /mnt/c/Users/guido/ghq/projects/rustdom/dist/rustdom.node)
==2406856==    by 0x22DD6E85: _RNvNvNvNvNtNtNtCsdulfWib0rSm_7rustdom3dom4tree32___napi_impl_helper_NativeTree_1436___napi_register__NativeTree_impl_3871__18___CTOR_PRIVATE_REF14___ctor_private (in /mnt/c/Users/guido/ghq/projects/rustdom/dist/rustdom.node)
==2406856==    by 0x681447D: call_init.part.0 (dl-init.c:70)
==2406856==    by 0x6814567: call_init (dl-init.c:33)
==2406856==    by 0x6814567: _dl_init (dl-init.c:117)
==2406856==    by 0x7522BB4: _dl_catch_exception (dl-error-skeleton.c:182)
==2406856==    by 0x681BFF5: dl_open_worker (dl-open.c:808)
==2406856==    by 0x681BFF5: dl_open_worker (dl-open.c:771)
==2406856==    by 0x7522B57: _dl_catch_exception (dl-error-skeleton.c:208)
==2406856==    by 0x681C34D: _dl_open (dl-open.c:883)
==2406856==    by 0x743E5FB: dlopen_doit (dlopen.c:56)
==2406856== 
==2406856== 9 bytes in 1 blocks are possibly lost in loss record 67 of 367
==2406856==    at 0x7056899: malloc (in /mnt/c/Users/guido/ghq/projects/rustdom/.tools/valgrind/usr/libexec/valgrind/vgpreload_memcheck-amd64-linux.so)
==2406856==    by 0x22E5C032: _RNvXs0_NvMs_NtNtCs6i54tJFfzR_5alloc3ffi5c_strNtBa_7CString3newReNtB5_11SpecNewImpl13spec_new_impl (in /mnt/c/Users/guido/ghq/projects/rustdom/dist/rustdom.node)
==2406856==    by 0x22E112BF: _RNvMs2_NtNtCsbKcx7MMum66_4napi9js_values15object_propertyNtB5_8Property14with_utf8_name (in /mnt/c/Users/guido/ghq/projects/rustdom/dist/rustdom.node)
==2406856==    by 0x22DB0C6D: _RNvNvNtNtNtCsdulfWib0rSm_7rustdom3dom4tree32___napi_impl_helper_NativeTree_1436___napi_register__NativeTree_impl_38720___ctor_private_inner (in /mnt/c/Users/guido/ghq/projects/rustdom/dist/rustdom.node)
==2406856==    by 0x22DD6E85: _RNvNvNvNvNtNtNtCsdulfWib0rSm_7rustdom3dom4tree32___napi_impl_helper_NativeTree_1436___napi_register__NativeTree_impl_3871__18___CTOR_PRIVATE_REF14___ctor_private (in /mnt/c/Users/guido/ghq/projects/rustdom/dist/rustdom.node)
==2406856==    by 0x681447D: call_init.part.0 (dl-init.c:70)
==2406856==    by 0x6814567: call_init (dl-init.c:33)
==2406856==    by 0x6814567: _dl_init (dl-init.c:117)
==2406856==    by 0x7522BB4: _dl_catch_exception (dl-error-skeleton.c:182)
==2406856==    by 0x681BFF5: dl_open_worker (dl-open.c:808)
==2406856==    by 0x681BFF5: dl_open_worker (dl-open.c:771)
==2406856==    by 0x7522B57: _dl_catch_exception (dl-error-skeleton.c:208)
==2406856==    by 0x681C34D: _dl_open (dl-open.c:883)
==2406856==    by 0x743E5FB: dlopen_doit (dlopen.c:56)
==2406856== 
==2406856== 9 bytes in 1 blocks are possibly lost in loss record 68 of 367
==2406856==    at 0x7056899: malloc (in /mnt/c/Users/guido/ghq/projects/rustdom/.tools/valgrind/usr/libexec/valgrind/vgpreload_memcheck-amd64-linux.so)
==2406856==    by 0x22E5C032: _RNvXs0_NvMs_NtNtCs6i54tJFfzR_5alloc3ffi5c_strNtBa_7CString3newReNtB5_11SpecNewImpl13spec_new_impl (in /mnt/c/Users/guido/ghq/projects/rustdom/dist/rustdom.node)
==2406856==    by 0x22E112BF: _RNvMs2_NtNtCsbKcx7MMum66_4napi9js_values15object_propertyNtB5_8Property14with_utf8_name (in /mnt/c/Users/guido/ghq/projects/rustdom/dist/rustdom.node)
==2406856==    by 0x22DB1085: _RNvNvNtNtNtCsdulfWib0rSm_7rustdom3dom4tree32___napi_impl_helper_NativeTree_1436___napi_register__NativeTree_impl_38720___ctor_private_inner (in /mnt/c/Users/guido/ghq/projects/rustdom/dist/rustdom.node)
==2406856==    by 0x22DD6E85: _RNvNvNvNvNtNtNtCsdulfWib0rSm_7rustdom3dom4tree32___napi_impl_helper_NativeTree_1436___napi_register__NativeTree_impl_3871__18___CTOR_PRIVATE_REF14___ctor_private (in /mnt/c/Users/guido/ghq/projects/rustdom/dist/rustdom.node)
==2406856==    by 0x681447D: call_init.part.0 (dl-init.c:70)
==2406856==    by 0x6814567: call_init (dl-init.c:33)
==2406856==    by 0x6814567: _dl_init (dl-init.c:117)
==2406856==    by 0x7522BB4: _dl_catch_exception (dl-error-skeleton.c:182)
==2406856==    by 0x681BFF5: dl_open_worker (dl-open.c:808)
==2406856==    by 0x681BFF5: dl_open_worker (dl-open.c:771)
==2406856==    by 0x7522B57: _dl_catch_exception (dl-error-skeleton.c:208)
==2406856==    by 0x681C34D: _dl_open (dl-open.c:883)
==2406856==    by 0x743E5FB: dlopen_doit (dlopen.c:56)
==2406856== 
==2406856== 9 bytes in 1 blocks are possibly lost in loss record 69 of 367
==2406856==    at 0x7056899: malloc (in /mnt/c/Users/guido/ghq/projects/rustdom/.tools/valgrind/usr/libexec/valgrind/vgpreload_memcheck-amd64-linux.so)
==2406856==    by 0x22E5C032: _RNvXs0_NvMs_NtNtCs6i54tJFfzR_5alloc3ffi5c_strNtBa_7CString3newReNtB5_11SpecNewImpl13spec_new_impl (in /mnt/c/Users/guido/ghq/projects/rustdom/dist/rustdom.node)
==2406856==    by 0x22E112BF: _RNvMs2_NtNtCsbKcx7MMum66_4napi9js_values15object_propertyNtB5_8Property14with_utf8_name (in /mnt/c/Users/guido/ghq/projects/rustdom/dist/rustdom.node)
==2406856==    by 0x22DB24FD: _RNvNvNtNtNtCsdulfWib0rSm_7rustdom3dom4tree32___napi_impl_helper_NativeTree_1436___napi_register__NativeTree_impl_38720___ctor_private_inner (in /mnt/c/Users/guido/ghq/projects/rustdom/dist/rustdom.node)
==2406856==    by 0x22DD6E85: _RNvNvNvNvNtNtNtCsdulfWib0rSm_7rustdom3dom4tree32___napi_impl_helper_NativeTree_1436___napi_register__NativeTree_impl_3871__18___CTOR_PRIVATE_REF14___ctor_private (in /mnt/c/Users/guido/ghq/projects/rustdom/dist/rustdom.node)
==2406856==    by 0x681447D: call_init.part.0 (dl-init.c:70)
==2406856==    by 0x6814567: call_init (dl-init.c:33)
==2406856==    by 0x6814567: _dl_init (dl-init.c:117)
==2406856==    by 0x7522BB4: _dl_catch_exception (dl-error-skeleton.c:182)
==2406856==    by 0x681BFF5: dl_open_worker (dl-open.c:808)
==2406856==    by 0x681BFF5: dl_open_worker (dl-open.c:771)
==2406856==    by 0x7522B57: _dl_catch_exception (dl-error-skeleton.c:208)
==2406856==    by 0x681C34D: _dl_open (dl-open.c:883)
==2406856==    by 0x743E5FB: dlopen_doit (dlopen.c:56)
==2406856== 
==2406856== 9 bytes in 1 blocks are possibly lost in loss record 70 of 367
==2406856==    at 0x7056899: malloc (in /mnt/c/Users/guido/ghq/projects/rustdom/.tools/valgrind/usr/libexec/valgrind/vgpreload_memcheck-amd64-linux.so)
==2406856==    by 0x22E5C032: _RNvXs0_NvMs_NtNtCs6i54tJFfzR_5alloc3ffi5c_strNtBa_7CString3newReNtB5_11SpecNewImpl13spec_new_impl (in /mnt/c/Users/guido/ghq/projects/rustdom/dist/rustdom.node)
==2406856==    by 0x22E112BF: _RNvMs2_NtNtCsbKcx7MMum66_4napi9js_values15object_propertyNtB5_8Property14with_utf8_name (in /mnt/c/Users/guido/ghq/projects/rustdom/dist/rustdom.node)
==2406856==    by 0x22DB4DED: _RNvNvNtNtNtCsdulfWib0rSm_7rustdom3dom4tree32___napi_impl_helper_NativeTree_1436___napi_register__NativeTree_impl_38720___ctor_private_inner (in /mnt/c/Users/guido/ghq/projects/rustdom/dist/rustdom.node)
==2406856==    by 0x22DD6E85: _RNvNvNvNvNtNtNtCsdulfWib0rSm_7rustdom3dom4tree32___napi_impl_helper_NativeTree_1436___napi_register__NativeTree_impl_3871__18___CTOR_PRIVATE_REF14___ctor_private (in /mnt/c/Users/guido/ghq/projects/rustdom/dist/rustdom.node)
==2406856==    by 0x681447D: call_init.part.0 (dl-init.c:70)
==2406856==    by 0x6814567: call_init (dl-init.c:33)
==2406856==    by 0x6814567: _dl_init (dl-init.c:117)
==2406856==    by 0x7522BB4: _dl_catch_exception (dl-error-skeleton.c:182)
==2406856==    by 0x681BFF5: dl_open_worker (dl-open.c:808)
==2406856==    by 0x681BFF5: dl_open_worker (dl-open.c:771)
==2406856==    by 0x7522B57: _dl_catch_exception (dl-error-skeleton.c:208)
==2406856==    by 0x681C34D: _dl_open (dl-open.c:883)
==2406856==    by 0x743E5FB: dlopen_doit (dlopen.c:56)
==2406856== 
==2406856== 9 bytes in 1 blocks are possibly lost in loss record 71 of 367
==2406856==    at 0x7056899: malloc (in /mnt/c/Users/guido/ghq/projects/rustdom/.tools/valgrind/usr/libexec/valgrind/vgpreload_memcheck-amd64-linux.so)
==2406856==    by 0x22E5C032: _RNvXs0_NvMs_NtNtCs6i54tJFfzR_5alloc3ffi5c_strNtBa_7CString3newReNtB5_11SpecNewImpl13spec_new_impl (in /mnt/c/Users/guido/ghq/projects/rustdom/dist/rustdom.node)
==2406856==    by 0x22E112BF: _RNvMs2_NtNtCsbKcx7MMum66_4napi9js_values15object_propertyNtB5_8Property14with_utf8_name (in /mnt/c/Users/guido/ghq/projects/rustdom/dist/rustdom.node)
==2406856==    by 0x22DB4EF3: _RNvNvNtNtNtCsdulfWib0rSm_7rustdom3dom4tree32___napi_impl_helper_NativeTree_1436___napi_register__NativeTree_impl_38720___ctor_private_inner (in /mnt/c/Users/guido/ghq/projects/rustdom/dist/rustdom.node)
==2406856==    by 0x22DD6E85: _RNvNvNvNvNtNtNtCsdulfWib0rSm_7rustdom3dom4tree32___napi_impl_helper_NativeTree_1436___napi_register__NativeTree_impl_3871__18___CTOR_PRIVATE_REF14___ctor_private (in /mnt/c/Users/guido/ghq/projects/rustdom/dist/rustdom.node)
==2406856==    by 0x681447D: call_init.part.0 (dl-init.c:70)
==2406856==    by 0x6814567: call_init (dl-init.c:33)
==2406856==    by 0x6814567: _dl_init (dl-init.c:117)
==2406856==    by 0x7522BB4: _dl_catch_exception (dl-error-skeleton.c:182)
==2406856==    by 0x681BFF5: dl_open_worker (dl-open.c:808)
==2406856==    by 0x681BFF5: dl_open_worker (dl-open.c:771)
==2406856==    by 0x7522B57: _dl_catch_exception (dl-error-skeleton.c:208)
==2406856==    by 0x681C34D: _dl_open (dl-open.c:883)
==2406856==    by 0x743E5FB: dlopen_doit (dlopen.c:56)
==2406856== 
==2406856== 10 bytes in 1 blocks are possibly lost in loss record 72 of 367
==2406856==    at 0x7056899: malloc (in /mnt/c/Users/guido/ghq/projects/rustdom/.tools/valgrind/usr/libexec/valgrind/vgpreload_memcheck-amd64-linux.so)
==2406856==    by 0x22E5C032: _RNvXs0_NvMs_NtNtCs6i54tJFfzR_5alloc3ffi5c_strNtBa_7CString3newReNtB5_11SpecNewImpl13spec_new_impl (in /mnt/c/Users/guido/ghq/projects/rustdom/dist/rustdom.node)
==2406856==    by 0x22E112BF: _RNvMs2_NtNtCsbKcx7MMum66_4napi9js_values15object_propertyNtB5_8Property14with_utf8_name (in /mnt/c/Users/guido/ghq/projects/rustdom/dist/rustdom.node)
==2406856==    by 0x22DC538E: _RNvNvNvNvNtNtNtCsdulfWib0rSm_7rustdom3dom19abort_state_binding37___napi_impl_helper_NativeAbortState_041___napi_register__NativeAbortState_impl_181__18___CTOR_PRIVATE_REF14___ctor_private (in /mnt/c/Users/guido/ghq/projects/rustdom/dist/rustdom.node)
==2406856==    by 0x681447D: call_init.part.0 (dl-init.c:70)
==2406856==    by 0x6814567: call_init (dl-init.c:33)
==2406856==    by 0x6814567: _dl_init (dl-init.c:117)
==2406856==    by 0x7522BB4: _dl_catch_exception (dl-error-skeleton.c:182)
==2406856==    by 0x681BFF5: dl_open_worker (dl-open.c:808)
==2406856==    by 0x681BFF5: dl_open_worker (dl-open.c:771)
==2406856==    by 0x7522B57: _dl_catch_exception (dl-error-skeleton.c:208)
==2406856==    by 0x681C34D: _dl_open (dl-open.c:883)
==2406856==    by 0x743E5FB: dlopen_doit (dlopen.c:56)
==2406856==    by 0x7522B57: _dl_catch_exception (dl-error-skeleton.c:208)
==2406856== 
==2406856== 10 bytes in 1 blocks are possibly lost in loss record 73 of 367
==2406856==    at 0x7056899: malloc (in /mnt/c/Users/guido/ghq/projects/rustdom/.tools/valgrind/usr/libexec/valgrind/vgpreload_memcheck-amd64-linux.so)
==2406856==    by 0x22E5C032: _RNvXs0_NvMs_NtNtCs6i54tJFfzR_5alloc3ffi5c_strNtBa_7CString3newReNtB5_11SpecNewImpl13spec_new_impl (in /mnt/c/Users/guido/ghq/projects/rustdom/dist/rustdom.node)
==2406856==    by 0x22E112BF: _RNvMs2_NtNtCsbKcx7MMum66_4napi9js_values15object_propertyNtB5_8Property14with_utf8_name (in /mnt/c/Users/guido/ghq/projects/rustdom/dist/rustdom.node)
==2406856==    by 0x22DC6E64: _RNvNvNvNvNtNtNtCsdulfWib0rSm_7rustdom3dom19event_state_binding37___napi_impl_helper_NativeEventState_442___napi_register__NativeEventState_impl_1011__18___CTOR_PRIVATE_REF14___ctor_private (in /mnt/c/Users/guido/ghq/projects/rustdom/dist/rustdom.node)
==2406856==    by 0x681447D: call_init.part.0 (dl-init.c:70)
==2406856==    by 0x6814567: call_init (dl-init.c:33)
==2406856==    by 0x6814567: _dl_init (dl-init.c:117)
==2406856==    by 0x7522BB4: _dl_catch_exception (dl-error-skeleton.c:182)
==2406856==    by 0x681BFF5: dl_open_worker (dl-open.c:808)
==2406856==    by 0x681BFF5: dl_open_worker (dl-open.c:771)
==2406856==    by 0x7522B57: _dl_catch_exception (dl-error-skeleton.c:208)
==2406856==    by 0x681C34D: _dl_open (dl-open.c:883)
==2406856==    by 0x743E5FB: dlopen_doit (dlopen.c:56)
==2406856==    by 0x7522B57: _dl_catch_exception (dl-error-skeleton.c:208)
==2406856== 
==2406856== 10 bytes in 1 blocks are possibly lost in loss record 74 of 367
==2406856==    at 0x7056899: malloc (in /mnt/c/Users/guido/ghq/projects/rustdom/.tools/valgrind/usr/libexec/valgrind/vgpreload_memcheck-amd64-linux.so)
==2406856==    by 0x22E5C032: _RNvXs0_NvMs_NtNtCs6i54tJFfzR_5alloc3ffi5c_strNtBa_7CString3newReNtB5_11SpecNewImpl13spec_new_impl (in /mnt/c/Users/guido/ghq/projects/rustdom/dist/rustdom.node)
==2406856==    by 0x22E112BF: _RNvMs2_NtNtCsbKcx7MMum66_4napi9js_values15object_propertyNtB5_8Property14with_utf8_name (in /mnt/c/Users/guido/ghq/projects/rustdom/dist/rustdom.node)
==2406856==    by 0x22DC80C0: _RNvNvNvNvNtNtNtCsdulfWib0rSm_7rustdom3dom19event_state_binding37___napi_impl_helper_NativeEventState_442___napi_register__NativeEventState_impl_1011__18___CTOR_PRIVATE_REF14___ctor_private (in /mnt/c/Users/guido/ghq/projects/rustdom/dist/rustdom.node)
==2406856==    by 0x681447D: call_init.part.0 (dl-init.c:70)
==2406856==    by 0x6814567: call_init (dl-init.c:33)
==2406856==    by 0x6814567: _dl_init (dl-init.c:117)
==2406856==    by 0x7522BB4: _dl_catch_exception (dl-error-skeleton.c:182)
==2406856==    by 0x681BFF5: dl_open_worker (dl-open.c:808)
==2406856==    by 0x681BFF5: dl_open_worker (dl-open.c:771)
==2406856==    by 0x7522B57: _dl_catch_exception (dl-error-skeleton.c:208)
==2406856==    by 0x681C34D: _dl_open (dl-open.c:883)
==2406856==    by 0x743E5FB: dlopen_doit (dlopen.c:56)
==2406856==    by 0x7522B57: _dl_catch_exception (dl-error-skeleton.c:208)
==2406856== 
==2406856== 10 bytes in 1 blocks are possibly lost in loss record 75 of 367
==2406856==    at 0x7056899: malloc (in /mnt/c/Users/guido/ghq/projects/rustdom/.tools/valgrind/usr/libexec/valgrind/vgpreload_memcheck-amd64-linux.so)
==2406856==    by 0x22E5C032: _RNvXs0_NvMs_NtNtCs6i54tJFfzR_5alloc3ffi5c_strNtBa_7CString3newReNtB5_11SpecNewImpl13spec_new_impl (in /mnt/c/Users/guido/ghq/projects/rustdom/dist/rustdom.node)
==2406856==    by 0x22E112BF: _RNvMs2_NtNtCsbKcx7MMum66_4napi9js_values15object_propertyNtB5_8Property14with_utf8_name (in /mnt/c/Users/guido/ghq/projects/rustdom/dist/rustdom.node)
==2406856==    by 0x22DCAC0D: _RNvNvNvNvNtNtNtCsdulfWib0rSm_7rustdom3dom19range_state_binding32___napi_impl_helper_NativeRange_937___napi_register__NativeRange_impl_1821__18___CTOR_PRIVATE_REF14___ctor_private (in /mnt/c/Users/guido/ghq/projects/rustdom/dist/rustdom.node)
==2406856==    by 0x681447D: call_init.part.0 (dl-init.c:70)
==2406856==    by 0x6814567: call_init (dl-init.c:33)
==2406856==    by 0x6814567: _dl_init (dl-init.c:117)
==2406856==    by 0x7522BB4: _dl_catch_exception (dl-error-skeleton.c:182)
==2406856==    by 0x681BFF5: dl_open_worker (dl-open.c:808)
==2406856==    by 0x681BFF5: dl_open_worker (dl-open.c:771)
==2406856==    by 0x7522B57: _dl_catch_exception (dl-error-skeleton.c:208)
==2406856==    by 0x681C34D: _dl_open (dl-open.c:883)
==2406856==    by 0x743E5FB: dlopen_doit (dlopen.c:56)
==2406856==    by 0x7522B57: _dl_catch_exception (dl-error-skeleton.c:208)
==2406856== 
==2406856== 10 bytes in 1 blocks are possibly lost in loss record 76 of 367
==2406856==    at 0x7056899: malloc (in /mnt/c/Users/guido/ghq/projects/rustdom/.tools/valgrind/usr/libexec/valgrind/vgpreload_memcheck-amd64-linux.so)
==2406856==    by 0x22E5C032: _RNvXs0_NvMs_NtNtCs6i54tJFfzR_5alloc3ffi5c_strNtBa_7CString3newReNtB5_11SpecNewImpl13spec_new_impl (in /mnt/c/Users/guido/ghq/projects/rustdom/dist/rustdom.node)
==2406856==    by 0x22E112BF: _RNvMs2_NtNtCsbKcx7MMum66_4napi9js_values15object_propertyNtB5_8Property14with_utf8_name (in /mnt/c/Users/guido/ghq/projects/rustdom/dist/rustdom.node)
==2406856==    by 0x22DCB036: _RNvNvNvNvNtNtNtCsdulfWib0rSm_7rustdom3dom19range_state_binding32___napi_impl_helper_NativeRange_937___napi_register__NativeRange_impl_1821__18___CTOR_PRIVATE_REF14___ctor_private (in /mnt/c/Users/guido/ghq/projects/rustdom/dist/rustdom.node)
==2406856==    by 0x681447D: call_init.part.0 (dl-init.c:70)
==2406856==    by 0x6814567: call_init (dl-init.c:33)
==2406856==    by 0x6814567: _dl_init (dl-init.c:117)
==2406856==    by 0x7522BB4: _dl_catch_exception (dl-error-skeleton.c:182)
==2406856==    by 0x681BFF5: dl_open_worker (dl-open.c:808)
==2406856==    by 0x681BFF5: dl_open_worker (dl-open.c:771)
==2406856==    by 0x7522B57: _dl_catch_exception (dl-error-skeleton.c:208)
==2406856==    by 0x681C34D: _dl_open (dl-open.c:883)
==2406856==    by 0x743E5FB: dlopen_doit (dlopen.c:56)
==2406856==    by 0x7522B57: _dl_catch_exception (dl-error-skeleton.c:208)
==2406856== 
==2406856== 10 bytes in 1 blocks are possibly lost in loss record 77 of 367
==2406856==    at 0x7056899: malloc (in /mnt/c/Users/guido/ghq/projects/rustdom/.tools/valgrind/usr/libexec/valgrind/vgpreload_memcheck-amd64-linux.so)
==2406856==    by 0x22E5C032: _RNvXs0_NvMs_NtNtCs6i54tJFfzR_5alloc3ffi5c_strNtBa_7CString3newReNtB5_11SpecNewImpl13spec_new_impl (in /mnt/c/Users/guido/ghq/projects/rustdom/dist/rustdom.node)
==2406856==    by 0x22E112BF: _RNvMs2_NtNtCsbKcx7MMum66_4napi9js_values15object_propertyNtB5_8Property14with_utf8_name (in /mnt/c/Users/guido/ghq/projects/rustdom/dist/rustdom.node)
==2406856==    by 0x22DCE8FA: _RNvNvNvNvNtNtNtCsdulfWib0rSm_7rustdom3dom19web_storage_binding39___napi_impl_helper_NativeStorageArea_1743___napi_register__NativeStorageArea_impl_4201__18___CTOR_PRIVATE_REF14___ctor_private (in /mnt/c/Users/guido/ghq/projects/rustdom/dist/rustdom.node)
==2406856==    by 0x681447D: call_init.part.0 (dl-init.c:70)
==2406856==    by 0x6814567: call_init (dl-init.c:33)
==2406856==    by 0x6814567: _dl_init (dl-init.c:117)
==2406856==    by 0x7522BB4: _dl_catch_exception (dl-error-skeleton.c:182)
==2406856==    by 0x681BFF5: dl_open_worker (dl-open.c:808)
==2406856==    by 0x681BFF5: dl_open_worker (dl-open.c:771)
==2406856==    by 0x7522B57: _dl_catch_exception (dl-error-skeleton.c:208)
==2406856==    by 0x681C34D: _dl_open (dl-open.c:883)
==2406856==    by 0x743E5FB: dlopen_doit (dlopen.c:56)
==2406856==    by 0x7522B57: _dl_catch_exception (dl-error-skeleton.c:208)
==2406856== 
==2406856== 10 bytes in 1 blocks are possibly lost in loss record 78 of 367
==2406856==    at 0x7056899: malloc (in /mnt/c/Users/guido/ghq/projects/rustdom/.tools/valgrind/usr/libexec/valgrind/vgpreload_memcheck-amd64-linux.so)
==2406856==    by 0x22E5C032: _RNvXs0_NvMs_NtNtCs6i54tJFfzR_5alloc3ffi5c_strNtBa_7CString3newReNtB5_11SpecNewImpl13spec_new_impl (in /mnt/c/Users/guido/ghq/projects/rustdom/dist/rustdom.node)
==2406856==    by 0x22E112BF: _RNvMs2_NtNtCsbKcx7MMum66_4napi9js_values15object_propertyNtB5_8Property14with_utf8_name (in /mnt/c/Users/guido/ghq/projects/rustdom/dist/rustdom.node)
==2406856==    by 0x22DB095B: _RNvNvNtNtNtCsdulfWib0rSm_7rustdom3dom4tree32___napi_impl_helper_NativeTree_1436___napi_register__NativeTree_impl_38720___ctor_private_inner (in /mnt/c/Users/guido/ghq/projects/rustdom/dist/rustdom.node)
==2406856==    by 0x22DD6E85: _RNvNvNvNvNtNtNtCsdulfWib0rSm_7rustdom3dom4tree32___napi_impl_helper_NativeTree_1436___napi_register__NativeTree_impl_3871__18___CTOR_PRIVATE_REF14___ctor_private (in /mnt/c/Users/guido/ghq/projects/rustdom/dist/rustdom.node)
==2406856==    by 0x681447D: call_init.part.0 (dl-init.c:70)
==2406856==    by 0x6814567: call_init (dl-init.c:33)
==2406856==    by 0x6814567: _dl_init (dl-init.c:117)
==2406856==    by 0x7522BB4: _dl_catch_exception (dl-error-skeleton.c:182)
==2406856==    by 0x681BFF5: dl_open_worker (dl-open.c:808)
==2406856==    by 0x681BFF5: dl_open_worker (dl-open.c:771)
==2406856==    by 0x7522B57: _dl_catch_exception (dl-error-skeleton.c:208)
==2406856==    by 0x681C34D: _dl_open (dl-open.c:883)
==2406856==    by 0x743E5FB: dlopen_doit (dlopen.c:56)
==2406856== 
==2406856== 10 bytes in 1 blocks are possibly lost in loss record 79 of 367
==2406856==    at 0x7056899: malloc (in /mnt/c/Users/guido/ghq/projects/rustdom/.tools/valgrind/usr/libexec/valgrind/vgpreload_memcheck-amd64-linux.so)
==2406856==    by 0x22E5C032: _RNvXs0_NvMs_NtNtCs6i54tJFfzR_5alloc3ffi5c_strNtBa_7CString3newReNtB5_11SpecNewImpl13spec_new_impl (in /mnt/c/Users/guido/ghq/projects/rustdom/dist/rustdom.node)
==2406856==    by 0x22E112BF: _RNvMs2_NtNtCsbKcx7MMum66_4napi9js_values15object_propertyNtB5_8Property14with_utf8_name (in /mnt/c/Users/guido/ghq/projects/rustdom/dist/rustdom.node)
==2406856==    by 0x22DB2603: _RNvNvNtNtNtCsdulfWib0rSm_7rustdom3dom4tree32___napi_impl_helper_NativeTree_1436___napi_register__NativeTree_impl_38720___ctor_private_inner (in /mnt/c/Users/guido/ghq/projects/rustdom/dist/rustdom.node)
==2406856==    by 0x22DD6E85: _RNvNvNvNvNtNtNtCsdulfWib0rSm_7rustdom3dom4tree32___napi_impl_helper_NativeTree_1436___napi_register__NativeTree_impl_3871__18___CTOR_PRIVATE_REF14___ctor_private (in /mnt/c/Users/guido/ghq/projects/rustdom/dist/rustdom.node)
==2406856==    by 0x681447D: call_init.part.0 (dl-init.c:70)
==2406856==    by 0x6814567: call_init (dl-init.c:33)
==2406856==    by 0x6814567: _dl_init (dl-init.c:117)
==2406856==    by 0x7522BB4: _dl_catch_exception (dl-error-skeleton.c:182)
==2406856==    by 0x681BFF5: dl_open_worker (dl-open.c:808)
==2406856==    by 0x681BFF5: dl_open_worker (dl-open.c:771)
==2406856==    by 0x7522B57: _dl_catch_exception (dl-error-skeleton.c:208)
==2406856==    by 0x681C34D: _dl_open (dl-open.c:883)
==2406856==    by 0x743E5FB: dlopen_doit (dlopen.c:56)
==2406856== 
==2406856== 10 bytes in 1 blocks are possibly lost in loss record 80 of 367
==2406856==    at 0x7056899: malloc (in /mnt/c/Users/guido/ghq/projects/rustdom/.tools/valgrind/usr/libexec/valgrind/vgpreload_memcheck-amd64-linux.so)
==2406856==    by 0x22E5C032: _RNvXs0_NvMs_NtNtCs6i54tJFfzR_5alloc3ffi5c_strNtBa_7CString3newReNtB5_11SpecNewImpl13spec_new_impl (in /mnt/c/Users/guido/ghq/projects/rustdom/dist/rustdom.node)
==2406856==    by 0x22E112BF: _RNvMs2_NtNtCsbKcx7MMum66_4napi9js_values15object_propertyNtB5_8Property14with_utf8_name (in /mnt/c/Users/guido/ghq/projects/rustdom/dist/rustdom.node)
==2406856==    by 0x22DB43B1: _RNvNvNtNtNtCsdulfWib0rSm_7rustdom3dom4tree32___napi_impl_helper_NativeTree_1436___napi_register__NativeTree_impl_38720___ctor_private_inner (in /mnt/c/Users/guido/ghq/projects/rustdom/dist/rustdom.node)
==2406856==    by 0x22DD6E85: _RNvNvNvNvNtNtNtCsdulfWib0rSm_7rustdom3dom4tree32___napi_impl_helper_NativeTree_1436___napi_register__NativeTree_impl_3871__18___CTOR_PRIVATE_REF14___ctor_private (in /mnt/c/Users/guido/ghq/projects/rustdom/dist/rustdom.node)
==2406856==    by 0x681447D: call_init.part.0 (dl-init.c:70)
==2406856==    by 0x6814567: call_init (dl-init.c:33)
==2406856==    by 0x6814567: _dl_init (dl-init.c:117)
==2406856==    by 0x7522BB4: _dl_catch_exception (dl-error-skeleton.c:182)
==2406856==    by 0x681BFF5: dl_open_worker (dl-open.c:808)
==2406856==    by 0x681BFF5: dl_open_worker (dl-open.c:771)
==2406856==    by 0x7522B57: _dl_catch_exception (dl-error-skeleton.c:208)
==2406856==    by 0x681C34D: _dl_open (dl-open.c:883)
==2406856==    by 0x743E5FB: dlopen_doit (dlopen.c:56)
==2406856== 
==2406856== 10 bytes in 1 blocks are possibly lost in loss record 81 of 367
==2406856==    at 0x7056899: malloc (in /mnt/c/Users/guido/ghq/projects/rustdom/.tools/valgrind/usr/libexec/valgrind/vgpreload_memcheck-amd64-linux.so)
==2406856==    by 0x22E5C032: _RNvXs0_NvMs_NtNtCs6i54tJFfzR_5alloc3ffi5c_strNtBa_7CString3newReNtB5_11SpecNewImpl13spec_new_impl (in /mnt/c/Users/guido/ghq/projects/rustdom/dist/rustdom.node)
==2406856==    by 0x22E112BF: _RNvMs2_NtNtCsbKcx7MMum66_4napi9js_values15object_propertyNtB5_8Property14with_utf8_name (in /mnt/c/Users/guido/ghq/projects/rustdom/dist/rustdom.node)
==2406856==    by 0x22DB726A: _RNvNvNtNtNtCsdulfWib0rSm_7rustdom3dom4tree32___napi_impl_helper_NativeTree_1436___napi_register__NativeTree_impl_38720___ctor_private_inner (in /mnt/c/Users/guido/ghq/projects/rustdom/dist/rustdom.node)
==2406856==    by 0x22DD6E85: _RNvNvNvNvNtNtNtCsdulfWib0rSm_7rustdom3dom4tree32___napi_impl_helper_NativeTree_1436___napi_register__NativeTree_impl_3871__18___CTOR_PRIVATE_REF14___ctor_private (in /mnt/c/Users/guido/ghq/projects/rustdom/dist/rustdom.node)
==2406856==    by 0x681447D: call_init.part.0 (dl-init.c:70)
==2406856==    by 0x6814567: call_init (dl-init.c:33)
==2406856==    by 0x6814567: _dl_init (dl-init.c:117)
==2406856==    by 0x7522BB4: _dl_catch_exception (dl-error-skeleton.c:182)
==2406856==    by 0x681BFF5: dl_open_worker (dl-open.c:808)
==2406856==    by 0x681BFF5: dl_open_worker (dl-open.c:771)
==2406856==    by 0x7522B57: _dl_catch_exception (dl-error-skeleton.c:208)
==2406856==    by 0x681C34D: _dl_open (dl-open.c:883)
==2406856==    by 0x743E5FB: dlopen_doit (dlopen.c:56)
==2406856== 
==2406856== 10 bytes in 1 blocks are possibly lost in loss record 82 of 367
==2406856==    at 0x7056899: malloc (in /mnt/c/Users/guido/ghq/projects/rustdom/.tools/valgrind/usr/libexec/valgrind/vgpreload_memcheck-amd64-linux.so)
==2406856==    by 0x22E5C032: _RNvXs0_NvMs_NtNtCs6i54tJFfzR_5alloc3ffi5c_strNtBa_7CString3newReNtB5_11SpecNewImpl13spec_new_impl (in /mnt/c/Users/guido/ghq/projects/rustdom/dist/rustdom.node)
==2406856==    by 0x22E112BF: _RNvMs2_NtNtCsbKcx7MMum66_4napi9js_values15object_propertyNtB5_8Property14with_utf8_name (in /mnt/c/Users/guido/ghq/projects/rustdom/dist/rustdom.node)
==2406856==    by 0x22DD75D4: _RNvNvNvNvNtNtNtCsdulfWib0rSm_7rustdom3xml7binding37___napi_impl_helper_NativeXmlParser_1941___napi_register__NativeXmlParser_impl_4381__18___CTOR_PRIVATE_REF14___ctor_private (in /mnt/c/Users/guido/ghq/projects/rustdom/dist/rustdom.node)
==2406856==    by 0x681447D: call_init.part.0 (dl-init.c:70)
==2406856==    by 0x6814567: call_init (dl-init.c:33)
==2406856==    by 0x6814567: _dl_init (dl-init.c:117)
==2406856==    by 0x7522BB4: _dl_catch_exception (dl-error-skeleton.c:182)
==2406856==    by 0x681BFF5: dl_open_worker (dl-open.c:808)
==2406856==    by 0x681BFF5: dl_open_worker (dl-open.c:771)
==2406856==    by 0x7522B57: _dl_catch_exception (dl-error-skeleton.c:208)
==2406856==    by 0x681C34D: _dl_open (dl-open.c:883)
==2406856==    by 0x743E5FB: dlopen_doit (dlopen.c:56)
==2406856==    by 0x7522B57: _dl_catch_exception (dl-error-skeleton.c:208)
==2406856== 
==2406856== 11 bytes in 1 blocks are still reachable in loss record 83 of 367
==2406856==    at 0x7056899: malloc (in /mnt/c/Users/guido/ghq/projects/rustdom/.tools/valgrind/usr/libexec/valgrind/vgpreload_memcheck-amd64-linux.so)
==2406856==    by 0x25F45D7: init_entry(char const*, char const*, UErrorCode*) (in /mnt/c/Users/guido/ghq/projects/rustdom/.tools/node/bin/node)
==2406856==    by 0x25F540A: ures_openDirectFillIn_78 (in /mnt/c/Users/guido/ghq/projects/rustdom/.tools/node/bin/node)
==2406856==    by 0x1FDF640: icu_78::TimeZone::getTZDataVersion(UErrorCode&) (in /mnt/c/Users/guido/ghq/projects/rustdom/.tools/node/bin/node)
==2406856==    by 0x91DD43: node::Metadata::Versions::InitializeIntlVersions() (in /mnt/c/Users/guido/ghq/projects/rustdom/.tools/node/bin/node)
==2406856==    by 0x849289: node::InitializeNodeWithArgsInternal(std::vector<std::__cxx11::basic_string<char, std::char_traits<char>, std::allocator<char> >, std::allocator<std::__cxx11::basic_string<char, std::char_traits<char>, std::allocator<char> > > >*, std::vector<std::__cxx11::basic_string<char, std::char_traits<char>, std::allocator<char> >, std::allocator<std::__cxx11::basic_string<char, std::char_traits<char>, std::allocator<char> > > >*, std::vector<std::__cxx11::basic_string<char, std::char_traits<char>, std::allocator<char> >, std::allocator<std::__cxx11::basic_string<char, std::char_traits<char>, std::allocator<char> > > >*, node::ProcessInitializationFlags::Flags) (in /mnt/c/Users/guido/ghq/projects/rustdom/.tools/node/bin/node)
==2406856==    by 0x84A57E: node::InitializeOncePerProcessInternal(std::vector<std::__cxx11::basic_string<char, std::char_traits<char>, std::allocator<char> >, std::allocator<std::__cxx11::basic_string<char, std::char_traits<char>, std::allocator<char> > > > const&, node::ProcessInitializationFlags::Flags) (in /mnt/c/Users/guido/ghq/projects/rustdom/.tools/node/bin/node)
==2406856==    by 0x84CAEB: node::Start(int, char**) (in /mnt/c/Users/guido/ghq/projects/rustdom/.tools/node/bin/node)
==2406856==    by 0x73D7D8F: (below main) (libc_start_call_main.h:58)
==2406856== 
==2406856== 11 bytes in 1 blocks are possibly lost in loss record 84 of 367
==2406856==    at 0x7056899: malloc (in /mnt/c/Users/guido/ghq/projects/rustdom/.tools/valgrind/usr/libexec/valgrind/vgpreload_memcheck-amd64-linux.so)
==2406856==    by 0x22E5C032: _RNvXs0_NvMs_NtNtCs6i54tJFfzR_5alloc3ffi5c_strNtBa_7CString3newReNtB5_11SpecNewImpl13spec_new_impl (in /mnt/c/Users/guido/ghq/projects/rustdom/dist/rustdom.node)
==2406856==    by 0x22E112BF: _RNvMs2_NtNtCsbKcx7MMum66_4napi9js_values15object_propertyNtB5_8Property14with_utf8_name (in /mnt/c/Users/guido/ghq/projects/rustdom/dist/rustdom.node)
==2406856==    by 0x22DC2074: _RNvNvNvNvNtNtNtCsdulfWib0rSm_7rustdom3dom12blob_binding39___napi_impl_helper_NativeBlobMetadata_143___napi_register__NativeBlobMetadata_impl_281__18___CTOR_PRIVATE_REF14___ctor_private (in /mnt/c/Users/guido/ghq/projects/rustdom/dist/rustdom.node)
==2406856==    by 0x681447D: call_init.part.0 (dl-init.c:70)
==2406856==    by 0x6814567: call_init (dl-init.c:33)
==2406856==    by 0x6814567: _dl_init (dl-init.c:117)
==2406856==    by 0x7522BB4: _dl_catch_exception (dl-error-skeleton.c:182)
==2406856==    by 0x681BFF5: dl_open_worker (dl-open.c:808)
==2406856==    by 0x681BFF5: dl_open_worker (dl-open.c:771)
==2406856==    by 0x7522B57: _dl_catch_exception (dl-error-skeleton.c:208)
==2406856==    by 0x681C34D: _dl_open (dl-open.c:883)
==2406856==    by 0x743E5FB: dlopen_doit (dlopen.c:56)
==2406856==    by 0x7522B57: _dl_catch_exception (dl-error-skeleton.c:208)
==2406856== 
==2406856== 11 bytes in 1 blocks are possibly lost in loss record 85 of 367
==2406856==    at 0x7056899: malloc (in /mnt/c/Users/guido/ghq/projects/rustdom/.tools/valgrind/usr/libexec/valgrind/vgpreload_memcheck-amd64-linux.so)
==2406856==    by 0x22E5C032: _RNvXs0_NvMs_NtNtCs6i54tJFfzR_5alloc3ffi5c_strNtBa_7CString3newReNtB5_11SpecNewImpl13spec_new_impl (in /mnt/c/Users/guido/ghq/projects/rustdom/dist/rustdom.node)
==2406856==    by 0x22E112BF: _RNvMs2_NtNtCsbKcx7MMum66_4napi9js_values15object_propertyNtB5_8Property14with_utf8_name (in /mnt/c/Users/guido/ghq/projects/rustdom/dist/rustdom.node)
==2406856==    by 0x22DC2EE4: _RNvNvNvNvNtNtNtCsdulfWib0rSm_7rustdom3dom16dom_rect_binding34___napi_impl_helper_NativeDomRect_238___napi_register__NativeDomRect_impl_501__18___CTOR_PRIVATE_REF14___ctor_private (in /mnt/c/Users/guido/ghq/projects/rustdom/dist/rustdom.node)
==2406856==    by 0x681447D: call_init.part.0 (dl-init.c:70)
==2406856==    by 0x6814567: call_init (dl-init.c:33)
==2406856==    by 0x6814567: _dl_init (dl-init.c:117)
==2406856==    by 0x7522BB4: _dl_catch_exception (dl-error-skeleton.c:182)
==2406856==    by 0x681BFF5: dl_open_worker (dl-open.c:808)
==2406856==    by 0x681BFF5: dl_open_worker (dl-open.c:771)
==2406856==    by 0x7522B57: _dl_catch_exception (dl-error-skeleton.c:208)
==2406856==    by 0x681C34D: _dl_open (dl-open.c:883)
==2406856==    by 0x743E5FB: dlopen_doit (dlopen.c:56)
==2406856==    by 0x7522B57: _dl_catch_exception (dl-error-skeleton.c:208)
==2406856== 
==2406856== 11 bytes in 1 blocks are possibly lost in loss record 86 of 367
==2406856==    at 0x7056899: malloc (in /mnt/c/Users/guido/ghq/projects/rustdom/.tools/valgrind/usr/libexec/valgrind/vgpreload_memcheck-amd64-linux.so)
==2406856==    by 0x22E5C032: _RNvXs0_NvMs_NtNtCs6i54tJFfzR_5alloc3ffi5c_strNtBa_7CString3newReNtB5_11SpecNewImpl13spec_new_impl (in /mnt/c/Users/guido/ghq/projects/rustdom/dist/rustdom.node)
==2406856==    by 0x22E112BF: _RNvMs2_NtNtCsbKcx7MMum66_4napi9js_values15object_propertyNtB5_8Property14with_utf8_name (in /mnt/c/Users/guido/ghq/projects/rustdom/dist/rustdom.node)
==2406856==    by 0x22DC491B: _RNvNvNvNvNtNtNtCsdulfWib0rSm_7rustdom3dom18token_list_binding37___napi_impl_helper_NativeTokenList_1141___napi_register__NativeTokenList_impl_2051__18___CTOR_PRIVATE_REF14___ctor_private (in /mnt/c/Users/guido/ghq/projects/rustdom/dist/rustdom.node)
==2406856==    by 0x681447D: call_init.part.0 (dl-init.c:70)
==2406856==    by 0x6814567: call_init (dl-init.c:33)
==2406856==    by 0x6814567: _dl_init (dl-init.c:117)
==2406856==    by 0x7522BB4: _dl_catch_exception (dl-error-skeleton.c:182)
==2406856==    by 0x681BFF5: dl_open_worker (dl-open.c:808)
==2406856==    by 0x681BFF5: dl_open_worker (dl-open.c:771)
==2406856==    by 0x7522B57: _dl_catch_exception (dl-error-skeleton.c:208)
==2406856==    by 0x681C34D: _dl_open (dl-open.c:883)
==2406856==    by 0x743E5FB: dlopen_doit (dlopen.c:56)
==2406856==    by 0x7522B57: _dl_catch_exception (dl-error-skeleton.c:208)
==2406856== 
==2406856== 11 bytes in 1 blocks are possibly lost in loss record 87 of 367
==2406856==    at 0x7056899: malloc (in /mnt/c/Users/guido/ghq/projects/rustdom/.tools/valgrind/usr/libexec/valgrind/vgpreload_memcheck-amd64-linux.so)
==2406856==    by 0x22E5C032: _RNvXs0_NvMs_NtNtCs6i54tJFfzR_5alloc3ffi5c_strNtBa_7CString3newReNtB5_11SpecNewImpl13spec_new_impl (in /mnt/c/Users/guido/ghq/projects/rustdom/dist/rustdom.node)
==2406856==    by 0x22E112BF: _RNvMs2_NtNtCsbKcx7MMum66_4napi9js_values15object_propertyNtB5_8Property14with_utf8_name (in /mnt/c/Users/guido/ghq/projects/rustdom/dist/rustdom.node)
==2406856==    by 0x22DC4A0F: _RNvNvNvNvNtNtNtCsdulfWib0rSm_7rustdom3dom18token_list_binding37___napi_impl_helper_NativeTokenList_1141___napi_register__NativeTokenList_impl_2051__18___CTOR_PRIVATE_REF14___ctor_private (in /mnt/c/Users/guido/ghq/projects/rustdom/dist/rustdom.node)
==2406856==    by 0x681447D: call_init.part.0 (dl-init.c:70)
==2406856==    by 0x6814567: call_init (dl-init.c:33)
==2406856==    by 0x6814567: _dl_init (dl-init.c:117)
==2406856==    by 0x7522BB4: _dl_catch_exception (dl-error-skeleton.c:182)
==2406856==    by 0x681BFF5: dl_open_worker (dl-open.c:808)
==2406856==    by 0x681BFF5: dl_open_worker (dl-open.c:771)
==2406856==    by 0x7522B57: _dl_catch_exception (dl-error-skeleton.c:208)
==2406856==    by 0x681C34D: _dl_open (dl-open.c:883)
==2406856==    by 0x743E5FB: dlopen_doit (dlopen.c:56)
==2406856==    by 0x7522B57: _dl_catch_exception (dl-error-skeleton.c:208)
==2406856== 
==2406856== 11 bytes in 1 blocks are possibly lost in loss record 88 of 367
==2406856==    at 0x7056899: malloc (in /mnt/c/Users/guido/ghq/projects/rustdom/.tools/valgrind/usr/libexec/valgrind/vgpreload_memcheck-amd64-linux.so)
==2406856==    by 0x22E5C032: _RNvXs0_NvMs_NtNtCs6i54tJFfzR_5alloc3ffi5c_strNtBa_7CString3newReNtB5_11SpecNewImpl13spec_new_impl (in /mnt/c/Users/guido/ghq/projects/rustdom/dist/rustdom.node)
==2406856==    by 0x22E112BF: _RNvMs2_NtNtCsbKcx7MMum66_4napi9js_values15object_propertyNtB5_8Property14with_utf8_name (in /mnt/c/Users/guido/ghq/projects/rustdom/dist/rustdom.node)
==2406856==    by 0x22DC5A4D: _RNvNvNvNvNtNtNtCsdulfWib0rSm_7rustdom3dom19abort_state_binding37___napi_impl_helper_NativeAbortState_041___napi_register__NativeAbortState_impl_181__18___CTOR_PRIVATE_REF14___ctor_private (in /mnt/c/Users/guido/ghq/projects/rustdom/dist/rustdom.node)
==2406856==    by 0x681447D: call_init.part.0 (dl-init.c:70)
==2406856==    by 0x6814567: call_init (dl-init.c:33)
==2406856==    by 0x6814567: _dl_init (dl-init.c:117)
==2406856==    by 0x7522BB4: _dl_catch_exception (dl-error-skeleton.c:182)
==2406856==    by 0x681BFF5: dl_open_worker (dl-open.c:808)
==2406856==    by 0x681BFF5: dl_open_worker (dl-open.c:771)
==2406856==    by 0x7522B57: _dl_catch_exception (dl-error-skeleton.c:208)
==2406856==    by 0x681C34D: _dl_open (dl-open.c:883)
==2406856==    by 0x743E5FB: dlopen_doit (dlopen.c:56)
==2406856==    by 0x7522B57: _dl_catch_exception (dl-error-skeleton.c:208)
==2406856== 
==2406856== 11 bytes in 1 blocks are possibly lost in loss record 89 of 367
==2406856==    at 0x7056899: malloc (in /mnt/c/Users/guido/ghq/projects/rustdom/.tools/valgrind/usr/libexec/valgrind/vgpreload_memcheck-amd64-linux.so)
==2406856==    by 0x22E5C032: _RNvXs0_NvMs_NtNtCs6i54tJFfzR_5alloc3ffi5c_strNtBa_7CString3newReNtB5_11SpecNewImpl13spec_new_impl (in /mnt/c/Users/guido/ghq/projects/rustdom/dist/rustdom.node)
==2406856==    by 0x22E112BF: _RNvMs2_NtNtCsbKcx7MMum66_4napi9js_values15object_propertyNtB5_8Property14with_utf8_name (in /mnt/c/Users/guido/ghq/projects/rustdom/dist/rustdom.node)
==2406856==    by 0x22DC6A5B: _RNvNvNvNvNtNtNtCsdulfWib0rSm_7rustdom3dom19event_state_binding37___napi_impl_helper_NativeEventState_442___napi_register__NativeEventState_impl_1011__18___CTOR_PRIVATE_REF14___ctor_private (in /mnt/c/Users/guido/ghq/projects/rustdom/dist/rustdom.node)
==2406856==    by 0x681447D: call_init.part.0 (dl-init.c:70)
==2406856==    by 0x6814567: call_init (dl-init.c:33)
==2406856==    by 0x6814567: _dl_init (dl-init.c:117)
==2406856==    by 0x7522BB4: _dl_catch_exception (dl-error-skeleton.c:182)
==2406856==    by 0x681BFF5: dl_open_worker (dl-open.c:808)
==2406856==    by 0x681BFF5: dl_open_worker (dl-open.c:771)
==2406856==    by 0x7522B57: _dl_catch_exception (dl-error-skeleton.c:208)
==2406856==    by 0x681C34D: _dl_open (dl-open.c:883)
==2406856==    by 0x743E5FB: dlopen_doit (dlopen.c:56)
==2406856==    by 0x7522B57: _dl_catch_exception (dl-error-skeleton.c:208)
==2406856== 
==2406856== 11 bytes in 1 blocks are possibly lost in loss record 90 of 367
==2406856==    at 0x7056899: malloc (in /mnt/c/Users/guido/ghq/projects/rustdom/.tools/valgrind/usr/libexec/valgrind/vgpreload_memcheck-amd64-linux.so)
==2406856==    by 0x22E5C032: _RNvXs0_NvMs_NtNtCs6i54tJFfzR_5alloc3ffi5c_strNtBa_7CString3newReNtB5_11SpecNewImpl13spec_new_impl (in /mnt/c/Users/guido/ghq/projects/rustdom/dist/rustdom.node)
==2406856==    by 0x22E112BF: _RNvMs2_NtNtCsbKcx7MMum66_4napi9js_values15object_propertyNtB5_8Property14with_utf8_name (in /mnt/c/Users/guido/ghq/projects/rustdom/dist/rustdom.node)
==2406856==    by 0x22DC6D6E: _RNvNvNvNvNtNtNtCsdulfWib0rSm_7rustdom3dom19event_state_binding37___napi_impl_helper_NativeEventState_442___napi_register__NativeEventState_impl_1011__18___CTOR_PRIVATE_REF14___ctor_private (in /mnt/c/Users/guido/ghq/projects/rustdom/dist/rustdom.node)
==2406856==    by 0x681447D: call_init.part.0 (dl-init.c:70)
==2406856==    by 0x6814567: call_init (dl-init.c:33)
==2406856==    by 0x6814567: _dl_init (dl-init.c:117)
==2406856==    by 0x7522BB4: _dl_catch_exception (dl-error-skeleton.c:182)
==2406856==    by 0x681BFF5: dl_open_worker (dl-open.c:808)
==2406856==    by 0x681BFF5: dl_open_worker (dl-open.c:771)
==2406856==    by 0x7522B57: _dl_catch_exception (dl-error-skeleton.c:208)
==2406856==    by 0x681C34D: _dl_open (dl-open.c:883)
==2406856==    by 0x743E5FB: dlopen_doit (dlopen.c:56)
==2406856==    by 0x7522B57: _dl_catch_exception (dl-error-skeleton.c:208)
==2406856== 
==2406856== 11 bytes in 1 blocks are possibly lost in loss record 91 of 367
==2406856==    at 0x7056899: malloc (in /mnt/c/Users/guido/ghq/projects/rustdom/.tools/valgrind/usr/libexec/valgrind/vgpreload_memcheck-amd64-linux.so)
==2406856==    by 0x22E5C032: _RNvXs0_NvMs_NtNtCs6i54tJFfzR_5alloc3ffi5c_strNtBa_7CString3newReNtB5_11SpecNewImpl13spec_new_impl (in /mnt/c/Users/guido/ghq/projects/rustdom/dist/rustdom.node)
==2406856==    by 0x22E112BF: _RNvMs2_NtNtCsbKcx7MMum66_4napi9js_values15object_propertyNtB5_8Property14with_utf8_name (in /mnt/c/Users/guido/ghq/projects/rustdom/dist/rustdom.node)
==2406856==    by 0x22DC726C: _RNvNvNvNvNtNtNtCsdulfWib0rSm_7rustdom3dom19event_state_binding37___napi_impl_helper_NativeEventState_442___napi_register__NativeEventState_impl_1011__18___CTOR_PRIVATE_REF14___ctor_private (in /mnt/c/Users/guido/ghq/projects/rustdom/dist/rustdom.node)
==2406856==    by 0x681447D: call_init.part.0 (dl-init.c:70)
==2406856==    by 0x6814567: call_init (dl-init.c:33)
==2406856==    by 0x6814567: _dl_init (dl-init.c:117)
==2406856==    by 0x7522BB4: _dl_catch_exception (dl-error-skeleton.c:182)
==2406856==    by 0x681BFF5: dl_open_worker (dl-open.c:808)
==2406856==    by 0x681BFF5: dl_open_worker (dl-open.c:771)
==2406856==    by 0x7522B57: _dl_catch_exception (dl-error-skeleton.c:208)
==2406856==    by 0x681C34D: _dl_open (dl-open.c:883)
==2406856==    by 0x743E5FB: dlopen_doit (dlopen.c:56)
==2406856==    by 0x7522B57: _dl_catch_exception (dl-error-skeleton.c:208)
==2406856== 
==2406856== 11 bytes in 1 blocks are possibly lost in loss record 92 of 367
==2406856==    at 0x7056899: malloc (in /mnt/c/Users/guido/ghq/projects/rustdom/.tools/valgrind/usr/libexec/valgrind/vgpreload_memcheck-amd64-linux.so)
==2406856==    by 0x22E5C032: _RNvXs0_NvMs_NtNtCs6i54tJFfzR_5alloc3ffi5c_strNtBa_7CString3newReNtB5_11SpecNewImpl13spec_new_impl (in /mnt/c/Users/guido/ghq/projects/rustdom/dist/rustdom.node)
==2406856==    by 0x22E112BF: _RNvMs2_NtNtCsbKcx7MMum66_4napi9js_values15object_propertyNtB5_8Property14with_utf8_name (in /mnt/c/Users/guido/ghq/projects/rustdom/dist/rustdom.node)
==2406856==    by 0x22DC7684: _RNvNvNvNvNtNtNtCsdulfWib0rSm_7rustdom3dom19event_state_binding37___napi_impl_helper_NativeEventState_442___napi_register__NativeEventState_impl_1011__18___CTOR_PRIVATE_REF14___ctor_private (in /mnt/c/Users/guido/ghq/projects/rustdom/dist/rustdom.node)
==2406856==    by 0x681447D: call_init.part.0 (dl-init.c:70)
==2406856==    by 0x6814567: call_init (dl-init.c:33)
==2406856==    by 0x6814567: _dl_init (dl-init.c:117)
==2406856==    by 0x7522BB4: _dl_catch_exception (dl-error-skeleton.c:182)
==2406856==    by 0x681BFF5: dl_open_worker (dl-open.c:808)
==2406856==    by 0x681BFF5: dl_open_worker (dl-open.c:771)
==2406856==    by 0x7522B57: _dl_catch_exception (dl-error-skeleton.c:208)
==2406856==    by 0x681C34D: _dl_open (dl-open.c:883)
==2406856==    by 0x743E5FB: dlopen_doit (dlopen.c:56)
==2406856==    by 0x7522B57: _dl_catch_exception (dl-error-skeleton.c:208)
==2406856== 
==2406856== 11 bytes in 1 blocks are possibly lost in loss record 93 of 367
==2406856==    at 0x7056899: malloc (in /mnt/c/Users/guido/ghq/projects/rustdom/.tools/valgrind/usr/libexec/valgrind/vgpreload_memcheck-amd64-linux.so)
==2406856==    by 0x22E5C032: _RNvXs0_NvMs_NtNtCs6i54tJFfzR_5alloc3ffi5c_strNtBa_7CString3newReNtB5_11SpecNewImpl13spec_new_impl (in /mnt/c/Users/guido/ghq/projects/rustdom/dist/rustdom.node)
==2406856==    by 0x22E112BF: _RNvMs2_NtNtCsbKcx7MMum66_4napi9js_values15object_propertyNtB5_8Property14with_utf8_name (in /mnt/c/Users/guido/ghq/projects/rustdom/dist/rustdom.node)
==2406856==    by 0x22DC7DAE: _RNvNvNvNvNtNtNtCsdulfWib0rSm_7rustdom3dom19event_state_binding37___napi_impl_helper_NativeEventState_442___napi_register__NativeEventState_impl_1011__18___CTOR_PRIVATE_REF14___ctor_private (in /mnt/c/Users/guido/ghq/projects/rustdom/dist/rustdom.node)
==2406856==    by 0x681447D: call_init.part.0 (dl-init.c:70)
==2406856==    by 0x6814567: call_init (dl-init.c:33)
==2406856==    by 0x6814567: _dl_init (dl-init.c:117)
==2406856==    by 0x7522BB4: _dl_catch_exception (dl-error-skeleton.c:182)
==2406856==    by 0x681BFF5: dl_open_worker (dl-open.c:808)
==2406856==    by 0x681BFF5: dl_open_worker (dl-open.c:771)
==2406856==    by 0x7522B57: _dl_catch_exception (dl-error-skeleton.c:208)
==2406856==    by 0x681C34D: _dl_open (dl-open.c:883)
==2406856==    by 0x743E5FB: dlopen_doit (dlopen.c:56)
==2406856==    by 0x7522B57: _dl_catch_exception (dl-error-skeleton.c:208)
==2406856== 
==2406856== 11 bytes in 1 blocks are possibly lost in loss record 94 of 367
==2406856==    at 0x7056899: malloc (in /mnt/c/Users/guido/ghq/projects/rustdom/.tools/valgrind/usr/libexec/valgrind/vgpreload_memcheck-amd64-linux.so)
==2406856==    by 0x22E5C032: _RNvXs0_NvMs_NtNtCs6i54tJFfzR_5alloc3ffi5c_strNtBa_7CString3newReNtB5_11SpecNewImpl13spec_new_impl (in /mnt/c/Users/guido/ghq/projects/rustdom/dist/rustdom.node)
==2406856==    by 0x22E112BF: _RNvMs2_NtNtCsbKcx7MMum66_4napi9js_values15object_propertyNtB5_8Property14with_utf8_name (in /mnt/c/Users/guido/ghq/projects/rustdom/dist/rustdom.node)
==2406856==    by 0x22DCA1EB: _RNvNvNvNvNtNtNtCsdulfWib0rSm_7rustdom3dom19range_clone_binding37___napi_impl_helper_NativeRangeClone_742___napi_register__NativeRangeClone_impl_1451__18___CTOR_PRIVATE_REF14___ctor_private (in /mnt/c/Users/guido/ghq/projects/rustdom/dist/rustdom.node)
==2406856==    by 0x681447D: call_init.part.0 (dl-init.c:70)
==2406856==    by 0x6814567: call_init (dl-init.c:33)
==2406856==    by 0x6814567: _dl_init (dl-init.c:117)
==2406856==    by 0x7522BB4: _dl_catch_exception (dl-error-skeleton.c:182)
==2406856==    by 0x681BFF5: dl_open_worker (dl-open.c:808)
==2406856==    by 0x681BFF5: dl_open_worker (dl-open.c:771)
==2406856==    by 0x7522B57: _dl_catch_exception (dl-error-skeleton.c:208)
==2406856==    by 0x681C34D: _dl_open (dl-open.c:883)
==2406856==    by 0x743E5FB: dlopen_doit (dlopen.c:56)
==2406856==    by 0x7522B57: _dl_catch_exception (dl-error-skeleton.c:208)
==2406856== 
==2406856== 11 bytes in 1 blocks are possibly lost in loss record 95 of 367
==2406856==    at 0x7056899: malloc (in /mnt/c/Users/guido/ghq/projects/rustdom/.tools/valgrind/usr/libexec/valgrind/vgpreload_memcheck-amd64-linux.so)
==2406856==    by 0x22E5C032: _RNvXs0_NvMs_NtNtCs6i54tJFfzR_5alloc3ffi5c_strNtBa_7CString3newReNtB5_11SpecNewImpl13spec_new_impl (in /mnt/c/Users/guido/ghq/projects/rustdom/dist/rustdom.node)
==2406856==    by 0x22E112BF: _RNvMs2_NtNtCsbKcx7MMum66_4napi9js_values15object_propertyNtB5_8Property14with_utf8_name (in /mnt/c/Users/guido/ghq/projects/rustdom/dist/rustdom.node)
==2406856==    by 0x22DCB13C: _RNvNvNvNvNtNtNtCsdulfWib0rSm_7rustdom3dom19range_state_binding32___napi_impl_helper_NativeRange_937___napi_register__NativeRange_impl_1821__18___CTOR_PRIVATE_REF14___ctor_private (in /mnt/c/Users/guido/ghq/projects/rustdom/dist/rustdom.node)
==2406856==    by 0x681447D: call_init.part.0 (dl-init.c:70)
==2406856==    by 0x6814567: call_init (dl-init.c:33)
==2406856==    by 0x6814567: _dl_init (dl-init.c:117)
==2406856==    by 0x7522BB4: _dl_catch_exception (dl-error-skeleton.c:182)
==2406856==    by 0x681BFF5: dl_open_worker (dl-open.c:808)
==2406856==    by 0x681BFF5: dl_open_worker (dl-open.c:771)
==2406856==    by 0x7522B57: _dl_catch_exception (dl-error-skeleton.c:208)
==2406856==    by 0x681C34D: _dl_open (dl-open.c:883)
==2406856==    by 0x743E5FB: dlopen_doit (dlopen.c:56)
==2406856==    by 0x7522B57: _dl_catch_exception (dl-error-skeleton.c:208)
==2406856== 
==2406856== 11 bytes in 1 blocks are possibly lost in loss record 96 of 367
==2406856==    at 0x7056899: malloc (in /mnt/c/Users/guido/ghq/projects/rustdom/.tools/valgrind/usr/libexec/valgrind/vgpreload_memcheck-amd64-linux.so)
==2406856==    by 0x22E5C032: _RNvXs0_NvMs_NtNtCs6i54tJFfzR_5alloc3ffi5c_strNtBa_7CString3newReNtB5_11SpecNewImpl13spec_new_impl (in /mnt/c/Users/guido/ghq/projects/rustdom/dist/rustdom.node)
==2406856==    by 0x22E112BF: _RNvMs2_NtNtCsbKcx7MMum66_4napi9js_values15object_propertyNtB5_8Property14with_utf8_name (in /mnt/c/Users/guido/ghq/projects/rustdom/dist/rustdom.node)
==2406856==    by 0x22DCBC23: _RNvNvNvNvNtNtNtCsdulfWib0rSm_7rustdom3dom19range_state_binding32___napi_impl_helper_NativeRange_937___napi_register__NativeRange_impl_1821__18___CTOR_PRIVATE_REF14___ctor_private (in /mnt/c/Users/guido/ghq/projects/rustdom/dist/rustdom.node)
==2406856==    by 0x681447D: call_init.part.0 (dl-init.c:70)
==2406856==    by 0x6814567: call_init (dl-init.c:33)
==2406856==    by 0x6814567: _dl_init (dl-init.c:117)
==2406856==    by 0x7522BB4: _dl_catch_exception (dl-error-skeleton.c:182)
==2406856==    by 0x681BFF5: dl_open_worker (dl-open.c:808)
==2406856==    by 0x681BFF5: dl_open_worker (dl-open.c:771)
==2406856==    by 0x7522B57: _dl_catch_exception (dl-error-skeleton.c:208)
==2406856==    by 0x681C34D: _dl_open (dl-open.c:883)
==2406856==    by 0x743E5FB: dlopen_doit (dlopen.c:56)
==2406856==    by 0x7522B57: _dl_catch_exception (dl-error-skeleton.c:208)
==2406856== 
==2406856== 11 bytes in 1 blocks are possibly lost in loss record 97 of 367
==2406856==    at 0x7056899: malloc (in /mnt/c/Users/guido/ghq/projects/rustdom/.tools/valgrind/usr/libexec/valgrind/vgpreload_memcheck-amd64-linux.so)
==2406856==    by 0x22E5C032: _RNvXs0_NvMs_NtNtCs6i54tJFfzR_5alloc3ffi5c_strNtBa_7CString3newReNtB5_11SpecNewImpl13spec_new_impl (in /mnt/c/Users/guido/ghq/projects/rustdom/dist/rustdom.node)
==2406856==    by 0x22E112BF: _RNvMs2_NtNtCsbKcx7MMum66_4napi9js_values15object_propertyNtB5_8Property14with_utf8_name (in /mnt/c/Users/guido/ghq/projects/rustdom/dist/rustdom.node)
==2406856==    by 0x22DCD901: _RNvNvNvNvNtNtNtCsdulfWib0rSm_7rustdom3dom19tree_cursor_binding37___napi_impl_helper_NativeTraversal_1541___napi_register__NativeTraversal_impl_4011__18___CTOR_PRIVATE_REF14___ctor_private (in /mnt/c/Users/guido/ghq/projects/rustdom/dist/rustdom.node)
==2406856==    by 0x681447D: call_init.part.0 (dl-init.c:70)
==2406856==    by 0x6814567: call_init (dl-init.c:33)
==2406856==    by 0x6814567: _dl_init (dl-init.c:117)
==2406856==    by 0x7522BB4: _dl_catch_exception (dl-error-skeleton.c:182)
==2406856==    by 0x681BFF5: dl_open_worker (dl-open.c:808)
==2406856==    by 0x681BFF5: dl_open_worker (dl-open.c:771)
==2406856==    by 0x7522B57: _dl_catch_exception (dl-error-skeleton.c:208)
==2406856==    by 0x681C34D: _dl_open (dl-open.c:883)
==2406856==    by 0x743E5FB: dlopen_doit (dlopen.c:56)
==2406856==    by 0x7522B57: _dl_catch_exception (dl-error-skeleton.c:208)
==2406856== 
==2406856== 11 bytes in 1 blocks are possibly lost in loss record 98 of 367
==2406856==    at 0x7056899: malloc (in /mnt/c/Users/guido/ghq/projects/rustdom/.tools/valgrind/usr/libexec/valgrind/vgpreload_memcheck-amd64-linux.so)
==2406856==    by 0x22E5C032: _RNvXs0_NvMs_NtNtCs6i54tJFfzR_5alloc3ffi5c_strNtBa_7CString3newReNtB5_11SpecNewImpl13spec_new_impl (in /mnt/c/Users/guido/ghq/projects/rustdom/dist/rustdom.node)
==2406856==    by 0x22E112BF: _RNvMs2_NtNtCsbKcx7MMum66_4napi9js_values15object_propertyNtB5_8Property14with_utf8_name (in /mnt/c/Users/guido/ghq/projects/rustdom/dist/rustdom.node)
==2406856==    by 0x22DCED12: _RNvNvNvNvNtNtNtCsdulfWib0rSm_7rustdom3dom19web_storage_binding39___napi_impl_helper_NativeStorageArea_1743___napi_register__NativeStorageArea_impl_4201__18___CTOR_PRIVATE_REF14___ctor_private (in /mnt/c/Users/guido/ghq/projects/rustdom/dist/rustdom.node)
==2406856==    by 0x681447D: call_init.part.0 (dl-init.c:70)
==2406856==    by 0x6814567: call_init (dl-init.c:33)
==2406856==    by 0x6814567: _dl_init (dl-init.c:117)
==2406856==    by 0x7522BB4: _dl_catch_exception (dl-error-skeleton.c:182)
==2406856==    by 0x681BFF5: dl_open_worker (dl-open.c:808)
==2406856==    by 0x681BFF5: dl_open_worker (dl-open.c:771)
==2406856==    by 0x7522B57: _dl_catch_exception (dl-error-skeleton.c:208)
==2406856==    by 0x681C34D: _dl_open (dl-open.c:883)
==2406856==    by 0x743E5FB: dlopen_doit (dlopen.c:56)
==2406856==    by 0x7522B57: _dl_catch_exception (dl-error-skeleton.c:208)
==2406856== 
==2406856== 11 bytes in 1 blocks are possibly lost in loss record 99 of 367
==2406856==    at 0x7056899: malloc (in /mnt/c/Users/guido/ghq/projects/rustdom/.tools/valgrind/usr/libexec/valgrind/vgpreload_memcheck-amd64-linux.so)
==2406856==    by 0x22E5C032: _RNvXs0_NvMs_NtNtCs6i54tJFfzR_5alloc3ffi5c_strNtBa_7CString3newReNtB5_11SpecNewImpl13spec_new_impl (in /mnt/c/Users/guido/ghq/projects/rustdom/dist/rustdom.node)
==2406856==    by 0x22E112BF: _RNvMs2_NtNtCsbKcx7MMum66_4napi9js_values15object_propertyNtB5_8Property14with_utf8_name (in /mnt/c/Users/guido/ghq/projects/rustdom/dist/rustdom.node)
==2406856==    by 0x22DD017B: _RNvNvNvNvNtNtNtCsdulfWib0rSm_7rustdom3dom21range_extract_binding39___napi_impl_helper_NativeRangeExtract_844___napi_register__NativeRangeExtract_impl_1531__18___CTOR_PRIVATE_REF14___ctor_private (in /mnt/c/Users/guido/ghq/projects/rustdom/dist/rustdom.node)
==2406856==    by 0x681447D: call_init.part.0 (dl-init.c:70)
==2406856==    by 0x6814567: call_init (dl-init.c:33)
==2406856==    by 0x6814567: _dl_init (dl-init.c:117)
==2406856==    by 0x7522BB4: _dl_catch_exception (dl-error-skeleton.c:182)
==2406856==    by 0x681BFF5: dl_open_worker (dl-open.c:808)
==2406856==    by 0x681BFF5: dl_open_worker (dl-open.c:771)
==2406856==    by 0x7522B57: _dl_catch_exception (dl-error-skeleton.c:208)
==2406856==    by 0x681C34D: _dl_open (dl-open.c:883)
==2406856==    by 0x743E5FB: dlopen_doit (dlopen.c:56)
==2406856==    by 0x7522B57: _dl_catch_exception (dl-error-skeleton.c:208)
==2406856== 
==2406856== 11 bytes in 1 blocks are possibly lost in loss record 100 of 367
==2406856==    at 0x7056899: malloc (in /mnt/c/Users/guido/ghq/projects/rustdom/.tools/valgrind/usr/libexec/valgrind/vgpreload_memcheck-amd64-linux.so)
==2406856==    by 0x22E5C032: _RNvXs0_NvMs_NtNtCs6i54tJFfzR_5alloc3ffi5c_strNtBa_7CString3newReNtB5_11SpecNewImpl13spec_new_impl (in /mnt/c/Users/guido/ghq/projects/rustdom/dist/rustdom.node)
==2406856==    by 0x22E112BF: _RNvMs2_NtNtCsbKcx7MMum66_4napi9js_values15object_propertyNtB5_8Property14with_utf8_name (in /mnt/c/Users/guido/ghq/projects/rustdom/dist/rustdom.node)
==2406856==    by 0x22DD0FC0: _RNvNvNvNvNtNtNtCsdulfWib0rSm_7rustdom3dom23event_listeners_binding43___napi_impl_helper_NativeListenerRegistry_347___napi_register__NativeListenerRegistry_impl_661__18___CTOR_PRIVATE_REF14___ctor_private (in /mnt/c/Users/guido/ghq/projects/rustdom/dist/rustdom.node)
==2406856==    by 0x681447D: call_init.part.0 (dl-init.c:70)
==2406856==    by 0x6814567: call_init (dl-init.c:33)
==2406856==    by 0x6814567: _dl_init (dl-init.c:117)
==2406856==    by 0x7522BB4: _dl_catch_exception (dl-error-skeleton.c:182)
==2406856==    by 0x681BFF5: dl_open_worker (dl-open.c:808)
==2406856==    by 0x681BFF5: dl_open_worker (dl-open.c:771)
==2406856==    by 0x7522B57: _dl_catch_exception (dl-error-skeleton.c:208)
==2406856==    by 0x681C34D: _dl_open (dl-open.c:883)
==2406856==    by 0x743E5FB: dlopen_doit (dlopen.c:56)
==2406856==    by 0x7522B57: _dl_catch_exception (dl-error-skeleton.c:208)
==2406856== 
==2406856== 11 bytes in 1 blocks are possibly lost in loss record 101 of 367
==2406856==    at 0x7056899: malloc (in /mnt/c/Users/guido/ghq/projects/rustdom/.tools/valgrind/usr/libexec/valgrind/vgpreload_memcheck-amd64-linux.so)
==2406856==    by 0x22E5C032: _RNvXs0_NvMs_NtNtCs6i54tJFfzR_5alloc3ffi5c_strNtBa_7CString3newReNtB5_11SpecNewImpl13spec_new_impl (in /mnt/c/Users/guido/ghq/projects/rustdom/dist/rustdom.node)
==2406856==    by 0x22E112BF: _RNvMs2_NtNtCsbKcx7MMum66_4napi9js_values15object_propertyNtB5_8Property14with_utf8_name (in /mnt/c/Users/guido/ghq/projects/rustdom/dist/rustdom.node)
==2406856==    by 0x22DD1D5B: _RNvNvNvNvNtNtNtCsdulfWib0rSm_7rustdom3dom23mutation_record_binding41___napi_impl_helper_NativeMutationRecord_546___napi_register__NativeMutationRecord_impl_1191__18___CTOR_PRIVATE_REF14___ctor_private (in /mnt/c/Users/guido/ghq/projects/rustdom/dist/rustdom.node)
==2406856==    by 0x681447D: call_init.part.0 (dl-init.c:70)
==2406856==    by 0x6814567: call_init (dl-init.c:33)
==2406856==    by 0x6814567: _dl_init (dl-init.c:117)
==2406856==    by 0x7522BB4: _dl_catch_exception (dl-error-skeleton.c:182)
==2406856==    by 0x681BFF5: dl_open_worker (dl-open.c:808)
==2406856==    by 0x681BFF5: dl_open_worker (dl-open.c:771)
==2406856==    by 0x7522B57: _dl_catch_exception (dl-error-skeleton.c:208)
==2406856==    by 0x681C34D: _dl_open (dl-open.c:883)
==2406856==    by 0x743E5FB: dlopen_doit (dlopen.c:56)
==2406856==    by 0x7522B57: _dl_catch_exception (dl-error-skeleton.c:208)
==2406856== 
==2406856== 11 bytes in 1 blocks are possibly lost in loss record 102 of 367
==2406856==    at 0x7056899: malloc (in /mnt/c/Users/guido/ghq/projects/rustdom/.tools/valgrind/usr/libexec/valgrind/vgpreload_memcheck-amd64-linux.so)
==2406856==    by 0x22E5C032: _RNvXs0_NvMs_NtNtCs6i54tJFfzR_5alloc3ffi5c_strNtBa_7CString3newReNtB5_11SpecNewImpl13spec_new_impl (in /mnt/c/Users/guido/ghq/projects/rustdom/dist/rustdom.node)
==2406856==    by 0x22E112BF: _RNvMs2_NtNtCsbKcx7MMum66_4napi9js_values15object_propertyNtB5_8Property14with_utf8_name (in /mnt/c/Users/guido/ghq/projects/rustdom/dist/rustdom.node)
==2406856==    by 0x22DD267A: _RNvNvNvNvNtNtNtCsdulfWib0rSm_7rustdom3dom23mutation_record_binding41___napi_impl_helper_NativeMutationRecord_546___napi_register__NativeMutationRecord_impl_1191__18___CTOR_PRIVATE_REF14___ctor_private (in /mnt/c/Users/guido/ghq/projects/rustdom/dist/rustdom.node)
==2406856==    by 0x681447D: call_init.part.0 (dl-init.c:70)
==2406856==    by 0x6814567: call_init (dl-init.c:33)
==2406856==    by 0x6814567: _dl_init (dl-init.c:117)
==2406856==    by 0x7522BB4: _dl_catch_exception (dl-error-skeleton.c:182)
==2406856==    by 0x681BFF5: dl_open_worker (dl-open.c:808)
==2406856==    by 0x681BFF5: dl_open_worker (dl-open.c:771)
==2406856==    by 0x7522B57: _dl_catch_exception (dl-error-skeleton.c:208)
==2406856==    by 0x681C34D: _dl_open (dl-open.c:883)
==2406856==    by 0x743E5FB: dlopen_doit (dlopen.c:56)
==2406856==    by 0x7522B57: _dl_catch_exception (dl-error-skeleton.c:208)
==2406856== 
==2406856== 11 bytes in 1 blocks are possibly lost in loss record 103 of 367
==2406856==    at 0x7056899: malloc (in /mnt/c/Users/guido/ghq/projects/rustdom/.tools/valgrind/usr/libexec/valgrind/vgpreload_memcheck-amd64-linux.so)
==2406856==    by 0x22E5C032: _RNvXs0_NvMs_NtNtCs6i54tJFfzR_5alloc3ffi5c_strNtBa_7CString3newReNtB5_11SpecNewImpl13spec_new_impl (in /mnt/c/Users/guido/ghq/projects/rustdom/dist/rustdom.node)
==2406856==    by 0x22E112BF: _RNvMs2_NtNtCsbKcx7MMum66_4napi9js_values15object_propertyNtB5_8Property14with_utf8_name (in /mnt/c/Users/guido/ghq/projects/rustdom/dist/rustdom.node)
==2406856==    by 0x22DD37BB: _RNvNvNvNvNtNtNtCsdulfWib0rSm_7rustdom3dom23slot_assignment_binding48___napi_impl_helper_NativeSlotAssignmentDriver_1052___napi_register__NativeSlotAssignmentDriver_impl_1911__18___CTOR_PRIVATE_REF14___ctor_private (in /mnt/c/Users/guido/ghq/projects/rustdom/dist/rustdom.node)
==2406856==    by 0x681447D: call_init.part.0 (dl-init.c:70)
==2406856==    by 0x6814567: call_init (dl-init.c:33)
==2406856==    by 0x6814567: _dl_init (dl-init.c:117)
==2406856==    by 0x7522BB4: _dl_catch_exception (dl-error-skeleton.c:182)
==2406856==    by 0x681BFF5: dl_open_worker (dl-open.c:808)
==2406856==    by 0x681BFF5: dl_open_worker (dl-open.c:771)
==2406856==    by 0x7522B57: _dl_catch_exception (dl-error-skeleton.c:208)
==2406856==    by 0x681C34D: _dl_open (dl-open.c:883)
==2406856==    by 0x743E5FB: dlopen_doit (dlopen.c:56)
==2406856==    by 0x7522B57: _dl_catch_exception (dl-error-skeleton.c:208)
==2406856== 
==2406856== 11 bytes in 1 blocks are possibly lost in loss record 104 of 367
==2406856==    at 0x7056899: malloc (in /mnt/c/Users/guido/ghq/projects/rustdom/.tools/valgrind/usr/libexec/valgrind/vgpreload_memcheck-amd64-linux.so)
==2406856==    by 0x22E5C032: _RNvXs0_NvMs_NtNtCs6i54tJFfzR_5alloc3ffi5c_strNtBa_7CString3newReNtB5_11SpecNewImpl13spec_new_impl (in /mnt/c/Users/guido/ghq/projects/rustdom/dist/rustdom.node)
==2406856==    by 0x22E112BF: _RNvMs2_NtNtCsbKcx7MMum66_4napi9js_values15object_propertyNtB5_8Property14with_utf8_name (in /mnt/c/Users/guido/ghq/projects/rustdom/dist/rustdom.node)
==2406856==    by 0x22DD4294: _RNvNvNvNvNtNtNtCsdulfWib0rSm_7rustdom3dom25observer_delivery_binding43___napi_impl_helper_NativeObserverDelivery_648___napi_register__NativeObserverDelivery_impl_1321__18___CTOR_PRIVATE_REF14___ctor_private (in /mnt/c/Users/guido/ghq/projects/rustdom/dist/rustdom.node)
==2406856==    by 0x681447D: call_init.part.0 (dl-init.c:70)
==2406856==    by 0x6814567: call_init (dl-init.c:33)
==2406856==    by 0x6814567: _dl_init (dl-init.c:117)
==2406856==    by 0x7522BB4: _dl_catch_exception (dl-error-skeleton.c:182)
==2406856==    by 0x681BFF5: dl_open_worker (dl-open.c:808)
==2406856==    by 0x681BFF5: dl_open_worker (dl-open.c:771)
==2406856==    by 0x7522B57: _dl_catch_exception (dl-error-skeleton.c:208)
==2406856==    by 0x681C34D: _dl_open (dl-open.c:883)
==2406856==    by 0x743E5FB: dlopen_doit (dlopen.c:56)
==2406856==    by 0x7522B57: _dl_catch_exception (dl-error-skeleton.c:208)
==2406856== 
==2406856== 11 bytes in 1 blocks are possibly lost in loss record 105 of 367
==2406856==    at 0x7056899: malloc (in /mnt/c/Users/guido/ghq/projects/rustdom/.tools/valgrind/usr/libexec/valgrind/vgpreload_memcheck-amd64-linux.so)
==2406856==    by 0x22E5C032: _RNvXs0_NvMs_NtNtCs6i54tJFfzR_5alloc3ffi5c_strNtBa_7CString3newReNtB5_11SpecNewImpl13spec_new_impl (in /mnt/c/Users/guido/ghq/projects/rustdom/dist/rustdom.node)
==2406856==    by 0x22E112BF: _RNvMs2_NtNtCsbKcx7MMum66_4napi9js_values15object_propertyNtB5_8Property14with_utf8_name (in /mnt/c/Users/guido/ghq/projects/rustdom/dist/rustdom.node)
==2406856==    by 0x22DB23F7: _RNvNvNtNtNtCsdulfWib0rSm_7rustdom3dom4tree32___napi_impl_helper_NativeTree_1436___napi_register__NativeTree_impl_38720___ctor_private_inner (in /mnt/c/Users/guido/ghq/projects/rustdom/dist/rustdom.node)
==2406856==    by 0x22DD6E85: _RNvNvNvNvNtNtNtCsdulfWib0rSm_7rustdom3dom4tree32___napi_impl_helper_NativeTree_1436___napi_register__NativeTree_impl_3871__18___CTOR_PRIVATE_REF14___ctor_private (in /mnt/c/Users/guido/ghq/projects/rustdom/dist/rustdom.node)
==2406856==    by 0x681447D: call_init.part.0 (dl-init.c:70)
==2406856==    by 0x6814567: call_init (dl-init.c:33)
==2406856==    by 0x6814567: _dl_init (dl-init.c:117)
==2406856==    by 0x7522BB4: _dl_catch_exception (dl-error-skeleton.c:182)
==2406856==    by 0x681BFF5: dl_open_worker (dl-open.c:808)
==2406856==    by 0x681BFF5: dl_open_worker (dl-open.c:771)
==2406856==    by 0x7522B57: _dl_catch_exception (dl-error-skeleton.c:208)
==2406856==    by 0x681C34D: _dl_open (dl-open.c:883)
==2406856==    by 0x743E5FB: dlopen_doit (dlopen.c:56)
==2406856== 
==2406856== 11 bytes in 1 blocks are possibly lost in loss record 106 of 367
==2406856==    at 0x7056899: malloc (in /mnt/c/Users/guido/ghq/projects/rustdom/.tools/valgrind/usr/libexec/valgrind/vgpreload_memcheck-amd64-linux.so)
==2406856==    by 0x22E5C032: _RNvXs0_NvMs_NtNtCs6i54tJFfzR_5alloc3ffi5c_strNtBa_7CString3newReNtB5_11SpecNewImpl13spec_new_impl (in /mnt/c/Users/guido/ghq/projects/rustdom/dist/rustdom.node)
==2406856==    by 0x22E112BF: _RNvMs2_NtNtCsbKcx7MMum66_4napi9js_values15object_propertyNtB5_8Property14with_utf8_name (in /mnt/c/Users/guido/ghq/projects/rustdom/dist/rustdom.node)
==2406856==    by 0x22DB6B9B: _RNvNvNtNtNtCsdulfWib0rSm_7rustdom3dom4tree32___napi_impl_helper_NativeTree_1436___napi_register__NativeTree_impl_38720___ctor_private_inner (in /mnt/c/Users/guido/ghq/projects/rustdom/dist/rustdom.node)
==2406856==    by 0x22DD6E85: _RNvNvNvNvNtNtNtCsdulfWib0rSm_7rustdom3dom4tree32___napi_impl_helper_NativeTree_1436___napi_register__NativeTree_impl_3871__18___CTOR_PRIVATE_REF14___ctor_private (in /mnt/c/Users/guido/ghq/projects/rustdom/dist/rustdom.node)
==2406856==    by 0x681447D: call_init.part.0 (dl-init.c:70)
==2406856==    by 0x6814567: call_init (dl-init.c:33)
==2406856==    by 0x6814567: _dl_init (dl-init.c:117)
==2406856==    by 0x7522BB4: _dl_catch_exception (dl-error-skeleton.c:182)
==2406856==    by 0x681BFF5: dl_open_worker (dl-open.c:808)
==2406856==    by 0x681BFF5: dl_open_worker (dl-open.c:771)
==2406856==    by 0x7522B57: _dl_catch_exception (dl-error-skeleton.c:208)
==2406856==    by 0x681C34D: _dl_open (dl-open.c:883)
==2406856==    by 0x743E5FB: dlopen_doit (dlopen.c:56)
==2406856== 
==2406856== 11 bytes in 1 blocks are possibly lost in loss record 107 of 367
==2406856==    at 0x7056899: malloc (in /mnt/c/Users/guido/ghq/projects/rustdom/.tools/valgrind/usr/libexec/valgrind/vgpreload_memcheck-amd64-linux.so)
==2406856==    by 0x22E5C032: _RNvXs0_NvMs_NtNtCs6i54tJFfzR_5alloc3ffi5c_strNtBa_7CString3newReNtB5_11SpecNewImpl13spec_new_impl (in /mnt/c/Users/guido/ghq/projects/rustdom/dist/rustdom.node)
==2406856==    by 0x22E112BF: _RNvMs2_NtNtCsbKcx7MMum66_4napi9js_values15object_propertyNtB5_8Property14with_utf8_name (in /mnt/c/Users/guido/ghq/projects/rustdom/dist/rustdom.node)
==2406856==    by 0x22DD767F: _RNvNvNvNvNtNtNtCsdulfWib0rSm_7rustdom3xml7binding37___napi_impl_helper_NativeXmlParser_1941___napi_register__NativeXmlParser_impl_4381__18___CTOR_PRIVATE_REF14___ctor_private (in /mnt/c/Users/guido/ghq/projects/rustdom/dist/rustdom.node)
==2406856==    by 0x681447D: call_init.part.0 (dl-init.c:70)
==2406856==    by 0x6814567: call_init (dl-init.c:33)
==2406856==    by 0x6814567: _dl_init (dl-init.c:117)
==2406856==    by 0x7522BB4: _dl_catch_exception (dl-error-skeleton.c:182)
==2406856==    by 0x681BFF5: dl_open_worker (dl-open.c:808)
==2406856==    by 0x681BFF5: dl_open_worker (dl-open.c:771)
==2406856==    by 0x7522B57: _dl_catch_exception (dl-error-skeleton.c:208)
==2406856==    by 0x681C34D: _dl_open (dl-open.c:883)
==2406856==    by 0x743E5FB: dlopen_doit (dlopen.c:56)
==2406856==    by 0x7522B57: _dl_catch_exception (dl-error-skeleton.c:208)
==2406856== 
==2406856== 12 bytes in 1 blocks are possibly lost in loss record 108 of 367
==2406856==    at 0x7056899: malloc (in /mnt/c/Users/guido/ghq/projects/rustdom/.tools/valgrind/usr/libexec/valgrind/vgpreload_memcheck-amd64-linux.so)
==2406856==    by 0x22E5C032: _RNvXs0_NvMs_NtNtCs6i54tJFfzR_5alloc3ffi5c_strNtBa_7CString3newReNtB5_11SpecNewImpl13spec_new_impl (in /mnt/c/Users/guido/ghq/projects/rustdom/dist/rustdom.node)
==2406856==    by 0x22E112BF: _RNvMs2_NtNtCsbKcx7MMum66_4napi9js_values15object_propertyNtB5_8Property14with_utf8_name (in /mnt/c/Users/guido/ghq/projects/rustdom/dist/rustdom.node)
==2406856==    by 0x22DC1BCB: _RNvNvNvNvNtNtNtCsdulfWib0rSm_7rustdom3dom12blob_binding39___napi_impl_helper_NativeBlobMetadata_143___napi_register__NativeBlobMetadata_impl_281__18___CTOR_PRIVATE_REF14___ctor_private (in /mnt/c/Users/guido/ghq/projects/rustdom/dist/rustdom.node)
==2406856==    by 0x681447D: call_init.part.0 (dl-init.c:70)
==2406856==    by 0x6814567: call_init (dl-init.c:33)
==2406856==    by 0x6814567: _dl_init (dl-init.c:117)
==2406856==    by 0x7522BB4: _dl_catch_exception (dl-error-skeleton.c:182)
==2406856==    by 0x681BFF5: dl_open_worker (dl-open.c:808)
==2406856==    by 0x681BFF5: dl_open_worker (dl-open.c:771)
==2406856==    by 0x7522B57: _dl_catch_exception (dl-error-skeleton.c:208)
==2406856==    by 0x681C34D: _dl_open (dl-open.c:883)
==2406856==    by 0x743E5FB: dlopen_doit (dlopen.c:56)
==2406856==    by 0x7522B57: _dl_catch_exception (dl-error-skeleton.c:208)
==2406856== 
==2406856== 12 bytes in 1 blocks are possibly lost in loss record 109 of 367
==2406856==    at 0x7056899: malloc (in /mnt/c/Users/guido/ghq/projects/rustdom/.tools/valgrind/usr/libexec/valgrind/vgpreload_memcheck-amd64-linux.so)
==2406856==    by 0x22E5C032: _RNvXs0_NvMs_NtNtCs6i54tJFfzR_5alloc3ffi5c_strNtBa_7CString3newReNtB5_11SpecNewImpl13spec_new_impl (in /mnt/c/Users/guido/ghq/projects/rustdom/dist/rustdom.node)
==2406856==    by 0x22E112BF: _RNvMs2_NtNtCsbKcx7MMum66_4napi9js_values15object_propertyNtB5_8Property14with_utf8_name (in /mnt/c/Users/guido/ghq/projects/rustdom/dist/rustdom.node)
==2406856==    by 0x22DC29DB: _RNvNvNvNvNtNtNtCsdulfWib0rSm_7rustdom3dom16dom_rect_binding34___napi_impl_helper_NativeDomRect_238___napi_register__NativeDomRect_impl_501__18___CTOR_PRIVATE_REF14___ctor_private (in /mnt/c/Users/guido/ghq/projects/rustdom/dist/rustdom.node)
==2406856==    by 0x681447D: call_init.part.0 (dl-init.c:70)
==2406856==    by 0x6814567: call_init (dl-init.c:33)
==2406856==    by 0x6814567: _dl_init (dl-init.c:117)
==2406856==    by 0x7522BB4: _dl_catch_exception (dl-error-skeleton.c:182)
==2406856==    by 0x681BFF5: dl_open_worker (dl-open.c:808)
==2406856==    by 0x681BFF5: dl_open_worker (dl-open.c:771)
==2406856==    by 0x7522B57: _dl_catch_exception (dl-error-skeleton.c:208)
==2406856==    by 0x681C34D: _dl_open (dl-open.c:883)
==2406856==    by 0x743E5FB: dlopen_doit (dlopen.c:56)
==2406856==    by 0x7522B57: _dl_catch_exception (dl-error-skeleton.c:208)
==2406856== 
==2406856== 12 bytes in 1 blocks are possibly lost in loss record 110 of 367
==2406856==    at 0x7056899: malloc (in /mnt/c/Users/guido/ghq/projects/rustdom/.tools/valgrind/usr/libexec/valgrind/vgpreload_memcheck-amd64-linux.so)
==2406856==    by 0x22E5C032: _RNvXs0_NvMs_NtNtCs6i54tJFfzR_5alloc3ffi5c_strNtBa_7CString3newReNtB5_11SpecNewImpl13spec_new_impl (in /mnt/c/Users/guido/ghq/projects/rustdom/dist/rustdom.node)
==2406856==    by 0x22E112BF: _RNvMs2_NtNtCsbKcx7MMum66_4napi9js_values15object_propertyNtB5_8Property14with_utf8_name (in /mnt/c/Users/guido/ghq/projects/rustdom/dist/rustdom.node)
==2406856==    by 0x22DC5277: _RNvNvNvNvNtNtNtCsdulfWib0rSm_7rustdom3dom19abort_state_binding37___napi_impl_helper_NativeAbortState_041___napi_register__NativeAbortState_impl_181__18___CTOR_PRIVATE_REF14___ctor_private (in /mnt/c/Users/guido/ghq/projects/rustdom/dist/rustdom.node)
==2406856==    by 0x681447D: call_init.part.0 (dl-init.c:70)
==2406856==    by 0x6814567: call_init (dl-init.c:33)
==2406856==    by 0x6814567: _dl_init (dl-init.c:117)
==2406856==    by 0x7522BB4: _dl_catch_exception (dl-error-skeleton.c:182)
==2406856==    by 0x681BFF5: dl_open_worker (dl-open.c:808)
==2406856==    by 0x681BFF5: dl_open_worker (dl-open.c:771)
==2406856==    by 0x7522B57: _dl_catch_exception (dl-error-skeleton.c:208)
==2406856==    by 0x681C34D: _dl_open (dl-open.c:883)
==2406856==    by 0x743E5FB: dlopen_doit (dlopen.c:56)
==2406856==    by 0x7522B57: _dl_catch_exception (dl-error-skeleton.c:208)
==2406856== 
==2406856== 12 bytes in 1 blocks are possibly lost in loss record 111 of 367
==2406856==    at 0x7056899: malloc (in /mnt/c/Users/guido/ghq/projects/rustdom/.tools/valgrind/usr/libexec/valgrind/vgpreload_memcheck-amd64-linux.so)
==2406856==    by 0x22E5C032: _RNvXs0_NvMs_NtNtCs6i54tJFfzR_5alloc3ffi5c_strNtBa_7CString3newReNtB5_11SpecNewImpl13spec_new_impl (in /mnt/c/Users/guido/ghq/projects/rustdom/dist/rustdom.node)
==2406856==    by 0x22E112BF: _RNvMs2_NtNtCsbKcx7MMum66_4napi9js_values15object_propertyNtB5_8Property14with_utf8_name (in /mnt/c/Users/guido/ghq/projects/rustdom/dist/rustdom.node)
==2406856==    by 0x22DC6C57: _RNvNvNvNvNtNtNtCsdulfWib0rSm_7rustdom3dom19event_state_binding37___napi_impl_helper_NativeEventState_442___napi_register__NativeEventState_impl_1011__18___CTOR_PRIVATE_REF14___ctor_private (in /mnt/c/Users/guido/ghq/projects/rustdom/dist/rustdom.node)
==2406856==    by 0x681447D: call_init.part.0 (dl-init.c:70)
==2406856==    by 0x6814567: call_init (dl-init.c:33)
==2406856==    by 0x6814567: _dl_init (dl-init.c:117)
==2406856==    by 0x7522BB4: _dl_catch_exception (dl-error-skeleton.c:182)
==2406856==    by 0x681BFF5: dl_open_worker (dl-open.c:808)
==2406856==    by 0x681BFF5: dl_open_worker (dl-open.c:771)
==2406856==    by 0x7522B57: _dl_catch_exception (dl-error-skeleton.c:208)
==2406856==    by 0x681C34D: _dl_open (dl-open.c:883)
==2406856==    by 0x743E5FB: dlopen_doit (dlopen.c:56)
==2406856==    by 0x7522B57: _dl_catch_exception (dl-error-skeleton.c:208)
==2406856== 
==2406856== 12 bytes in 1 blocks are possibly lost in loss record 112 of 367
==2406856==    at 0x7056899: malloc (in /mnt/c/Users/guido/ghq/projects/rustdom/.tools/valgrind/usr/libexec/valgrind/vgpreload_memcheck-amd64-linux.so)
==2406856==    by 0x22E5C032: _RNvXs0_NvMs_NtNtCs6i54tJFfzR_5alloc3ffi5c_strNtBa_7CString3newReNtB5_11SpecNewImpl13spec_new_impl (in /mnt/c/Users/guido/ghq/projects/rustdom/dist/rustdom.node)
==2406856==    by 0x22E112BF: _RNvMs2_NtNtCsbKcx7MMum66_4napi9js_values15object_propertyNtB5_8Property14with_utf8_name (in /mnt/c/Users/guido/ghq/projects/rustdom/dist/rustdom.node)
==2406856==    by 0x22DC7996: _RNvNvNvNvNtNtNtCsdulfWib0rSm_7rustdom3dom19event_state_binding37___napi_impl_helper_NativeEventState_442___napi_register__NativeEventState_impl_1011__18___CTOR_PRIVATE_REF14___ctor_private (in /mnt/c/Users/guido/ghq/projects/rustdom/dist/rustdom.node)
==2406856==    by 0x681447D: call_init.part.0 (dl-init.c:70)
==2406856==    by 0x6814567: call_init (dl-init.c:33)
==2406856==    by 0x6814567: _dl_init (dl-init.c:117)
==2406856==    by 0x7522BB4: _dl_catch_exception (dl-error-skeleton.c:182)
==2406856==    by 0x681BFF5: dl_open_worker (dl-open.c:808)
==2406856==    by 0x681BFF5: dl_open_worker (dl-open.c:771)
==2406856==    by 0x7522B57: _dl_catch_exception (dl-error-skeleton.c:208)
==2406856==    by 0x681C34D: _dl_open (dl-open.c:883)
==2406856==    by 0x743E5FB: dlopen_doit (dlopen.c:56)
==2406856==    by 0x7522B57: _dl_catch_exception (dl-error-skeleton.c:208)
==2406856== 
==2406856== 12 bytes in 1 blocks are possibly lost in loss record 113 of 367
==2406856==    at 0x7056899: malloc (in /mnt/c/Users/guido/ghq/projects/rustdom/.tools/valgrind/usr/libexec/valgrind/vgpreload_memcheck-amd64-linux.so)
==2406856==    by 0x22E5C032: _RNvXs0_NvMs_NtNtCs6i54tJFfzR_5alloc3ffi5c_strNtBa_7CString3newReNtB5_11SpecNewImpl13spec_new_impl (in /mnt/c/Users/guido/ghq/projects/rustdom/dist/rustdom.node)
==2406856==    by 0x22E112BF: _RNvMs2_NtNtCsbKcx7MMum66_4napi9js_values15object_propertyNtB5_8Property14with_utf8_name (in /mnt/c/Users/guido/ghq/projects/rustdom/dist/rustdom.node)
==2406856==    by 0x22DCA142: _RNvNvNvNvNtNtNtCsdulfWib0rSm_7rustdom3dom19range_clone_binding37___napi_impl_helper_NativeRangeClone_742___napi_register__NativeRangeClone_impl_1451__18___CTOR_PRIVATE_REF14___ctor_private (in /mnt/c/Users/guido/ghq/projects/rustdom/dist/rustdom.node)
==2406856==    by 0x681447D: call_init.part.0 (dl-init.c:70)
==2406856==    by 0x6814567: call_init (dl-init.c:33)
==2406856==    by 0x6814567: _dl_init (dl-init.c:117)
==2406856==    by 0x7522BB4: _dl_catch_exception (dl-error-skeleton.c:182)
==2406856==    by 0x681BFF5: dl_open_worker (dl-open.c:808)
==2406856==    by 0x681BFF5: dl_open_worker (dl-open.c:771)
==2406856==    by 0x7522B57: _dl_catch_exception (dl-error-skeleton.c:208)
==2406856==    by 0x681C34D: _dl_open (dl-open.c:883)
==2406856==    by 0x743E5FB: dlopen_doit (dlopen.c:56)
==2406856==    by 0x7522B57: _dl_catch_exception (dl-error-skeleton.c:208)
==2406856== 
==2406856== 12 bytes in 1 blocks are possibly lost in loss record 114 of 367
==2406856==    at 0x7056899: malloc (in /mnt/c/Users/guido/ghq/projects/rustdom/.tools/valgrind/usr/libexec/valgrind/vgpreload_memcheck-amd64-linux.so)
==2406856==    by 0x22E5C032: _RNvXs0_NvMs_NtNtCs6i54tJFfzR_5alloc3ffi5c_strNtBa_7CString3newReNtB5_11SpecNewImpl13spec_new_impl (in /mnt/c/Users/guido/ghq/projects/rustdom/dist/rustdom.node)
==2406856==    by 0x22E112BF: _RNvMs2_NtNtCsbKcx7MMum66_4napi9js_values15object_propertyNtB5_8Property14with_utf8_name (in /mnt/c/Users/guido/ghq/projects/rustdom/dist/rustdom.node)
==2406856==    by 0x22DCAD13: _RNvNvNvNvNtNtNtCsdulfWib0rSm_7rustdom3dom19range_state_binding32___napi_impl_helper_NativeRange_937___napi_register__NativeRange_impl_1821__18___CTOR_PRIVATE_REF14___ctor_private (in /mnt/c/Users/guido/ghq/projects/rustdom/dist/rustdom.node)
==2406856==    by 0x681447D: call_init.part.0 (dl-init.c:70)
==2406856==    by 0x6814567: call_init (dl-init.c:33)
==2406856==    by 0x6814567: _dl_init (dl-init.c:117)
==2406856==    by 0x7522BB4: _dl_catch_exception (dl-error-skeleton.c:182)
==2406856==    by 0x681BFF5: dl_open_worker (dl-open.c:808)
==2406856==    by 0x681BFF5: dl_open_worker (dl-open.c:771)
==2406856==    by 0x7522B57: _dl_catch_exception (dl-error-skeleton.c:208)
==2406856==    by 0x681C34D: _dl_open (dl-open.c:883)
==2406856==    by 0x743E5FB: dlopen_doit (dlopen.c:56)
==2406856==    by 0x7522B57: _dl_catch_exception (dl-error-skeleton.c:208)
==2406856== 
==2406856== 12 bytes in 1 blocks are possibly lost in loss record 115 of 367
==2406856==    at 0x7056899: malloc (in /mnt/c/Users/guido/ghq/projects/rustdom/.tools/valgrind/usr/libexec/valgrind/vgpreload_memcheck-amd64-linux.so)
==2406856==    by 0x22E5C032: _RNvXs0_NvMs_NtNtCs6i54tJFfzR_5alloc3ffi5c_strNtBa_7CString3newReNtB5_11SpecNewImpl13spec_new_impl (in /mnt/c/Users/guido/ghq/projects/rustdom/dist/rustdom.node)
==2406856==    by 0x22E112BF: _RNvMs2_NtNtCsbKcx7MMum66_4napi9js_values15object_propertyNtB5_8Property14with_utf8_name (in /mnt/c/Users/guido/ghq/projects/rustdom/dist/rustdom.node)
==2406856==    by 0x22DCBB78: _RNvNvNvNvNtNtNtCsdulfWib0rSm_7rustdom3dom19range_state_binding32___napi_impl_helper_NativeRange_937___napi_register__NativeRange_impl_1821__18___CTOR_PRIVATE_REF14___ctor_private (in /mnt/c/Users/guido/ghq/projects/rustdom/dist/rustdom.node)
==2406856==    by 0x681447D: call_init.part.0 (dl-init.c:70)
==2406856==    by 0x6814567: call_init (dl-init.c:33)
==2406856==    by 0x6814567: _dl_init (dl-init.c:117)
==2406856==    by 0x7522BB4: _dl_catch_exception (dl-error-skeleton.c:182)
==2406856==    by 0x681BFF5: dl_open_worker (dl-open.c:808)
==2406856==    by 0x681BFF5: dl_open_worker (dl-open.c:771)
==2406856==    by 0x7522B57: _dl_catch_exception (dl-error-skeleton.c:208)
==2406856==    by 0x681C34D: _dl_open (dl-open.c:883)
==2406856==    by 0x743E5FB: dlopen_doit (dlopen.c:56)
==2406856==    by 0x7522B57: _dl_catch_exception (dl-error-skeleton.c:208)
==2406856== 
==2406856== 12 bytes in 1 blocks are possibly lost in loss record 116 of 367
==2406856==    at 0x7056899: malloc (in /mnt/c/Users/guido/ghq/projects/rustdom/.tools/valgrind/usr/libexec/valgrind/vgpreload_memcheck-amd64-linux.so)
==2406856==    by 0x22E5C032: _RNvXs0_NvMs_NtNtCs6i54tJFfzR_5alloc3ffi5c_strNtBa_7CString3newReNtB5_11SpecNewImpl13spec_new_impl (in /mnt/c/Users/guido/ghq/projects/rustdom/dist/rustdom.node)
==2406856==    by 0x22E112BF: _RNvMs2_NtNtCsbKcx7MMum66_4napi9js_values15object_propertyNtB5_8Property14with_utf8_name (in /mnt/c/Users/guido/ghq/projects/rustdom/dist/rustdom.node)
==2406856==    by 0x22DCE4D1: _RNvNvNvNvNtNtNtCsdulfWib0rSm_7rustdom3dom19web_storage_binding39___napi_impl_helper_NativeStorageArea_1743___napi_register__NativeStorageArea_impl_4201__18___CTOR_PRIVATE_REF14___ctor_private (in /mnt/c/Users/guido/ghq/projects/rustdom/dist/rustdom.node)
==2406856==    by 0x681447D: call_init.part.0 (dl-init.c:70)
==2406856==    by 0x6814567: call_init (dl-init.c:33)
==2406856==    by 0x6814567: _dl_init (dl-init.c:117)
==2406856==    by 0x7522BB4: _dl_catch_exception (dl-error-skeleton.c:182)
==2406856==    by 0x681BFF5: dl_open_worker (dl-open.c:808)
==2406856==    by 0x681BFF5: dl_open_worker (dl-open.c:771)
==2406856==    by 0x7522B57: _dl_catch_exception (dl-error-skeleton.c:208)
==2406856==    by 0x681C34D: _dl_open (dl-open.c:883)
==2406856==    by 0x743E5FB: dlopen_doit (dlopen.c:56)
==2406856==    by 0x7522B57: _dl_catch_exception (dl-error-skeleton.c:208)
==2406856== 
==2406856== 12 bytes in 1 blocks are possibly lost in loss record 117 of 367
==2406856==    at 0x7056899: malloc (in /mnt/c/Users/guido/ghq/projects/rustdom/.tools/valgrind/usr/libexec/valgrind/vgpreload_memcheck-amd64-linux.so)
==2406856==    by 0x22E5C032: _RNvXs0_NvMs_NtNtCs6i54tJFfzR_5alloc3ffi5c_strNtBa_7CString3newReNtB5_11SpecNewImpl13spec_new_impl (in /mnt/c/Users/guido/ghq/projects/rustdom/dist/rustdom.node)
==2406856==    by 0x22E112BF: _RNvMs2_NtNtCsbKcx7MMum66_4napi9js_values15object_propertyNtB5_8Property14with_utf8_name (in /mnt/c/Users/guido/ghq/projects/rustdom/dist/rustdom.node)
==2406856==    by 0x22DD00D2: _RNvNvNvNvNtNtNtCsdulfWib0rSm_7rustdom3dom21range_extract_binding39___napi_impl_helper_NativeRangeExtract_844___napi_register__NativeRangeExtract_impl_1531__18___CTOR_PRIVATE_REF14___ctor_private (in /mnt/c/Users/guido/ghq/projects/rustdom/dist/rustdom.node)
==2406856==    by 0x681447D: call_init.part.0 (dl-init.c:70)
==2406856==    by 0x6814567: call_init (dl-init.c:33)
==2406856==    by 0x6814567: _dl_init (dl-init.c:117)
==2406856==    by 0x7522BB4: _dl_catch_exception (dl-error-skeleton.c:182)
==2406856==    by 0x681BFF5: dl_open_worker (dl-open.c:808)
==2406856==    by 0x681BFF5: dl_open_worker (dl-open.c:771)
==2406856==    by 0x7522B57: _dl_catch_exception (dl-error-skeleton.c:208)
==2406856==    by 0x681C34D: _dl_open (dl-open.c:883)
==2406856==    by 0x743E5FB: dlopen_doit (dlopen.c:56)
==2406856==    by 0x7522B57: _dl_catch_exception (dl-error-skeleton.c:208)
==2406856== 
==2406856== 12 bytes in 1 blocks are possibly lost in loss record 118 of 367
==2406856==    at 0x7056899: malloc (in /mnt/c/Users/guido/ghq/projects/rustdom/.tools/valgrind/usr/libexec/valgrind/vgpreload_memcheck-amd64-linux.so)
==2406856==    by 0x22E5C032: _RNvXs0_NvMs_NtNtCs6i54tJFfzR_5alloc3ffi5c_strNtBa_7CString3newReNtB5_11SpecNewImpl13spec_new_impl (in /mnt/c/Users/guido/ghq/projects/rustdom/dist/rustdom.node)
==2406856==    by 0x22E112BF: _RNvMs2_NtNtCsbKcx7MMum66_4napi9js_values15object_propertyNtB5_8Property14with_utf8_name (in /mnt/c/Users/guido/ghq/projects/rustdom/dist/rustdom.node)
==2406856==    by 0x22DD089B: _RNvNvNvNvNtNtNtCsdulfWib0rSm_7rustdom3dom23event_listeners_binding43___napi_impl_helper_NativeListenerRegistry_347___napi_register__NativeListenerRegistry_impl_661__18___CTOR_PRIVATE_REF14___ctor_private (in /mnt/c/Users/guido/ghq/projects/rustdom/dist/rustdom.node)
==2406856==    by 0x681447D: call_init.part.0 (dl-init.c:70)
==2406856==    by 0x6814567: call_init (dl-init.c:33)
==2406856==    by 0x6814567: _dl_init (dl-init.c:117)
==2406856==    by 0x7522BB4: _dl_catch_exception (dl-error-skeleton.c:182)
==2406856==    by 0x681BFF5: dl_open_worker (dl-open.c:808)
==2406856==    by 0x681BFF5: dl_open_worker (dl-open.c:771)
==2406856==    by 0x7522B57: _dl_catch_exception (dl-error-skeleton.c:208)
==2406856==    by 0x681C34D: _dl_open (dl-open.c:883)
==2406856==    by 0x743E5FB: dlopen_doit (dlopen.c:56)
==2406856==    by 0x7522B57: _dl_catch_exception (dl-error-skeleton.c:208)
==2406856== 
==2406856== 12 bytes in 1 blocks are possibly lost in loss record 119 of 367
==2406856==    at 0x7056899: malloc (in /mnt/c/Users/guido/ghq/projects/rustdom/.tools/valgrind/usr/libexec/valgrind/vgpreload_memcheck-amd64-linux.so)
==2406856==    by 0x22E5C032: _RNvXs0_NvMs_NtNtCs6i54tJFfzR_5alloc3ffi5c_strNtBa_7CString3newReNtB5_11SpecNewImpl13spec_new_impl (in /mnt/c/Users/guido/ghq/projects/rustdom/dist/rustdom.node)
==2406856==    by 0x22E112BF: _RNvMs2_NtNtCsbKcx7MMum66_4napi9js_values15object_propertyNtB5_8Property14with_utf8_name (in /mnt/c/Users/guido/ghq/projects/rustdom/dist/rustdom.node)
==2406856==    by 0x22DD099C: _RNvNvNvNvNtNtNtCsdulfWib0rSm_7rustdom3dom23event_listeners_binding43___napi_impl_helper_NativeListenerRegistry_347___napi_register__NativeListenerRegistry_impl_661__18___CTOR_PRIVATE_REF14___ctor_private (in /mnt/c/Users/guido/ghq/projects/rustdom/dist/rustdom.node)
==2406856==    by 0x681447D: call_init.part.0 (dl-init.c:70)
==2406856==    by 0x6814567: call_init (dl-init.c:33)
==2406856==    by 0x6814567: _dl_init (dl-init.c:117)
==2406856==    by 0x7522BB4: _dl_catch_exception (dl-error-skeleton.c:182)
==2406856==    by 0x681BFF5: dl_open_worker (dl-open.c:808)
==2406856==    by 0x681BFF5: dl_open_worker (dl-open.c:771)
==2406856==    by 0x7522B57: _dl_catch_exception (dl-error-skeleton.c:208)
==2406856==    by 0x681C34D: _dl_open (dl-open.c:883)
==2406856==    by 0x743E5FB: dlopen_doit (dlopen.c:56)
==2406856==    by 0x7522B57: _dl_catch_exception (dl-error-skeleton.c:208)
==2406856== 
==2406856== 12 bytes in 1 blocks are possibly lost in loss record 120 of 367
==2406856==    at 0x7056899: malloc (in /mnt/c/Users/guido/ghq/projects/rustdom/.tools/valgrind/usr/libexec/valgrind/vgpreload_memcheck-amd64-linux.so)
==2406856==    by 0x22E5C032: _RNvXs0_NvMs_NtNtCs6i54tJFfzR_5alloc3ffi5c_strNtBa_7CString3newReNtB5_11SpecNewImpl13spec_new_impl (in /mnt/c/Users/guido/ghq/projects/rustdom/dist/rustdom.node)
==2406856==    by 0x22E112BF: _RNvMs2_NtNtCsbKcx7MMum66_4napi9js_values15object_propertyNtB5_8Property14with_utf8_name (in /mnt/c/Users/guido/ghq/projects/rustdom/dist/rustdom.node)
==2406856==    by 0x22DD2045: _RNvNvNvNvNtNtNtCsdulfWib0rSm_7rustdom3dom23mutation_record_binding41___napi_impl_helper_NativeMutationRecord_546___napi_register__NativeMutationRecord_impl_1191__18___CTOR_PRIVATE_REF14___ctor_private (in /mnt/c/Users/guido/ghq/projects/rustdom/dist/rustdom.node)
==2406856==    by 0x681447D: call_init.part.0 (dl-init.c:70)
==2406856==    by 0x6814567: call_init (dl-init.c:33)
==2406856==    by 0x6814567: _dl_init (dl-init.c:117)
==2406856==    by 0x7522BB4: _dl_catch_exception (dl-error-skeleton.c:182)
==2406856==    by 0x681BFF5: dl_open_worker (dl-open.c:808)
==2406856==    by 0x681BFF5: dl_open_worker (dl-open.c:771)
==2406856==    by 0x7522B57: _dl_catch_exception (dl-error-skeleton.c:208)
==2406856==    by 0x681C34D: _dl_open (dl-open.c:883)
==2406856==    by 0x743E5FB: dlopen_doit (dlopen.c:56)
==2406856==    by 0x7522B57: _dl_catch_exception (dl-error-skeleton.c:208)
==2406856== 
==2406856== 12 bytes in 1 blocks are possibly lost in loss record 121 of 367
==2406856==    at 0x7056899: malloc (in /mnt/c/Users/guido/ghq/projects/rustdom/.tools/valgrind/usr/libexec/valgrind/vgpreload_memcheck-amd64-linux.so)
==2406856==    by 0x22E5C032: _RNvXs0_NvMs_NtNtCs6i54tJFfzR_5alloc3ffi5c_strNtBa_7CString3newReNtB5_11SpecNewImpl13spec_new_impl (in /mnt/c/Users/guido/ghq/projects/rustdom/dist/rustdom.node)
==2406856==    by 0x22E112BF: _RNvMs2_NtNtCsbKcx7MMum66_4napi9js_values15object_propertyNtB5_8Property14with_utf8_name (in /mnt/c/Users/guido/ghq/projects/rustdom/dist/rustdom.node)
==2406856==    by 0x22DD2262: _RNvNvNvNvNtNtNtCsdulfWib0rSm_7rustdom3dom23mutation_record_binding41___napi_impl_helper_NativeMutationRecord_546___napi_register__NativeMutationRecord_impl_1191__18___CTOR_PRIVATE_REF14___ctor_private (in /mnt/c/Users/guido/ghq/projects/rustdom/dist/rustdom.node)
==2406856==    by 0x681447D: call_init.part.0 (dl-init.c:70)
==2406856==    by 0x6814567: call_init (dl-init.c:33)
==2406856==    by 0x6814567: _dl_init (dl-init.c:117)
==2406856==    by 0x7522BB4: _dl_catch_exception (dl-error-skeleton.c:182)
==2406856==    by 0x681BFF5: dl_open_worker (dl-open.c:808)
==2406856==    by 0x681BFF5: dl_open_worker (dl-open.c:771)
==2406856==    by 0x7522B57: _dl_catch_exception (dl-error-skeleton.c:208)
==2406856==    by 0x681C34D: _dl_open (dl-open.c:883)
==2406856==    by 0x743E5FB: dlopen_doit (dlopen.c:56)
==2406856==    by 0x7522B57: _dl_catch_exception (dl-error-skeleton.c:208)
==2406856== 
==2406856== 12 bytes in 1 blocks are possibly lost in loss record 122 of 367
==2406856==    at 0x7056899: malloc (in /mnt/c/Users/guido/ghq/projects/rustdom/.tools/valgrind/usr/libexec/valgrind/vgpreload_memcheck-amd64-linux.so)
==2406856==    by 0x22E5C032: _RNvXs0_NvMs_NtNtCs6i54tJFfzR_5alloc3ffi5c_strNtBa_7CString3newReNtB5_11SpecNewImpl13spec_new_impl (in /mnt/c/Users/guido/ghq/projects/rustdom/dist/rustdom.node)
==2406856==    by 0x22E112BF: _RNvMs2_NtNtCsbKcx7MMum66_4napi9js_values15object_propertyNtB5_8Property14with_utf8_name (in /mnt/c/Users/guido/ghq/projects/rustdom/dist/rustdom.node)
==2406856==    by 0x22DD3712: _RNvNvNvNvNtNtNtCsdulfWib0rSm_7rustdom3dom23slot_assignment_binding48___napi_impl_helper_NativeSlotAssignmentDriver_1052___napi_register__NativeSlotAssignmentDriver_impl_1911__18___CTOR_PRIVATE_REF14___ctor_private (in /mnt/c/Users/guido/ghq/projects/rustdom/dist/rustdom.node)
==2406856==    by 0x681447D: call_init.part.0 (dl-init.c:70)
==2406856==    by 0x6814567: call_init (dl-init.c:33)
==2406856==    by 0x6814567: _dl_init (dl-init.c:117)
==2406856==    by 0x7522BB4: _dl_catch_exception (dl-error-skeleton.c:182)
==2406856==    by 0x681BFF5: dl_open_worker (dl-open.c:808)
==2406856==    by 0x681BFF5: dl_open_worker (dl-open.c:771)
==2406856==    by 0x7522B57: _dl_catch_exception (dl-error-skeleton.c:208)
==2406856==    by 0x681C34D: _dl_open (dl-open.c:883)
==2406856==    by 0x743E5FB: dlopen_doit (dlopen.c:56)
==2406856==    by 0x7522B57: _dl_catch_exception (dl-error-skeleton.c:208)
==2406856== 
==2406856== 12 bytes in 1 blocks are possibly lost in loss record 123 of 367
==2406856==    at 0x7056899: malloc (in /mnt/c/Users/guido/ghq/projects/rustdom/.tools/valgrind/usr/libexec/valgrind/vgpreload_memcheck-amd64-linux.so)
==2406856==    by 0x22E5C032: _RNvXs0_NvMs_NtNtCs6i54tJFfzR_5alloc3ffi5c_strNtBa_7CString3newReNtB5_11SpecNewImpl13spec_new_impl (in /mnt/c/Users/guido/ghq/projects/rustdom/dist/rustdom.node)
==2406856==    by 0x22E112BF: _RNvMs2_NtNtCsbKcx7MMum66_4napi9js_values15object_propertyNtB5_8Property14with_utf8_name (in /mnt/c/Users/guido/ghq/projects/rustdom/dist/rustdom.node)
==2406856==    by 0x22DD3FD1: _RNvNvNvNvNtNtNtCsdulfWib0rSm_7rustdom3dom25observer_delivery_binding43___napi_impl_helper_NativeObserverDelivery_648___napi_register__NativeObserverDelivery_impl_1321__18___CTOR_PRIVATE_REF14___ctor_private (in /mnt/c/Users/guido/ghq/projects/rustdom/dist/rustdom.node)
==2406856==    by 0x681447D: call_init.part.0 (dl-init.c:70)
==2406856==    by 0x6814567: call_init (dl-init.c:33)
==2406856==    by 0x6814567: _dl_init (dl-init.c:117)
==2406856==    by 0x7522BB4: _dl_catch_exception (dl-error-skeleton.c:182)
==2406856==    by 0x681BFF5: dl_open_worker (dl-open.c:808)
==2406856==    by 0x681BFF5: dl_open_worker (dl-open.c:771)
==2406856==    by 0x7522B57: _dl_catch_exception (dl-error-skeleton.c:208)
==2406856==    by 0x681C34D: _dl_open (dl-open.c:883)
==2406856==    by 0x743E5FB: dlopen_doit (dlopen.c:56)
==2406856==    by 0x7522B57: _dl_catch_exception (dl-error-skeleton.c:208)
==2406856== 
==2406856== 12 bytes in 1 blocks are possibly lost in loss record 124 of 367
==2406856==    at 0x7056899: malloc (in /mnt/c/Users/guido/ghq/projects/rustdom/.tools/valgrind/usr/libexec/valgrind/vgpreload_memcheck-amd64-linux.so)
==2406856==    by 0x22E5C032: _RNvXs0_NvMs_NtNtCs6i54tJFfzR_5alloc3ffi5c_strNtBa_7CString3newReNtB5_11SpecNewImpl13spec_new_impl (in /mnt/c/Users/guido/ghq/projects/rustdom/dist/rustdom.node)
==2406856==    by 0x22E112BF: _RNvMs2_NtNtCsbKcx7MMum66_4napi9js_values15object_propertyNtB5_8Property14with_utf8_name (in /mnt/c/Users/guido/ghq/projects/rustdom/dist/rustdom.node)
==2406856==    by 0x22DAF1C0: _RNvNvNtNtNtCsdulfWib0rSm_7rustdom3dom4tree32___napi_impl_helper_NativeTree_1436___napi_register__NativeTree_impl_38720___ctor_private_inner (in /mnt/c/Users/guido/ghq/projects/rustdom/dist/rustdom.node)
==2406856==    by 0x22DD6E85: _RNvNvNvNvNtNtNtCsdulfWib0rSm_7rustdom3dom4tree32___napi_impl_helper_NativeTree_1436___napi_register__NativeTree_impl_3871__18___CTOR_PRIVATE_REF14___ctor_private (in /mnt/c/Users/guido/ghq/projects/rustdom/dist/rustdom.node)
==2406856==    by 0x681447D: call_init.part.0 (dl-init.c:70)
==2406856==    by 0x6814567: call_init (dl-init.c:33)
==2406856==    by 0x6814567: _dl_init (dl-init.c:117)
==2406856==    by 0x7522BB4: _dl_catch_exception (dl-error-skeleton.c:182)
==2406856==    by 0x681BFF5: dl_open_worker (dl-open.c:808)
==2406856==    by 0x681BFF5: dl_open_worker (dl-open.c:771)
==2406856==    by 0x7522B57: _dl_catch_exception (dl-error-skeleton.c:208)
==2406856==    by 0x681C34D: _dl_open (dl-open.c:883)
==2406856==    by 0x743E5FB: dlopen_doit (dlopen.c:56)
==2406856== 
==2406856== 12 bytes in 1 blocks are possibly lost in loss record 125 of 367
==2406856==    at 0x7056899: malloc (in /mnt/c/Users/guido/ghq/projects/rustdom/.tools/valgrind/usr/libexec/valgrind/vgpreload_memcheck-amd64-linux.so)
==2406856==    by 0x22E5C032: _RNvXs0_NvMs_NtNtCs6i54tJFfzR_5alloc3ffi5c_strNtBa_7CString3newReNtB5_11SpecNewImpl13spec_new_impl (in /mnt/c/Users/guido/ghq/projects/rustdom/dist/rustdom.node)
==2406856==    by 0x22E112BF: _RNvMs2_NtNtCsbKcx7MMum66_4napi9js_values15object_propertyNtB5_8Property14with_utf8_name (in /mnt/c/Users/guido/ghq/projects/rustdom/dist/rustdom.node)
==2406856==    by 0x22DB0220: _RNvNvNtNtNtCsdulfWib0rSm_7rustdom3dom4tree32___napi_impl_helper_NativeTree_1436___napi_register__NativeTree_impl_38720___ctor_private_inner (in /mnt/c/Users/guido/ghq/projects/rustdom/dist/rustdom.node)
==2406856==    by 0x22DD6E85: _RNvNvNvNvNtNtNtCsdulfWib0rSm_7rustdom3dom4tree32___napi_impl_helper_NativeTree_1436___napi_register__NativeTree_impl_3871__18___CTOR_PRIVATE_REF14___ctor_private (in /mnt/c/Users/guido/ghq/projects/rustdom/dist/rustdom.node)
==2406856==    by 0x681447D: call_init.part.0 (dl-init.c:70)
==2406856==    by 0x6814567: call_init (dl-init.c:33)
==2406856==    by 0x6814567: _dl_init (dl-init.c:117)
==2406856==    by 0x7522BB4: _dl_catch_exception (dl-error-skeleton.c:182)
==2406856==    by 0x681BFF5: dl_open_worker (dl-open.c:808)
==2406856==    by 0x681BFF5: dl_open_worker (dl-open.c:771)
==2406856==    by 0x7522B57: _dl_catch_exception (dl-error-skeleton.c:208)
==2406856==    by 0x681C34D: _dl_open (dl-open.c:883)
==2406856==    by 0x743E5FB: dlopen_doit (dlopen.c:56)
==2406856== 
==2406856== 12 bytes in 1 blocks are possibly lost in loss record 126 of 367
==2406856==    at 0x7056899: malloc (in /mnt/c/Users/guido/ghq/projects/rustdom/.tools/valgrind/usr/libexec/valgrind/vgpreload_memcheck-amd64-linux.so)
==2406856==    by 0x22E5C032: _RNvXs0_NvMs_NtNtCs6i54tJFfzR_5alloc3ffi5c_strNtBa_7CString3newReNtB5_11SpecNewImpl13spec_new_impl (in /mnt/c/Users/guido/ghq/projects/rustdom/dist/rustdom.node)
==2406856==    by 0x22E112BF: _RNvMs2_NtNtCsbKcx7MMum66_4napi9js_values15object_propertyNtB5_8Property14with_utf8_name (in /mnt/c/Users/guido/ghq/projects/rustdom/dist/rustdom.node)
==2406856==    by 0x22DB0543: _RNvNvNtNtNtCsdulfWib0rSm_7rustdom3dom4tree32___napi_impl_helper_NativeTree_1436___napi_register__NativeTree_impl_38720___ctor_private_inner (in /mnt/c/Users/guido/ghq/projects/rustdom/dist/rustdom.node)
==2406856==    by 0x22DD6E85: _RNvNvNvNvNtNtNtCsdulfWib0rSm_7rustdom3dom4tree32___napi_impl_helper_NativeTree_1436___napi_register__NativeTree_impl_3871__18___CTOR_PRIVATE_REF14___ctor_private (in /mnt/c/Users/guido/ghq/projects/rustdom/dist/rustdom.node)
==2406856==    by 0x681447D: call_init.part.0 (dl-init.c:70)
==2406856==    by 0x6814567: call_init (dl-init.c:33)
==2406856==    by 0x6814567: _dl_init (dl-init.c:117)
==2406856==    by 0x7522BB4: _dl_catch_exception (dl-error-skeleton.c:182)
==2406856==    by 0x681BFF5: dl_open_worker (dl-open.c:808)
==2406856==    by 0x681BFF5: dl_open_worker (dl-open.c:771)
==2406856==    by 0x7522B57: _dl_catch_exception (dl-error-skeleton.c:208)
==2406856==    by 0x681C34D: _dl_open (dl-open.c:883)
==2406856==    by 0x743E5FB: dlopen_doit (dlopen.c:56)
==2406856== 
==2406856== 12 bytes in 1 blocks are possibly lost in loss record 127 of 367
==2406856==    at 0x7056899: malloc (in /mnt/c/Users/guido/ghq/projects/rustdom/.tools/valgrind/usr/libexec/valgrind/vgpreload_memcheck-amd64-linux.so)
==2406856==    by 0x22E5C032: _RNvXs0_NvMs_NtNtCs6i54tJFfzR_5alloc3ffi5c_strNtBa_7CString3newReNtB5_11SpecNewImpl13spec_new_impl (in /mnt/c/Users/guido/ghq/projects/rustdom/dist/rustdom.node)
==2406856==    by 0x22E112BF: _RNvMs2_NtNtCsbKcx7MMum66_4napi9js_values15object_propertyNtB5_8Property14with_utf8_name (in /mnt/c/Users/guido/ghq/projects/rustdom/dist/rustdom.node)
==2406856==    by 0x22DB0A61: _RNvNvNtNtNtCsdulfWib0rSm_7rustdom3dom4tree32___napi_impl_helper_NativeTree_1436___napi_register__NativeTree_impl_38720___ctor_private_inner (in /mnt/c/Users/guido/ghq/projects/rustdom/dist/rustdom.node)
==2406856==    by 0x22DD6E85: _RNvNvNvNvNtNtNtCsdulfWib0rSm_7rustdom3dom4tree32___napi_impl_helper_NativeTree_1436___napi_register__NativeTree_impl_3871__18___CTOR_PRIVATE_REF14___ctor_private (in /mnt/c/Users/guido/ghq/projects/rustdom/dist/rustdom.node)
==2406856==    by 0x681447D: call_init.part.0 (dl-init.c:70)
==2406856==    by 0x6814567: call_init (dl-init.c:33)
==2406856==    by 0x6814567: _dl_init (dl-init.c:117)
==2406856==    by 0x7522BB4: _dl_catch_exception (dl-error-skeleton.c:182)
==2406856==    by 0x681BFF5: dl_open_worker (dl-open.c:808)
==2406856==    by 0x681BFF5: dl_open_worker (dl-open.c:771)
==2406856==    by 0x7522B57: _dl_catch_exception (dl-error-skeleton.c:208)
==2406856==    by 0x681C34D: _dl_open (dl-open.c:883)
==2406856==    by 0x743E5FB: dlopen_doit (dlopen.c:56)
==2406856== 
==2406856== 12 bytes in 1 blocks are possibly lost in loss record 128 of 367
==2406856==    at 0x7056899: malloc (in /mnt/c/Users/guido/ghq/projects/rustdom/.tools/valgrind/usr/libexec/valgrind/vgpreload_memcheck-amd64-linux.so)
==2406856==    by 0x22E5C032: _RNvXs0_NvMs_NtNtCs6i54tJFfzR_5alloc3ffi5c_strNtBa_7CString3newReNtB5_11SpecNewImpl13spec_new_impl (in /mnt/c/Users/guido/ghq/projects/rustdom/dist/rustdom.node)
==2406856==    by 0x22E112BF: _RNvMs2_NtNtCsbKcx7MMum66_4napi9js_values15object_propertyNtB5_8Property14with_utf8_name (in /mnt/c/Users/guido/ghq/projects/rustdom/dist/rustdom.node)
==2406856==    by 0x22DB0D73: _RNvNvNtNtNtCsdulfWib0rSm_7rustdom3dom4tree32___napi_impl_helper_NativeTree_1436___napi_register__NativeTree_impl_38720___ctor_private_inner (in /mnt/c/Users/guido/ghq/projects/rustdom/dist/rustdom.node)
==2406856==    by 0x22DD6E85: _RNvNvNvNvNtNtNtCsdulfWib0rSm_7rustdom3dom4tree32___napi_impl_helper_NativeTree_1436___napi_register__NativeTree_impl_3871__18___CTOR_PRIVATE_REF14___ctor_private (in /mnt/c/Users/guido/ghq/projects/rustdom/dist/rustdom.node)
==2406856==    by 0x681447D: call_init.part.0 (dl-init.c:70)
==2406856==    by 0x6814567: call_init (dl-init.c:33)
==2406856==    by 0x6814567: _dl_init (dl-init.c:117)
==2406856==    by 0x7522BB4: _dl_catch_exception (dl-error-skeleton.c:182)
==2406856==    by 0x681BFF5: dl_open_worker (dl-open.c:808)
==2406856==    by 0x681BFF5: dl_open_worker (dl-open.c:771)
==2406856==    by 0x7522B57: _dl_catch_exception (dl-error-skeleton.c:208)
==2406856==    by 0x681C34D: _dl_open (dl-open.c:883)
==2406856==    by 0x743E5FB: dlopen_doit (dlopen.c:56)
==2406856== 
==2406856== 12 bytes in 1 blocks are possibly lost in loss record 129 of 367
==2406856==    at 0x7056899: malloc (in /mnt/c/Users/guido/ghq/projects/rustdom/.tools/valgrind/usr/libexec/valgrind/vgpreload_memcheck-amd64-linux.so)
==2406856==    by 0x22E5C032: _RNvXs0_NvMs_NtNtCs6i54tJFfzR_5alloc3ffi5c_strNtBa_7CString3newReNtB5_11SpecNewImpl13spec_new_impl (in /mnt/c/Users/guido/ghq/projects/rustdom/dist/rustdom.node)
==2406856==    by 0x22E112BF: _RNvMs2_NtNtCsbKcx7MMum66_4napi9js_values15object_propertyNtB5_8Property14with_utf8_name (in /mnt/c/Users/guido/ghq/projects/rustdom/dist/rustdom.node)
==2406856==    by 0x22DB19BB: _RNvNvNtNtNtCsdulfWib0rSm_7rustdom3dom4tree32___napi_impl_helper_NativeTree_1436___napi_register__NativeTree_impl_38720___ctor_private_inner (in /mnt/c/Users/guido/ghq/projects/rustdom/dist/rustdom.node)
==2406856==    by 0x22DD6E85: _RNvNvNvNvNtNtNtCsdulfWib0rSm_7rustdom3dom4tree32___napi_impl_helper_NativeTree_1436___napi_register__NativeTree_impl_3871__18___CTOR_PRIVATE_REF14___ctor_private (in /mnt/c/Users/guido/ghq/projects/rustdom/dist/rustdom.node)
==2406856==    by 0x681447D: call_init.part.0 (dl-init.c:70)
==2406856==    by 0x6814567: call_init (dl-init.c:33)
==2406856==    by 0x6814567: _dl_init (dl-init.c:117)
==2406856==    by 0x7522BB4: _dl_catch_exception (dl-error-skeleton.c:182)
==2406856==    by 0x681BFF5: dl_open_worker (dl-open.c:808)
==2406856==    by 0x681BFF5: dl_open_worker (dl-open.c:771)
==2406856==    by 0x7522B57: _dl_catch_exception (dl-error-skeleton.c:208)
==2406856==    by 0x681C34D: _dl_open (dl-open.c:883)
==2406856==    by 0x743E5FB: dlopen_doit (dlopen.c:56)
==2406856== 
==2406856== 12 bytes in 1 blocks are possibly lost in loss record 130 of 367
==2406856==    at 0x7056899: malloc (in /mnt/c/Users/guido/ghq/projects/rustdom/.tools/valgrind/usr/libexec/valgrind/vgpreload_memcheck-amd64-linux.so)
==2406856==    by 0x22E5C032: _RNvXs0_NvMs_NtNtCs6i54tJFfzR_5alloc3ffi5c_strNtBa_7CString3newReNtB5_11SpecNewImpl13spec_new_impl (in /mnt/c/Users/guido/ghq/projects/rustdom/dist/rustdom.node)
==2406856==    by 0x22E112BF: _RNvMs2_NtNtCsbKcx7MMum66_4napi9js_values15object_propertyNtB5_8Property14with_utf8_name (in /mnt/c/Users/guido/ghq/projects/rustdom/dist/rustdom.node)
==2406856==    by 0x22DB1DD3: _RNvNvNtNtNtCsdulfWib0rSm_7rustdom3dom4tree32___napi_impl_helper_NativeTree_1436___napi_register__NativeTree_impl_38720___ctor_private_inner (in /mnt/c/Users/guido/ghq/projects/rustdom/dist/rustdom.node)
==2406856==    by 0x22DD6E85: _RNvNvNvNvNtNtNtCsdulfWib0rSm_7rustdom3dom4tree32___napi_impl_helper_NativeTree_1436___napi_register__NativeTree_impl_3871__18___CTOR_PRIVATE_REF14___ctor_private (in /mnt/c/Users/guido/ghq/projects/rustdom/dist/rustdom.node)
==2406856==    by 0x681447D: call_init.part.0 (dl-init.c:70)
==2406856==    by 0x6814567: call_init (dl-init.c:33)
==2406856==    by 0x6814567: _dl_init (dl-init.c:117)
==2406856==    by 0x7522BB4: _dl_catch_exception (dl-error-skeleton.c:182)
==2406856==    by 0x681BFF5: dl_open_worker (dl-open.c:808)
==2406856==    by 0x681BFF5: dl_open_worker (dl-open.c:771)
==2406856==    by 0x7522B57: _dl_catch_exception (dl-error-skeleton.c:208)
==2406856==    by 0x681C34D: _dl_open (dl-open.c:883)
==2406856==    by 0x743E5FB: dlopen_doit (dlopen.c:56)
==2406856== 
==2406856== 12 bytes in 1 blocks are possibly lost in loss record 131 of 367
==2406856==    at 0x7056899: malloc (in /mnt/c/Users/guido/ghq/projects/rustdom/.tools/valgrind/usr/libexec/valgrind/vgpreload_memcheck-amd64-linux.so)
==2406856==    by 0x22E5C032: _RNvXs0_NvMs_NtNtCs6i54tJFfzR_5alloc3ffi5c_strNtBa_7CString3newReNtB5_11SpecNewImpl13spec_new_impl (in /mnt/c/Users/guido/ghq/projects/rustdom/dist/rustdom.node)
==2406856==    by 0x22E112BF: _RNvMs2_NtNtCsbKcx7MMum66_4napi9js_values15object_propertyNtB5_8Property14with_utf8_name (in /mnt/c/Users/guido/ghq/projects/rustdom/dist/rustdom.node)
==2406856==    by 0x22DB5C41: _RNvNvNtNtNtCsdulfWib0rSm_7rustdom3dom4tree32___napi_impl_helper_NativeTree_1436___napi_register__NativeTree_impl_38720___ctor_private_inner (in /mnt/c/Users/guido/ghq/projects/rustdom/dist/rustdom.node)
==2406856==    by 0x22DD6E85: _RNvNvNvNvNtNtNtCsdulfWib0rSm_7rustdom3dom4tree32___napi_impl_helper_NativeTree_1436___napi_register__NativeTree_impl_3871__18___CTOR_PRIVATE_REF14___ctor_private (in /mnt/c/Users/guido/ghq/projects/rustdom/dist/rustdom.node)
==2406856==    by 0x681447D: call_init.part.0 (dl-init.c:70)
==2406856==    by 0x6814567: call_init (dl-init.c:33)
==2406856==    by 0x6814567: _dl_init (dl-init.c:117)
==2406856==    by 0x7522BB4: _dl_catch_exception (dl-error-skeleton.c:182)
==2406856==    by 0x681BFF5: dl_open_worker (dl-open.c:808)
==2406856==    by 0x681BFF5: dl_open_worker (dl-open.c:771)
==2406856==    by 0x7522B57: _dl_catch_exception (dl-error-skeleton.c:208)
==2406856==    by 0x681C34D: _dl_open (dl-open.c:883)
==2406856==    by 0x743E5FB: dlopen_doit (dlopen.c:56)
==2406856== 
==2406856== 12 bytes in 1 blocks are possibly lost in loss record 132 of 367
==2406856==    at 0x7056899: malloc (in /mnt/c/Users/guido/ghq/projects/rustdom/.tools/valgrind/usr/libexec/valgrind/vgpreload_memcheck-amd64-linux.so)
==2406856==    by 0x22E5C032: _RNvXs0_NvMs_NtNtCs6i54tJFfzR_5alloc3ffi5c_strNtBa_7CString3newReNtB5_11SpecNewImpl13spec_new_impl (in /mnt/c/Users/guido/ghq/projects/rustdom/dist/rustdom.node)
==2406856==    by 0x22E112BF: _RNvMs2_NtNtCsbKcx7MMum66_4napi9js_values15object_propertyNtB5_8Property14with_utf8_name (in /mnt/c/Users/guido/ghq/projects/rustdom/dist/rustdom.node)
==2406856==    by 0x22DB6FB3: _RNvNvNtNtNtCsdulfWib0rSm_7rustdom3dom4tree32___napi_impl_helper_NativeTree_1436___napi_register__NativeTree_impl_38720___ctor_private_inner (in /mnt/c/Users/guido/ghq/projects/rustdom/dist/rustdom.node)
==2406856==    by 0x22DD6E85: _RNvNvNvNvNtNtNtCsdulfWib0rSm_7rustdom3dom4tree32___napi_impl_helper_NativeTree_1436___napi_register__NativeTree_impl_3871__18___CTOR_PRIVATE_REF14___ctor_private (in /mnt/c/Users/guido/ghq/projects/rustdom/dist/rustdom.node)
==2406856==    by 0x681447D: call_init.part.0 (dl-init.c:70)
==2406856==    by 0x6814567: call_init (dl-init.c:33)
==2406856==    by 0x6814567: _dl_init (dl-init.c:117)
==2406856==    by 0x7522BB4: _dl_catch_exception (dl-error-skeleton.c:182)
==2406856==    by 0x681BFF5: dl_open_worker (dl-open.c:808)
==2406856==    by 0x681BFF5: dl_open_worker (dl-open.c:771)
==2406856==    by 0x7522B57: _dl_catch_exception (dl-error-skeleton.c:208)
==2406856==    by 0x681C34D: _dl_open (dl-open.c:883)
==2406856==    by 0x743E5FB: dlopen_doit (dlopen.c:56)
==2406856== 
==2406856== 12 bytes in 1 blocks are possibly lost in loss record 133 of 367
==2406856==    at 0x7056899: malloc (in /mnt/c/Users/guido/ghq/projects/rustdom/.tools/valgrind/usr/libexec/valgrind/vgpreload_memcheck-amd64-linux.so)
==2406856==    by 0x22E5C032: _RNvXs0_NvMs_NtNtCs6i54tJFfzR_5alloc3ffi5c_strNtBa_7CString3newReNtB5_11SpecNewImpl13spec_new_impl (in /mnt/c/Users/guido/ghq/projects/rustdom/dist/rustdom.node)
==2406856==    by 0x22E112BF: _RNvMs2_NtNtCsbKcx7MMum66_4napi9js_values15object_propertyNtB5_8Property14with_utf8_name (in /mnt/c/Users/guido/ghq/projects/rustdom/dist/rustdom.node)
==2406856==    by 0x22DD71B1: _RNvNvNvNvNtNtNtCsdulfWib0rSm_7rustdom3xml7binding37___napi_impl_helper_NativeXmlParser_1941___napi_register__NativeXmlParser_impl_4381__18___CTOR_PRIVATE_REF14___ctor_private (in /mnt/c/Users/guido/ghq/projects/rustdom/dist/rustdom.node)
==2406856==    by 0x681447D: call_init.part.0 (dl-init.c:70)
==2406856==    by 0x6814567: call_init (dl-init.c:33)
==2406856==    by 0x6814567: _dl_init (dl-init.c:117)
==2406856==    by 0x7522BB4: _dl_catch_exception (dl-error-skeleton.c:182)
==2406856==    by 0x681BFF5: dl_open_worker (dl-open.c:808)
==2406856==    by 0x681BFF5: dl_open_worker (dl-open.c:771)
==2406856==    by 0x7522B57: _dl_catch_exception (dl-error-skeleton.c:208)
==2406856==    by 0x681C34D: _dl_open (dl-open.c:883)
==2406856==    by 0x743E5FB: dlopen_doit (dlopen.c:56)
==2406856==    by 0x7522B57: _dl_catch_exception (dl-error-skeleton.c:208)
==2406856== 
==2406856== 13 bytes in 1 blocks are possibly lost in loss record 134 of 367
==2406856==    at 0x7056899: malloc (in /mnt/c/Users/guido/ghq/projects/rustdom/.tools/valgrind/usr/libexec/valgrind/vgpreload_memcheck-amd64-linux.so)
==2406856==    by 0x22E5C032: _RNvXs0_NvMs_NtNtCs6i54tJFfzR_5alloc3ffi5c_strNtBa_7CString3newReNtB5_11SpecNewImpl13spec_new_impl (in /mnt/c/Users/guido/ghq/projects/rustdom/dist/rustdom.node)
==2406856==    by 0x22E112BF: _RNvMs2_NtNtCsbKcx7MMum66_4napi9js_values15object_propertyNtB5_8Property14with_utf8_name (in /mnt/c/Users/guido/ghq/projects/rustdom/dist/rustdom.node)
==2406856==    by 0x22DC1DBC: _RNvNvNvNvNtNtNtCsdulfWib0rSm_7rustdom3dom12blob_binding39___napi_impl_helper_NativeBlobMetadata_143___napi_register__NativeBlobMetadata_impl_281__18___CTOR_PRIVATE_REF14___ctor_private (in /mnt/c/Users/guido/ghq/projects/rustdom/dist/rustdom.node)
==2406856==    by 0x681447D: call_init.part.0 (dl-init.c:70)
==2406856==    by 0x6814567: call_init (dl-init.c:33)
==2406856==    by 0x6814567: _dl_init (dl-init.c:117)
==2406856==    by 0x7522BB4: _dl_catch_exception (dl-error-skeleton.c:182)
==2406856==    by 0x681BFF5: dl_open_worker (dl-open.c:808)
==2406856==    by 0x681BFF5: dl_open_worker (dl-open.c:771)
==2406856==    by 0x7522B57: _dl_catch_exception (dl-error-skeleton.c:208)
==2406856==    by 0x681C34D: _dl_open (dl-open.c:883)
==2406856==    by 0x743E5FB: dlopen_doit (dlopen.c:56)
==2406856==    by 0x7522B57: _dl_catch_exception (dl-error-skeleton.c:208)
==2406856== 
==2406856== 13 bytes in 1 blocks are possibly lost in loss record 135 of 367
==2406856==    at 0x7056899: malloc (in /mnt/c/Users/guido/ghq/projects/rustdom/.tools/valgrind/usr/libexec/valgrind/vgpreload_memcheck-amd64-linux.so)
==2406856==    by 0x22E5C032: _RNvXs0_NvMs_NtNtCs6i54tJFfzR_5alloc3ffi5c_strNtBa_7CString3newReNtB5_11SpecNewImpl13spec_new_impl (in /mnt/c/Users/guido/ghq/projects/rustdom/dist/rustdom.node)
==2406856==    by 0x22E112BF: _RNvMs2_NtNtCsbKcx7MMum66_4napi9js_values15object_propertyNtB5_8Property14with_utf8_name (in /mnt/c/Users/guido/ghq/projects/rustdom/dist/rustdom.node)
==2406856==    by 0x22DC507B: _RNvNvNvNvNtNtNtCsdulfWib0rSm_7rustdom3dom19abort_state_binding37___napi_impl_helper_NativeAbortState_041___napi_register__NativeAbortState_impl_181__18___CTOR_PRIVATE_REF14___ctor_private (in /mnt/c/Users/guido/ghq/projects/rustdom/dist/rustdom.node)
==2406856==    by 0x681447D: call_init.part.0 (dl-init.c:70)
==2406856==    by 0x6814567: call_init (dl-init.c:33)
==2406856==    by 0x6814567: _dl_init (dl-init.c:117)
==2406856==    by 0x7522BB4: _dl_catch_exception (dl-error-skeleton.c:182)
==2406856==    by 0x681BFF5: dl_open_worker (dl-open.c:808)
==2406856==    by 0x681BFF5: dl_open_worker (dl-open.c:771)
==2406856==    by 0x7522B57: _dl_catch_exception (dl-error-skeleton.c:208)
==2406856==    by 0x681C34D: _dl_open (dl-open.c:883)
==2406856==    by 0x743E5FB: dlopen_doit (dlopen.c:56)
==2406856==    by 0x7522B57: _dl_catch_exception (dl-error-skeleton.c:208)
==2406856== 
==2406856== 13 bytes in 1 blocks are possibly lost in loss record 136 of 367
==2406856==    at 0x7056899: malloc (in /mnt/c/Users/guido/ghq/projects/rustdom/.tools/valgrind/usr/libexec/valgrind/vgpreload_memcheck-amd64-linux.so)
==2406856==    by 0x22E5C032: _RNvXs0_NvMs_NtNtCs6i54tJFfzR_5alloc3ffi5c_strNtBa_7CString3newReNtB5_11SpecNewImpl13spec_new_impl (in /mnt/c/Users/guido/ghq/projects/rustdom/dist/rustdom.node)
==2406856==    by 0x22E112BF: _RNvMs2_NtNtCsbKcx7MMum66_4napi9js_values15object_propertyNtB5_8Property14with_utf8_name (in /mnt/c/Users/guido/ghq/projects/rustdom/dist/rustdom.node)
==2406856==    by 0x22DC757E: _RNvNvNvNvNtNtNtCsdulfWib0rSm_7rustdom3dom19event_state_binding37___napi_impl_helper_NativeEventState_442___napi_register__NativeEventState_impl_1011__18___CTOR_PRIVATE_REF14___ctor_private (in /mnt/c/Users/guido/ghq/projects/rustdom/dist/rustdom.node)
==2406856==    by 0x681447D: call_init.part.0 (dl-init.c:70)
==2406856==    by 0x6814567: call_init (dl-init.c:33)
==2406856==    by 0x6814567: _dl_init (dl-init.c:117)
==2406856==    by 0x7522BB4: _dl_catch_exception (dl-error-skeleton.c:182)
==2406856==    by 0x681BFF5: dl_open_worker (dl-open.c:808)
==2406856==    by 0x681BFF5: dl_open_worker (dl-open.c:771)
==2406856==    by 0x7522B57: _dl_catch_exception (dl-error-skeleton.c:208)
==2406856==    by 0x681C34D: _dl_open (dl-open.c:883)
==2406856==    by 0x743E5FB: dlopen_doit (dlopen.c:56)
==2406856==    by 0x7522B57: _dl_catch_exception (dl-error-skeleton.c:208)
==2406856== 
==2406856== 13 bytes in 1 blocks are possibly lost in loss record 137 of 367
==2406856==    at 0x7056899: malloc (in /mnt/c/Users/guido/ghq/projects/rustdom/.tools/valgrind/usr/libexec/valgrind/vgpreload_memcheck-amd64-linux.so)
==2406856==    by 0x22E5C032: _RNvXs0_NvMs_NtNtCs6i54tJFfzR_5alloc3ffi5c_strNtBa_7CString3newReNtB5_11SpecNewImpl13spec_new_impl (in /mnt/c/Users/guido/ghq/projects/rustdom/dist/rustdom.node)
==2406856==    by 0x22E112BF: _RNvMs2_NtNtCsbKcx7MMum66_4napi9js_values15object_propertyNtB5_8Property14with_utf8_name (in /mnt/c/Users/guido/ghq/projects/rustdom/dist/rustdom.node)
==2406856==    by 0x22DCAB07: _RNvNvNvNvNtNtNtCsdulfWib0rSm_7rustdom3dom19range_state_binding32___napi_impl_helper_NativeRange_937___napi_register__NativeRange_impl_1821__18___CTOR_PRIVATE_REF14___ctor_private (in /mnt/c/Users/guido/ghq/projects/rustdom/dist/rustdom.node)
==2406856==    by 0x681447D: call_init.part.0 (dl-init.c:70)
==2406856==    by 0x6814567: call_init (dl-init.c:33)
==2406856==    by 0x6814567: _dl_init (dl-init.c:117)
==2406856==    by 0x7522BB4: _dl_catch_exception (dl-error-skeleton.c:182)
==2406856==    by 0x681BFF5: dl_open_worker (dl-open.c:808)
==2406856==    by 0x681BFF5: dl_open_worker (dl-open.c:771)
==2406856==    by 0x7522B57: _dl_catch_exception (dl-error-skeleton.c:208)
==2406856==    by 0x681C34D: _dl_open (dl-open.c:883)
==2406856==    by 0x743E5FB: dlopen_doit (dlopen.c:56)
==2406856==    by 0x7522B57: _dl_catch_exception (dl-error-skeleton.c:208)
==2406856== 
==2406856== 13 bytes in 1 blocks are possibly lost in loss record 138 of 367
==2406856==    at 0x7056899: malloc (in /mnt/c/Users/guido/ghq/projects/rustdom/.tools/valgrind/usr/libexec/valgrind/vgpreload_memcheck-amd64-linux.so)
==2406856==    by 0x22E5C032: _RNvXs0_NvMs_NtNtCs6i54tJFfzR_5alloc3ffi5c_strNtBa_7CString3newReNtB5_11SpecNewImpl13spec_new_impl (in /mnt/c/Users/guido/ghq/projects/rustdom/dist/rustdom.node)
==2406856==    by 0x22E112BF: _RNvMs2_NtNtCsbKcx7MMum66_4napi9js_values15object_propertyNtB5_8Property14with_utf8_name (in /mnt/c/Users/guido/ghq/projects/rustdom/dist/rustdom.node)
==2406856==    by 0x22DD2574: _RNvNvNvNvNtNtNtCsdulfWib0rSm_7rustdom3dom23mutation_record_binding41___napi_impl_helper_NativeMutationRecord_546___napi_register__NativeMutationRecord_impl_1191__18___CTOR_PRIVATE_REF14___ctor_private (in /mnt/c/Users/guido/ghq/projects/rustdom/dist/rustdom.node)
==2406856==    by 0x681447D: call_init.part.0 (dl-init.c:70)
==2406856==    by 0x6814567: call_init (dl-init.c:33)
==2406856==    by 0x6814567: _dl_init (dl-init.c:117)
==2406856==    by 0x7522BB4: _dl_catch_exception (dl-error-skeleton.c:182)
==2406856==    by 0x681BFF5: dl_open_worker (dl-open.c:808)
==2406856==    by 0x681BFF5: dl_open_worker (dl-open.c:771)
==2406856==    by 0x7522B57: _dl_catch_exception (dl-error-skeleton.c:208)
==2406856==    by 0x681C34D: _dl_open (dl-open.c:883)
==2406856==    by 0x743E5FB: dlopen_doit (dlopen.c:56)
==2406856==    by 0x7522B57: _dl_catch_exception (dl-error-skeleton.c:208)
==2406856== 
==2406856== 13 bytes in 1 blocks are possibly lost in loss record 139 of 367
==2406856==    at 0x7056899: malloc (in /mnt/c/Users/guido/ghq/projects/rustdom/.tools/valgrind/usr/libexec/valgrind/vgpreload_memcheck-amd64-linux.so)
==2406856==    by 0x22E5C032: _RNvXs0_NvMs_NtNtCs6i54tJFfzR_5alloc3ffi5c_strNtBa_7CString3newReNtB5_11SpecNewImpl13spec_new_impl (in /mnt/c/Users/guido/ghq/projects/rustdom/dist/rustdom.node)
==2406856==    by 0x22E112BF: _RNvMs2_NtNtCsbKcx7MMum66_4napi9js_values15object_propertyNtB5_8Property14with_utf8_name (in /mnt/c/Users/guido/ghq/projects/rustdom/dist/rustdom.node)
==2406856==    by 0x22DD4DF7: _RNvNvNvNvNtNtNtCsdulfWib0rSm_7rustdom3dom4tree32___napi_impl_helper_NativeTree_1336___napi_register__NativeTree_impl_2541__18___CTOR_PRIVATE_REF14___ctor_private (in /mnt/c/Users/guido/ghq/projects/rustdom/dist/rustdom.node)
==2406856==    by 0x681447D: call_init.part.0 (dl-init.c:70)
==2406856==    by 0x6814567: call_init (dl-init.c:33)
==2406856==    by 0x6814567: _dl_init (dl-init.c:117)
==2406856==    by 0x7522BB4: _dl_catch_exception (dl-error-skeleton.c:182)
==2406856==    by 0x681BFF5: dl_open_worker (dl-open.c:808)
==2406856==    by 0x681BFF5: dl_open_worker (dl-open.c:771)
==2406856==    by 0x7522B57: _dl_catch_exception (dl-error-skeleton.c:208)
==2406856==    by 0x681C34D: _dl_open (dl-open.c:883)
==2406856==    by 0x743E5FB: dlopen_doit (dlopen.c:56)
==2406856==    by 0x7522B57: _dl_catch_exception (dl-error-skeleton.c:208)
==2406856== 
==2406856== 13 bytes in 1 blocks are possibly lost in loss record 140 of 367
==2406856==    at 0x7056899: malloc (in /mnt/c/Users/guido/ghq/projects/rustdom/.tools/valgrind/usr/libexec/valgrind/vgpreload_memcheck-amd64-linux.so)
==2406856==    by 0x22E5C032: _RNvXs0_NvMs_NtNtCs6i54tJFfzR_5alloc3ffi5c_strNtBa_7CString3newReNtB5_11SpecNewImpl13spec_new_impl (in /mnt/c/Users/guido/ghq/projects/rustdom/dist/rustdom.node)
==2406856==    by 0x22E112BF: _RNvMs2_NtNtCsbKcx7MMum66_4napi9js_values15object_propertyNtB5_8Property14with_utf8_name (in /mnt/c/Users/guido/ghq/projects/rustdom/dist/rustdom.node)
==2406856==    by 0x22DD5003: _RNvNvNvNvNtNtNtCsdulfWib0rSm_7rustdom3dom4tree32___napi_impl_helper_NativeTree_1336___napi_register__NativeTree_impl_2541__18___CTOR_PRIVATE_REF14___ctor_private (in /mnt/c/Users/guido/ghq/projects/rustdom/dist/rustdom.node)
==2406856==    by 0x681447D: call_init.part.0 (dl-init.c:70)
==2406856==    by 0x6814567: call_init (dl-init.c:33)
==2406856==    by 0x6814567: _dl_init (dl-init.c:117)
==2406856==    by 0x7522BB4: _dl_catch_exception (dl-error-skeleton.c:182)
==2406856==    by 0x681BFF5: dl_open_worker (dl-open.c:808)
==2406856==    by 0x681BFF5: dl_open_worker (dl-open.c:771)
==2406856==    by 0x7522B57: _dl_catch_exception (dl-error-skeleton.c:208)
==2406856==    by 0x681C34D: _dl_open (dl-open.c:883)
==2406856==    by 0x743E5FB: dlopen_doit (dlopen.c:56)
==2406856==    by 0x7522B57: _dl_catch_exception (dl-error-skeleton.c:208)
==2406856== 
==2406856== 13 bytes in 1 blocks are possibly lost in loss record 141 of 367
==2406856==    at 0x7056899: malloc (in /mnt/c/Users/guido/ghq/projects/rustdom/.tools/valgrind/usr/libexec/valgrind/vgpreload_memcheck-amd64-linux.so)
==2406856==    by 0x22E5C032: _RNvXs0_NvMs_NtNtCs6i54tJFfzR_5alloc3ffi5c_strNtBa_7CString3newReNtB5_11SpecNewImpl13spec_new_impl (in /mnt/c/Users/guido/ghq/projects/rustdom/dist/rustdom.node)
==2406856==    by 0x22E112BF: _RNvMs2_NtNtCsbKcx7MMum66_4napi9js_values15object_propertyNtB5_8Property14with_utf8_name (in /mnt/c/Users/guido/ghq/projects/rustdom/dist/rustdom.node)
==2406856==    by 0x22DD5521: _RNvNvNvNvNtNtNtCsdulfWib0rSm_7rustdom3dom4tree32___napi_impl_helper_NativeTree_1336___napi_register__NativeTree_impl_2541__18___CTOR_PRIVATE_REF14___ctor_private (in /mnt/c/Users/guido/ghq/projects/rustdom/dist/rustdom.node)
==2406856==    by 0x681447D: call_init.part.0 (dl-init.c:70)
==2406856==    by 0x6814567: call_init (dl-init.c:33)
==2406856==    by 0x6814567: _dl_init (dl-init.c:117)
==2406856==    by 0x7522BB4: _dl_catch_exception (dl-error-skeleton.c:182)
==2406856==    by 0x681BFF5: dl_open_worker (dl-open.c:808)
==2406856==    by 0x681BFF5: dl_open_worker (dl-open.c:771)
==2406856==    by 0x7522B57: _dl_catch_exception (dl-error-skeleton.c:208)
==2406856==    by 0x681C34D: _dl_open (dl-open.c:883)
==2406856==    by 0x743E5FB: dlopen_doit (dlopen.c:56)
==2406856==    by 0x7522B57: _dl_catch_exception (dl-error-skeleton.c:208)
==2406856== 
==2406856== 13 bytes in 1 blocks are possibly lost in loss record 142 of 367
==2406856==    at 0x7056899: malloc (in /mnt/c/Users/guido/ghq/projects/rustdom/.tools/valgrind/usr/libexec/valgrind/vgpreload_memcheck-amd64-linux.so)
==2406856==    by 0x22E5C032: _RNvXs0_NvMs_NtNtCs6i54tJFfzR_5alloc3ffi5c_strNtBa_7CString3newReNtB5_11SpecNewImpl13spec_new_impl (in /mnt/c/Users/guido/ghq/projects/rustdom/dist/rustdom.node)
==2406856==    by 0x22E112BF: _RNvMs2_NtNtCsbKcx7MMum66_4napi9js_values15object_propertyNtB5_8Property14with_utf8_name (in /mnt/c/Users/guido/ghq/projects/rustdom/dist/rustdom.node)
==2406856==    by 0x22DAF6DE: _RNvNvNtNtNtCsdulfWib0rSm_7rustdom3dom4tree32___napi_impl_helper_NativeTree_1436___napi_register__NativeTree_impl_38720___ctor_private_inner (in /mnt/c/Users/guido/ghq/projects/rustdom/dist/rustdom.node)
==2406856==    by 0x22DD6E85: _RNvNvNvNvNtNtNtCsdulfWib0rSm_7rustdom3dom4tree32___napi_impl_helper_NativeTree_1436___napi_register__NativeTree_impl_3871__18___CTOR_PRIVATE_REF14___ctor_private (in /mnt/c/Users/guido/ghq/projects/rustdom/dist/rustdom.node)
==2406856==    by 0x681447D: call_init.part.0 (dl-init.c:70)
==2406856==    by 0x6814567: call_init (dl-init.c:33)
==2406856==    by 0x6814567: _dl_init (dl-init.c:117)
==2406856==    by 0x7522BB4: _dl_catch_exception (dl-error-skeleton.c:182)
==2406856==    by 0x681BFF5: dl_open_worker (dl-open.c:808)
==2406856==    by 0x681BFF5: dl_open_worker (dl-open.c:771)
==2406856==    by 0x7522B57: _dl_catch_exception (dl-error-skeleton.c:208)
==2406856==    by 0x681C34D: _dl_open (dl-open.c:883)
==2406856==    by 0x743E5FB: dlopen_doit (dlopen.c:56)
==2406856== 
==2406856== 13 bytes in 1 blocks are possibly lost in loss record 143 of 367
==2406856==    at 0x7056899: malloc (in /mnt/c/Users/guido/ghq/projects/rustdom/.tools/valgrind/usr/libexec/valgrind/vgpreload_memcheck-amd64-linux.so)
==2406856==    by 0x22E5C032: _RNvXs0_NvMs_NtNtCs6i54tJFfzR_5alloc3ffi5c_strNtBa_7CString3newReNtB5_11SpecNewImpl13spec_new_impl (in /mnt/c/Users/guido/ghq/projects/rustdom/dist/rustdom.node)
==2406856==    by 0x22E112BF: _RNvMs2_NtNtCsbKcx7MMum66_4napi9js_values15object_propertyNtB5_8Property14with_utf8_name (in /mnt/c/Users/guido/ghq/projects/rustdom/dist/rustdom.node)
==2406856==    by 0x22DB043D: _RNvNvNtNtNtCsdulfWib0rSm_7rustdom3dom4tree32___napi_impl_helper_NativeTree_1436___napi_register__NativeTree_impl_38720___ctor_private_inner (in /mnt/c/Users/guido/ghq/projects/rustdom/dist/rustdom.node)
==2406856==    by 0x22DD6E85: _RNvNvNvNvNtNtNtCsdulfWib0rSm_7rustdom3dom4tree32___napi_impl_helper_NativeTree_1436___napi_register__NativeTree_impl_3871__18___CTOR_PRIVATE_REF14___ctor_private (in /mnt/c/Users/guido/ghq/projects/rustdom/dist/rustdom.node)
==2406856==    by 0x681447D: call_init.part.0 (dl-init.c:70)
==2406856==    by 0x6814567: call_init (dl-init.c:33)
==2406856==    by 0x6814567: _dl_init (dl-init.c:117)
==2406856==    by 0x7522BB4: _dl_catch_exception (dl-error-skeleton.c:182)
==2406856==    by 0x681BFF5: dl_open_worker (dl-open.c:808)
==2406856==    by 0x681BFF5: dl_open_worker (dl-open.c:771)
==2406856==    by 0x7522B57: _dl_catch_exception (dl-error-skeleton.c:208)
==2406856==    by 0x681C34D: _dl_open (dl-open.c:883)
==2406856==    by 0x743E5FB: dlopen_doit (dlopen.c:56)
==2406856== 
==2406856== 13 bytes in 1 blocks are possibly lost in loss record 144 of 367
==2406856==    at 0x7056899: malloc (in /mnt/c/Users/guido/ghq/projects/rustdom/.tools/valgrind/usr/libexec/valgrind/vgpreload_memcheck-amd64-linux.so)
==2406856==    by 0x22E5C032: _RNvXs0_NvMs_NtNtCs6i54tJFfzR_5alloc3ffi5c_strNtBa_7CString3newReNtB5_11SpecNewImpl13spec_new_impl (in /mnt/c/Users/guido/ghq/projects/rustdom/dist/rustdom.node)
==2406856==    by 0x22E112BF: _RNvMs2_NtNtCsbKcx7MMum66_4napi9js_values15object_propertyNtB5_8Property14with_utf8_name (in /mnt/c/Users/guido/ghq/projects/rustdom/dist/rustdom.node)
==2406856==    by 0x22DB1AC1: _RNvNvNtNtNtCsdulfWib0rSm_7rustdom3dom4tree32___napi_impl_helper_NativeTree_1436___napi_register__NativeTree_impl_38720___ctor_private_inner (in /mnt/c/Users/guido/ghq/projects/rustdom/dist/rustdom.node)
==2406856==    by 0x22DD6E85: _RNvNvNvNvNtNtNtCsdulfWib0rSm_7rustdom3dom4tree32___napi_impl_helper_NativeTree_1436___napi_register__NativeTree_impl_3871__18___CTOR_PRIVATE_REF14___ctor_private (in /mnt/c/Users/guido/ghq/projects/rustdom/dist/rustdom.node)
==2406856==    by 0x681447D: call_init.part.0 (dl-init.c:70)
==2406856==    by 0x6814567: call_init (dl-init.c:33)
==2406856==    by 0x6814567: _dl_init (dl-init.c:117)
==2406856==    by 0x7522BB4: _dl_catch_exception (dl-error-skeleton.c:182)
==2406856==    by 0x681BFF5: dl_open_worker (dl-open.c:808)
==2406856==    by 0x681BFF5: dl_open_worker (dl-open.c:771)
==2406856==    by 0x7522B57: _dl_catch_exception (dl-error-skeleton.c:208)
==2406856==    by 0x681C34D: _dl_open (dl-open.c:883)
==2406856==    by 0x743E5FB: dlopen_doit (dlopen.c:56)
==2406856== 
==2406856== 13 bytes in 1 blocks are possibly lost in loss record 145 of 367
==2406856==    at 0x7056899: malloc (in /mnt/c/Users/guido/ghq/projects/rustdom/.tools/valgrind/usr/libexec/valgrind/vgpreload_memcheck-amd64-linux.so)
==2406856==    by 0x22E5C032: _RNvXs0_NvMs_NtNtCs6i54tJFfzR_5alloc3ffi5c_strNtBa_7CString3newReNtB5_11SpecNewImpl13spec_new_impl (in /mnt/c/Users/guido/ghq/projects/rustdom/dist/rustdom.node)
==2406856==    by 0x22E112BF: _RNvMs2_NtNtCsbKcx7MMum66_4napi9js_values15object_propertyNtB5_8Property14with_utf8_name (in /mnt/c/Users/guido/ghq/projects/rustdom/dist/rustdom.node)
==2406856==    by 0x22DB21EB: _RNvNvNtNtNtCsdulfWib0rSm_7rustdom3dom4tree32___napi_impl_helper_NativeTree_1436___napi_register__NativeTree_impl_38720___ctor_private_inner (in /mnt/c/Users/guido/ghq/projects/rustdom/dist/rustdom.node)
==2406856==    by 0x22DD6E85: _RNvNvNvNvNtNtNtCsdulfWib0rSm_7rustdom3dom4tree32___napi_impl_helper_NativeTree_1436___napi_register__NativeTree_impl_3871__18___CTOR_PRIVATE_REF14___ctor_private (in /mnt/c/Users/guido/ghq/projects/rustdom/dist/rustdom.node)
==2406856==    by 0x681447D: call_init.part.0 (dl-init.c:70)
==2406856==    by 0x6814567: call_init (dl-init.c:33)
==2406856==    by 0x6814567: _dl_init (dl-init.c:117)
==2406856==    by 0x7522BB4: _dl_catch_exception (dl-error-skeleton.c:182)
==2406856==    by 0x681BFF5: dl_open_worker (dl-open.c:808)
==2406856==    by 0x681BFF5: dl_open_worker (dl-open.c:771)
==2406856==    by 0x7522B57: _dl_catch_exception (dl-error-skeleton.c:208)
==2406856==    by 0x681C34D: _dl_open (dl-open.c:883)
==2406856==    by 0x743E5FB: dlopen_doit (dlopen.c:56)
==2406856== 
==2406856== 13 bytes in 1 blocks are possibly lost in loss record 146 of 367
==2406856==    at 0x7056899: malloc (in /mnt/c/Users/guido/ghq/projects/rustdom/.tools/valgrind/usr/libexec/valgrind/vgpreload_memcheck-amd64-linux.so)
==2406856==    by 0x22E5C032: _RNvXs0_NvMs_NtNtCs6i54tJFfzR_5alloc3ffi5c_strNtBa_7CString3newReNtB5_11SpecNewImpl13spec_new_impl (in /mnt/c/Users/guido/ghq/projects/rustdom/dist/rustdom.node)
==2406856==    by 0x22E112BF: _RNvMs2_NtNtCsbKcx7MMum66_4napi9js_values15object_propertyNtB5_8Property14with_utf8_name (in /mnt/c/Users/guido/ghq/projects/rustdom/dist/rustdom.node)
==2406856==    by 0x22DB5205: _RNvNvNtNtNtCsdulfWib0rSm_7rustdom3dom4tree32___napi_impl_helper_NativeTree_1436___napi_register__NativeTree_impl_38720___ctor_private_inner (in /mnt/c/Users/guido/ghq/projects/rustdom/dist/rustdom.node)
==2406856==    by 0x22DD6E85: _RNvNvNvNvNtNtNtCsdulfWib0rSm_7rustdom3dom4tree32___napi_impl_helper_NativeTree_1436___napi_register__NativeTree_impl_3871__18___CTOR_PRIVATE_REF14___ctor_private (in /mnt/c/Users/guido/ghq/projects/rustdom/dist/rustdom.node)
==2406856==    by 0x681447D: call_init.part.0 (dl-init.c:70)
==2406856==    by 0x6814567: call_init (dl-init.c:33)
==2406856==    by 0x6814567: _dl_init (dl-init.c:117)
==2406856==    by 0x7522BB4: _dl_catch_exception (dl-error-skeleton.c:182)
==2406856==    by 0x681BFF5: dl_open_worker (dl-open.c:808)
==2406856==    by 0x681BFF5: dl_open_worker (dl-open.c:771)
==2406856==    by 0x7522B57: _dl_catch_exception (dl-error-skeleton.c:208)
==2406856==    by 0x681C34D: _dl_open (dl-open.c:883)
==2406856==    by 0x743E5FB: dlopen_doit (dlopen.c:56)
==2406856== 
==2406856== 13 bytes in 1 blocks are possibly lost in loss record 147 of 367
==2406856==    at 0x7056899: malloc (in /mnt/c/Users/guido/ghq/projects/rustdom/.tools/valgrind/usr/libexec/valgrind/vgpreload_memcheck-amd64-linux.so)
==2406856==    by 0x22E5C032: _RNvXs0_NvMs_NtNtCs6i54tJFfzR_5alloc3ffi5c_strNtBa_7CString3newReNtB5_11SpecNewImpl13spec_new_impl (in /mnt/c/Users/guido/ghq/projects/rustdom/dist/rustdom.node)
==2406856==    by 0x22E112BF: _RNvMs2_NtNtCsbKcx7MMum66_4napi9js_values15object_propertyNtB5_8Property14with_utf8_name (in /mnt/c/Users/guido/ghq/projects/rustdom/dist/rustdom.node)
==2406856==    by 0x22DB667D: _RNvNvNtNtNtCsdulfWib0rSm_7rustdom3dom4tree32___napi_impl_helper_NativeTree_1436___napi_register__NativeTree_impl_38720___ctor_private_inner (in /mnt/c/Users/guido/ghq/projects/rustdom/dist/rustdom.node)
==2406856==    by 0x22DD6E85: _RNvNvNvNvNtNtNtCsdulfWib0rSm_7rustdom3dom4tree32___napi_impl_helper_NativeTree_1436___napi_register__NativeTree_impl_3871__18___CTOR_PRIVATE_REF14___ctor_private (in /mnt/c/Users/guido/ghq/projects/rustdom/dist/rustdom.node)
==2406856==    by 0x681447D: call_init.part.0 (dl-init.c:70)
==2406856==    by 0x6814567: call_init (dl-init.c:33)
==2406856==    by 0x6814567: _dl_init (dl-init.c:117)
==2406856==    by 0x7522BB4: _dl_catch_exception (dl-error-skeleton.c:182)
==2406856==    by 0x681BFF5: dl_open_worker (dl-open.c:808)
==2406856==    by 0x681BFF5: dl_open_worker (dl-open.c:771)
==2406856==    by 0x7522B57: _dl_catch_exception (dl-error-skeleton.c:208)
==2406856==    by 0x681C34D: _dl_open (dl-open.c:883)
==2406856==    by 0x743E5FB: dlopen_doit (dlopen.c:56)
==2406856== 
==2406856== 14 bytes in 1 blocks are possibly lost in loss record 148 of 367
==2406856==    at 0x7056899: malloc (in /mnt/c/Users/guido/ghq/projects/rustdom/.tools/valgrind/usr/libexec/valgrind/vgpreload_memcheck-amd64-linux.so)
==2406856==    by 0x22E5C032: _RNvXs0_NvMs_NtNtCs6i54tJFfzR_5alloc3ffi5c_strNtBa_7CString3newReNtB5_11SpecNewImpl13spec_new_impl (in /mnt/c/Users/guido/ghq/projects/rustdom/dist/rustdom.node)
==2406856==    by 0x22E112BF: _RNvMs2_NtNtCsbKcx7MMum66_4napi9js_values15object_propertyNtB5_8Property14with_utf8_name (in /mnt/c/Users/guido/ghq/projects/rustdom/dist/rustdom.node)
==2406856==    by 0x22DC5690: _RNvNvNvNvNtNtNtCsdulfWib0rSm_7rustdom3dom19abort_state_binding37___napi_impl_helper_NativeAbortState_041___napi_register__NativeAbortState_impl_181__18___CTOR_PRIVATE_REF14___ctor_private (in /mnt/c/Users/guido/ghq/projects/rustdom/dist/rustdom.node)
==2406856==    by 0x681447D: call_init.part.0 (dl-init.c:70)
==2406856==    by 0x6814567: call_init (dl-init.c:33)
==2406856==    by 0x6814567: _dl_init (dl-init.c:117)
==2406856==    by 0x7522BB4: _dl_catch_exception (dl-error-skeleton.c:182)
==2406856==    by 0x681BFF5: dl_open_worker (dl-open.c:808)
==2406856==    by 0x681BFF5: dl_open_worker (dl-open.c:771)
==2406856==    by 0x7522B57: _dl_catch_exception (dl-error-skeleton.c:208)
==2406856==    by 0x681C34D: _dl_open (dl-open.c:883)
==2406856==    by 0x743E5FB: dlopen_doit (dlopen.c:56)
==2406856==    by 0x7522B57: _dl_catch_exception (dl-error-skeleton.c:208)
==2406856== 
==2406856== 14 bytes in 1 blocks are possibly lost in loss record 149 of 367
==2406856==    at 0x7056899: malloc (in /mnt/c/Users/guido/ghq/projects/rustdom/.tools/valgrind/usr/libexec/valgrind/vgpreload_memcheck-amd64-linux.so)
==2406856==    by 0x22E5C032: _RNvXs0_NvMs_NtNtCs6i54tJFfzR_5alloc3ffi5c_strNtBa_7CString3newReNtB5_11SpecNewImpl13spec_new_impl (in /mnt/c/Users/guido/ghq/projects/rustdom/dist/rustdom.node)
==2406856==    by 0x22E112BF: _RNvMs2_NtNtCsbKcx7MMum66_4napi9js_values15object_propertyNtB5_8Property14with_utf8_name (in /mnt/c/Users/guido/ghq/projects/rustdom/dist/rustdom.node)
==2406856==    by 0x22DC589C: _RNvNvNvNvNtNtNtCsdulfWib0rSm_7rustdom3dom19abort_state_binding37___napi_impl_helper_NativeAbortState_041___napi_register__NativeAbortState_impl_181__18___CTOR_PRIVATE_REF14___ctor_private (in /mnt/c/Users/guido/ghq/projects/rustdom/dist/rustdom.node)
==2406856==    by 0x681447D: call_init.part.0 (dl-init.c:70)
==2406856==    by 0x6814567: call_init (dl-init.c:33)
==2406856==    by 0x6814567: _dl_init (dl-init.c:117)
==2406856==    by 0x7522BB4: _dl_catch_exception (dl-error-skeleton.c:182)
==2406856==    by 0x681BFF5: dl_open_worker (dl-open.c:808)
==2406856==    by 0x681BFF5: dl_open_worker (dl-open.c:771)
==2406856==    by 0x7522B57: _dl_catch_exception (dl-error-skeleton.c:208)
==2406856==    by 0x681C34D: _dl_open (dl-open.c:883)
==2406856==    by 0x743E5FB: dlopen_doit (dlopen.c:56)
==2406856==    by 0x7522B57: _dl_catch_exception (dl-error-skeleton.c:208)
==2406856== 
==2406856== 14 bytes in 1 blocks are possibly lost in loss record 150 of 367
==2406856==    at 0x7056899: malloc (in /mnt/c/Users/guido/ghq/projects/rustdom/.tools/valgrind/usr/libexec/valgrind/vgpreload_memcheck-amd64-linux.so)
==2406856==    by 0x22E5C032: _RNvXs0_NvMs_NtNtCs6i54tJFfzR_5alloc3ffi5c_strNtBa_7CString3newReNtB5_11SpecNewImpl13spec_new_impl (in /mnt/c/Users/guido/ghq/projects/rustdom/dist/rustdom.node)
==2406856==    by 0x22E112BF: _RNvMs2_NtNtCsbKcx7MMum66_4napi9js_values15object_propertyNtB5_8Property14with_utf8_name (in /mnt/c/Users/guido/ghq/projects/rustdom/dist/rustdom.node)
==2406856==    by 0x22DC6B51: _RNvNvNvNvNtNtNtCsdulfWib0rSm_7rustdom3dom19event_state_binding37___napi_impl_helper_NativeEventState_442___napi_register__NativeEventState_impl_1011__18___CTOR_PRIVATE_REF14___ctor_private (in /mnt/c/Users/guido/ghq/projects/rustdom/dist/rustdom.node)
==2406856==    by 0x681447D: call_init.part.0 (dl-init.c:70)
==2406856==    by 0x6814567: call_init (dl-init.c:33)
==2406856==    by 0x6814567: _dl_init (dl-init.c:117)
==2406856==    by 0x7522BB4: _dl_catch_exception (dl-error-skeleton.c:182)
==2406856==    by 0x681BFF5: dl_open_worker (dl-open.c:808)
==2406856==    by 0x681BFF5: dl_open_worker (dl-open.c:771)
==2406856==    by 0x7522B57: _dl_catch_exception (dl-error-skeleton.c:208)
==2406856==    by 0x681C34D: _dl_open (dl-open.c:883)
==2406856==    by 0x743E5FB: dlopen_doit (dlopen.c:56)
==2406856==    by 0x7522B57: _dl_catch_exception (dl-error-skeleton.c:208)
==2406856== 
==2406856== 14 bytes in 1 blocks are possibly lost in loss record 151 of 367
==2406856==    at 0x7056899: malloc (in /mnt/c/Users/guido/ghq/projects/rustdom/.tools/valgrind/usr/libexec/valgrind/vgpreload_memcheck-amd64-linux.so)
==2406856==    by 0x22E5C032: _RNvXs0_NvMs_NtNtCs6i54tJFfzR_5alloc3ffi5c_strNtBa_7CString3newReNtB5_11SpecNewImpl13spec_new_impl (in /mnt/c/Users/guido/ghq/projects/rustdom/dist/rustdom.node)
==2406856==    by 0x22E112BF: _RNvMs2_NtNtCsbKcx7MMum66_4napi9js_values15object_propertyNtB5_8Property14with_utf8_name (in /mnt/c/Users/guido/ghq/projects/rustdom/dist/rustdom.node)
==2406856==    by 0x22DCB96C: _RNvNvNvNvNtNtNtCsdulfWib0rSm_7rustdom3dom19range_state_binding32___napi_impl_helper_NativeRange_937___napi_register__NativeRange_impl_1821__18___CTOR_PRIVATE_REF14___ctor_private (in /mnt/c/Users/guido/ghq/projects/rustdom/dist/rustdom.node)
==2406856==    by 0x681447D: call_init.part.0 (dl-init.c:70)
==2406856==    by 0x6814567: call_init (dl-init.c:33)
==2406856==    by 0x6814567: _dl_init (dl-init.c:117)
==2406856==    by 0x7522BB4: _dl_catch_exception (dl-error-skeleton.c:182)
==2406856==    by 0x681BFF5: dl_open_worker (dl-open.c:808)
==2406856==    by 0x681BFF5: dl_open_worker (dl-open.c:771)
==2406856==    by 0x7522B57: _dl_catch_exception (dl-error-skeleton.c:208)
==2406856==    by 0x681C34D: _dl_open (dl-open.c:883)
==2406856==    by 0x743E5FB: dlopen_doit (dlopen.c:56)
==2406856==    by 0x7522B57: _dl_catch_exception (dl-error-skeleton.c:208)
==2406856== 
==2406856== 14 bytes in 1 blocks are possibly lost in loss record 152 of 367
==2406856==    at 0x7056899: malloc (in /mnt/c/Users/guido/ghq/projects/rustdom/.tools/valgrind/usr/libexec/valgrind/vgpreload_memcheck-amd64-linux.so)
==2406856==    by 0x22E5C032: _RNvXs0_NvMs_NtNtCs6i54tJFfzR_5alloc3ffi5c_strNtBa_7CString3newReNtB5_11SpecNewImpl13spec_new_impl (in /mnt/c/Users/guido/ghq/projects/rustdom/dist/rustdom.node)
==2406856==    by 0x22E112BF: _RNvMs2_NtNtCsbKcx7MMum66_4napi9js_values15object_propertyNtB5_8Property14with_utf8_name (in /mnt/c/Users/guido/ghq/projects/rustdom/dist/rustdom.node)
==2406856==    by 0x22DD0AA2: _RNvNvNvNvNtNtNtCsdulfWib0rSm_7rustdom3dom23event_listeners_binding43___napi_impl_helper_NativeListenerRegistry_347___napi_register__NativeListenerRegistry_impl_661__18___CTOR_PRIVATE_REF14___ctor_private (in /mnt/c/Users/guido/ghq/projects/rustdom/dist/rustdom.node)
==2406856==    by 0x681447D: call_init.part.0 (dl-init.c:70)
==2406856==    by 0x6814567: call_init (dl-init.c:33)
==2406856==    by 0x6814567: _dl_init (dl-init.c:117)
==2406856==    by 0x7522BB4: _dl_catch_exception (dl-error-skeleton.c:182)
==2406856==    by 0x681BFF5: dl_open_worker (dl-open.c:808)
==2406856==    by 0x681BFF5: dl_open_worker (dl-open.c:771)
==2406856==    by 0x7522B57: _dl_catch_exception (dl-error-skeleton.c:208)
==2406856==    by 0x681C34D: _dl_open (dl-open.c:883)
==2406856==    by 0x743E5FB: dlopen_doit (dlopen.c:56)
==2406856==    by 0x7522B57: _dl_catch_exception (dl-error-skeleton.c:208)
==2406856== 
==2406856== 14 bytes in 1 blocks are possibly lost in loss record 153 of 367
==2406856==    at 0x7056899: malloc (in /mnt/c/Users/guido/ghq/projects/rustdom/.tools/valgrind/usr/libexec/valgrind/vgpreload_memcheck-amd64-linux.so)
==2406856==    by 0x22E5C032: _RNvXs0_NvMs_NtNtCs6i54tJFfzR_5alloc3ffi5c_strNtBa_7CString3newReNtB5_11SpecNewImpl13spec_new_impl (in /mnt/c/Users/guido/ghq/projects/rustdom/dist/rustdom.node)
==2406856==    by 0x22E112BF: _RNvMs2_NtNtCsbKcx7MMum66_4napi9js_values15object_propertyNtB5_8Property14with_utf8_name (in /mnt/c/Users/guido/ghq/projects/rustdom/dist/rustdom.node)
==2406856==    by 0x22DD1E4A: _RNvNvNvNvNtNtNtCsdulfWib0rSm_7rustdom3dom23mutation_record_binding41___napi_impl_helper_NativeMutationRecord_546___napi_register__NativeMutationRecord_impl_1191__18___CTOR_PRIVATE_REF14___ctor_private (in /mnt/c/Users/guido/ghq/projects/rustdom/dist/rustdom.node)
==2406856==    by 0x681447D: call_init.part.0 (dl-init.c:70)
==2406856==    by 0x6814567: call_init (dl-init.c:33)
==2406856==    by 0x6814567: _dl_init (dl-init.c:117)
==2406856==    by 0x7522BB4: _dl_catch_exception (dl-error-skeleton.c:182)
==2406856==    by 0x681BFF5: dl_open_worker (dl-open.c:808)
==2406856==    by 0x681BFF5: dl_open_worker (dl-open.c:771)
==2406856==    by 0x7522B57: _dl_catch_exception (dl-error-skeleton.c:208)
==2406856==    by 0x681C34D: _dl_open (dl-open.c:883)
==2406856==    by 0x743E5FB: dlopen_doit (dlopen.c:56)
==2406856==    by 0x7522B57: _dl_catch_exception (dl-error-skeleton.c:208)
==2406856== 
==2406856== 14 bytes in 1 blocks are possibly lost in loss record 154 of 367
==2406856==    at 0x7056899: malloc (in /mnt/c/Users/guido/ghq/projects/rustdom/.tools/valgrind/usr/libexec/valgrind/vgpreload_memcheck-amd64-linux.so)
==2406856==    by 0x22E5C032: _RNvXs0_NvMs_NtNtCs6i54tJFfzR_5alloc3ffi5c_strNtBa_7CString3newReNtB5_11SpecNewImpl13spec_new_impl (in /mnt/c/Users/guido/ghq/projects/rustdom/dist/rustdom.node)
==2406856==    by 0x22E112BF: _RNvMs2_NtNtCsbKcx7MMum66_4napi9js_values15object_propertyNtB5_8Property14with_utf8_name (in /mnt/c/Users/guido/ghq/projects/rustdom/dist/rustdom.node)
==2406856==    by 0x22DD520F: _RNvNvNvNvNtNtNtCsdulfWib0rSm_7rustdom3dom4tree32___napi_impl_helper_NativeTree_1336___napi_register__NativeTree_impl_2541__18___CTOR_PRIVATE_REF14___ctor_private (in /mnt/c/Users/guido/ghq/projects/rustdom/dist/rustdom.node)
==2406856==    by 0x681447D: call_init.part.0 (dl-init.c:70)
==2406856==    by 0x6814567: call_init (dl-init.c:33)
==2406856==    by 0x6814567: _dl_init (dl-init.c:117)
==2406856==    by 0x7522BB4: _dl_catch_exception (dl-error-skeleton.c:182)
==2406856==    by 0x681BFF5: dl_open_worker (dl-open.c:808)
==2406856==    by 0x681BFF5: dl_open_worker (dl-open.c:771)
==2406856==    by 0x7522B57: _dl_catch_exception (dl-error-skeleton.c:208)
==2406856==    by 0x681C34D: _dl_open (dl-open.c:883)
==2406856==    by 0x743E5FB: dlopen_doit (dlopen.c:56)
==2406856==    by 0x7522B57: _dl_catch_exception (dl-error-skeleton.c:208)
==2406856== 
==2406856== 14 bytes in 1 blocks are possibly lost in loss record 155 of 367
==2406856==    at 0x7056899: malloc (in /mnt/c/Users/guido/ghq/projects/rustdom/.tools/valgrind/usr/libexec/valgrind/vgpreload_memcheck-amd64-linux.so)
==2406856==    by 0x22E5C032: _RNvXs0_NvMs_NtNtCs6i54tJFfzR_5alloc3ffi5c_strNtBa_7CString3newReNtB5_11SpecNewImpl13spec_new_impl (in /mnt/c/Users/guido/ghq/projects/rustdom/dist/rustdom.node)
==2406856==    by 0x22E112BF: _RNvMs2_NtNtCsbKcx7MMum66_4napi9js_values15object_propertyNtB5_8Property14with_utf8_name (in /mnt/c/Users/guido/ghq/projects/rustdom/dist/rustdom.node)
==2406856==    by 0x22DD572D: _RNvNvNvNvNtNtNtCsdulfWib0rSm_7rustdom3dom4tree32___napi_impl_helper_NativeTree_1336___napi_register__NativeTree_impl_2541__18___CTOR_PRIVATE_REF14___ctor_private (in /mnt/c/Users/guido/ghq/projects/rustdom/dist/rustdom.node)
==2406856==    by 0x681447D: call_init.part.0 (dl-init.c:70)
==2406856==    by 0x6814567: call_init (dl-init.c:33)
==2406856==    by 0x6814567: _dl_init (dl-init.c:117)
==2406856==    by 0x7522BB4: _dl_catch_exception (dl-error-skeleton.c:182)
==2406856==    by 0x681BFF5: dl_open_worker (dl-open.c:808)
==2406856==    by 0x681BFF5: dl_open_worker (dl-open.c:771)
==2406856==    by 0x7522B57: _dl_catch_exception (dl-error-skeleton.c:208)
==2406856==    by 0x681C34D: _dl_open (dl-open.c:883)
==2406856==    by 0x743E5FB: dlopen_doit (dlopen.c:56)
==2406856==    by 0x7522B57: _dl_catch_exception (dl-error-skeleton.c:208)
==2406856== 
==2406856== 14 bytes in 1 blocks are possibly lost in loss record 156 of 367
==2406856==    at 0x7056899: malloc (in /mnt/c/Users/guido/ghq/projects/rustdom/.tools/valgrind/usr/libexec/valgrind/vgpreload_memcheck-amd64-linux.so)
==2406856==    by 0x22E5C032: _RNvXs0_NvMs_NtNtCs6i54tJFfzR_5alloc3ffi5c_strNtBa_7CString3newReNtB5_11SpecNewImpl13spec_new_impl (in /mnt/c/Users/guido/ghq/projects/rustdom/dist/rustdom.node)
==2406856==    by 0x22E112BF: _RNvMs2_NtNtCsbKcx7MMum66_4napi9js_values15object_propertyNtB5_8Property14with_utf8_name (in /mnt/c/Users/guido/ghq/projects/rustdom/dist/rustdom.node)
==2406856==    by 0x22DD5AEA: _RNvNvNvNvNtNtNtCsdulfWib0rSm_7rustdom3dom4tree32___napi_impl_helper_NativeTree_1336___napi_register__NativeTree_impl_2541__18___CTOR_PRIVATE_REF14___ctor_private (in /mnt/c/Users/guido/ghq/projects/rustdom/dist/rustdom.node)
==2406856==    by 0x681447D: call_init.part.0 (dl-init.c:70)
==2406856==    by 0x6814567: call_init (dl-init.c:33)
==2406856==    by 0x6814567: _dl_init (dl-init.c:117)
==2406856==    by 0x7522BB4: _dl_catch_exception (dl-error-skeleton.c:182)
==2406856==    by 0x681BFF5: dl_open_worker (dl-open.c:808)
==2406856==    by 0x681BFF5: dl_open_worker (dl-open.c:771)
==2406856==    by 0x7522B57: _dl_catch_exception (dl-error-skeleton.c:208)
==2406856==    by 0x681C34D: _dl_open (dl-open.c:883)
==2406856==    by 0x743E5FB: dlopen_doit (dlopen.c:56)
==2406856==    by 0x7522B57: _dl_catch_exception (dl-error-skeleton.c:208)
==2406856== 
==2406856== 14 bytes in 1 blocks are possibly lost in loss record 157 of 367
==2406856==    at 0x7056899: malloc (in /mnt/c/Users/guido/ghq/projects/rustdom/.tools/valgrind/usr/libexec/valgrind/vgpreload_memcheck-amd64-linux.so)
==2406856==    by 0x22E5C032: _RNvXs0_NvMs_NtNtCs6i54tJFfzR_5alloc3ffi5c_strNtBa_7CString3newReNtB5_11SpecNewImpl13spec_new_impl (in /mnt/c/Users/guido/ghq/projects/rustdom/dist/rustdom.node)
==2406856==    by 0x22E112BF: _RNvMs2_NtNtCsbKcx7MMum66_4napi9js_values15object_propertyNtB5_8Property14with_utf8_name (in /mnt/c/Users/guido/ghq/projects/rustdom/dist/rustdom.node)
==2406856==    by 0x22DB0E79: _RNvNvNtNtNtCsdulfWib0rSm_7rustdom3dom4tree32___napi_impl_helper_NativeTree_1436___napi_register__NativeTree_impl_38720___ctor_private_inner (in /mnt/c/Users/guido/ghq/projects/rustdom/dist/rustdom.node)
==2406856==    by 0x22DD6E85: _RNvNvNvNvNtNtNtCsdulfWib0rSm_7rustdom3dom4tree32___napi_impl_helper_NativeTree_1436___napi_register__NativeTree_impl_3871__18___CTOR_PRIVATE_REF14___ctor_private (in /mnt/c/Users/guido/ghq/projects/rustdom/dist/rustdom.node)
==2406856==    by 0x681447D: call_init.part.0 (dl-init.c:70)
==2406856==    by 0x6814567: call_init (dl-init.c:33)
==2406856==    by 0x6814567: _dl_init (dl-init.c:117)
==2406856==    by 0x7522BB4: _dl_catch_exception (dl-error-skeleton.c:182)
==2406856==    by 0x681BFF5: dl_open_worker (dl-open.c:808)
==2406856==    by 0x681BFF5: dl_open_worker (dl-open.c:771)
==2406856==    by 0x7522B57: _dl_catch_exception (dl-error-skeleton.c:208)
==2406856==    by 0x681C34D: _dl_open (dl-open.c:883)
==2406856==    by 0x743E5FB: dlopen_doit (dlopen.c:56)
==2406856== 
==2406856== 14 bytes in 1 blocks are possibly lost in loss record 158 of 367
==2406856==    at 0x7056899: malloc (in /mnt/c/Users/guido/ghq/projects/rustdom/.tools/valgrind/usr/libexec/valgrind/vgpreload_memcheck-amd64-linux.so)
==2406856==    by 0x22E5C032: _RNvXs0_NvMs_NtNtCs6i54tJFfzR_5alloc3ffi5c_strNtBa_7CString3newReNtB5_11SpecNewImpl13spec_new_impl (in /mnt/c/Users/guido/ghq/projects/rustdom/dist/rustdom.node)
==2406856==    by 0x22E112BF: _RNvMs2_NtNtCsbKcx7MMum66_4napi9js_values15object_propertyNtB5_8Property14with_utf8_name (in /mnt/c/Users/guido/ghq/projects/rustdom/dist/rustdom.node)
==2406856==    by 0x22DB50FF: _RNvNvNtNtNtCsdulfWib0rSm_7rustdom3dom4tree32___napi_impl_helper_NativeTree_1436___napi_register__NativeTree_impl_38720___ctor_private_inner (in /mnt/c/Users/guido/ghq/projects/rustdom/dist/rustdom.node)
==2406856==    by 0x22DD6E85: _RNvNvNvNvNtNtNtCsdulfWib0rSm_7rustdom3dom4tree32___napi_impl_helper_NativeTree_1436___napi_register__NativeTree_impl_3871__18___CTOR_PRIVATE_REF14___ctor_private (in /mnt/c/Users/guido/ghq/projects/rustdom/dist/rustdom.node)
==2406856==    by 0x681447D: call_init.part.0 (dl-init.c:70)
==2406856==    by 0x6814567: call_init (dl-init.c:33)
==2406856==    by 0x6814567: _dl_init (dl-init.c:117)
==2406856==    by 0x7522BB4: _dl_catch_exception (dl-error-skeleton.c:182)
==2406856==    by 0x681BFF5: dl_open_worker (dl-open.c:808)
==2406856==    by 0x681BFF5: dl_open_worker (dl-open.c:771)
==2406856==    by 0x7522B57: _dl_catch_exception (dl-error-skeleton.c:208)
==2406856==    by 0x681C34D: _dl_open (dl-open.c:883)
==2406856==    by 0x743E5FB: dlopen_doit (dlopen.c:56)
==2406856== 
==2406856== 14 bytes in 1 blocks are possibly lost in loss record 159 of 367
==2406856==    at 0x7056899: malloc (in /mnt/c/Users/guido/ghq/projects/rustdom/.tools/valgrind/usr/libexec/valgrind/vgpreload_memcheck-amd64-linux.so)
==2406856==    by 0x22E5C032: _RNvXs0_NvMs_NtNtCs6i54tJFfzR_5alloc3ffi5c_strNtBa_7CString3newReNtB5_11SpecNewImpl13spec_new_impl (in /mnt/c/Users/guido/ghq/projects/rustdom/dist/rustdom.node)
==2406856==    by 0x22E112BF: _RNvMs2_NtNtCsbKcx7MMum66_4napi9js_values15object_propertyNtB5_8Property14with_utf8_name (in /mnt/c/Users/guido/ghq/projects/rustdom/dist/rustdom.node)
==2406856==    by 0x22DB5D47: _RNvNvNtNtNtCsdulfWib0rSm_7rustdom3dom4tree32___napi_impl_helper_NativeTree_1436___napi_register__NativeTree_impl_38720___ctor_private_inner (in /mnt/c/Users/guido/ghq/projects/rustdom/dist/rustdom.node)
==2406856==    by 0x22DD6E85: _RNvNvNvNvNtNtNtCsdulfWib0rSm_7rustdom3dom4tree32___napi_impl_helper_NativeTree_1436___napi_register__NativeTree_impl_3871__18___CTOR_PRIVATE_REF14___ctor_private (in /mnt/c/Users/guido/ghq/projects/rustdom/dist/rustdom.node)
==2406856==    by 0x681447D: call_init.part.0 (dl-init.c:70)
==2406856==    by 0x6814567: call_init (dl-init.c:33)
==2406856==    by 0x6814567: _dl_init (dl-init.c:117)
==2406856==    by 0x7522BB4: _dl_catch_exception (dl-error-skeleton.c:182)
==2406856==    by 0x681BFF5: dl_open_worker (dl-open.c:808)
==2406856==    by 0x681BFF5: dl_open_worker (dl-open.c:771)
==2406856==    by 0x7522B57: _dl_catch_exception (dl-error-skeleton.c:208)
==2406856==    by 0x681C34D: _dl_open (dl-open.c:883)
==2406856==    by 0x743E5FB: dlopen_doit (dlopen.c:56)
==2406856== 
==2406856== 14 bytes in 1 blocks are possibly lost in loss record 160 of 367
==2406856==    at 0x7056899: malloc (in /mnt/c/Users/guido/ghq/projects/rustdom/.tools/valgrind/usr/libexec/valgrind/vgpreload_memcheck-amd64-linux.so)
==2406856==    by 0x22E5C032: _RNvXs0_NvMs_NtNtCs6i54tJFfzR_5alloc3ffi5c_strNtBa_7CString3newReNtB5_11SpecNewImpl13spec_new_impl (in /mnt/c/Users/guido/ghq/projects/rustdom/dist/rustdom.node)
==2406856==    by 0x22E112BF: _RNvMs2_NtNtCsbKcx7MMum66_4napi9js_values15object_propertyNtB5_8Property14with_utf8_name (in /mnt/c/Users/guido/ghq/projects/rustdom/dist/rustdom.node)
==2406856==    by 0x22DB6CA1: _RNvNvNtNtNtCsdulfWib0rSm_7rustdom3dom4tree32___napi_impl_helper_NativeTree_1436___napi_register__NativeTree_impl_38720___ctor_private_inner (in /mnt/c/Users/guido/ghq/projects/rustdom/dist/rustdom.node)
==2406856==    by 0x22DD6E85: _RNvNvNvNvNtNtNtCsdulfWib0rSm_7rustdom3dom4tree32___napi_impl_helper_NativeTree_1436___napi_register__NativeTree_impl_3871__18___CTOR_PRIVATE_REF14___ctor_private (in /mnt/c/Users/guido/ghq/projects/rustdom/dist/rustdom.node)
==2406856==    by 0x681447D: call_init.part.0 (dl-init.c:70)
==2406856==    by 0x6814567: call_init (dl-init.c:33)
==2406856==    by 0x6814567: _dl_init (dl-init.c:117)
==2406856==    by 0x7522BB4: _dl_catch_exception (dl-error-skeleton.c:182)
==2406856==    by 0x681BFF5: dl_open_worker (dl-open.c:808)
==2406856==    by 0x681BFF5: dl_open_worker (dl-open.c:771)
==2406856==    by 0x7522B57: _dl_catch_exception (dl-error-skeleton.c:208)
==2406856==    by 0x681C34D: _dl_open (dl-open.c:883)
==2406856==    by 0x743E5FB: dlopen_doit (dlopen.c:56)
==2406856== 
==2406856== 14 bytes in 1 blocks are possibly lost in loss record 161 of 367
==2406856==    at 0x7056899: malloc (in /mnt/c/Users/guido/ghq/projects/rustdom/.tools/valgrind/usr/libexec/valgrind/vgpreload_memcheck-amd64-linux.so)
==2406856==    by 0x22E5C032: _RNvXs0_NvMs_NtNtCs6i54tJFfzR_5alloc3ffi5c_strNtBa_7CString3newReNtB5_11SpecNewImpl13spec_new_impl (in /mnt/c/Users/guido/ghq/projects/rustdom/dist/rustdom.node)
==2406856==    by 0x22E112BF: _RNvMs2_NtNtCsbKcx7MMum66_4napi9js_values15object_propertyNtB5_8Property14with_utf8_name (in /mnt/c/Users/guido/ghq/projects/rustdom/dist/rustdom.node)
==2406856==    by 0x22DD74CE: _RNvNvNvNvNtNtNtCsdulfWib0rSm_7rustdom3xml7binding37___napi_impl_helper_NativeXmlParser_1941___napi_register__NativeXmlParser_impl_4381__18___CTOR_PRIVATE_REF14___ctor_private (in /mnt/c/Users/guido/ghq/projects/rustdom/dist/rustdom.node)
==2406856==    by 0x681447D: call_init.part.0 (dl-init.c:70)
==2406856==    by 0x6814567: call_init (dl-init.c:33)
==2406856==    by 0x6814567: _dl_init (dl-init.c:117)
==2406856==    by 0x7522BB4: _dl_catch_exception (dl-error-skeleton.c:182)
==2406856==    by 0x681BFF5: dl_open_worker (dl-open.c:808)
==2406856==    by 0x681BFF5: dl_open_worker (dl-open.c:771)
==2406856==    by 0x7522B57: _dl_catch_exception (dl-error-skeleton.c:208)
==2406856==    by 0x681C34D: _dl_open (dl-open.c:883)
==2406856==    by 0x743E5FB: dlopen_doit (dlopen.c:56)
==2406856==    by 0x7522B57: _dl_catch_exception (dl-error-skeleton.c:208)
==2406856== 
==2406856== 15 bytes in 1 blocks are possibly lost in loss record 162 of 367
==2406856==    at 0x7056899: malloc (in /mnt/c/Users/guido/ghq/projects/rustdom/.tools/valgrind/usr/libexec/valgrind/vgpreload_memcheck-amd64-linux.so)
==2406856==    by 0x22E5C032: _RNvXs0_NvMs_NtNtCs6i54tJFfzR_5alloc3ffi5c_strNtBa_7CString3newReNtB5_11SpecNewImpl13spec_new_impl (in /mnt/c/Users/guido/ghq/projects/rustdom/dist/rustdom.node)
==2406856==    by 0x22E112BF: _RNvMs2_NtNtCsbKcx7MMum66_4napi9js_values15object_propertyNtB5_8Property14with_utf8_name (in /mnt/c/Users/guido/ghq/projects/rustdom/dist/rustdom.node)
==2406856==    by 0x22DC5796: _RNvNvNvNvNtNtNtCsdulfWib0rSm_7rustdom3dom19abort_state_binding37___napi_impl_helper_NativeAbortState_041___napi_register__NativeAbortState_impl_181__18___CTOR_PRIVATE_REF14___ctor_private (in /mnt/c/Users/guido/ghq/projects/rustdom/dist/rustdom.node)
==2406856==    by 0x681447D: call_init.part.0 (dl-init.c:70)
==2406856==    by 0x6814567: call_init (dl-init.c:33)
==2406856==    by 0x6814567: _dl_init (dl-init.c:117)
==2406856==    by 0x7522BB4: _dl_catch_exception (dl-error-skeleton.c:182)
==2406856==    by 0x681BFF5: dl_open_worker (dl-open.c:808)
==2406856==    by 0x681BFF5: dl_open_worker (dl-open.c:771)
==2406856==    by 0x7522B57: _dl_catch_exception (dl-error-skeleton.c:208)
==2406856==    by 0x681C34D: _dl_open (dl-open.c:883)
==2406856==    by 0x743E5FB: dlopen_doit (dlopen.c:56)
==2406856==    by 0x7522B57: _dl_catch_exception (dl-error-skeleton.c:208)
==2406856== 
==2406856== 15 bytes in 1 blocks are possibly lost in loss record 163 of 367
==2406856==    at 0x7056899: malloc (in /mnt/c/Users/guido/ghq/projects/rustdom/.tools/valgrind/usr/libexec/valgrind/vgpreload_memcheck-amd64-linux.so)
==2406856==    by 0x22E5C032: _RNvXs0_NvMs_NtNtCs6i54tJFfzR_5alloc3ffi5c_strNtBa_7CString3newReNtB5_11SpecNewImpl13spec_new_impl (in /mnt/c/Users/guido/ghq/projects/rustdom/dist/rustdom.node)
==2406856==    by 0x22E112BF: _RNvMs2_NtNtCsbKcx7MMum66_4napi9js_values15object_propertyNtB5_8Property14with_utf8_name (in /mnt/c/Users/guido/ghq/projects/rustdom/dist/rustdom.node)
==2406856==    by 0x22DC7060: _RNvNvNvNvNtNtNtCsdulfWib0rSm_7rustdom3dom19event_state_binding37___napi_impl_helper_NativeEventState_442___napi_register__NativeEventState_impl_1011__18___CTOR_PRIVATE_REF14___ctor_private (in /mnt/c/Users/guido/ghq/projects/rustdom/dist/rustdom.node)
==2406856==    by 0x681447D: call_init.part.0 (dl-init.c:70)
==2406856==    by 0x6814567: call_init (dl-init.c:33)
==2406856==    by 0x6814567: _dl_init (dl-init.c:117)
==2406856==    by 0x7522BB4: _dl_catch_exception (dl-error-skeleton.c:182)
==2406856==    by 0x681BFF5: dl_open_worker (dl-open.c:808)
==2406856==    by 0x681BFF5: dl_open_worker (dl-open.c:771)
==2406856==    by 0x7522B57: _dl_catch_exception (dl-error-skeleton.c:208)
==2406856==    by 0x681C34D: _dl_open (dl-open.c:883)
==2406856==    by 0x743E5FB: dlopen_doit (dlopen.c:56)
==2406856==    by 0x7522B57: _dl_catch_exception (dl-error-skeleton.c:208)
==2406856== 
==2406856== 15 bytes in 1 blocks are possibly lost in loss record 164 of 367
==2406856==    at 0x7056899: malloc (in /mnt/c/Users/guido/ghq/projects/rustdom/.tools/valgrind/usr/libexec/valgrind/vgpreload_memcheck-amd64-linux.so)
==2406856==    by 0x22E5C032: _RNvXs0_NvMs_NtNtCs6i54tJFfzR_5alloc3ffi5c_strNtBa_7CString3newReNtB5_11SpecNewImpl13spec_new_impl (in /mnt/c/Users/guido/ghq/projects/rustdom/dist/rustdom.node)
==2406856==    by 0x22E112BF: _RNvMs2_NtNtCsbKcx7MMum66_4napi9js_values15object_propertyNtB5_8Property14with_utf8_name (in /mnt/c/Users/guido/ghq/projects/rustdom/dist/rustdom.node)
==2406856==    by 0x22DC7478: _RNvNvNvNvNtNtNtCsdulfWib0rSm_7rustdom3dom19event_state_binding37___napi_impl_helper_NativeEventState_442___napi_register__NativeEventState_impl_1011__18___CTOR_PRIVATE_REF14___ctor_private (in /mnt/c/Users/guido/ghq/projects/rustdom/dist/rustdom.node)
==2406856==    by 0x681447D: call_init.part.0 (dl-init.c:70)
==2406856==    by 0x6814567: call_init (dl-init.c:33)
==2406856==    by 0x6814567: _dl_init (dl-init.c:117)
==2406856==    by 0x7522BB4: _dl_catch_exception (dl-error-skeleton.c:182)
==2406856==    by 0x681BFF5: dl_open_worker (dl-open.c:808)
==2406856==    by 0x681BFF5: dl_open_worker (dl-open.c:771)
==2406856==    by 0x7522B57: _dl_catch_exception (dl-error-skeleton.c:208)
==2406856==    by 0x681C34D: _dl_open (dl-open.c:883)
==2406856==    by 0x743E5FB: dlopen_doit (dlopen.c:56)
==2406856==    by 0x7522B57: _dl_catch_exception (dl-error-skeleton.c:208)
==2406856== 
==2406856== 15 bytes in 1 blocks are possibly lost in loss record 165 of 367
==2406856==    at 0x7056899: malloc (in /mnt/c/Users/guido/ghq/projects/rustdom/.tools/valgrind/usr/libexec/valgrind/vgpreload_memcheck-amd64-linux.so)
==2406856==    by 0x22E5C032: _RNvXs0_NvMs_NtNtCs6i54tJFfzR_5alloc3ffi5c_strNtBa_7CString3newReNtB5_11SpecNewImpl13spec_new_impl (in /mnt/c/Users/guido/ghq/projects/rustdom/dist/rustdom.node)
==2406856==    by 0x22E112BF: _RNvMs2_NtNtCsbKcx7MMum66_4napi9js_values15object_propertyNtB5_8Property14with_utf8_name (in /mnt/c/Users/guido/ghq/projects/rustdom/dist/rustdom.node)
==2406856==    by 0x22DC7890: _RNvNvNvNvNtNtNtCsdulfWib0rSm_7rustdom3dom19event_state_binding37___napi_impl_helper_NativeEventState_442___napi_register__NativeEventState_impl_1011__18___CTOR_PRIVATE_REF14___ctor_private (in /mnt/c/Users/guido/ghq/projects/rustdom/dist/rustdom.node)
==2406856==    by 0x681447D: call_init.part.0 (dl-init.c:70)
==2406856==    by 0x6814567: call_init (dl-init.c:33)
==2406856==    by 0x6814567: _dl_init (dl-init.c:117)
==2406856==    by 0x7522BB4: _dl_catch_exception (dl-error-skeleton.c:182)
==2406856==    by 0x681BFF5: dl_open_worker (dl-open.c:808)
==2406856==    by 0x681BFF5: dl_open_worker (dl-open.c:771)
==2406856==    by 0x7522B57: _dl_catch_exception (dl-error-skeleton.c:208)
==2406856==    by 0x681C34D: _dl_open (dl-open.c:883)
==2406856==    by 0x743E5FB: dlopen_doit (dlopen.c:56)
==2406856==    by 0x7522B57: _dl_catch_exception (dl-error-skeleton.c:208)
==2406856== 
==2406856== 15 bytes in 1 blocks are possibly lost in loss record 166 of 367
==2406856==    at 0x7056899: malloc (in /mnt/c/Users/guido/ghq/projects/rustdom/.tools/valgrind/usr/libexec/valgrind/vgpreload_memcheck-amd64-linux.so)
==2406856==    by 0x22E5C032: _RNvXs0_NvMs_NtNtCs6i54tJFfzR_5alloc3ffi5c_strNtBa_7CString3newReNtB5_11SpecNewImpl13spec_new_impl (in /mnt/c/Users/guido/ghq/projects/rustdom/dist/rustdom.node)
==2406856==    by 0x22E112BF: _RNvMs2_NtNtCsbKcx7MMum66_4napi9js_values15object_propertyNtB5_8Property14with_utf8_name (in /mnt/c/Users/guido/ghq/projects/rustdom/dist/rustdom.node)
==2406856==    by 0x22DC7CA8: _RNvNvNvNvNtNtNtCsdulfWib0rSm_7rustdom3dom19event_state_binding37___napi_impl_helper_NativeEventState_442___napi_register__NativeEventState_impl_1011__18___CTOR_PRIVATE_REF14___ctor_private (in /mnt/c/Users/guido/ghq/projects/rustdom/dist/rustdom.node)
==2406856==    by 0x681447D: call_init.part.0 (dl-init.c:70)
==2406856==    by 0x6814567: call_init (dl-init.c:33)
==2406856==    by 0x6814567: _dl_init (dl-init.c:117)
==2406856==    by 0x7522BB4: _dl_catch_exception (dl-error-skeleton.c:182)
==2406856==    by 0x681BFF5: dl_open_worker (dl-open.c:808)
==2406856==    by 0x681BFF5: dl_open_worker (dl-open.c:771)
==2406856==    by 0x7522B57: _dl_catch_exception (dl-error-skeleton.c:208)
==2406856==    by 0x681C34D: _dl_open (dl-open.c:883)
==2406856==    by 0x743E5FB: dlopen_doit (dlopen.c:56)
==2406856==    by 0x7522B57: _dl_catch_exception (dl-error-skeleton.c:208)
==2406856== 
==2406856== 15 bytes in 1 blocks are possibly lost in loss record 167 of 367
==2406856==    at 0x7056899: malloc (in /mnt/c/Users/guido/ghq/projects/rustdom/.tools/valgrind/usr/libexec/valgrind/vgpreload_memcheck-amd64-linux.so)
==2406856==    by 0x22E5C032: _RNvXs0_NvMs_NtNtCs6i54tJFfzR_5alloc3ffi5c_strNtBa_7CString3newReNtB5_11SpecNewImpl13spec_new_impl (in /mnt/c/Users/guido/ghq/projects/rustdom/dist/rustdom.node)
==2406856==    by 0x22E112BF: _RNvMs2_NtNtCsbKcx7MMum66_4napi9js_values15object_propertyNtB5_8Property14with_utf8_name (in /mnt/c/Users/guido/ghq/projects/rustdom/dist/rustdom.node)
==2406856==    by 0x22DD41E7: _RNvNvNvNvNtNtNtCsdulfWib0rSm_7rustdom3dom25observer_delivery_binding43___napi_impl_helper_NativeObserverDelivery_648___napi_register__NativeObserverDelivery_impl_1321__18___CTOR_PRIVATE_REF14___ctor_private (in /mnt/c/Users/guido/ghq/projects/rustdom/dist/rustdom.node)
==2406856==    by 0x681447D: call_init.part.0 (dl-init.c:70)
==2406856==    by 0x6814567: call_init (dl-init.c:33)
==2406856==    by 0x6814567: _dl_init (dl-init.c:117)
==2406856==    by 0x7522BB4: _dl_catch_exception (dl-error-skeleton.c:182)
==2406856==    by 0x681BFF5: dl_open_worker (dl-open.c:808)
==2406856==    by 0x681BFF5: dl_open_worker (dl-open.c:771)
==2406856==    by 0x7522B57: _dl_catch_exception (dl-error-skeleton.c:208)
==2406856==    by 0x681C34D: _dl_open (dl-open.c:883)
==2406856==    by 0x743E5FB: dlopen_doit (dlopen.c:56)
==2406856==    by 0x7522B57: _dl_catch_exception (dl-error-skeleton.c:208)
==2406856== 
==2406856== 15 bytes in 1 blocks are possibly lost in loss record 168 of 367
==2406856==    at 0x7056899: malloc (in /mnt/c/Users/guido/ghq/projects/rustdom/.tools/valgrind/usr/libexec/valgrind/vgpreload_memcheck-amd64-linux.so)
==2406856==    by 0x22E5C032: _RNvXs0_NvMs_NtNtCs6i54tJFfzR_5alloc3ffi5c_strNtBa_7CString3newReNtB5_11SpecNewImpl13spec_new_impl (in /mnt/c/Users/guido/ghq/projects/rustdom/dist/rustdom.node)
==2406856==    by 0x22E112BF: _RNvMs2_NtNtCsbKcx7MMum66_4napi9js_values15object_propertyNtB5_8Property14with_utf8_name (in /mnt/c/Users/guido/ghq/projects/rustdom/dist/rustdom.node)
==2406856==    by 0x22DD5627: _RNvNvNvNvNtNtNtCsdulfWib0rSm_7rustdom3dom4tree32___napi_impl_helper_NativeTree_1336___napi_register__NativeTree_impl_2541__18___CTOR_PRIVATE_REF14___ctor_private (in /mnt/c/Users/guido/ghq/projects/rustdom/dist/rustdom.node)
==2406856==    by 0x681447D: call_init.part.0 (dl-init.c:70)
==2406856==    by 0x6814567: call_init (dl-init.c:33)
==2406856==    by 0x6814567: _dl_init (dl-init.c:117)
==2406856==    by 0x7522BB4: _dl_catch_exception (dl-error-skeleton.c:182)
==2406856==    by 0x681BFF5: dl_open_worker (dl-open.c:808)
==2406856==    by 0x681BFF5: dl_open_worker (dl-open.c:771)
==2406856==    by 0x7522B57: _dl_catch_exception (dl-error-skeleton.c:208)
==2406856==    by 0x681C34D: _dl_open (dl-open.c:883)
==2406856==    by 0x743E5FB: dlopen_doit (dlopen.c:56)
==2406856==    by 0x7522B57: _dl_catch_exception (dl-error-skeleton.c:208)
==2406856== 
==2406856== 15 bytes in 1 blocks are possibly lost in loss record 169 of 367
==2406856==    at 0x7056899: malloc (in /mnt/c/Users/guido/ghq/projects/rustdom/.tools/valgrind/usr/libexec/valgrind/vgpreload_memcheck-amd64-linux.so)
==2406856==    by 0x22E5C032: _RNvXs0_NvMs_NtNtCs6i54tJFfzR_5alloc3ffi5c_strNtBa_7CString3newReNtB5_11SpecNewImpl13spec_new_impl (in /mnt/c/Users/guido/ghq/projects/rustdom/dist/rustdom.node)
==2406856==    by 0x22E112BF: _RNvMs2_NtNtCsbKcx7MMum66_4napi9js_values15object_propertyNtB5_8Property14with_utf8_name (in /mnt/c/Users/guido/ghq/projects/rustdom/dist/rustdom.node)
==2406856==    by 0x22DAF4D2: _RNvNvNtNtNtCsdulfWib0rSm_7rustdom3dom4tree32___napi_impl_helper_NativeTree_1436___napi_register__NativeTree_impl_38720___ctor_private_inner (in /mnt/c/Users/guido/ghq/projects/rustdom/dist/rustdom.node)
==2406856==    by 0x22DD6E85: _RNvNvNvNvNtNtNtCsdulfWib0rSm_7rustdom3dom4tree32___napi_impl_helper_NativeTree_1436___napi_register__NativeTree_impl_3871__18___CTOR_PRIVATE_REF14___ctor_private (in /mnt/c/Users/guido/ghq/projects/rustdom/dist/rustdom.node)
==2406856==    by 0x681447D: call_init.part.0 (dl-init.c:70)
==2406856==    by 0x6814567: call_init (dl-init.c:33)
==2406856==    by 0x6814567: _dl_init (dl-init.c:117)
==2406856==    by 0x7522BB4: _dl_catch_exception (dl-error-skeleton.c:182)
==2406856==    by 0x681BFF5: dl_open_worker (dl-open.c:808)
==2406856==    by 0x681BFF5: dl_open_worker (dl-open.c:771)
==2406856==    by 0x7522B57: _dl_catch_exception (dl-error-skeleton.c:208)
==2406856==    by 0x681C34D: _dl_open (dl-open.c:883)
==2406856==    by 0x743E5FB: dlopen_doit (dlopen.c:56)
==2406856== 
==2406856== 15 bytes in 1 blocks are possibly lost in loss record 170 of 367
==2406856==    at 0x7056899: malloc (in /mnt/c/Users/guido/ghq/projects/rustdom/.tools/valgrind/usr/libexec/valgrind/vgpreload_memcheck-amd64-linux.so)
==2406856==    by 0x22E5C032: _RNvXs0_NvMs_NtNtCs6i54tJFfzR_5alloc3ffi5c_strNtBa_7CString3newReNtB5_11SpecNewImpl13spec_new_impl (in /mnt/c/Users/guido/ghq/projects/rustdom/dist/rustdom.node)
==2406856==    by 0x22E112BF: _RNvMs2_NtNtCsbKcx7MMum66_4napi9js_values15object_propertyNtB5_8Property14with_utf8_name (in /mnt/c/Users/guido/ghq/projects/rustdom/dist/rustdom.node)
==2406856==    by 0x22DAF5D8: _RNvNvNtNtNtCsdulfWib0rSm_7rustdom3dom4tree32___napi_impl_helper_NativeTree_1436___napi_register__NativeTree_impl_38720___ctor_private_inner (in /mnt/c/Users/guido/ghq/projects/rustdom/dist/rustdom.node)
==2406856==    by 0x22DD6E85: _RNvNvNvNvNtNtNtCsdulfWib0rSm_7rustdom3dom4tree32___napi_impl_helper_NativeTree_1436___napi_register__NativeTree_impl_3871__18___CTOR_PRIVATE_REF14___ctor_private (in /mnt/c/Users/guido/ghq/projects/rustdom/dist/rustdom.node)
==2406856==    by 0x681447D: call_init.part.0 (dl-init.c:70)
==2406856==    by 0x6814567: call_init (dl-init.c:33)
==2406856==    by 0x6814567: _dl_init (dl-init.c:117)
==2406856==    by 0x7522BB4: _dl_catch_exception (dl-error-skeleton.c:182)
==2406856==    by 0x681BFF5: dl_open_worker (dl-open.c:808)
==2406856==    by 0x681BFF5: dl_open_worker (dl-open.c:771)
==2406856==    by 0x7522B57: _dl_catch_exception (dl-error-skeleton.c:208)
==2406856==    by 0x681C34D: _dl_open (dl-open.c:883)
==2406856==    by 0x743E5FB: dlopen_doit (dlopen.c:56)
==2406856== 
==2406856== 15 bytes in 1 blocks are possibly lost in loss record 171 of 367
==2406856==    at 0x7056899: malloc (in /mnt/c/Users/guido/ghq/projects/rustdom/.tools/valgrind/usr/libexec/valgrind/vgpreload_memcheck-amd64-linux.so)
==2406856==    by 0x22E5C032: _RNvXs0_NvMs_NtNtCs6i54tJFfzR_5alloc3ffi5c_strNtBa_7CString3newReNtB5_11SpecNewImpl13spec_new_impl (in /mnt/c/Users/guido/ghq/projects/rustdom/dist/rustdom.node)
==2406856==    by 0x22E112BF: _RNvMs2_NtNtCsbKcx7MMum66_4napi9js_values15object_propertyNtB5_8Property14with_utf8_name (in /mnt/c/Users/guido/ghq/projects/rustdom/dist/rustdom.node)
==2406856==    by 0x22DAF7E4: _RNvNvNtNtNtCsdulfWib0rSm_7rustdom3dom4tree32___napi_impl_helper_NativeTree_1436___napi_register__NativeTree_impl_38720___ctor_private_inner (in /mnt/c/Users/guido/ghq/projects/rustdom/dist/rustdom.node)
==2406856==    by 0x22DD6E85: _RNvNvNvNvNtNtNtCsdulfWib0rSm_7rustdom3dom4tree32___napi_impl_helper_NativeTree_1436___napi_register__NativeTree_impl_3871__18___CTOR_PRIVATE_REF14___ctor_private (in /mnt/c/Users/guido/ghq/projects/rustdom/dist/rustdom.node)
==2406856==    by 0x681447D: call_init.part.0 (dl-init.c:70)
==2406856==    by 0x6814567: call_init (dl-init.c:33)
==2406856==    by 0x6814567: _dl_init (dl-init.c:117)
==2406856==    by 0x7522BB4: _dl_catch_exception (dl-error-skeleton.c:182)
==2406856==    by 0x681BFF5: dl_open_worker (dl-open.c:808)
==2406856==    by 0x681BFF5: dl_open_worker (dl-open.c:771)
==2406856==    by 0x7522B57: _dl_catch_exception (dl-error-skeleton.c:208)
==2406856==    by 0x681C34D: _dl_open (dl-open.c:883)
==2406856==    by 0x743E5FB: dlopen_doit (dlopen.c:56)
==2406856== 
==2406856== 15 bytes in 1 blocks are possibly lost in loss record 172 of 367
==2406856==    at 0x7056899: malloc (in /mnt/c/Users/guido/ghq/projects/rustdom/.tools/valgrind/usr/libexec/valgrind/vgpreload_memcheck-amd64-linux.so)
==2406856==    by 0x22E5C032: _RNvXs0_NvMs_NtNtCs6i54tJFfzR_5alloc3ffi5c_strNtBa_7CString3newReNtB5_11SpecNewImpl13spec_new_impl (in /mnt/c/Users/guido/ghq/projects/rustdom/dist/rustdom.node)
==2406856==    by 0x22E112BF: _RNvMs2_NtNtCsbKcx7MMum66_4napi9js_values15object_propertyNtB5_8Property14with_utf8_name (in /mnt/c/Users/guido/ghq/projects/rustdom/dist/rustdom.node)
==2406856==    by 0x22DAF8EA: _RNvNvNtNtNtCsdulfWib0rSm_7rustdom3dom4tree32___napi_impl_helper_NativeTree_1436___napi_register__NativeTree_impl_38720___ctor_private_inner (in /mnt/c/Users/guido/ghq/projects/rustdom/dist/rustdom.node)
==2406856==    by 0x22DD6E85: _RNvNvNvNvNtNtNtCsdulfWib0rSm_7rustdom3dom4tree32___napi_impl_helper_NativeTree_1436___napi_register__NativeTree_impl_3871__18___CTOR_PRIVATE_REF14___ctor_private (in /mnt/c/Users/guido/ghq/projects/rustdom/dist/rustdom.node)
==2406856==    by 0x681447D: call_init.part.0 (dl-init.c:70)
==2406856==    by 0x6814567: call_init (dl-init.c:33)
==2406856==    by 0x6814567: _dl_init (dl-init.c:117)
==2406856==    by 0x7522BB4: _dl_catch_exception (dl-error-skeleton.c:182)
==2406856==    by 0x681BFF5: dl_open_worker (dl-open.c:808)
==2406856==    by 0x681BFF5: dl_open_worker (dl-open.c:771)
==2406856==    by 0x7522B57: _dl_catch_exception (dl-error-skeleton.c:208)
==2406856==    by 0x681C34D: _dl_open (dl-open.c:883)
==2406856==    by 0x743E5FB: dlopen_doit (dlopen.c:56)
==2406856== 
==2406856== 15 bytes in 1 blocks are possibly lost in loss record 173 of 367
==2406856==    at 0x7056899: malloc (in /mnt/c/Users/guido/ghq/projects/rustdom/.tools/valgrind/usr/libexec/valgrind/vgpreload_memcheck-amd64-linux.so)
==2406856==    by 0x22E5C032: _RNvXs0_NvMs_NtNtCs6i54tJFfzR_5alloc3ffi5c_strNtBa_7CString3newReNtB5_11SpecNewImpl13spec_new_impl (in /mnt/c/Users/guido/ghq/projects/rustdom/dist/rustdom.node)
==2406856==    by 0x22E112BF: _RNvMs2_NtNtCsbKcx7MMum66_4napi9js_values15object_propertyNtB5_8Property14with_utf8_name (in /mnt/c/Users/guido/ghq/projects/rustdom/dist/rustdom.node)
==2406856==    by 0x22DAFD02: _RNvNvNtNtNtCsdulfWib0rSm_7rustdom3dom4tree32___napi_impl_helper_NativeTree_1436___napi_register__NativeTree_impl_38720___ctor_private_inner (in /mnt/c/Users/guido/ghq/projects/rustdom/dist/rustdom.node)
==2406856==    by 0x22DD6E85: _RNvNvNvNvNtNtNtCsdulfWib0rSm_7rustdom3dom4tree32___napi_impl_helper_NativeTree_1436___napi_register__NativeTree_impl_3871__18___CTOR_PRIVATE_REF14___ctor_private (in /mnt/c/Users/guido/ghq/projects/rustdom/dist/rustdom.node)
==2406856==    by 0x681447D: call_init.part.0 (dl-init.c:70)
==2406856==    by 0x6814567: call_init (dl-init.c:33)
==2406856==    by 0x6814567: _dl_init (dl-init.c:117)
==2406856==    by 0x7522BB4: _dl_catch_exception (dl-error-skeleton.c:182)
==2406856==    by 0x681BFF5: dl_open_worker (dl-open.c:808)
==2406856==    by 0x681BFF5: dl_open_worker (dl-open.c:771)
==2406856==    by 0x7522B57: _dl_catch_exception (dl-error-skeleton.c:208)
==2406856==    by 0x681C34D: _dl_open (dl-open.c:883)
==2406856==    by 0x743E5FB: dlopen_doit (dlopen.c:56)
==2406856== 
==2406856== 15 bytes in 1 blocks are possibly lost in loss record 174 of 367
==2406856==    at 0x7056899: malloc (in /mnt/c/Users/guido/ghq/projects/rustdom/.tools/valgrind/usr/libexec/valgrind/vgpreload_memcheck-amd64-linux.so)
==2406856==    by 0x22E5C032: _RNvXs0_NvMs_NtNtCs6i54tJFfzR_5alloc3ffi5c_strNtBa_7CString3newReNtB5_11SpecNewImpl13spec_new_impl (in /mnt/c/Users/guido/ghq/projects/rustdom/dist/rustdom.node)
==2406856==    by 0x22E112BF: _RNvMs2_NtNtCsbKcx7MMum66_4napi9js_values15object_propertyNtB5_8Property14with_utf8_name (in /mnt/c/Users/guido/ghq/projects/rustdom/dist/rustdom.node)
==2406856==    by 0x22DB3769: _RNvNvNtNtNtCsdulfWib0rSm_7rustdom3dom4tree32___napi_impl_helper_NativeTree_1436___napi_register__NativeTree_impl_38720___ctor_private_inner (in /mnt/c/Users/guido/ghq/projects/rustdom/dist/rustdom.node)
==2406856==    by 0x22DD6E85: _RNvNvNvNvNtNtNtCsdulfWib0rSm_7rustdom3dom4tree32___napi_impl_helper_NativeTree_1436___napi_register__NativeTree_impl_3871__18___CTOR_PRIVATE_REF14___ctor_private (in /mnt/c/Users/guido/ghq/projects/rustdom/dist/rustdom.node)
==2406856==    by 0x681447D: call_init.part.0 (dl-init.c:70)
==2406856==    by 0x6814567: call_init (dl-init.c:33)
==2406856==    by 0x6814567: _dl_init (dl-init.c:117)
==2406856==    by 0x7522BB4: _dl_catch_exception (dl-error-skeleton.c:182)
==2406856==    by 0x681BFF5: dl_open_worker (dl-open.c:808)
==2406856==    by 0x681BFF5: dl_open_worker (dl-open.c:771)
==2406856==    by 0x7522B57: _dl_catch_exception (dl-error-skeleton.c:208)
==2406856==    by 0x681C34D: _dl_open (dl-open.c:883)
==2406856==    by 0x743E5FB: dlopen_doit (dlopen.c:56)
==2406856== 
==2406856== 15 bytes in 1 blocks are possibly lost in loss record 175 of 367
==2406856==    at 0x7056899: malloc (in /mnt/c/Users/guido/ghq/projects/rustdom/.tools/valgrind/usr/libexec/valgrind/vgpreload_memcheck-amd64-linux.so)
==2406856==    by 0x22E5C032: _RNvXs0_NvMs_NtNtCs6i54tJFfzR_5alloc3ffi5c_strNtBa_7CString3newReNtB5_11SpecNewImpl13spec_new_impl (in /mnt/c/Users/guido/ghq/projects/rustdom/dist/rustdom.node)
==2406856==    by 0x22E112BF: _RNvMs2_NtNtCsbKcx7MMum66_4napi9js_values15object_propertyNtB5_8Property14with_utf8_name (in /mnt/c/Users/guido/ghq/projects/rustdom/dist/rustdom.node)
==2406856==    by 0x22DB4CE7: _RNvNvNtNtNtCsdulfWib0rSm_7rustdom3dom4tree32___napi_impl_helper_NativeTree_1436___napi_register__NativeTree_impl_38720___ctor_private_inner (in /mnt/c/Users/guido/ghq/projects/rustdom/dist/rustdom.node)
==2406856==    by 0x22DD6E85: _RNvNvNvNvNtNtNtCsdulfWib0rSm_7rustdom3dom4tree32___napi_impl_helper_NativeTree_1436___napi_register__NativeTree_impl_3871__18___CTOR_PRIVATE_REF14___ctor_private (in /mnt/c/Users/guido/ghq/projects/rustdom/dist/rustdom.node)
==2406856==    by 0x681447D: call_init.part.0 (dl-init.c:70)
==2406856==    by 0x6814567: call_init (dl-init.c:33)
==2406856==    by 0x6814567: _dl_init (dl-init.c:117)
==2406856==    by 0x7522BB4: _dl_catch_exception (dl-error-skeleton.c:182)
==2406856==    by 0x681BFF5: dl_open_worker (dl-open.c:808)
==2406856==    by 0x681BFF5: dl_open_worker (dl-open.c:771)
==2406856==    by 0x7522B57: _dl_catch_exception (dl-error-skeleton.c:208)
==2406856==    by 0x681C34D: _dl_open (dl-open.c:883)
==2406856==    by 0x743E5FB: dlopen_doit (dlopen.c:56)
==2406856== 
==2406856== 15 bytes in 1 blocks are possibly lost in loss record 176 of 367
==2406856==    at 0x7056899: malloc (in /mnt/c/Users/guido/ghq/projects/rustdom/.tools/valgrind/usr/libexec/valgrind/vgpreload_memcheck-amd64-linux.so)
==2406856==    by 0x22E5C032: _RNvXs0_NvMs_NtNtCs6i54tJFfzR_5alloc3ffi5c_strNtBa_7CString3newReNtB5_11SpecNewImpl13spec_new_impl (in /mnt/c/Users/guido/ghq/projects/rustdom/dist/rustdom.node)
==2406856==    by 0x22E112BF: _RNvMs2_NtNtCsbKcx7MMum66_4napi9js_values15object_propertyNtB5_8Property14with_utf8_name (in /mnt/c/Users/guido/ghq/projects/rustdom/dist/rustdom.node)
==2406856==    by 0x22DB592F: _RNvNvNtNtNtCsdulfWib0rSm_7rustdom3dom4tree32___napi_impl_helper_NativeTree_1436___napi_register__NativeTree_impl_38720___ctor_private_inner (in /mnt/c/Users/guido/ghq/projects/rustdom/dist/rustdom.node)
==2406856==    by 0x22DD6E85: _RNvNvNvNvNtNtNtCsdulfWib0rSm_7rustdom3dom4tree32___napi_impl_helper_NativeTree_1436___napi_register__NativeTree_impl_3871__18___CTOR_PRIVATE_REF14___ctor_private (in /mnt/c/Users/guido/ghq/projects/rustdom/dist/rustdom.node)
==2406856==    by 0x681447D: call_init.part.0 (dl-init.c:70)
==2406856==    by 0x6814567: call_init (dl-init.c:33)
==2406856==    by 0x6814567: _dl_init (dl-init.c:117)
==2406856==    by 0x7522BB4: _dl_catch_exception (dl-error-skeleton.c:182)
==2406856==    by 0x681BFF5: dl_open_worker (dl-open.c:808)
==2406856==    by 0x681BFF5: dl_open_worker (dl-open.c:771)
==2406856==    by 0x7522B57: _dl_catch_exception (dl-error-skeleton.c:208)
==2406856==    by 0x681C34D: _dl_open (dl-open.c:883)
==2406856==    by 0x743E5FB: dlopen_doit (dlopen.c:56)
==2406856== 
==2406856== 16 bytes in 1 blocks are possibly lost in loss record 177 of 367
==2406856==    at 0x7056899: malloc (in /mnt/c/Users/guido/ghq/projects/rustdom/.tools/valgrind/usr/libexec/valgrind/vgpreload_memcheck-amd64-linux.so)
==2406856==    by 0x22E5C032: _RNvXs0_NvMs_NtNtCs6i54tJFfzR_5alloc3ffi5c_strNtBa_7CString3newReNtB5_11SpecNewImpl13spec_new_impl (in /mnt/c/Users/guido/ghq/projects/rustdom/dist/rustdom.node)
==2406856==    by 0x22E112BF: _RNvMs2_NtNtCsbKcx7MMum66_4napi9js_values15object_propertyNtB5_8Property14with_utf8_name (in /mnt/c/Users/guido/ghq/projects/rustdom/dist/rustdom.node)
==2406856==    by 0x22DC5171: _RNvNvNvNvNtNtNtCsdulfWib0rSm_7rustdom3dom19abort_state_binding37___napi_impl_helper_NativeAbortState_041___napi_register__NativeAbortState_impl_181__18___CTOR_PRIVATE_REF14___ctor_private (in /mnt/c/Users/guido/ghq/projects/rustdom/dist/rustdom.node)
==2406856==    by 0x681447D: call_init.part.0 (dl-init.c:70)
==2406856==    by 0x6814567: call_init (dl-init.c:33)
==2406856==    by 0x6814567: _dl_init (dl-init.c:117)
==2406856==    by 0x7522BB4: _dl_catch_exception (dl-error-skeleton.c:182)
==2406856==    by 0x681BFF5: dl_open_worker (dl-open.c:808)
==2406856==    by 0x681BFF5: dl_open_worker (dl-open.c:771)
==2406856==    by 0x7522B57: _dl_catch_exception (dl-error-skeleton.c:208)
==2406856==    by 0x681C34D: _dl_open (dl-open.c:883)
==2406856==    by 0x743E5FB: dlopen_doit (dlopen.c:56)
==2406856==    by 0x7522B57: _dl_catch_exception (dl-error-skeleton.c:208)
==2406856== 
==2406856== 16 bytes in 1 blocks are possibly lost in loss record 178 of 367
==2406856==    at 0x7056899: malloc (in /mnt/c/Users/guido/ghq/projects/rustdom/.tools/valgrind/usr/libexec/valgrind/vgpreload_memcheck-amd64-linux.so)
==2406856==    by 0x22E5C032: _RNvXs0_NvMs_NtNtCs6i54tJFfzR_5alloc3ffi5c_strNtBa_7CString3newReNtB5_11SpecNewImpl13spec_new_impl (in /mnt/c/Users/guido/ghq/projects/rustdom/dist/rustdom.node)
==2406856==    by 0x22E112BF: _RNvMs2_NtNtCsbKcx7MMum66_4napi9js_values15object_propertyNtB5_8Property14with_utf8_name (in /mnt/c/Users/guido/ghq/projects/rustdom/dist/rustdom.node)
==2406856==    by 0x22DC5484: _RNvNvNvNvNtNtNtCsdulfWib0rSm_7rustdom3dom19abort_state_binding37___napi_impl_helper_NativeAbortState_041___napi_register__NativeAbortState_impl_181__18___CTOR_PRIVATE_REF14___ctor_private (in /mnt/c/Users/guido/ghq/projects/rustdom/dist/rustdom.node)
==2406856==    by 0x681447D: call_init.part.0 (dl-init.c:70)
==2406856==    by 0x6814567: call_init (dl-init.c:33)
==2406856==    by 0x6814567: _dl_init (dl-init.c:117)
==2406856==    by 0x7522BB4: _dl_catch_exception (dl-error-skeleton.c:182)
==2406856==    by 0x681BFF5: dl_open_worker (dl-open.c:808)
==2406856==    by 0x681BFF5: dl_open_worker (dl-open.c:771)
==2406856==    by 0x7522B57: _dl_catch_exception (dl-error-skeleton.c:208)
==2406856==    by 0x681C34D: _dl_open (dl-open.c:883)
==2406856==    by 0x743E5FB: dlopen_doit (dlopen.c:56)
==2406856==    by 0x7522B57: _dl_catch_exception (dl-error-skeleton.c:208)
==2406856== 
==2406856== 16 bytes in 1 blocks are possibly lost in loss record 179 of 367
==2406856==    at 0x7056899: malloc (in /mnt/c/Users/guido/ghq/projects/rustdom/.tools/valgrind/usr/libexec/valgrind/vgpreload_memcheck-amd64-linux.so)
==2406856==    by 0x22E5C032: _RNvXs0_NvMs_NtNtCs6i54tJFfzR_5alloc3ffi5c_strNtBa_7CString3newReNtB5_11SpecNewImpl13spec_new_impl (in /mnt/c/Users/guido/ghq/projects/rustdom/dist/rustdom.node)
==2406856==    by 0x22E112BF: _RNvMs2_NtNtCsbKcx7MMum66_4napi9js_values15object_propertyNtB5_8Property14with_utf8_name (in /mnt/c/Users/guido/ghq/projects/rustdom/dist/rustdom.node)
==2406856==    by 0x22DC59A2: _RNvNvNvNvNtNtNtCsdulfWib0rSm_7rustdom3dom19abort_state_binding37___napi_impl_helper_NativeAbortState_041___napi_register__NativeAbortState_impl_181__18___CTOR_PRIVATE_REF14___ctor_private (in /mnt/c/Users/guido/ghq/projects/rustdom/dist/rustdom.node)
==2406856==    by 0x681447D: call_init.part.0 (dl-init.c:70)
==2406856==    by 0x6814567: call_init (dl-init.c:33)
==2406856==    by 0x6814567: _dl_init (dl-init.c:117)
==2406856==    by 0x7522BB4: _dl_catch_exception (dl-error-skeleton.c:182)
==2406856==    by 0x681BFF5: dl_open_worker (dl-open.c:808)
==2406856==    by 0x681BFF5: dl_open_worker (dl-open.c:771)
==2406856==    by 0x7522B57: _dl_catch_exception (dl-error-skeleton.c:208)
==2406856==    by 0x681C34D: _dl_open (dl-open.c:883)
==2406856==    by 0x743E5FB: dlopen_doit (dlopen.c:56)
==2406856==    by 0x7522B57: _dl_catch_exception (dl-error-skeleton.c:208)
==2406856== 
==2406856== 16 bytes in 1 blocks are possibly lost in loss record 180 of 367
==2406856==    at 0x7056899: malloc (in /mnt/c/Users/guido/ghq/projects/rustdom/.tools/valgrind/usr/libexec/valgrind/vgpreload_memcheck-amd64-linux.so)
==2406856==    by 0x22E5C032: _RNvXs0_NvMs_NtNtCs6i54tJFfzR_5alloc3ffi5c_strNtBa_7CString3newReNtB5_11SpecNewImpl13spec_new_impl (in /mnt/c/Users/guido/ghq/projects/rustdom/dist/rustdom.node)
==2406856==    by 0x22E112BF: _RNvMs2_NtNtCsbKcx7MMum66_4napi9js_values15object_propertyNtB5_8Property14with_utf8_name (in /mnt/c/Users/guido/ghq/projects/rustdom/dist/rustdom.node)
==2406856==    by 0x22DC778A: _RNvNvNvNvNtNtNtCsdulfWib0rSm_7rustdom3dom19event_state_binding37___napi_impl_helper_NativeEventState_442___napi_register__NativeEventState_impl_1011__18___CTOR_PRIVATE_REF14___ctor_private (in /mnt/c/Users/guido/ghq/projects/rustdom/dist/rustdom.node)
==2406856==    by 0x681447D: call_init.part.0 (dl-init.c:70)
==2406856==    by 0x6814567: call_init (dl-init.c:33)
==2406856==    by 0x6814567: _dl_init (dl-init.c:117)
==2406856==    by 0x7522BB4: _dl_catch_exception (dl-error-skeleton.c:182)
==2406856==    by 0x681BFF5: dl_open_worker (dl-open.c:808)
==2406856==    by 0x681BFF5: dl_open_worker (dl-open.c:771)
==2406856==    by 0x7522B57: _dl_catch_exception (dl-error-skeleton.c:208)
==2406856==    by 0x681C34D: _dl_open (dl-open.c:883)
==2406856==    by 0x743E5FB: dlopen_doit (dlopen.c:56)
==2406856==    by 0x7522B57: _dl_catch_exception (dl-error-skeleton.c:208)
==2406856== 
==2406856== 16 bytes in 1 blocks are possibly lost in loss record 181 of 367
==2406856==    at 0x7056899: malloc (in /mnt/c/Users/guido/ghq/projects/rustdom/.tools/valgrind/usr/libexec/valgrind/vgpreload_memcheck-amd64-linux.so)
==2406856==    by 0x22E5C032: _RNvXs0_NvMs_NtNtCs6i54tJFfzR_5alloc3ffi5c_strNtBa_7CString3newReNtB5_11SpecNewImpl13spec_new_impl (in /mnt/c/Users/guido/ghq/projects/rustdom/dist/rustdom.node)
==2406856==    by 0x22E112BF: _RNvMs2_NtNtCsbKcx7MMum66_4napi9js_values15object_propertyNtB5_8Property14with_utf8_name (in /mnt/c/Users/guido/ghq/projects/rustdom/dist/rustdom.node)
==2406856==    by 0x22DC7A9C: _RNvNvNvNvNtNtNtCsdulfWib0rSm_7rustdom3dom19event_state_binding37___napi_impl_helper_NativeEventState_442___napi_register__NativeEventState_impl_1011__18___CTOR_PRIVATE_REF14___ctor_private (in /mnt/c/Users/guido/ghq/projects/rustdom/dist/rustdom.node)
==2406856==    by 0x681447D: call_init.part.0 (dl-init.c:70)
==2406856==    by 0x6814567: call_init (dl-init.c:33)
==2406856==    by 0x6814567: _dl_init (dl-init.c:117)
==2406856==    by 0x7522BB4: _dl_catch_exception (dl-error-skeleton.c:182)
==2406856==    by 0x681BFF5: dl_open_worker (dl-open.c:808)
==2406856==    by 0x681BFF5: dl_open_worker (dl-open.c:771)
==2406856==    by 0x7522B57: _dl_catch_exception (dl-error-skeleton.c:208)
==2406856==    by 0x681C34D: _dl_open (dl-open.c:883)
==2406856==    by 0x743E5FB: dlopen_doit (dlopen.c:56)
==2406856==    by 0x7522B57: _dl_catch_exception (dl-error-skeleton.c:208)
==2406856== 
==2406856== 16 bytes in 1 blocks are possibly lost in loss record 182 of 367
==2406856==    at 0x7056899: malloc (in /mnt/c/Users/guido/ghq/projects/rustdom/.tools/valgrind/usr/libexec/valgrind/vgpreload_memcheck-amd64-linux.so)
==2406856==    by 0x22E5C032: _RNvXs0_NvMs_NtNtCs6i54tJFfzR_5alloc3ffi5c_strNtBa_7CString3newReNtB5_11SpecNewImpl13spec_new_impl (in /mnt/c/Users/guido/ghq/projects/rustdom/dist/rustdom.node)
==2406856==    by 0x22E112BF: _RNvMs2_NtNtCsbKcx7MMum66_4napi9js_values15object_propertyNtB5_8Property14with_utf8_name (in /mnt/c/Users/guido/ghq/projects/rustdom/dist/rustdom.node)
==2406856==    by 0x22DC7FBA: _RNvNvNvNvNtNtNtCsdulfWib0rSm_7rustdom3dom19event_state_binding37___napi_impl_helper_NativeEventState_442___napi_register__NativeEventState_impl_1011__18___CTOR_PRIVATE_REF14___ctor_private (in /mnt/c/Users/guido/ghq/projects/rustdom/dist/rustdom.node)
==2406856==    by 0x681447D: call_init.part.0 (dl-init.c:70)
==2406856==    by 0x6814567: call_init (dl-init.c:33)
==2406856==    by 0x6814567: _dl_init (dl-init.c:117)
==2406856==    by 0x7522BB4: _dl_catch_exception (dl-error-skeleton.c:182)
==2406856==    by 0x681BFF5: dl_open_worker (dl-open.c:808)
==2406856==    by 0x681BFF5: dl_open_worker (dl-open.c:771)
==2406856==    by 0x7522B57: _dl_catch_exception (dl-error-skeleton.c:208)
==2406856==    by 0x681C34D: _dl_open (dl-open.c:883)
==2406856==    by 0x743E5FB: dlopen_doit (dlopen.c:56)
==2406856==    by 0x7522B57: _dl_catch_exception (dl-error-skeleton.c:208)
==2406856== 
==2406856== 16 bytes in 1 blocks are possibly lost in loss record 183 of 367
==2406856==    at 0x7056899: malloc (in /mnt/c/Users/guido/ghq/projects/rustdom/.tools/valgrind/usr/libexec/valgrind/vgpreload_memcheck-amd64-linux.so)
==2406856==    by 0x22E5C032: _RNvXs0_NvMs_NtNtCs6i54tJFfzR_5alloc3ffi5c_strNtBa_7CString3newReNtB5_11SpecNewImpl13spec_new_impl (in /mnt/c/Users/guido/ghq/projects/rustdom/dist/rustdom.node)
==2406856==    by 0x22E112BF: _RNvMs2_NtNtCsbKcx7MMum66_4napi9js_values15object_propertyNtB5_8Property14with_utf8_name (in /mnt/c/Users/guido/ghq/projects/rustdom/dist/rustdom.node)
==2406856==    by 0x22DCB866: _RNvNvNvNvNtNtNtCsdulfWib0rSm_7rustdom3dom19range_state_binding32___napi_impl_helper_NativeRange_937___napi_register__NativeRange_impl_1821__18___CTOR_PRIVATE_REF14___ctor_private (in /mnt/c/Users/guido/ghq/projects/rustdom/dist/rustdom.node)
==2406856==    by 0x681447D: call_init.part.0 (dl-init.c:70)
==2406856==    by 0x6814567: call_init (dl-init.c:33)
==2406856==    by 0x6814567: _dl_init (dl-init.c:117)
==2406856==    by 0x7522BB4: _dl_catch_exception (dl-error-skeleton.c:182)
==2406856==    by 0x681BFF5: dl_open_worker (dl-open.c:808)
==2406856==    by 0x681BFF5: dl_open_worker (dl-open.c:771)
==2406856==    by 0x7522B57: _dl_catch_exception (dl-error-skeleton.c:208)
==2406856==    by 0x681C34D: _dl_open (dl-open.c:883)
==2406856==    by 0x743E5FB: dlopen_doit (dlopen.c:56)
==2406856==    by 0x7522B57: _dl_catch_exception (dl-error-skeleton.c:208)
==2406856== 
==2406856== 16 bytes in 1 blocks are possibly lost in loss record 184 of 367
==2406856==    at 0x7056899: malloc (in /mnt/c/Users/guido/ghq/projects/rustdom/.tools/valgrind/usr/libexec/valgrind/vgpreload_memcheck-amd64-linux.so)
==2406856==    by 0x22E5C032: _RNvXs0_NvMs_NtNtCs6i54tJFfzR_5alloc3ffi5c_strNtBa_7CString3newReNtB5_11SpecNewImpl13spec_new_impl (in /mnt/c/Users/guido/ghq/projects/rustdom/dist/rustdom.node)
==2406856==    by 0x22E112BF: _RNvMs2_NtNtCsbKcx7MMum66_4napi9js_values15object_propertyNtB5_8Property14with_utf8_name (in /mnt/c/Users/guido/ghq/projects/rustdom/dist/rustdom.node)
==2406856==    by 0x22DD246E: _RNvNvNvNvNtNtNtCsdulfWib0rSm_7rustdom3dom23mutation_record_binding41___napi_impl_helper_NativeMutationRecord_546___napi_register__NativeMutationRecord_impl_1191__18___CTOR_PRIVATE_REF14___ctor_private (in /mnt/c/Users/guido/ghq/projects/rustdom/dist/rustdom.node)
==2406856==    by 0x681447D: call_init.part.0 (dl-init.c:70)
==2406856==    by 0x6814567: call_init (dl-init.c:33)
==2406856==    by 0x6814567: _dl_init (dl-init.c:117)
==2406856==    by 0x7522BB4: _dl_catch_exception (dl-error-skeleton.c:182)
==2406856==    by 0x681BFF5: dl_open_worker (dl-open.c:808)
==2406856==    by 0x681BFF5: dl_open_worker (dl-open.c:771)
==2406856==    by 0x7522B57: _dl_catch_exception (dl-error-skeleton.c:208)
==2406856==    by 0x681C34D: _dl_open (dl-open.c:883)
==2406856==    by 0x743E5FB: dlopen_doit (dlopen.c:56)
==2406856==    by 0x7522B57: _dl_catch_exception (dl-error-skeleton.c:208)
==2406856== 
==2406856== 16 bytes in 1 blocks are possibly lost in loss record 185 of 367
==2406856==    at 0x7056899: malloc (in /mnt/c/Users/guido/ghq/projects/rustdom/.tools/valgrind/usr/libexec/valgrind/vgpreload_memcheck-amd64-linux.so)
==2406856==    by 0x22E5C032: _RNvXs0_NvMs_NtNtCs6i54tJFfzR_5alloc3ffi5c_strNtBa_7CString3newReNtB5_11SpecNewImpl13spec_new_impl (in /mnt/c/Users/guido/ghq/projects/rustdom/dist/rustdom.node)
==2406856==    by 0x22E112BF: _RNvMs2_NtNtCsbKcx7MMum66_4napi9js_values15object_propertyNtB5_8Property14with_utf8_name (in /mnt/c/Users/guido/ghq/projects/rustdom/dist/rustdom.node)
==2406856==    by 0x22DD4B0B: _RNvNvNvNvNtNtNtCsdulfWib0rSm_7rustdom3dom4tree32___napi_impl_helper_NativeTree_1336___napi_register__NativeTree_impl_2541__18___CTOR_PRIVATE_REF14___ctor_private (in /mnt/c/Users/guido/ghq/projects/rustdom/dist/rustdom.node)
==2406856==    by 0x681447D: call_init.part.0 (dl-init.c:70)
==2406856==    by 0x6814567: call_init (dl-init.c:33)
==2406856==    by 0x6814567: _dl_init (dl-init.c:117)
==2406856==    by 0x7522BB4: _dl_catch_exception (dl-error-skeleton.c:182)
==2406856==    by 0x681BFF5: dl_open_worker (dl-open.c:808)
==2406856==    by 0x681BFF5: dl_open_worker (dl-open.c:771)
==2406856==    by 0x7522B57: _dl_catch_exception (dl-error-skeleton.c:208)
==2406856==    by 0x681C34D: _dl_open (dl-open.c:883)
==2406856==    by 0x743E5FB: dlopen_doit (dlopen.c:56)
==2406856==    by 0x7522B57: _dl_catch_exception (dl-error-skeleton.c:208)
==2406856== 
==2406856== 16 bytes in 1 blocks are possibly lost in loss record 186 of 367
==2406856==    at 0x7056899: malloc (in /mnt/c/Users/guido/ghq/projects/rustdom/.tools/valgrind/usr/libexec/valgrind/vgpreload_memcheck-amd64-linux.so)
==2406856==    by 0x22E5C032: _RNvXs0_NvMs_NtNtCs6i54tJFfzR_5alloc3ffi5c_strNtBa_7CString3newReNtB5_11SpecNewImpl13spec_new_impl (in /mnt/c/Users/guido/ghq/projects/rustdom/dist/rustdom.node)
==2406856==    by 0x22E112BF: _RNvMs2_NtNtCsbKcx7MMum66_4napi9js_values15object_propertyNtB5_8Property14with_utf8_name (in /mnt/c/Users/guido/ghq/projects/rustdom/dist/rustdom.node)
==2406856==    by 0x22DD4BFB: _RNvNvNvNvNtNtNtCsdulfWib0rSm_7rustdom3dom4tree32___napi_impl_helper_NativeTree_1336___napi_register__NativeTree_impl_2541__18___CTOR_PRIVATE_REF14___ctor_private (in /mnt/c/Users/guido/ghq/projects/rustdom/dist/rustdom.node)
==2406856==    by 0x681447D: call_init.part.0 (dl-init.c:70)
==2406856==    by 0x6814567: call_init (dl-init.c:33)
==2406856==    by 0x6814567: _dl_init (dl-init.c:117)
==2406856==    by 0x7522BB4: _dl_catch_exception (dl-error-skeleton.c:182)
==2406856==    by 0x681BFF5: dl_open_worker (dl-open.c:808)
==2406856==    by 0x681BFF5: dl_open_worker (dl-open.c:771)
==2406856==    by 0x7522B57: _dl_catch_exception (dl-error-skeleton.c:208)
==2406856==    by 0x681C34D: _dl_open (dl-open.c:883)
==2406856==    by 0x743E5FB: dlopen_doit (dlopen.c:56)
==2406856==    by 0x7522B57: _dl_catch_exception (dl-error-skeleton.c:208)
==2406856== 
==2406856== 16 bytes in 1 blocks are possibly lost in loss record 187 of 367
==2406856==    at 0x7056899: malloc (in /mnt/c/Users/guido/ghq/projects/rustdom/.tools/valgrind/usr/libexec/valgrind/vgpreload_memcheck-amd64-linux.so)
==2406856==    by 0x22E5C032: _RNvXs0_NvMs_NtNtCs6i54tJFfzR_5alloc3ffi5c_strNtBa_7CString3newReNtB5_11SpecNewImpl13spec_new_impl (in /mnt/c/Users/guido/ghq/projects/rustdom/dist/rustdom.node)
==2406856==    by 0x22E112BF: _RNvMs2_NtNtCsbKcx7MMum66_4napi9js_values15object_propertyNtB5_8Property14with_utf8_name (in /mnt/c/Users/guido/ghq/projects/rustdom/dist/rustdom.node)
==2406856==    by 0x22DD4CF1: _RNvNvNvNvNtNtNtCsdulfWib0rSm_7rustdom3dom4tree32___napi_impl_helper_NativeTree_1336___napi_register__NativeTree_impl_2541__18___CTOR_PRIVATE_REF14___ctor_private (in /mnt/c/Users/guido/ghq/projects/rustdom/dist/rustdom.node)
==2406856==    by 0x681447D: call_init.part.0 (dl-init.c:70)
==2406856==    by 0x6814567: call_init (dl-init.c:33)
==2406856==    by 0x6814567: _dl_init (dl-init.c:117)
==2406856==    by 0x7522BB4: _dl_catch_exception (dl-error-skeleton.c:182)
==2406856==    by 0x681BFF5: dl_open_worker (dl-open.c:808)
==2406856==    by 0x681BFF5: dl_open_worker (dl-open.c:771)
==2406856==    by 0x7522B57: _dl_catch_exception (dl-error-skeleton.c:208)
==2406856==    by 0x681C34D: _dl_open (dl-open.c:883)
==2406856==    by 0x743E5FB: dlopen_doit (dlopen.c:56)
==2406856==    by 0x7522B57: _dl_catch_exception (dl-error-skeleton.c:208)
==2406856== 
==2406856== 16 bytes in 1 blocks are possibly lost in loss record 188 of 367
==2406856==    at 0x7056899: malloc (in /mnt/c/Users/guido/ghq/projects/rustdom/.tools/valgrind/usr/libexec/valgrind/vgpreload_memcheck-amd64-linux.so)
==2406856==    by 0x22E5C032: _RNvXs0_NvMs_NtNtCs6i54tJFfzR_5alloc3ffi5c_strNtBa_7CString3newReNtB5_11SpecNewImpl13spec_new_impl (in /mnt/c/Users/guido/ghq/projects/rustdom/dist/rustdom.node)
==2406856==    by 0x22E112BF: _RNvMs2_NtNtCsbKcx7MMum66_4napi9js_values15object_propertyNtB5_8Property14with_utf8_name (in /mnt/c/Users/guido/ghq/projects/rustdom/dist/rustdom.node)
==2406856==    by 0x22DD5315: _RNvNvNvNvNtNtNtCsdulfWib0rSm_7rustdom3dom4tree32___napi_impl_helper_NativeTree_1336___napi_register__NativeTree_impl_2541__18___CTOR_PRIVATE_REF14___ctor_private (in /mnt/c/Users/guido/ghq/projects/rustdom/dist/rustdom.node)
==2406856==    by 0x681447D: call_init.part.0 (dl-init.c:70)
==2406856==    by 0x6814567: call_init (dl-init.c:33)
==2406856==    by 0x6814567: _dl_init (dl-init.c:117)
==2406856==    by 0x7522BB4: _dl_catch_exception (dl-error-skeleton.c:182)
==2406856==    by 0x681BFF5: dl_open_worker (dl-open.c:808)
==2406856==    by 0x681BFF5: dl_open_worker (dl-open.c:771)
==2406856==    by 0x7522B57: _dl_catch_exception (dl-error-skeleton.c:208)
==2406856==    by 0x681C34D: _dl_open (dl-open.c:883)
==2406856==    by 0x743E5FB: dlopen_doit (dlopen.c:56)
==2406856==    by 0x7522B57: _dl_catch_exception (dl-error-skeleton.c:208)
==2406856== 
==2406856== 16 bytes in 1 blocks are possibly lost in loss record 189 of 367
==2406856==    at 0x7056899: malloc (in /mnt/c/Users/guido/ghq/projects/rustdom/.tools/valgrind/usr/libexec/valgrind/vgpreload_memcheck-amd64-linux.so)
==2406856==    by 0x22E5C032: _RNvXs0_NvMs_NtNtCs6i54tJFfzR_5alloc3ffi5c_strNtBa_7CString3newReNtB5_11SpecNewImpl13spec_new_impl (in /mnt/c/Users/guido/ghq/projects/rustdom/dist/rustdom.node)
==2406856==    by 0x22E112BF: _RNvMs2_NtNtCsbKcx7MMum66_4napi9js_values15object_propertyNtB5_8Property14with_utf8_name (in /mnt/c/Users/guido/ghq/projects/rustdom/dist/rustdom.node)
==2406856==    by 0x22DD541B: _RNvNvNvNvNtNtNtCsdulfWib0rSm_7rustdom3dom4tree32___napi_impl_helper_NativeTree_1336___napi_register__NativeTree_impl_2541__18___CTOR_PRIVATE_REF14___ctor_private (in /mnt/c/Users/guido/ghq/projects/rustdom/dist/rustdom.node)
==2406856==    by 0x681447D: call_init.part.0 (dl-init.c:70)
==2406856==    by 0x6814567: call_init (dl-init.c:33)
==2406856==    by 0x6814567: _dl_init (dl-init.c:117)
==2406856==    by 0x7522BB4: _dl_catch_exception (dl-error-skeleton.c:182)
==2406856==    by 0x681BFF5: dl_open_worker (dl-open.c:808)
==2406856==    by 0x681BFF5: dl_open_worker (dl-open.c:771)
==2406856==    by 0x7522B57: _dl_catch_exception (dl-error-skeleton.c:208)
==2406856==    by 0x681C34D: _dl_open (dl-open.c:883)
==2406856==    by 0x743E5FB: dlopen_doit (dlopen.c:56)
==2406856==    by 0x7522B57: _dl_catch_exception (dl-error-skeleton.c:208)
==2406856== 
==2406856== 16 bytes in 1 blocks are possibly lost in loss record 190 of 367
==2406856==    at 0x7056899: malloc (in /mnt/c/Users/guido/ghq/projects/rustdom/.tools/valgrind/usr/libexec/valgrind/vgpreload_memcheck-amd64-linux.so)
==2406856==    by 0x22E5C032: _RNvXs0_NvMs_NtNtCs6i54tJFfzR_5alloc3ffi5c_strNtBa_7CString3newReNtB5_11SpecNewImpl13spec_new_impl (in /mnt/c/Users/guido/ghq/projects/rustdom/dist/rustdom.node)
==2406856==    by 0x22E112BF: _RNvMs2_NtNtCsbKcx7MMum66_4napi9js_values15object_propertyNtB5_8Property14with_utf8_name (in /mnt/c/Users/guido/ghq/projects/rustdom/dist/rustdom.node)
==2406856==    by 0x22DAEFB4: _RNvNvNtNtNtCsdulfWib0rSm_7rustdom3dom4tree32___napi_impl_helper_NativeTree_1436___napi_register__NativeTree_impl_38720___ctor_private_inner (in /mnt/c/Users/guido/ghq/projects/rustdom/dist/rustdom.node)
==2406856==    by 0x22DD6E85: _RNvNvNvNvNtNtNtCsdulfWib0rSm_7rustdom3dom4tree32___napi_impl_helper_NativeTree_1436___napi_register__NativeTree_impl_3871__18___CTOR_PRIVATE_REF14___ctor_private (in /mnt/c/Users/guido/ghq/projects/rustdom/dist/rustdom.node)
==2406856==    by 0x681447D: call_init.part.0 (dl-init.c:70)
==2406856==    by 0x6814567: call_init (dl-init.c:33)
==2406856==    by 0x6814567: _dl_init (dl-init.c:117)
==2406856==    by 0x7522BB4: _dl_catch_exception (dl-error-skeleton.c:182)
==2406856==    by 0x681BFF5: dl_open_worker (dl-open.c:808)
==2406856==    by 0x681BFF5: dl_open_worker (dl-open.c:771)
==2406856==    by 0x7522B57: _dl_catch_exception (dl-error-skeleton.c:208)
==2406856==    by 0x681C34D: _dl_open (dl-open.c:883)
==2406856==    by 0x743E5FB: dlopen_doit (dlopen.c:56)
==2406856== 
==2406856== 16 bytes in 1 blocks are possibly lost in loss record 191 of 367
==2406856==    at 0x7056899: malloc (in /mnt/c/Users/guido/ghq/projects/rustdom/.tools/valgrind/usr/libexec/valgrind/vgpreload_memcheck-amd64-linux.so)
==2406856==    by 0x22E5C032: _RNvXs0_NvMs_NtNtCs6i54tJFfzR_5alloc3ffi5c_strNtBa_7CString3newReNtB5_11SpecNewImpl13spec_new_impl (in /mnt/c/Users/guido/ghq/projects/rustdom/dist/rustdom.node)
==2406856==    by 0x22E112BF: _RNvMs2_NtNtCsbKcx7MMum66_4napi9js_values15object_propertyNtB5_8Property14with_utf8_name (in /mnt/c/Users/guido/ghq/projects/rustdom/dist/rustdom.node)
==2406856==    by 0x22DAF2C6: _RNvNvNtNtNtCsdulfWib0rSm_7rustdom3dom4tree32___napi_impl_helper_NativeTree_1436___napi_register__NativeTree_impl_38720___ctor_private_inner (in /mnt/c/Users/guido/ghq/projects/rustdom/dist/rustdom.node)
==2406856==    by 0x22DD6E85: _RNvNvNvNvNtNtNtCsdulfWib0rSm_7rustdom3dom4tree32___napi_impl_helper_NativeTree_1436___napi_register__NativeTree_impl_3871__18___CTOR_PRIVATE_REF14___ctor_private (in /mnt/c/Users/guido/ghq/projects/rustdom/dist/rustdom.node)
==2406856==    by 0x681447D: call_init.part.0 (dl-init.c:70)
==2406856==    by 0x6814567: call_init (dl-init.c:33)
==2406856==    by 0x6814567: _dl_init (dl-init.c:117)
==2406856==    by 0x7522BB4: _dl_catch_exception (dl-error-skeleton.c:182)
==2406856==    by 0x681BFF5: dl_open_worker (dl-open.c:808)
==2406856==    by 0x681BFF5: dl_open_worker (dl-open.c:771)
==2406856==    by 0x7522B57: _dl_catch_exception (dl-error-skeleton.c:208)
==2406856==    by 0x681C34D: _dl_open (dl-open.c:883)
==2406856==    by 0x743E5FB: dlopen_doit (dlopen.c:56)
==2406856== 
==2406856== 16 bytes in 1 blocks are possibly lost in loss record 192 of 367
==2406856==    at 0x7056899: malloc (in /mnt/c/Users/guido/ghq/projects/rustdom/.tools/valgrind/usr/libexec/valgrind/vgpreload_memcheck-amd64-linux.so)
==2406856==    by 0x22E5C032: _RNvXs0_NvMs_NtNtCs6i54tJFfzR_5alloc3ffi5c_strNtBa_7CString3newReNtB5_11SpecNewImpl13spec_new_impl (in /mnt/c/Users/guido/ghq/projects/rustdom/dist/rustdom.node)
==2406856==    by 0x22E112BF: _RNvMs2_NtNtCsbKcx7MMum66_4napi9js_values15object_propertyNtB5_8Property14with_utf8_name (in /mnt/c/Users/guido/ghq/projects/rustdom/dist/rustdom.node)
==2406856==    by 0x22DAFAF6: _RNvNvNtNtNtCsdulfWib0rSm_7rustdom3dom4tree32___napi_impl_helper_NativeTree_1436___napi_register__NativeTree_impl_38720___ctor_private_inner (in /mnt/c/Users/guido/ghq/projects/rustdom/dist/rustdom.node)
==2406856==    by 0x22DD6E85: _RNvNvNvNvNtNtNtCsdulfWib0rSm_7rustdom3dom4tree32___napi_impl_helper_NativeTree_1436___napi_register__NativeTree_impl_3871__18___CTOR_PRIVATE_REF14___ctor_private (in /mnt/c/Users/guido/ghq/projects/rustdom/dist/rustdom.node)
==2406856==    by 0x681447D: call_init.part.0 (dl-init.c:70)
==2406856==    by 0x6814567: call_init (dl-init.c:33)
==2406856==    by 0x6814567: _dl_init (dl-init.c:117)
==2406856==    by 0x7522BB4: _dl_catch_exception (dl-error-skeleton.c:182)
==2406856==    by 0x681BFF5: dl_open_worker (dl-open.c:808)
==2406856==    by 0x681BFF5: dl_open_worker (dl-open.c:771)
==2406856==    by 0x7522B57: _dl_catch_exception (dl-error-skeleton.c:208)
==2406856==    by 0x681C34D: _dl_open (dl-open.c:883)
==2406856==    by 0x743E5FB: dlopen_doit (dlopen.c:56)
==2406856== 
==2406856== 16 bytes in 1 blocks are possibly lost in loss record 193 of 367
==2406856==    at 0x7056899: malloc (in /mnt/c/Users/guido/ghq/projects/rustdom/.tools/valgrind/usr/libexec/valgrind/vgpreload_memcheck-amd64-linux.so)
==2406856==    by 0x22E5C032: _RNvXs0_NvMs_NtNtCs6i54tJFfzR_5alloc3ffi5c_strNtBa_7CString3newReNtB5_11SpecNewImpl13spec_new_impl (in /mnt/c/Users/guido/ghq/projects/rustdom/dist/rustdom.node)
==2406856==    by 0x22E112BF: _RNvMs2_NtNtCsbKcx7MMum66_4napi9js_values15object_propertyNtB5_8Property14with_utf8_name (in /mnt/c/Users/guido/ghq/projects/rustdom/dist/rustdom.node)
==2406856==    by 0x22DAFBFC: _RNvNvNtNtNtCsdulfWib0rSm_7rustdom3dom4tree32___napi_impl_helper_NativeTree_1436___napi_register__NativeTree_impl_38720___ctor_private_inner (in /mnt/c/Users/guido/ghq/projects/rustdom/dist/rustdom.node)
==2406856==    by 0x22DD6E85: _RNvNvNvNvNtNtNtCsdulfWib0rSm_7rustdom3dom4tree32___napi_impl_helper_NativeTree_1436___napi_register__NativeTree_impl_3871__18___CTOR_PRIVATE_REF14___ctor_private (in /mnt/c/Users/guido/ghq/projects/rustdom/dist/rustdom.node)
==2406856==    by 0x681447D: call_init.part.0 (dl-init.c:70)
==2406856==    by 0x6814567: call_init (dl-init.c:33)
==2406856==    by 0x6814567: _dl_init (dl-init.c:117)
==2406856==    by 0x7522BB4: _dl_catch_exception (dl-error-skeleton.c:182)
==2406856==    by 0x681BFF5: dl_open_worker (dl-open.c:808)
==2406856==    by 0x681BFF5: dl_open_worker (dl-open.c:771)
==2406856==    by 0x7522B57: _dl_catch_exception (dl-error-skeleton.c:208)
==2406856==    by 0x681C34D: _dl_open (dl-open.c:883)
==2406856==    by 0x743E5FB: dlopen_doit (dlopen.c:56)
==2406856== 
==2406856== 16 bytes in 1 blocks are possibly lost in loss record 194 of 367
==2406856==    at 0x7056899: malloc (in /mnt/c/Users/guido/ghq/projects/rustdom/.tools/valgrind/usr/libexec/valgrind/vgpreload_memcheck-amd64-linux.so)
==2406856==    by 0x22E5C032: _RNvXs0_NvMs_NtNtCs6i54tJFfzR_5alloc3ffi5c_strNtBa_7CString3newReNtB5_11SpecNewImpl13spec_new_impl (in /mnt/c/Users/guido/ghq/projects/rustdom/dist/rustdom.node)
==2406856==    by 0x22E112BF: _RNvMs2_NtNtCsbKcx7MMum66_4napi9js_values15object_propertyNtB5_8Property14with_utf8_name (in /mnt/c/Users/guido/ghq/projects/rustdom/dist/rustdom.node)
==2406856==    by 0x22DB118B: _RNvNvNtNtNtCsdulfWib0rSm_7rustdom3dom4tree32___napi_impl_helper_NativeTree_1436___napi_register__NativeTree_impl_38720___ctor_private_inner (in /mnt/c/Users/guido/ghq/projects/rustdom/dist/rustdom.node)
==2406856==    by 0x22DD6E85: _RNvNvNvNvNtNtNtCsdulfWib0rSm_7rustdom3dom4tree32___napi_impl_helper_NativeTree_1436___napi_register__NativeTree_impl_3871__18___CTOR_PRIVATE_REF14___ctor_private (in /mnt/c/Users/guido/ghq/projects/rustdom/dist/rustdom.node)
==2406856==    by 0x681447D: call_init.part.0 (dl-init.c:70)
==2406856==    by 0x6814567: call_init (dl-init.c:33)
==2406856==    by 0x6814567: _dl_init (dl-init.c:117)
==2406856==    by 0x7522BB4: _dl_catch_exception (dl-error-skeleton.c:182)
==2406856==    by 0x681BFF5: dl_open_worker (dl-open.c:808)
==2406856==    by 0x681BFF5: dl_open_worker (dl-open.c:771)
==2406856==    by 0x7522B57: _dl_catch_exception (dl-error-skeleton.c:208)
==2406856==    by 0x681C34D: _dl_open (dl-open.c:883)
==2406856==    by 0x743E5FB: dlopen_doit (dlopen.c:56)
==2406856== 
==2406856== 16 bytes in 1 blocks are possibly lost in loss record 195 of 367
==2406856==    at 0x7056899: malloc (in /mnt/c/Users/guido/ghq/projects/rustdom/.tools/valgrind/usr/libexec/valgrind/vgpreload_memcheck-amd64-linux.so)
==2406856==    by 0x22E5C032: _RNvXs0_NvMs_NtNtCs6i54tJFfzR_5alloc3ffi5c_strNtBa_7CString3newReNtB5_11SpecNewImpl13spec_new_impl (in /mnt/c/Users/guido/ghq/projects/rustdom/dist/rustdom.node)
==2406856==    by 0x22E112BF: _RNvMs2_NtNtCsbKcx7MMum66_4napi9js_values15object_propertyNtB5_8Property14with_utf8_name (in /mnt/c/Users/guido/ghq/projects/rustdom/dist/rustdom.node)
==2406856==    by 0x22DB1291: _RNvNvNtNtNtCsdulfWib0rSm_7rustdom3dom4tree32___napi_impl_helper_NativeTree_1436___napi_register__NativeTree_impl_38720___ctor_private_inner (in /mnt/c/Users/guido/ghq/projects/rustdom/dist/rustdom.node)
==2406856==    by 0x22DD6E85: _RNvNvNvNvNtNtNtCsdulfWib0rSm_7rustdom3dom4tree32___napi_impl_helper_NativeTree_1436___napi_register__NativeTree_impl_3871__18___CTOR_PRIVATE_REF14___ctor_private (in /mnt/c/Users/guido/ghq/projects/rustdom/dist/rustdom.node)
==2406856==    by 0x681447D: call_init.part.0 (dl-init.c:70)
==2406856==    by 0x6814567: call_init (dl-init.c:33)
==2406856==    by 0x6814567: _dl_init (dl-init.c:117)
==2406856==    by 0x7522BB4: _dl_catch_exception (dl-error-skeleton.c:182)
==2406856==    by 0x681BFF5: dl_open_worker (dl-open.c:808)
==2406856==    by 0x681BFF5: dl_open_worker (dl-open.c:771)
==2406856==    by 0x7522B57: _dl_catch_exception (dl-error-skeleton.c:208)
==2406856==    by 0x681C34D: _dl_open (dl-open.c:883)
==2406856==    by 0x743E5FB: dlopen_doit (dlopen.c:56)
==2406856== 
==2406856== 16 bytes in 1 blocks are possibly lost in loss record 196 of 367
==2406856==    at 0x7056899: malloc (in /mnt/c/Users/guido/ghq/projects/rustdom/.tools/valgrind/usr/libexec/valgrind/vgpreload_memcheck-amd64-linux.so)
==2406856==    by 0x22E5C032: _RNvXs0_NvMs_NtNtCs6i54tJFfzR_5alloc3ffi5c_strNtBa_7CString3newReNtB5_11SpecNewImpl13spec_new_impl (in /mnt/c/Users/guido/ghq/projects/rustdom/dist/rustdom.node)
==2406856==    by 0x22E112BF: _RNvMs2_NtNtCsbKcx7MMum66_4napi9js_values15object_propertyNtB5_8Property14with_utf8_name (in /mnt/c/Users/guido/ghq/projects/rustdom/dist/rustdom.node)
==2406856==    by 0x22DB3351: _RNvNvNtNtNtCsdulfWib0rSm_7rustdom3dom4tree32___napi_impl_helper_NativeTree_1436___napi_register__NativeTree_impl_38720___ctor_private_inner (in /mnt/c/Users/guido/ghq/projects/rustdom/dist/rustdom.node)
==2406856==    by 0x22DD6E85: _RNvNvNvNvNtNtNtCsdulfWib0rSm_7rustdom3dom4tree32___napi_impl_helper_NativeTree_1436___napi_register__NativeTree_impl_3871__18___CTOR_PRIVATE_REF14___ctor_private (in /mnt/c/Users/guido/ghq/projects/rustdom/dist/rustdom.node)
==2406856==    by 0x681447D: call_init.part.0 (dl-init.c:70)
==2406856==    by 0x6814567: call_init (dl-init.c:33)
==2406856==    by 0x6814567: _dl_init (dl-init.c:117)
==2406856==    by 0x7522BB4: _dl_catch_exception (dl-error-skeleton.c:182)
==2406856==    by 0x681BFF5: dl_open_worker (dl-open.c:808)
==2406856==    by 0x681BFF5: dl_open_worker (dl-open.c:771)
==2406856==    by 0x7522B57: _dl_catch_exception (dl-error-skeleton.c:208)
==2406856==    by 0x681C34D: _dl_open (dl-open.c:883)
==2406856==    by 0x743E5FB: dlopen_doit (dlopen.c:56)
==2406856== 
==2406856== 16 bytes in 1 blocks are possibly lost in loss record 197 of 367
==2406856==    at 0x7056899: malloc (in /mnt/c/Users/guido/ghq/projects/rustdom/.tools/valgrind/usr/libexec/valgrind/vgpreload_memcheck-amd64-linux.so)
==2406856==    by 0x22E5C032: _RNvXs0_NvMs_NtNtCs6i54tJFfzR_5alloc3ffi5c_strNtBa_7CString3newReNtB5_11SpecNewImpl13spec_new_impl (in /mnt/c/Users/guido/ghq/projects/rustdom/dist/rustdom.node)
==2406856==    by 0x22E112BF: _RNvMs2_NtNtCsbKcx7MMum66_4napi9js_values15object_propertyNtB5_8Property14with_utf8_name (in /mnt/c/Users/guido/ghq/projects/rustdom/dist/rustdom.node)
==2406856==    by 0x22DB48CF: _RNvNvNtNtNtCsdulfWib0rSm_7rustdom3dom4tree32___napi_impl_helper_NativeTree_1436___napi_register__NativeTree_impl_38720___ctor_private_inner (in /mnt/c/Users/guido/ghq/projects/rustdom/dist/rustdom.node)
==2406856==    by 0x22DD6E85: _RNvNvNvNvNtNtNtCsdulfWib0rSm_7rustdom3dom4tree32___napi_impl_helper_NativeTree_1436___napi_register__NativeTree_impl_3871__18___CTOR_PRIVATE_REF14___ctor_private (in /mnt/c/Users/guido/ghq/projects/rustdom/dist/rustdom.node)
==2406856==    by 0x681447D: call_init.part.0 (dl-init.c:70)
==2406856==    by 0x6814567: call_init (dl-init.c:33)
==2406856==    by 0x6814567: _dl_init (dl-init.c:117)
==2406856==    by 0x7522BB4: _dl_catch_exception (dl-error-skeleton.c:182)
==2406856==    by 0x681BFF5: dl_open_worker (dl-open.c:808)
==2406856==    by 0x681BFF5: dl_open_worker (dl-open.c:771)
==2406856==    by 0x7522B57: _dl_catch_exception (dl-error-skeleton.c:208)
==2406856==    by 0x681C34D: _dl_open (dl-open.c:883)
==2406856==    by 0x743E5FB: dlopen_doit (dlopen.c:56)
==2406856== 
==2406856== 16 bytes in 1 blocks are possibly lost in loss record 198 of 367
==2406856==    at 0x7056899: malloc (in /mnt/c/Users/guido/ghq/projects/rustdom/.tools/valgrind/usr/libexec/valgrind/vgpreload_memcheck-amd64-linux.so)
==2406856==    by 0x22E5C032: _RNvXs0_NvMs_NtNtCs6i54tJFfzR_5alloc3ffi5c_strNtBa_7CString3newReNtB5_11SpecNewImpl13spec_new_impl (in /mnt/c/Users/guido/ghq/projects/rustdom/dist/rustdom.node)
==2406856==    by 0x22E112BF: _RNvMs2_NtNtCsbKcx7MMum66_4napi9js_values15object_propertyNtB5_8Property14with_utf8_name (in /mnt/c/Users/guido/ghq/projects/rustdom/dist/rustdom.node)
==2406856==    by 0x22DB5F53: _RNvNvNtNtNtCsdulfWib0rSm_7rustdom3dom4tree32___napi_impl_helper_NativeTree_1436___napi_register__NativeTree_impl_38720___ctor_private_inner (in /mnt/c/Users/guido/ghq/projects/rustdom/dist/rustdom.node)
==2406856==    by 0x22DD6E85: _RNvNvNvNvNtNtNtCsdulfWib0rSm_7rustdom3dom4tree32___napi_impl_helper_NativeTree_1436___napi_register__NativeTree_impl_3871__18___CTOR_PRIVATE_REF14___ctor_private (in /mnt/c/Users/guido/ghq/projects/rustdom/dist/rustdom.node)
==2406856==    by 0x681447D: call_init.part.0 (dl-init.c:70)
==2406856==    by 0x6814567: call_init (dl-init.c:33)
==2406856==    by 0x6814567: _dl_init (dl-init.c:117)
==2406856==    by 0x7522BB4: _dl_catch_exception (dl-error-skeleton.c:182)
==2406856==    by 0x681BFF5: dl_open_worker (dl-open.c:808)
==2406856==    by 0x681BFF5: dl_open_worker (dl-open.c:771)
==2406856==    by 0x7522B57: _dl_catch_exception (dl-error-skeleton.c:208)
==2406856==    by 0x681C34D: _dl_open (dl-open.c:883)
==2406856==    by 0x743E5FB: dlopen_doit (dlopen.c:56)
==2406856== 
==2406856== 16 bytes in 1 blocks are possibly lost in loss record 199 of 367
==2406856==    at 0x7056899: malloc (in /mnt/c/Users/guido/ghq/projects/rustdom/.tools/valgrind/usr/libexec/valgrind/vgpreload_memcheck-amd64-linux.so)
==2406856==    by 0x22E5C032: _RNvXs0_NvMs_NtNtCs6i54tJFfzR_5alloc3ffi5c_strNtBa_7CString3newReNtB5_11SpecNewImpl13spec_new_impl (in /mnt/c/Users/guido/ghq/projects/rustdom/dist/rustdom.node)
==2406856==    by 0x22E112BF: _RNvMs2_NtNtCsbKcx7MMum66_4napi9js_values15object_propertyNtB5_8Property14with_utf8_name (in /mnt/c/Users/guido/ghq/projects/rustdom/dist/rustdom.node)
==2406856==    by 0x22DB6059: _RNvNvNtNtNtCsdulfWib0rSm_7rustdom3dom4tree32___napi_impl_helper_NativeTree_1436___napi_register__NativeTree_impl_38720___ctor_private_inner (in /mnt/c/Users/guido/ghq/projects/rustdom/dist/rustdom.node)
==2406856==    by 0x22DD6E85: _RNvNvNvNvNtNtNtCsdulfWib0rSm_7rustdom3dom4tree32___napi_impl_helper_NativeTree_1436___napi_register__NativeTree_impl_3871__18___CTOR_PRIVATE_REF14___ctor_private (in /mnt/c/Users/guido/ghq/projects/rustdom/dist/rustdom.node)
==2406856==    by 0x681447D: call_init.part.0 (dl-init.c:70)
==2406856==    by 0x6814567: call_init (dl-init.c:33)
==2406856==    by 0x6814567: _dl_init (dl-init.c:117)
==2406856==    by 0x7522BB4: _dl_catch_exception (dl-error-skeleton.c:182)
==2406856==    by 0x681BFF5: dl_open_worker (dl-open.c:808)
==2406856==    by 0x681BFF5: dl_open_worker (dl-open.c:771)
==2406856==    by 0x7522B57: _dl_catch_exception (dl-error-skeleton.c:208)
==2406856==    by 0x681C34D: _dl_open (dl-open.c:883)
==2406856==    by 0x743E5FB: dlopen_doit (dlopen.c:56)
==2406856== 
==2406856== 16 bytes in 1 blocks are possibly lost in loss record 200 of 367
==2406856==    at 0x7056899: malloc (in /mnt/c/Users/guido/ghq/projects/rustdom/.tools/valgrind/usr/libexec/valgrind/vgpreload_memcheck-amd64-linux.so)
==2406856==    by 0x22E5C032: _RNvXs0_NvMs_NtNtCs6i54tJFfzR_5alloc3ffi5c_strNtBa_7CString3newReNtB5_11SpecNewImpl13spec_new_impl (in /mnt/c/Users/guido/ghq/projects/rustdom/dist/rustdom.node)
==2406856==    by 0x22E112BF: _RNvMs2_NtNtCsbKcx7MMum66_4napi9js_values15object_propertyNtB5_8Property14with_utf8_name (in /mnt/c/Users/guido/ghq/projects/rustdom/dist/rustdom.node)
==2406856==    by 0x22DB6EAD: _RNvNvNtNtNtCsdulfWib0rSm_7rustdom3dom4tree32___napi_impl_helper_NativeTree_1436___napi_register__NativeTree_impl_38720___ctor_private_inner (in /mnt/c/Users/guido/ghq/projects/rustdom/dist/rustdom.node)
==2406856==    by 0x22DD6E85: _RNvNvNvNvNtNtNtCsdulfWib0rSm_7rustdom3dom4tree32___napi_impl_helper_NativeTree_1436___napi_register__NativeTree_impl_3871__18___CTOR_PRIVATE_REF14___ctor_private (in /mnt/c/Users/guido/ghq/projects/rustdom/dist/rustdom.node)
==2406856==    by 0x681447D: call_init.part.0 (dl-init.c:70)
==2406856==    by 0x6814567: call_init (dl-init.c:33)
==2406856==    by 0x6814567: _dl_init (dl-init.c:117)
==2406856==    by 0x7522BB4: _dl_catch_exception (dl-error-skeleton.c:182)
==2406856==    by 0x681BFF5: dl_open_worker (dl-open.c:808)
==2406856==    by 0x681BFF5: dl_open_worker (dl-open.c:771)
==2406856==    by 0x7522B57: _dl_catch_exception (dl-error-skeleton.c:208)
==2406856==    by 0x681C34D: _dl_open (dl-open.c:883)
==2406856==    by 0x743E5FB: dlopen_doit (dlopen.c:56)
==2406856== 
==2406856== 16 bytes in 1 blocks are possibly lost in loss record 201 of 367
==2406856==    at 0x7056899: malloc (in /mnt/c/Users/guido/ghq/projects/rustdom/.tools/valgrind/usr/libexec/valgrind/vgpreload_memcheck-amd64-linux.so)
==2406856==    by 0x22E5C032: _RNvXs0_NvMs_NtNtCs6i54tJFfzR_5alloc3ffi5c_strNtBa_7CString3newReNtB5_11SpecNewImpl13spec_new_impl (in /mnt/c/Users/guido/ghq/projects/rustdom/dist/rustdom.node)
==2406856==    by 0x22E112BF: _RNvMs2_NtNtCsbKcx7MMum66_4napi9js_values15object_propertyNtB5_8Property14with_utf8_name (in /mnt/c/Users/guido/ghq/projects/rustdom/dist/rustdom.node)
==2406856==    by 0x22DB70B9: _RNvNvNtNtNtCsdulfWib0rSm_7rustdom3dom4tree32___napi_impl_helper_NativeTree_1436___napi_register__NativeTree_impl_38720___ctor_private_inner (in /mnt/c/Users/guido/ghq/projects/rustdom/dist/rustdom.node)
==2406856==    by 0x22DD6E85: _RNvNvNvNvNtNtNtCsdulfWib0rSm_7rustdom3dom4tree32___napi_impl_helper_NativeTree_1436___napi_register__NativeTree_impl_3871__18___CTOR_PRIVATE_REF14___ctor_private (in /mnt/c/Users/guido/ghq/projects/rustdom/dist/rustdom.node)
==2406856==    by 0x681447D: call_init.part.0 (dl-init.c:70)
==2406856==    by 0x6814567: call_init (dl-init.c:33)
==2406856==    by 0x6814567: _dl_init (dl-init.c:117)
==2406856==    by 0x7522BB4: _dl_catch_exception (dl-error-skeleton.c:182)
==2406856==    by 0x681BFF5: dl_open_worker (dl-open.c:808)
==2406856==    by 0x681BFF5: dl_open_worker (dl-open.c:771)
==2406856==    by 0x7522B57: _dl_catch_exception (dl-error-skeleton.c:208)
==2406856==    by 0x681C34D: _dl_open (dl-open.c:883)
==2406856==    by 0x743E5FB: dlopen_doit (dlopen.c:56)
==2406856== 
==2406856== 16 bytes in 1 blocks are possibly lost in loss record 202 of 367
==2406856==    at 0x7056899: malloc (in /mnt/c/Users/guido/ghq/projects/rustdom/.tools/valgrind/usr/libexec/valgrind/vgpreload_memcheck-amd64-linux.so)
==2406856==    by 0x22E5C032: _RNvXs0_NvMs_NtNtCs6i54tJFfzR_5alloc3ffi5c_strNtBa_7CString3newReNtB5_11SpecNewImpl13spec_new_impl (in /mnt/c/Users/guido/ghq/projects/rustdom/dist/rustdom.node)
==2406856==    by 0x22E112BF: _RNvMs2_NtNtCsbKcx7MMum66_4napi9js_values15object_propertyNtB5_8Property14with_utf8_name (in /mnt/c/Users/guido/ghq/projects/rustdom/dist/rustdom.node)
==2406856==    by 0x22DD72C2: _RNvNvNvNvNtNtNtCsdulfWib0rSm_7rustdom3xml7binding37___napi_impl_helper_NativeXmlParser_1941___napi_register__NativeXmlParser_impl_4381__18___CTOR_PRIVATE_REF14___ctor_private (in /mnt/c/Users/guido/ghq/projects/rustdom/dist/rustdom.node)
==2406856==    by 0x681447D: call_init.part.0 (dl-init.c:70)
==2406856==    by 0x6814567: call_init (dl-init.c:33)
==2406856==    by 0x6814567: _dl_init (dl-init.c:117)
==2406856==    by 0x7522BB4: _dl_catch_exception (dl-error-skeleton.c:182)
==2406856==    by 0x681BFF5: dl_open_worker (dl-open.c:808)
==2406856==    by 0x681BFF5: dl_open_worker (dl-open.c:771)
==2406856==    by 0x7522B57: _dl_catch_exception (dl-error-skeleton.c:208)
==2406856==    by 0x681C34D: _dl_open (dl-open.c:883)
==2406856==    by 0x743E5FB: dlopen_doit (dlopen.c:56)
==2406856==    by 0x7522B57: _dl_catch_exception (dl-error-skeleton.c:208)
==2406856== 
==2406856== 17 bytes in 1 blocks are still reachable in loss record 203 of 367
==2406856==    at 0x7056899: malloc (in /mnt/c/Users/guido/ghq/projects/rustdom/.tools/valgrind/usr/libexec/valgrind/vgpreload_memcheck-amd64-linux.so)
==2406856==    by 0x25F45D7: init_entry(char const*, char const*, UErrorCode*) (in /mnt/c/Users/guido/ghq/projects/rustdom/.tools/node/bin/node)
==2406856==    by 0x25F50A9: ures_openDirect_78 (in /mnt/c/Users/guido/ghq/projects/rustdom/.tools/node/bin/node)
==2406856==    by 0x2016DC1: ulocdata_getCLDRVersion_78 (in /mnt/c/Users/guido/ghq/projects/rustdom/.tools/node/bin/node)
==2406856==    by 0x91DD57: node::Metadata::Versions::InitializeIntlVersions() (in /mnt/c/Users/guido/ghq/projects/rustdom/.tools/node/bin/node)
==2406856==    by 0x849289: node::InitializeNodeWithArgsInternal(std::vector<std::__cxx11::basic_string<char, std::char_traits<char>, std::allocator<char> >, std::allocator<std::__cxx11::basic_string<char, std::char_traits<char>, std::allocator<char> > > >*, std::vector<std::__cxx11::basic_string<char, std::char_traits<char>, std::allocator<char> >, std::allocator<std::__cxx11::basic_string<char, std::char_traits<char>, std::allocator<char> > > >*, std::vector<std::__cxx11::basic_string<char, std::char_traits<char>, std::allocator<char> >, std::allocator<std::__cxx11::basic_string<char, std::char_traits<char>, std::allocator<char> > > >*, node::ProcessInitializationFlags::Flags) (in /mnt/c/Users/guido/ghq/projects/rustdom/.tools/node/bin/node)
==2406856==    by 0x84A57E: node::InitializeOncePerProcessInternal(std::vector<std::__cxx11::basic_string<char, std::char_traits<char>, std::allocator<char> >, std::allocator<std::__cxx11::basic_string<char, std::char_traits<char>, std::allocator<char> > > > const&, node::ProcessInitializationFlags::Flags) (in /mnt/c/Users/guido/ghq/projects/rustdom/.tools/node/bin/node)
==2406856==    by 0x84CAEB: node::Start(int, char**) (in /mnt/c/Users/guido/ghq/projects/rustdom/.tools/node/bin/node)
==2406856==    by 0x73D7D8F: (below main) (libc_start_call_main.h:58)
==2406856== 
==2406856== 17 bytes in 1 blocks are possibly lost in loss record 204 of 367
==2406856==    at 0x7056899: malloc (in /mnt/c/Users/guido/ghq/projects/rustdom/.tools/valgrind/usr/libexec/valgrind/vgpreload_memcheck-amd64-linux.so)
==2406856==    by 0x22E5C032: _RNvXs0_NvMs_NtNtCs6i54tJFfzR_5alloc3ffi5c_strNtBa_7CString3newReNtB5_11SpecNewImpl13spec_new_impl (in /mnt/c/Users/guido/ghq/projects/rustdom/dist/rustdom.node)
==2406856==    by 0x22E112BF: _RNvMs2_NtNtCsbKcx7MMum66_4napi9js_values15object_propertyNtB5_8Property14with_utf8_name (in /mnt/c/Users/guido/ghq/projects/rustdom/dist/rustdom.node)
==2406856==    by 0x22DC7372: _RNvNvNvNvNtNtNtCsdulfWib0rSm_7rustdom3dom19event_state_binding37___napi_impl_helper_NativeEventState_442___napi_register__NativeEventState_impl_1011__18___CTOR_PRIVATE_REF14___ctor_private (in /mnt/c/Users/guido/ghq/projects/rustdom/dist/rustdom.node)
==2406856==    by 0x681447D: call_init.part.0 (dl-init.c:70)
==2406856==    by 0x6814567: call_init (dl-init.c:33)
==2406856==    by 0x6814567: _dl_init (dl-init.c:117)
==2406856==    by 0x7522BB4: _dl_catch_exception (dl-error-skeleton.c:182)
==2406856==    by 0x681BFF5: dl_open_worker (dl-open.c:808)
==2406856==    by 0x681BFF5: dl_open_worker (dl-open.c:771)
==2406856==    by 0x7522B57: _dl_catch_exception (dl-error-skeleton.c:208)
==2406856==    by 0x681C34D: _dl_open (dl-open.c:883)
==2406856==    by 0x743E5FB: dlopen_doit (dlopen.c:56)
==2406856==    by 0x7522B57: _dl_catch_exception (dl-error-skeleton.c:208)
==2406856== 
==2406856== 17 bytes in 1 blocks are possibly lost in loss record 205 of 367
==2406856==    at 0x7056899: malloc (in /mnt/c/Users/guido/ghq/projects/rustdom/.tools/valgrind/usr/libexec/valgrind/vgpreload_memcheck-amd64-linux.so)
==2406856==    by 0x22E5C032: _RNvXs0_NvMs_NtNtCs6i54tJFfzR_5alloc3ffi5c_strNtBa_7CString3newReNtB5_11SpecNewImpl13spec_new_impl (in /mnt/c/Users/guido/ghq/projects/rustdom/dist/rustdom.node)
==2406856==    by 0x22E112BF: _RNvMs2_NtNtCsbKcx7MMum66_4napi9js_values15object_propertyNtB5_8Property14with_utf8_name (in /mnt/c/Users/guido/ghq/projects/rustdom/dist/rustdom.node)
==2406856==    by 0x22DCB554: _RNvNvNvNvNtNtNtCsdulfWib0rSm_7rustdom3dom19range_state_binding32___napi_impl_helper_NativeRange_937___napi_register__NativeRange_impl_1821__18___CTOR_PRIVATE_REF14___ctor_private (in /mnt/c/Users/guido/ghq/projects/rustdom/dist/rustdom.node)
==2406856==    by 0x681447D: call_init.part.0 (dl-init.c:70)
==2406856==    by 0x6814567: call_init (dl-init.c:33)
==2406856==    by 0x6814567: _dl_init (dl-init.c:117)
==2406856==    by 0x7522BB4: _dl_catch_exception (dl-error-skeleton.c:182)
==2406856==    by 0x681BFF5: dl_open_worker (dl-open.c:808)
==2406856==    by 0x681BFF5: dl_open_worker (dl-open.c:771)
==2406856==    by 0x7522B57: _dl_catch_exception (dl-error-skeleton.c:208)
==2406856==    by 0x681C34D: _dl_open (dl-open.c:883)
==2406856==    by 0x743E5FB: dlopen_doit (dlopen.c:56)
==2406856==    by 0x7522B57: _dl_catch_exception (dl-error-skeleton.c:208)
==2406856== 
==2406856== 17 bytes in 1 blocks are possibly lost in loss record 206 of 367
==2406856==    at 0x7056899: malloc (in /mnt/c/Users/guido/ghq/projects/rustdom/.tools/valgrind/usr/libexec/valgrind/vgpreload_memcheck-amd64-linux.so)
==2406856==    by 0x22E5C032: _RNvXs0_NvMs_NtNtCs6i54tJFfzR_5alloc3ffi5c_strNtBa_7CString3newReNtB5_11SpecNewImpl13spec_new_impl (in /mnt/c/Users/guido/ghq/projects/rustdom/dist/rustdom.node)
==2406856==    by 0x22E112BF: _RNvMs2_NtNtCsbKcx7MMum66_4napi9js_values15object_propertyNtB5_8Property14with_utf8_name (in /mnt/c/Users/guido/ghq/projects/rustdom/dist/rustdom.node)
==2406856==    by 0x22DB0F7F: _RNvNvNtNtNtCsdulfWib0rSm_7rustdom3dom4tree32___napi_impl_helper_NativeTree_1436___napi_register__NativeTree_impl_38720___ctor_private_inner (in /mnt/c/Users/guido/ghq/projects/rustdom/dist/rustdom.node)
==2406856==    by 0x22DD6E85: _RNvNvNvNvNtNtNtCsdulfWib0rSm_7rustdom3dom4tree32___napi_impl_helper_NativeTree_1436___napi_register__NativeTree_impl_3871__18___CTOR_PRIVATE_REF14___ctor_private (in /mnt/c/Users/guido/ghq/projects/rustdom/dist/rustdom.node)
==2406856==    by 0x681447D: call_init.part.0 (dl-init.c:70)
==2406856==    by 0x6814567: call_init (dl-init.c:33)
==2406856==    by 0x6814567: _dl_init (dl-init.c:117)
==2406856==    by 0x7522BB4: _dl_catch_exception (dl-error-skeleton.c:182)
==2406856==    by 0x681BFF5: dl_open_worker (dl-open.c:808)
==2406856==    by 0x681BFF5: dl_open_worker (dl-open.c:771)
==2406856==    by 0x7522B57: _dl_catch_exception (dl-error-skeleton.c:208)
==2406856==    by 0x681C34D: _dl_open (dl-open.c:883)
==2406856==    by 0x743E5FB: dlopen_doit (dlopen.c:56)
==2406856== 
==2406856== 17 bytes in 1 blocks are possibly lost in loss record 207 of 367
==2406856==    at 0x7056899: malloc (in /mnt/c/Users/guido/ghq/projects/rustdom/.tools/valgrind/usr/libexec/valgrind/vgpreload_memcheck-amd64-linux.so)
==2406856==    by 0x22E5C032: _RNvXs0_NvMs_NtNtCs6i54tJFfzR_5alloc3ffi5c_strNtBa_7CString3newReNtB5_11SpecNewImpl13spec_new_impl (in /mnt/c/Users/guido/ghq/projects/rustdom/dist/rustdom.node)
==2406856==    by 0x22E112BF: _RNvMs2_NtNtCsbKcx7MMum66_4napi9js_values15object_propertyNtB5_8Property14with_utf8_name (in /mnt/c/Users/guido/ghq/projects/rustdom/dist/rustdom.node)
==2406856==    by 0x22DB2915: _RNvNvNtNtNtCsdulfWib0rSm_7rustdom3dom4tree32___napi_impl_helper_NativeTree_1436___napi_register__NativeTree_impl_38720___ctor_private_inner (in /mnt/c/Users/guido/ghq/projects/rustdom/dist/rustdom.node)
==2406856==    by 0x22DD6E85: _RNvNvNvNvNtNtNtCsdulfWib0rSm_7rustdom3dom4tree32___napi_impl_helper_NativeTree_1436___napi_register__NativeTree_impl_3871__18___CTOR_PRIVATE_REF14___ctor_private (in /mnt/c/Users/guido/ghq/projects/rustdom/dist/rustdom.node)
==2406856==    by 0x681447D: call_init.part.0 (dl-init.c:70)
==2406856==    by 0x6814567: call_init (dl-init.c:33)
==2406856==    by 0x6814567: _dl_init (dl-init.c:117)
==2406856==    by 0x7522BB4: _dl_catch_exception (dl-error-skeleton.c:182)
==2406856==    by 0x681BFF5: dl_open_worker (dl-open.c:808)
==2406856==    by 0x681BFF5: dl_open_worker (dl-open.c:771)
==2406856==    by 0x7522B57: _dl_catch_exception (dl-error-skeleton.c:208)
==2406856==    by 0x681C34D: _dl_open (dl-open.c:883)
==2406856==    by 0x743E5FB: dlopen_doit (dlopen.c:56)
==2406856== 
==2406856== 17 bytes in 1 blocks are possibly lost in loss record 208 of 367
==2406856==    at 0x7056899: malloc (in /mnt/c/Users/guido/ghq/projects/rustdom/.tools/valgrind/usr/libexec/valgrind/vgpreload_memcheck-amd64-linux.so)
==2406856==    by 0x22E5C032: _RNvXs0_NvMs_NtNtCs6i54tJFfzR_5alloc3ffi5c_strNtBa_7CString3newReNtB5_11SpecNewImpl13spec_new_impl (in /mnt/c/Users/guido/ghq/projects/rustdom/dist/rustdom.node)
==2406856==    by 0x22E112BF: _RNvMs2_NtNtCsbKcx7MMum66_4napi9js_values15object_propertyNtB5_8Property14with_utf8_name (in /mnt/c/Users/guido/ghq/projects/rustdom/dist/rustdom.node)
==2406856==    by 0x22DB3A7B: _RNvNvNtNtNtCsdulfWib0rSm_7rustdom3dom4tree32___napi_impl_helper_NativeTree_1436___napi_register__NativeTree_impl_38720___ctor_private_inner (in /mnt/c/Users/guido/ghq/projects/rustdom/dist/rustdom.node)
==2406856==    by 0x22DD6E85: _RNvNvNvNvNtNtNtCsdulfWib0rSm_7rustdom3dom4tree32___napi_impl_helper_NativeTree_1436___napi_register__NativeTree_impl_3871__18___CTOR_PRIVATE_REF14___ctor_private (in /mnt/c/Users/guido/ghq/projects/rustdom/dist/rustdom.node)
==2406856==    by 0x681447D: call_init.part.0 (dl-init.c:70)
==2406856==    by 0x6814567: call_init (dl-init.c:33)
==2406856==    by 0x6814567: _dl_init (dl-init.c:117)
==2406856==    by 0x7522BB4: _dl_catch_exception (dl-error-skeleton.c:182)
==2406856==    by 0x681BFF5: dl_open_worker (dl-open.c:808)
==2406856==    by 0x681BFF5: dl_open_worker (dl-open.c:771)
==2406856==    by 0x7522B57: _dl_catch_exception (dl-error-skeleton.c:208)
==2406856==    by 0x681C34D: _dl_open (dl-open.c:883)
==2406856==    by 0x743E5FB: dlopen_doit (dlopen.c:56)
==2406856== 
==2406856== 17 bytes in 1 blocks are possibly lost in loss record 209 of 367
==2406856==    at 0x7056899: malloc (in /mnt/c/Users/guido/ghq/projects/rustdom/.tools/valgrind/usr/libexec/valgrind/vgpreload_memcheck-amd64-linux.so)
==2406856==    by 0x22E5C032: _RNvXs0_NvMs_NtNtCs6i54tJFfzR_5alloc3ffi5c_strNtBa_7CString3newReNtB5_11SpecNewImpl13spec_new_impl (in /mnt/c/Users/guido/ghq/projects/rustdom/dist/rustdom.node)
==2406856==    by 0x22E112BF: _RNvMs2_NtNtCsbKcx7MMum66_4napi9js_values15object_propertyNtB5_8Property14with_utf8_name (in /mnt/c/Users/guido/ghq/projects/rustdom/dist/rustdom.node)
==2406856==    by 0x22DB49D5: _RNvNvNtNtNtCsdulfWib0rSm_7rustdom3dom4tree32___napi_impl_helper_NativeTree_1436___napi_register__NativeTree_impl_38720___ctor_private_inner (in /mnt/c/Users/guido/ghq/projects/rustdom/dist/rustdom.node)
==2406856==    by 0x22DD6E85: _RNvNvNvNvNtNtNtCsdulfWib0rSm_7rustdom3dom4tree32___napi_impl_helper_NativeTree_1436___napi_register__NativeTree_impl_3871__18___CTOR_PRIVATE_REF14___ctor_private (in /mnt/c/Users/guido/ghq/projects/rustdom/dist/rustdom.node)
==2406856==    by 0x681447D: call_init.part.0 (dl-init.c:70)
==2406856==    by 0x6814567: call_init (dl-init.c:33)
==2406856==    by 0x6814567: _dl_init (dl-init.c:117)
==2406856==    by 0x7522BB4: _dl_catch_exception (dl-error-skeleton.c:182)
==2406856==    by 0x681BFF5: dl_open_worker (dl-open.c:808)
==2406856==    by 0x681BFF5: dl_open_worker (dl-open.c:771)
==2406856==    by 0x7522B57: _dl_catch_exception (dl-error-skeleton.c:208)
==2406856==    by 0x681C34D: _dl_open (dl-open.c:883)
==2406856==    by 0x743E5FB: dlopen_doit (dlopen.c:56)
==2406856== 
==2406856== 17 bytes in 1 blocks are possibly lost in loss record 210 of 367
==2406856==    at 0x7056899: malloc (in /mnt/c/Users/guido/ghq/projects/rustdom/.tools/valgrind/usr/libexec/valgrind/vgpreload_memcheck-amd64-linux.so)
==2406856==    by 0x22E5C032: _RNvXs0_NvMs_NtNtCs6i54tJFfzR_5alloc3ffi5c_strNtBa_7CString3newReNtB5_11SpecNewImpl13spec_new_impl (in /mnt/c/Users/guido/ghq/projects/rustdom/dist/rustdom.node)
==2406856==    by 0x22E112BF: _RNvMs2_NtNtCsbKcx7MMum66_4napi9js_values15object_propertyNtB5_8Property14with_utf8_name (in /mnt/c/Users/guido/ghq/projects/rustdom/dist/rustdom.node)
==2406856==    by 0x22DB5411: _RNvNvNtNtNtCsdulfWib0rSm_7rustdom3dom4tree32___napi_impl_helper_NativeTree_1436___napi_register__NativeTree_impl_38720___ctor_private_inner (in /mnt/c/Users/guido/ghq/projects/rustdom/dist/rustdom.node)
==2406856==    by 0x22DD6E85: _RNvNvNvNvNtNtNtCsdulfWib0rSm_7rustdom3dom4tree32___napi_impl_helper_NativeTree_1436___napi_register__NativeTree_impl_3871__18___CTOR_PRIVATE_REF14___ctor_private (in /mnt/c/Users/guido/ghq/projects/rustdom/dist/rustdom.node)
==2406856==    by 0x681447D: call_init.part.0 (dl-init.c:70)
==2406856==    by 0x6814567: call_init (dl-init.c:33)
==2406856==    by 0x6814567: _dl_init (dl-init.c:117)
==2406856==    by 0x7522BB4: _dl_catch_exception (dl-error-skeleton.c:182)
==2406856==    by 0x681BFF5: dl_open_worker (dl-open.c:808)
==2406856==    by 0x681BFF5: dl_open_worker (dl-open.c:771)
==2406856==    by 0x7522B57: _dl_catch_exception (dl-error-skeleton.c:208)
==2406856==    by 0x681C34D: _dl_open (dl-open.c:883)
==2406856==    by 0x743E5FB: dlopen_doit (dlopen.c:56)
==2406856== 
==2406856== 18 bytes in 1 blocks are still reachable in loss record 211 of 367
==2406856==    at 0x7056899: malloc (in /mnt/c/Users/guido/ghq/projects/rustdom/.tools/valgrind/usr/libexec/valgrind/vgpreload_memcheck-amd64-linux.so)
==2406856==    by 0x25A0438: uprv_getDefaultLocaleID_78 (in /mnt/c/Users/guido/ghq/projects/rustdom/.tools/node/bin/node)
==2406856==    by 0x25B5F34: icu_78::locale_set_default_internal(char const*, UErrorCode&) (in /mnt/c/Users/guido/ghq/projects/rustdom/.tools/node/bin/node)
==2406856==    by 0x25B626E: icu_78::Locale::Locale() (in /mnt/c/Users/guido/ghq/projects/rustdom/.tools/node/bin/node)
==2406856==    by 0xD88FD2: v8::internal::Isolate::DefaultLocale[abi:cxx11]() (in /mnt/c/Users/guido/ghq/projects/rustdom/.tools/node/bin/node)
==2406856==    by 0xD894E3: v8::internal::LocalIsolate::LocalIsolate(v8::internal::Isolate*, v8::internal::ThreadKind) (in /mnt/c/Users/guido/ghq/projects/rustdom/.tools/node/bin/node)
==2406856==    by 0xD86CA7: v8::internal::Isolate::Init(v8::internal::SnapshotData*, v8::internal::SnapshotData*, v8::internal::SnapshotData*, bool) (in /mnt/c/Users/guido/ghq/projects/rustdom/.tools/node/bin/node)
==2406856==    by 0x1362D42: v8::internal::Snapshot::Initialize(v8::internal::Isolate*) (in /mnt/c/Users/guido/ghq/projects/rustdom/.tools/node/bin/node)
==2406856==    by 0xBD9905: v8::Isolate::Initialize(v8::Isolate*, v8::Isolate::CreateParams const&) (in /mnt/c/Users/guido/ghq/projects/rustdom/.tools/node/bin/node)
==2406856==    by 0x78D60F: node::NewIsolate(v8::Isolate::CreateParams*, uv_loop_s*, node::MultiIsolatePlatform*, node::SnapshotData const*, node::IsolateSettings const&) (in /mnt/c/Users/guido/ghq/projects/rustdom/.tools/node/bin/node)
==2406856==    by 0x90ED28: node::NodeMainInstance::NodeMainInstance(node::SnapshotData const*, uv_loop_s*, node::MultiIsolatePlatform*, std::vector<std::__cxx11::basic_string<char, std::char_traits<char>, std::allocator<char> >, std::allocator<std::__cxx11::basic_string<char, std::char_traits<char>, std::allocator<char> > > > const&, std::vector<std::__cxx11::basic_string<char, std::char_traits<char>, std::allocator<char> >, std::allocator<std::__cxx11::basic_string<char, std::char_traits<char>, std::allocator<char> > > > const&) (in /mnt/c/Users/guido/ghq/projects/rustdom/.tools/node/bin/node)
==2406856==    by 0x84CE55: node::Start(int, char**) (in /mnt/c/Users/guido/ghq/projects/rustdom/.tools/node/bin/node)
==2406856== 
==2406856== 18 bytes in 1 blocks are possibly lost in loss record 212 of 367
==2406856==    at 0x7056899: malloc (in /mnt/c/Users/guido/ghq/projects/rustdom/.tools/valgrind/usr/libexec/valgrind/vgpreload_memcheck-amd64-linux.so)
==2406856==    by 0x22E5C032: _RNvXs0_NvMs_NtNtCs6i54tJFfzR_5alloc3ffi5c_strNtBa_7CString3newReNtB5_11SpecNewImpl13spec_new_impl (in /mnt/c/Users/guido/ghq/projects/rustdom/dist/rustdom.node)
==2406856==    by 0x22E112BF: _RNvMs2_NtNtCsbKcx7MMum66_4napi9js_values15object_propertyNtB5_8Property14with_utf8_name (in /mnt/c/Users/guido/ghq/projects/rustdom/dist/rustdom.node)
==2406856==    by 0x22DC696B: _RNvNvNvNvNtNtNtCsdulfWib0rSm_7rustdom3dom19event_state_binding37___napi_impl_helper_NativeEventState_442___napi_register__NativeEventState_impl_1011__18___CTOR_PRIVATE_REF14___ctor_private (in /mnt/c/Users/guido/ghq/projects/rustdom/dist/rustdom.node)
==2406856==    by 0x681447D: call_init.part.0 (dl-init.c:70)
==2406856==    by 0x6814567: call_init (dl-init.c:33)
==2406856==    by 0x6814567: _dl_init (dl-init.c:117)
==2406856==    by 0x7522BB4: _dl_catch_exception (dl-error-skeleton.c:182)
==2406856==    by 0x681BFF5: dl_open_worker (dl-open.c:808)
==2406856==    by 0x681BFF5: dl_open_worker (dl-open.c:771)
==2406856==    by 0x7522B57: _dl_catch_exception (dl-error-skeleton.c:208)
==2406856==    by 0x681C34D: _dl_open (dl-open.c:883)
==2406856==    by 0x743E5FB: dlopen_doit (dlopen.c:56)
==2406856==    by 0x7522B57: _dl_catch_exception (dl-error-skeleton.c:208)
==2406856== 
==2406856== 18 bytes in 1 blocks are possibly lost in loss record 213 of 367
==2406856==    at 0x7056899: malloc (in /mnt/c/Users/guido/ghq/projects/rustdom/.tools/valgrind/usr/libexec/valgrind/vgpreload_memcheck-amd64-linux.so)
==2406856==    by 0x22E5C032: _RNvXs0_NvMs_NtNtCs6i54tJFfzR_5alloc3ffi5c_strNtBa_7CString3newReNtB5_11SpecNewImpl13spec_new_impl (in /mnt/c/Users/guido/ghq/projects/rustdom/dist/rustdom.node)
==2406856==    by 0x22E112BF: _RNvMs2_NtNtCsbKcx7MMum66_4napi9js_values15object_propertyNtB5_8Property14with_utf8_name (in /mnt/c/Users/guido/ghq/projects/rustdom/dist/rustdom.node)
==2406856==    by 0x22DCA90B: _RNvNvNvNvNtNtNtCsdulfWib0rSm_7rustdom3dom19range_state_binding32___napi_impl_helper_NativeRange_937___napi_register__NativeRange_impl_1821__18___CTOR_PRIVATE_REF14___ctor_private (in /mnt/c/Users/guido/ghq/projects/rustdom/dist/rustdom.node)
==2406856==    by 0x681447D: call_init.part.0 (dl-init.c:70)
==2406856==    by 0x6814567: call_init (dl-init.c:33)
==2406856==    by 0x6814567: _dl_init (dl-init.c:117)
==2406856==    by 0x7522BB4: _dl_catch_exception (dl-error-skeleton.c:182)
==2406856==    by 0x681BFF5: dl_open_worker (dl-open.c:808)
==2406856==    by 0x681BFF5: dl_open_worker (dl-open.c:771)
==2406856==    by 0x7522B57: _dl_catch_exception (dl-error-skeleton.c:208)
==2406856==    by 0x681C34D: _dl_open (dl-open.c:883)
==2406856==    by 0x743E5FB: dlopen_doit (dlopen.c:56)
==2406856==    by 0x7522B57: _dl_catch_exception (dl-error-skeleton.c:208)
==2406856== 
==2406856== 18 bytes in 1 blocks are possibly lost in loss record 214 of 367
==2406856==    at 0x7056899: malloc (in /mnt/c/Users/guido/ghq/projects/rustdom/.tools/valgrind/usr/libexec/valgrind/vgpreload_memcheck-amd64-linux.so)
==2406856==    by 0x22E5C032: _RNvXs0_NvMs_NtNtCs6i54tJFfzR_5alloc3ffi5c_strNtBa_7CString3newReNtB5_11SpecNewImpl13spec_new_impl (in /mnt/c/Users/guido/ghq/projects/rustdom/dist/rustdom.node)
==2406856==    by 0x22E112BF: _RNvMs2_NtNtCsbKcx7MMum66_4napi9js_values15object_propertyNtB5_8Property14with_utf8_name (in /mnt/c/Users/guido/ghq/projects/rustdom/dist/rustdom.node)
==2406856==    by 0x22DCAA01: _RNvNvNvNvNtNtNtCsdulfWib0rSm_7rustdom3dom19range_state_binding32___napi_impl_helper_NativeRange_937___napi_register__NativeRange_impl_1821__18___CTOR_PRIVATE_REF14___ctor_private (in /mnt/c/Users/guido/ghq/projects/rustdom/dist/rustdom.node)
==2406856==    by 0x681447D: call_init.part.0 (dl-init.c:70)
==2406856==    by 0x6814567: call_init (dl-init.c:33)
==2406856==    by 0x6814567: _dl_init (dl-init.c:117)
==2406856==    by 0x7522BB4: _dl_catch_exception (dl-error-skeleton.c:182)
==2406856==    by 0x681BFF5: dl_open_worker (dl-open.c:808)
==2406856==    by 0x681BFF5: dl_open_worker (dl-open.c:771)
==2406856==    by 0x7522B57: _dl_catch_exception (dl-error-skeleton.c:208)
==2406856==    by 0x681C34D: _dl_open (dl-open.c:883)
==2406856==    by 0x743E5FB: dlopen_doit (dlopen.c:56)
==2406856==    by 0x7522B57: _dl_catch_exception (dl-error-skeleton.c:208)
==2406856== 
==2406856== 18 bytes in 1 blocks are possibly lost in loss record 215 of 367
==2406856==    at 0x7056899: malloc (in /mnt/c/Users/guido/ghq/projects/rustdom/.tools/valgrind/usr/libexec/valgrind/vgpreload_memcheck-amd64-linux.so)
==2406856==    by 0x22E5C032: _RNvXs0_NvMs_NtNtCs6i54tJFfzR_5alloc3ffi5c_strNtBa_7CString3newReNtB5_11SpecNewImpl13spec_new_impl (in /mnt/c/Users/guido/ghq/projects/rustdom/dist/rustdom.node)
==2406856==    by 0x22E112BF: _RNvMs2_NtNtCsbKcx7MMum66_4napi9js_values15object_propertyNtB5_8Property14with_utf8_name (in /mnt/c/Users/guido/ghq/projects/rustdom/dist/rustdom.node)
==2406856==    by 0x22DCB348: _RNvNvNvNvNtNtNtCsdulfWib0rSm_7rustdom3dom19range_state_binding32___napi_impl_helper_NativeRange_937___napi_register__NativeRange_impl_1821__18___CTOR_PRIVATE_REF14___ctor_private (in /mnt/c/Users/guido/ghq/projects/rustdom/dist/rustdom.node)
==2406856==    by 0x681447D: call_init.part.0 (dl-init.c:70)
==2406856==    by 0x6814567: call_init (dl-init.c:33)
==2406856==    by 0x6814567: _dl_init (dl-init.c:117)
==2406856==    by 0x7522BB4: _dl_catch_exception (dl-error-skeleton.c:182)
==2406856==    by 0x681BFF5: dl_open_worker (dl-open.c:808)
==2406856==    by 0x681BFF5: dl_open_worker (dl-open.c:771)
==2406856==    by 0x7522B57: _dl_catch_exception (dl-error-skeleton.c:208)
==2406856==    by 0x681C34D: _dl_open (dl-open.c:883)
==2406856==    by 0x743E5FB: dlopen_doit (dlopen.c:56)
==2406856==    by 0x7522B57: _dl_catch_exception (dl-error-skeleton.c:208)
==2406856== 
==2406856== 18 bytes in 1 blocks are possibly lost in loss record 216 of 367
==2406856==    at 0x7056899: malloc (in /mnt/c/Users/guido/ghq/projects/rustdom/.tools/valgrind/usr/libexec/valgrind/vgpreload_memcheck-amd64-linux.so)
==2406856==    by 0x22E5C032: _RNvXs0_NvMs_NtNtCs6i54tJFfzR_5alloc3ffi5c_strNtBa_7CString3newReNtB5_11SpecNewImpl13spec_new_impl (in /mnt/c/Users/guido/ghq/projects/rustdom/dist/rustdom.node)
==2406856==    by 0x22E112BF: _RNvMs2_NtNtCsbKcx7MMum66_4napi9js_values15object_propertyNtB5_8Property14with_utf8_name (in /mnt/c/Users/guido/ghq/projects/rustdom/dist/rustdom.node)
==2406856==    by 0x22DD0BA8: _RNvNvNvNvNtNtNtCsdulfWib0rSm_7rustdom3dom23event_listeners_binding43___napi_impl_helper_NativeListenerRegistry_347___napi_register__NativeListenerRegistry_impl_661__18___CTOR_PRIVATE_REF14___ctor_private (in /mnt/c/Users/guido/ghq/projects/rustdom/dist/rustdom.node)
==2406856==    by 0x681447D: call_init.part.0 (dl-init.c:70)
==2406856==    by 0x6814567: call_init (dl-init.c:33)
==2406856==    by 0x6814567: _dl_init (dl-init.c:117)
==2406856==    by 0x7522BB4: _dl_catch_exception (dl-error-skeleton.c:182)
==2406856==    by 0x681BFF5: dl_open_worker (dl-open.c:808)
==2406856==    by 0x681BFF5: dl_open_worker (dl-open.c:771)
==2406856==    by 0x7522B57: _dl_catch_exception (dl-error-skeleton.c:208)
==2406856==    by 0x681C34D: _dl_open (dl-open.c:883)
==2406856==    by 0x743E5FB: dlopen_doit (dlopen.c:56)
==2406856==    by 0x7522B57: _dl_catch_exception (dl-error-skeleton.c:208)
==2406856== 
==2406856== 18 bytes in 1 blocks are possibly lost in loss record 217 of 367
==2406856==    at 0x7056899: malloc (in /mnt/c/Users/guido/ghq/projects/rustdom/.tools/valgrind/usr/libexec/valgrind/vgpreload_memcheck-amd64-linux.so)
==2406856==    by 0x22E5C032: _RNvXs0_NvMs_NtNtCs6i54tJFfzR_5alloc3ffi5c_strNtBa_7CString3newReNtB5_11SpecNewImpl13spec_new_impl (in /mnt/c/Users/guido/ghq/projects/rustdom/dist/rustdom.node)
==2406856==    by 0x22E112BF: _RNvMs2_NtNtCsbKcx7MMum66_4napi9js_values15object_propertyNtB5_8Property14with_utf8_name (in /mnt/c/Users/guido/ghq/projects/rustdom/dist/rustdom.node)
==2406856==    by 0x22DD0EBA: _RNvNvNvNvNtNtNtCsdulfWib0rSm_7rustdom3dom23event_listeners_binding43___napi_impl_helper_NativeListenerRegistry_347___napi_register__NativeListenerRegistry_impl_661__18___CTOR_PRIVATE_REF14___ctor_private (in /mnt/c/Users/guido/ghq/projects/rustdom/dist/rustdom.node)
==2406856==    by 0x681447D: call_init.part.0 (dl-init.c:70)
==2406856==    by 0x6814567: call_init (dl-init.c:33)
==2406856==    by 0x6814567: _dl_init (dl-init.c:117)
==2406856==    by 0x7522BB4: _dl_catch_exception (dl-error-skeleton.c:182)
==2406856==    by 0x681BFF5: dl_open_worker (dl-open.c:808)
==2406856==    by 0x681BFF5: dl_open_worker (dl-open.c:771)
==2406856==    by 0x7522B57: _dl_catch_exception (dl-error-skeleton.c:208)
==2406856==    by 0x681C34D: _dl_open (dl-open.c:883)
==2406856==    by 0x743E5FB: dlopen_doit (dlopen.c:56)
==2406856==    by 0x7522B57: _dl_catch_exception (dl-error-skeleton.c:208)
==2406856== 
==2406856== 18 bytes in 1 blocks are possibly lost in loss record 218 of 367
==2406856==    at 0x7056899: malloc (in /mnt/c/Users/guido/ghq/projects/rustdom/.tools/valgrind/usr/libexec/valgrind/vgpreload_memcheck-amd64-linux.so)
==2406856==    by 0x22E5C032: _RNvXs0_NvMs_NtNtCs6i54tJFfzR_5alloc3ffi5c_strNtBa_7CString3newReNtB5_11SpecNewImpl13spec_new_impl (in /mnt/c/Users/guido/ghq/projects/rustdom/dist/rustdom.node)
==2406856==    by 0x22E112BF: _RNvMs2_NtNtCsbKcx7MMum66_4napi9js_values15object_propertyNtB5_8Property14with_utf8_name (in /mnt/c/Users/guido/ghq/projects/rustdom/dist/rustdom.node)
==2406856==    by 0x22DD106B: _RNvNvNvNvNtNtNtCsdulfWib0rSm_7rustdom3dom23event_listeners_binding43___napi_impl_helper_NativeListenerRegistry_347___napi_register__NativeListenerRegistry_impl_661__18___CTOR_PRIVATE_REF14___ctor_private (in /mnt/c/Users/guido/ghq/projects/rustdom/dist/rustdom.node)
==2406856==    by 0x681447D: call_init.part.0 (dl-init.c:70)
==2406856==    by 0x6814567: call_init (dl-init.c:33)
==2406856==    by 0x6814567: _dl_init (dl-init.c:117)
==2406856==    by 0x7522BB4: _dl_catch_exception (dl-error-skeleton.c:182)
==2406856==    by 0x681BFF5: dl_open_worker (dl-open.c:808)
==2406856==    by 0x681BFF5: dl_open_worker (dl-open.c:771)
==2406856==    by 0x7522B57: _dl_catch_exception (dl-error-skeleton.c:208)
==2406856==    by 0x681C34D: _dl_open (dl-open.c:883)
==2406856==    by 0x743E5FB: dlopen_doit (dlopen.c:56)
==2406856==    by 0x7522B57: _dl_catch_exception (dl-error-skeleton.c:208)
==2406856== 
==2406856== 18 bytes in 1 blocks are possibly lost in loss record 219 of 367
==2406856==    at 0x7056899: malloc (in /mnt/c/Users/guido/ghq/projects/rustdom/.tools/valgrind/usr/libexec/valgrind/vgpreload_memcheck-amd64-linux.so)
==2406856==    by 0x22E5C032: _RNvXs0_NvMs_NtNtCs6i54tJFfzR_5alloc3ffi5c_strNtBa_7CString3newReNtB5_11SpecNewImpl13spec_new_impl (in /mnt/c/Users/guido/ghq/projects/rustdom/dist/rustdom.node)
==2406856==    by 0x22E112BF: _RNvMs2_NtNtCsbKcx7MMum66_4napi9js_values15object_propertyNtB5_8Property14with_utf8_name (in /mnt/c/Users/guido/ghq/projects/rustdom/dist/rustdom.node)
==2406856==    by 0x22DD4EFD: _RNvNvNvNvNtNtNtCsdulfWib0rSm_7rustdom3dom4tree32___napi_impl_helper_NativeTree_1336___napi_register__NativeTree_impl_2541__18___CTOR_PRIVATE_REF14___ctor_private (in /mnt/c/Users/guido/ghq/projects/rustdom/dist/rustdom.node)
==2406856==    by 0x681447D: call_init.part.0 (dl-init.c:70)
==2406856==    by 0x6814567: call_init (dl-init.c:33)
==2406856==    by 0x6814567: _dl_init (dl-init.c:117)
==2406856==    by 0x7522BB4: _dl_catch_exception (dl-error-skeleton.c:182)
==2406856==    by 0x681BFF5: dl_open_worker (dl-open.c:808)
==2406856==    by 0x681BFF5: dl_open_worker (dl-open.c:771)
==2406856==    by 0x7522B57: _dl_catch_exception (dl-error-skeleton.c:208)
==2406856==    by 0x681C34D: _dl_open (dl-open.c:883)
==2406856==    by 0x743E5FB: dlopen_doit (dlopen.c:56)
==2406856==    by 0x7522B57: _dl_catch_exception (dl-error-skeleton.c:208)
==2406856== 
==2406856== 18 bytes in 1 blocks are possibly lost in loss record 220 of 367
==2406856==    at 0x7056899: malloc (in /mnt/c/Users/guido/ghq/projects/rustdom/.tools/valgrind/usr/libexec/valgrind/vgpreload_memcheck-amd64-linux.so)
==2406856==    by 0x22E5C032: _RNvXs0_NvMs_NtNtCs6i54tJFfzR_5alloc3ffi5c_strNtBa_7CString3newReNtB5_11SpecNewImpl13spec_new_impl (in /mnt/c/Users/guido/ghq/projects/rustdom/dist/rustdom.node)
==2406856==    by 0x22E112BF: _RNvMs2_NtNtCsbKcx7MMum66_4napi9js_values15object_propertyNtB5_8Property14with_utf8_name (in /mnt/c/Users/guido/ghq/projects/rustdom/dist/rustdom.node)
==2406856==    by 0x22DD5109: _RNvNvNvNvNtNtNtCsdulfWib0rSm_7rustdom3dom4tree32___napi_impl_helper_NativeTree_1336___napi_register__NativeTree_impl_2541__18___CTOR_PRIVATE_REF14___ctor_private (in /mnt/c/Users/guido/ghq/projects/rustdom/dist/rustdom.node)
==2406856==    by 0x681447D: call_init.part.0 (dl-init.c:70)
==2406856==    by 0x6814567: call_init (dl-init.c:33)
==2406856==    by 0x6814567: _dl_init (dl-init.c:117)
==2406856==    by 0x7522BB4: _dl_catch_exception (dl-error-skeleton.c:182)
==2406856==    by 0x681BFF5: dl_open_worker (dl-open.c:808)
==2406856==    by 0x681BFF5: dl_open_worker (dl-open.c:771)
==2406856==    by 0x7522B57: _dl_catch_exception (dl-error-skeleton.c:208)
==2406856==    by 0x681C34D: _dl_open (dl-open.c:883)
==2406856==    by 0x743E5FB: dlopen_doit (dlopen.c:56)
==2406856==    by 0x7522B57: _dl_catch_exception (dl-error-skeleton.c:208)
==2406856== 
==2406856== 18 bytes in 1 blocks are possibly lost in loss record 221 of 367
==2406856==    at 0x7056899: malloc (in /mnt/c/Users/guido/ghq/projects/rustdom/.tools/valgrind/usr/libexec/valgrind/vgpreload_memcheck-amd64-linux.so)
==2406856==    by 0x22E5C032: _RNvXs0_NvMs_NtNtCs6i54tJFfzR_5alloc3ffi5c_strNtBa_7CString3newReNtB5_11SpecNewImpl13spec_new_impl (in /mnt/c/Users/guido/ghq/projects/rustdom/dist/rustdom.node)
==2406856==    by 0x22E112BF: _RNvMs2_NtNtCsbKcx7MMum66_4napi9js_values15object_propertyNtB5_8Property14with_utf8_name (in /mnt/c/Users/guido/ghq/projects/rustdom/dist/rustdom.node)
==2406856==    by 0x22DAF0BA: _RNvNvNtNtNtCsdulfWib0rSm_7rustdom3dom4tree32___napi_impl_helper_NativeTree_1436___napi_register__NativeTree_impl_38720___ctor_private_inner (in /mnt/c/Users/guido/ghq/projects/rustdom/dist/rustdom.node)
==2406856==    by 0x22DD6E85: _RNvNvNvNvNtNtNtCsdulfWib0rSm_7rustdom3dom4tree32___napi_impl_helper_NativeTree_1436___napi_register__NativeTree_impl_3871__18___CTOR_PRIVATE_REF14___ctor_private (in /mnt/c/Users/guido/ghq/projects/rustdom/dist/rustdom.node)
==2406856==    by 0x681447D: call_init.part.0 (dl-init.c:70)
==2406856==    by 0x6814567: call_init (dl-init.c:33)
==2406856==    by 0x6814567: _dl_init (dl-init.c:117)
==2406856==    by 0x7522BB4: _dl_catch_exception (dl-error-skeleton.c:182)
==2406856==    by 0x681BFF5: dl_open_worker (dl-open.c:808)
==2406856==    by 0x681BFF5: dl_open_worker (dl-open.c:771)
==2406856==    by 0x7522B57: _dl_catch_exception (dl-error-skeleton.c:208)
==2406856==    by 0x681C34D: _dl_open (dl-open.c:883)
==2406856==    by 0x743E5FB: dlopen_doit (dlopen.c:56)
==2406856== 
==2406856== 18 bytes in 1 blocks are possibly lost in loss record 222 of 367
==2406856==    at 0x7056899: malloc (in /mnt/c/Users/guido/ghq/projects/rustdom/.tools/valgrind/usr/libexec/valgrind/vgpreload_memcheck-amd64-linux.so)
==2406856==    by 0x22E5C032: _RNvXs0_NvMs_NtNtCs6i54tJFfzR_5alloc3ffi5c_strNtBa_7CString3newReNtB5_11SpecNewImpl13spec_new_impl (in /mnt/c/Users/guido/ghq/projects/rustdom/dist/rustdom.node)
==2406856==    by 0x22E112BF: _RNvMs2_NtNtCsbKcx7MMum66_4napi9js_values15object_propertyNtB5_8Property14with_utf8_name (in /mnt/c/Users/guido/ghq/projects/rustdom/dist/rustdom.node)
==2406856==    by 0x22DB0337: _RNvNvNtNtNtCsdulfWib0rSm_7rustdom3dom4tree32___napi_impl_helper_NativeTree_1436___napi_register__NativeTree_impl_38720___ctor_private_inner (in /mnt/c/Users/guido/ghq/projects/rustdom/dist/rustdom.node)
==2406856==    by 0x22DD6E85: _RNvNvNvNvNtNtNtCsdulfWib0rSm_7rustdom3dom4tree32___napi_impl_helper_NativeTree_1436___napi_register__NativeTree_impl_3871__18___CTOR_PRIVATE_REF14___ctor_private (in /mnt/c/Users/guido/ghq/projects/rustdom/dist/rustdom.node)
==2406856==    by 0x681447D: call_init.part.0 (dl-init.c:70)
==2406856==    by 0x6814567: call_init (dl-init.c:33)
==2406856==    by 0x6814567: _dl_init (dl-init.c:117)
==2406856==    by 0x7522BB4: _dl_catch_exception (dl-error-skeleton.c:182)
==2406856==    by 0x681BFF5: dl_open_worker (dl-open.c:808)
==2406856==    by 0x681BFF5: dl_open_worker (dl-open.c:771)
==2406856==    by 0x7522B57: _dl_catch_exception (dl-error-skeleton.c:208)
==2406856==    by 0x681C34D: _dl_open (dl-open.c:883)
==2406856==    by 0x743E5FB: dlopen_doit (dlopen.c:56)
==2406856== 
==2406856== 18 bytes in 1 blocks are possibly lost in loss record 223 of 367
==2406856==    at 0x7056899: malloc (in /mnt/c/Users/guido/ghq/projects/rustdom/.tools/valgrind/usr/libexec/valgrind/vgpreload_memcheck-amd64-linux.so)
==2406856==    by 0x22E5C032: _RNvXs0_NvMs_NtNtCs6i54tJFfzR_5alloc3ffi5c_strNtBa_7CString3newReNtB5_11SpecNewImpl13spec_new_impl (in /mnt/c/Users/guido/ghq/projects/rustdom/dist/rustdom.node)
==2406856==    by 0x22E112BF: _RNvMs2_NtNtCsbKcx7MMum66_4napi9js_values15object_propertyNtB5_8Property14with_utf8_name (in /mnt/c/Users/guido/ghq/projects/rustdom/dist/rustdom.node)
==2406856==    by 0x22DB074F: _RNvNvNtNtNtCsdulfWib0rSm_7rustdom3dom4tree32___napi_impl_helper_NativeTree_1436___napi_register__NativeTree_impl_38720___ctor_private_inner (in /mnt/c/Users/guido/ghq/projects/rustdom/dist/rustdom.node)
==2406856==    by 0x22DD6E85: _RNvNvNvNvNtNtNtCsdulfWib0rSm_7rustdom3dom4tree32___napi_impl_helper_NativeTree_1436___napi_register__NativeTree_impl_3871__18___CTOR_PRIVATE_REF14___ctor_private (in /mnt/c/Users/guido/ghq/projects/rustdom/dist/rustdom.node)
==2406856==    by 0x681447D: call_init.part.0 (dl-init.c:70)
==2406856==    by 0x6814567: call_init (dl-init.c:33)
==2406856==    by 0x6814567: _dl_init (dl-init.c:117)
==2406856==    by 0x7522BB4: _dl_catch_exception (dl-error-skeleton.c:182)
==2406856==    by 0x681BFF5: dl_open_worker (dl-open.c:808)
==2406856==    by 0x681BFF5: dl_open_worker (dl-open.c:771)
==2406856==    by 0x7522B57: _dl_catch_exception (dl-error-skeleton.c:208)
==2406856==    by 0x681C34D: _dl_open (dl-open.c:883)
==2406856==    by 0x743E5FB: dlopen_doit (dlopen.c:56)
==2406856== 
==2406856== 18 bytes in 1 blocks are possibly lost in loss record 224 of 367
==2406856==    at 0x7056899: malloc (in /mnt/c/Users/guido/ghq/projects/rustdom/.tools/valgrind/usr/libexec/valgrind/vgpreload_memcheck-amd64-linux.so)
==2406856==    by 0x22E5C032: _RNvXs0_NvMs_NtNtCs6i54tJFfzR_5alloc3ffi5c_strNtBa_7CString3newReNtB5_11SpecNewImpl13spec_new_impl (in /mnt/c/Users/guido/ghq/projects/rustdom/dist/rustdom.node)
==2406856==    by 0x22E112BF: _RNvMs2_NtNtCsbKcx7MMum66_4napi9js_values15object_propertyNtB5_8Property14with_utf8_name (in /mnt/c/Users/guido/ghq/projects/rustdom/dist/rustdom.node)
==2406856==    by 0x22DB355D: _RNvNvNtNtNtCsdulfWib0rSm_7rustdom3dom4tree32___napi_impl_helper_NativeTree_1436___napi_register__NativeTree_impl_38720___ctor_private_inner (in /mnt/c/Users/guido/ghq/projects/rustdom/dist/rustdom.node)
==2406856==    by 0x22DD6E85: _RNvNvNvNvNtNtNtCsdulfWib0rSm_7rustdom3dom4tree32___napi_impl_helper_NativeTree_1436___napi_register__NativeTree_impl_3871__18___CTOR_PRIVATE_REF14___ctor_private (in /mnt/c/Users/guido/ghq/projects/rustdom/dist/rustdom.node)
==2406856==    by 0x681447D: call_init.part.0 (dl-init.c:70)
==2406856==    by 0x6814567: call_init (dl-init.c:33)
==2406856==    by 0x6814567: _dl_init (dl-init.c:117)
==2406856==    by 0x7522BB4: _dl_catch_exception (dl-error-skeleton.c:182)
==2406856==    by 0x681BFF5: dl_open_worker (dl-open.c:808)
==2406856==    by 0x681BFF5: dl_open_worker (dl-open.c:771)
==2406856==    by 0x7522B57: _dl_catch_exception (dl-error-skeleton.c:208)
==2406856==    by 0x681C34D: _dl_open (dl-open.c:883)
==2406856==    by 0x743E5FB: dlopen_doit (dlopen.c:56)
==2406856== 
==2406856== 18 bytes in 1 blocks are possibly lost in loss record 225 of 367
==2406856==    at 0x7056899: malloc (in /mnt/c/Users/guido/ghq/projects/rustdom/.tools/valgrind/usr/libexec/valgrind/vgpreload_memcheck-amd64-linux.so)
==2406856==    by 0x22E5C032: _RNvXs0_NvMs_NtNtCs6i54tJFfzR_5alloc3ffi5c_strNtBa_7CString3newReNtB5_11SpecNewImpl13spec_new_impl (in /mnt/c/Users/guido/ghq/projects/rustdom/dist/rustdom.node)
==2406856==    by 0x22E112BF: _RNvMs2_NtNtCsbKcx7MMum66_4napi9js_values15object_propertyNtB5_8Property14with_utf8_name (in /mnt/c/Users/guido/ghq/projects/rustdom/dist/rustdom.node)
==2406856==    by 0x22DB3975: _RNvNvNtNtNtCsdulfWib0rSm_7rustdom3dom4tree32___napi_impl_helper_NativeTree_1436___napi_register__NativeTree_impl_38720___ctor_private_inner (in /mnt/c/Users/guido/ghq/projects/rustdom/dist/rustdom.node)
==2406856==    by 0x22DD6E85: _RNvNvNvNvNtNtNtCsdulfWib0rSm_7rustdom3dom4tree32___napi_impl_helper_NativeTree_1436___napi_register__NativeTree_impl_3871__18___CTOR_PRIVATE_REF14___ctor_private (in /mnt/c/Users/guido/ghq/projects/rustdom/dist/rustdom.node)
==2406856==    by 0x681447D: call_init.part.0 (dl-init.c:70)
==2406856==    by 0x6814567: call_init (dl-init.c:33)
==2406856==    by 0x6814567: _dl_init (dl-init.c:117)
==2406856==    by 0x7522BB4: _dl_catch_exception (dl-error-skeleton.c:182)
==2406856==    by 0x681BFF5: dl_open_worker (dl-open.c:808)
==2406856==    by 0x681BFF5: dl_open_worker (dl-open.c:771)
==2406856==    by 0x7522B57: _dl_catch_exception (dl-error-skeleton.c:208)
==2406856==    by 0x681C34D: _dl_open (dl-open.c:883)
==2406856==    by 0x743E5FB: dlopen_doit (dlopen.c:56)
==2406856== 
==2406856== 18 bytes in 1 blocks are possibly lost in loss record 226 of 367
==2406856==    at 0x7056899: malloc (in /mnt/c/Users/guido/ghq/projects/rustdom/.tools/valgrind/usr/libexec/valgrind/vgpreload_memcheck-amd64-linux.so)
==2406856==    by 0x22E5C032: _RNvXs0_NvMs_NtNtCs6i54tJFfzR_5alloc3ffi5c_strNtBa_7CString3newReNtB5_11SpecNewImpl13spec_new_impl (in /mnt/c/Users/guido/ghq/projects/rustdom/dist/rustdom.node)
==2406856==    by 0x22E112BF: _RNvMs2_NtNtCsbKcx7MMum66_4napi9js_values15object_propertyNtB5_8Property14with_utf8_name (in /mnt/c/Users/guido/ghq/projects/rustdom/dist/rustdom.node)
==2406856==    by 0x22DB530B: _RNvNvNtNtNtCsdulfWib0rSm_7rustdom3dom4tree32___napi_impl_helper_NativeTree_1436___napi_register__NativeTree_impl_38720___ctor_private_inner (in /mnt/c/Users/guido/ghq/projects/rustdom/dist/rustdom.node)
==2406856==    by 0x22DD6E85: _RNvNvNvNvNtNtNtCsdulfWib0rSm_7rustdom3dom4tree32___napi_impl_helper_NativeTree_1436___napi_register__NativeTree_impl_3871__18___CTOR_PRIVATE_REF14___ctor_private (in /mnt/c/Users/guido/ghq/projects/rustdom/dist/rustdom.node)
==2406856==    by 0x681447D: call_init.part.0 (dl-init.c:70)
==2406856==    by 0x6814567: call_init (dl-init.c:33)
==2406856==    by 0x6814567: _dl_init (dl-init.c:117)
==2406856==    by 0x7522BB4: _dl_catch_exception (dl-error-skeleton.c:182)
==2406856==    by 0x681BFF5: dl_open_worker (dl-open.c:808)
==2406856==    by 0x681BFF5: dl_open_worker (dl-open.c:771)
==2406856==    by 0x7522B57: _dl_catch_exception (dl-error-skeleton.c:208)
==2406856==    by 0x681C34D: _dl_open (dl-open.c:883)
==2406856==    by 0x743E5FB: dlopen_doit (dlopen.c:56)
==2406856== 
==2406856== 18 bytes in 1 blocks are possibly lost in loss record 227 of 367
==2406856==    at 0x7056899: malloc (in /mnt/c/Users/guido/ghq/projects/rustdom/.tools/valgrind/usr/libexec/valgrind/vgpreload_memcheck-amd64-linux.so)
==2406856==    by 0x22E5C032: _RNvXs0_NvMs_NtNtCs6i54tJFfzR_5alloc3ffi5c_strNtBa_7CString3newReNtB5_11SpecNewImpl13spec_new_impl (in /mnt/c/Users/guido/ghq/projects/rustdom/dist/rustdom.node)
==2406856==    by 0x22E112BF: _RNvMs2_NtNtCsbKcx7MMum66_4napi9js_values15object_propertyNtB5_8Property14with_utf8_name (in /mnt/c/Users/guido/ghq/projects/rustdom/dist/rustdom.node)
==2406856==    by 0x22DB5E4D: _RNvNvNtNtNtCsdulfWib0rSm_7rustdom3dom4tree32___napi_impl_helper_NativeTree_1436___napi_register__NativeTree_impl_38720___ctor_private_inner (in /mnt/c/Users/guido/ghq/projects/rustdom/dist/rustdom.node)
==2406856==    by 0x22DD6E85: _RNvNvNvNvNtNtNtCsdulfWib0rSm_7rustdom3dom4tree32___napi_impl_helper_NativeTree_1436___napi_register__NativeTree_impl_3871__18___CTOR_PRIVATE_REF14___ctor_private (in /mnt/c/Users/guido/ghq/projects/rustdom/dist/rustdom.node)
==2406856==    by 0x681447D: call_init.part.0 (dl-init.c:70)
==2406856==    by 0x6814567: call_init (dl-init.c:33)
==2406856==    by 0x6814567: _dl_init (dl-init.c:117)
==2406856==    by 0x7522BB4: _dl_catch_exception (dl-error-skeleton.c:182)
==2406856==    by 0x681BFF5: dl_open_worker (dl-open.c:808)
==2406856==    by 0x681BFF5: dl_open_worker (dl-open.c:771)
==2406856==    by 0x7522B57: _dl_catch_exception (dl-error-skeleton.c:208)
==2406856==    by 0x681C34D: _dl_open (dl-open.c:883)
==2406856==    by 0x743E5FB: dlopen_doit (dlopen.c:56)
==2406856== 
==2406856== 18 bytes in 1 blocks are possibly lost in loss record 228 of 367
==2406856==    at 0x7056899: malloc (in /mnt/c/Users/guido/ghq/projects/rustdom/.tools/valgrind/usr/libexec/valgrind/vgpreload_memcheck-amd64-linux.so)
==2406856==    by 0x22E5C032: _RNvXs0_NvMs_NtNtCs6i54tJFfzR_5alloc3ffi5c_strNtBa_7CString3newReNtB5_11SpecNewImpl13spec_new_impl (in /mnt/c/Users/guido/ghq/projects/rustdom/dist/rustdom.node)
==2406856==    by 0x22E112BF: _RNvMs2_NtNtCsbKcx7MMum66_4napi9js_values15object_propertyNtB5_8Property14with_utf8_name (in /mnt/c/Users/guido/ghq/projects/rustdom/dist/rustdom.node)
==2406856==    by 0x22DB615F: _RNvNvNtNtNtCsdulfWib0rSm_7rustdom3dom4tree32___napi_impl_helper_NativeTree_1436___napi_register__NativeTree_impl_38720___ctor_private_inner (in /mnt/c/Users/guido/ghq/projects/rustdom/dist/rustdom.node)
==2406856==    by 0x22DD6E85: _RNvNvNvNvNtNtNtCsdulfWib0rSm_7rustdom3dom4tree32___napi_impl_helper_NativeTree_1436___napi_register__NativeTree_impl_3871__18___CTOR_PRIVATE_REF14___ctor_private (in /mnt/c/Users/guido/ghq/projects/rustdom/dist/rustdom.node)
==2406856==    by 0x681447D: call_init.part.0 (dl-init.c:70)
==2406856==    by 0x6814567: call_init (dl-init.c:33)
==2406856==    by 0x6814567: _dl_init (dl-init.c:117)
==2406856==    by 0x7522BB4: _dl_catch_exception (dl-error-skeleton.c:182)
==2406856==    by 0x681BFF5: dl_open_worker (dl-open.c:808)
==2406856==    by 0x681BFF5: dl_open_worker (dl-open.c:771)
==2406856==    by 0x7522B57: _dl_catch_exception (dl-error-skeleton.c:208)
==2406856==    by 0x681C34D: _dl_open (dl-open.c:883)
==2406856==    by 0x743E5FB: dlopen_doit (dlopen.c:56)
==2406856== 
==2406856== 19 bytes in 1 blocks are possibly lost in loss record 229 of 367
==2406856==    at 0x7056899: malloc (in /mnt/c/Users/guido/ghq/projects/rustdom/.tools/valgrind/usr/libexec/valgrind/vgpreload_memcheck-amd64-linux.so)
==2406856==    by 0x22E5C032: _RNvXs0_NvMs_NtNtCs6i54tJFfzR_5alloc3ffi5c_strNtBa_7CString3newReNtB5_11SpecNewImpl13spec_new_impl (in /mnt/c/Users/guido/ghq/projects/rustdom/dist/rustdom.node)
==2406856==    by 0x22E112BF: _RNvMs2_NtNtCsbKcx7MMum66_4napi9js_values15object_propertyNtB5_8Property14with_utf8_name (in /mnt/c/Users/guido/ghq/projects/rustdom/dist/rustdom.node)
==2406856==    by 0x22DC6F5A: _RNvNvNvNvNtNtNtCsdulfWib0rSm_7rustdom3dom19event_state_binding37___napi_impl_helper_NativeEventState_442___napi_register__NativeEventState_impl_1011__18___CTOR_PRIVATE_REF14___ctor_private (in /mnt/c/Users/guido/ghq/projects/rustdom/dist/rustdom.node)
==2406856==    by 0x681447D: call_init.part.0 (dl-init.c:70)
==2406856==    by 0x6814567: call_init (dl-init.c:33)
==2406856==    by 0x6814567: _dl_init (dl-init.c:117)
==2406856==    by 0x7522BB4: _dl_catch_exception (dl-error-skeleton.c:182)
==2406856==    by 0x681BFF5: dl_open_worker (dl-open.c:808)
==2406856==    by 0x681BFF5: dl_open_worker (dl-open.c:771)
==2406856==    by 0x7522B57: _dl_catch_exception (dl-error-skeleton.c:208)
==2406856==    by 0x681C34D: _dl_open (dl-open.c:883)
==2406856==    by 0x743E5FB: dlopen_doit (dlopen.c:56)
==2406856==    by 0x7522B57: _dl_catch_exception (dl-error-skeleton.c:208)
==2406856== 
==2406856== 19 bytes in 1 blocks are possibly lost in loss record 230 of 367
==2406856==    at 0x7056899: malloc (in /mnt/c/Users/guido/ghq/projects/rustdom/.tools/valgrind/usr/libexec/valgrind/vgpreload_memcheck-amd64-linux.so)
==2406856==    by 0x22E5C032: _RNvXs0_NvMs_NtNtCs6i54tJFfzR_5alloc3ffi5c_strNtBa_7CString3newReNtB5_11SpecNewImpl13spec_new_impl (in /mnt/c/Users/guido/ghq/projects/rustdom/dist/rustdom.node)
==2406856==    by 0x22E112BF: _RNvMs2_NtNtCsbKcx7MMum66_4napi9js_values15object_propertyNtB5_8Property14with_utf8_name (in /mnt/c/Users/guido/ghq/projects/rustdom/dist/rustdom.node)
==2406856==    by 0x22DC815B: _RNvNvNvNvNtNtNtCsdulfWib0rSm_7rustdom3dom19event_state_binding37___napi_impl_helper_NativeEventState_442___napi_register__NativeEventState_impl_1011__18___CTOR_PRIVATE_REF14___ctor_private (in /mnt/c/Users/guido/ghq/projects/rustdom/dist/rustdom.node)
==2406856==    by 0x681447D: call_init.part.0 (dl-init.c:70)
==2406856==    by 0x6814567: call_init (dl-init.c:33)
==2406856==    by 0x6814567: _dl_init (dl-init.c:117)
==2406856==    by 0x7522BB4: _dl_catch_exception (dl-error-skeleton.c:182)
==2406856==    by 0x681BFF5: dl_open_worker (dl-open.c:808)
==2406856==    by 0x681BFF5: dl_open_worker (dl-open.c:771)
==2406856==    by 0x7522B57: _dl_catch_exception (dl-error-skeleton.c:208)
==2406856==    by 0x681C34D: _dl_open (dl-open.c:883)
==2406856==    by 0x743E5FB: dlopen_doit (dlopen.c:56)
==2406856==    by 0x7522B57: _dl_catch_exception (dl-error-skeleton.c:208)
==2406856== 
==2406856== 19 bytes in 1 blocks are possibly lost in loss record 231 of 367
==2406856==    at 0x7056899: malloc (in /mnt/c/Users/guido/ghq/projects/rustdom/.tools/valgrind/usr/libexec/valgrind/vgpreload_memcheck-amd64-linux.so)
==2406856==    by 0x22E5C032: _RNvXs0_NvMs_NtNtCs6i54tJFfzR_5alloc3ffi5c_strNtBa_7CString3newReNtB5_11SpecNewImpl13spec_new_impl (in /mnt/c/Users/guido/ghq/projects/rustdom/dist/rustdom.node)
==2406856==    by 0x22E112BF: _RNvMs2_NtNtCsbKcx7MMum66_4napi9js_values15object_propertyNtB5_8Property14with_utf8_name (in /mnt/c/Users/guido/ghq/projects/rustdom/dist/rustdom.node)
==2406856==    by 0x22DCA81B: _RNvNvNvNvNtNtNtCsdulfWib0rSm_7rustdom3dom19range_state_binding32___napi_impl_helper_NativeRange_937___napi_register__NativeRange_impl_1821__18___CTOR_PRIVATE_REF14___ctor_private (in /mnt/c/Users/guido/ghq/projects/rustdom/dist/rustdom.node)
==2406856==    by 0x681447D: call_init.part.0 (dl-init.c:70)
==2406856==    by 0x6814567: call_init (dl-init.c:33)
==2406856==    by 0x6814567: _dl_init (dl-init.c:117)
==2406856==    by 0x7522BB4: _dl_catch_exception (dl-error-skeleton.c:182)
==2406856==    by 0x681BFF5: dl_open_worker (dl-open.c:808)
==2406856==    by 0x681BFF5: dl_open_worker (dl-open.c:771)
==2406856==    by 0x7522B57: _dl_catch_exception (dl-error-skeleton.c:208)
==2406856==    by 0x681C34D: _dl_open (dl-open.c:883)
==2406856==    by 0x743E5FB: dlopen_doit (dlopen.c:56)
==2406856==    by 0x7522B57: _dl_catch_exception (dl-error-skeleton.c:208)
==2406856== 
==2406856== 19 bytes in 1 blocks are possibly lost in loss record 232 of 367
==2406856==    at 0x7056899: malloc (in /mnt/c/Users/guido/ghq/projects/rustdom/.tools/valgrind/usr/libexec/valgrind/vgpreload_memcheck-amd64-linux.so)
==2406856==    by 0x22E5C032: _RNvXs0_NvMs_NtNtCs6i54tJFfzR_5alloc3ffi5c_strNtBa_7CString3newReNtB5_11SpecNewImpl13spec_new_impl (in /mnt/c/Users/guido/ghq/projects/rustdom/dist/rustdom.node)
==2406856==    by 0x22E112BF: _RNvMs2_NtNtCsbKcx7MMum66_4napi9js_values15object_propertyNtB5_8Property14with_utf8_name (in /mnt/c/Users/guido/ghq/projects/rustdom/dist/rustdom.node)
==2406856==    by 0x22DD1F40: _RNvNvNvNvNtNtNtCsdulfWib0rSm_7rustdom3dom23mutation_record_binding41___napi_impl_helper_NativeMutationRecord_546___napi_register__NativeMutationRecord_impl_1191__18___CTOR_PRIVATE_REF14___ctor_private (in /mnt/c/Users/guido/ghq/projects/rustdom/dist/rustdom.node)
==2406856==    by 0x681447D: call_init.part.0 (dl-init.c:70)
==2406856==    by 0x6814567: call_init (dl-init.c:33)
==2406856==    by 0x6814567: _dl_init (dl-init.c:117)
==2406856==    by 0x7522BB4: _dl_catch_exception (dl-error-skeleton.c:182)
==2406856==    by 0x681BFF5: dl_open_worker (dl-open.c:808)
==2406856==    by 0x681BFF5: dl_open_worker (dl-open.c:771)
==2406856==    by 0x7522B57: _dl_catch_exception (dl-error-skeleton.c:208)
==2406856==    by 0x681C34D: _dl_open (dl-open.c:883)
==2406856==    by 0x743E5FB: dlopen_doit (dlopen.c:56)
==2406856==    by 0x7522B57: _dl_catch_exception (dl-error-skeleton.c:208)
==2406856== 
==2406856== 19 bytes in 1 blocks are possibly lost in loss record 233 of 367
==2406856==    at 0x7056899: malloc (in /mnt/c/Users/guido/ghq/projects/rustdom/.tools/valgrind/usr/libexec/valgrind/vgpreload_memcheck-amd64-linux.so)
==2406856==    by 0x22E5C032: _RNvXs0_NvMs_NtNtCs6i54tJFfzR_5alloc3ffi5c_strNtBa_7CString3newReNtB5_11SpecNewImpl13spec_new_impl (in /mnt/c/Users/guido/ghq/projects/rustdom/dist/rustdom.node)
==2406856==    by 0x22E112BF: _RNvMs2_NtNtCsbKcx7MMum66_4napi9js_values15object_propertyNtB5_8Property14with_utf8_name (in /mnt/c/Users/guido/ghq/projects/rustdom/dist/rustdom.node)
==2406856==    by 0x22DD40E2: _RNvNvNvNvNtNtNtCsdulfWib0rSm_7rustdom3dom25observer_delivery_binding43___napi_impl_helper_NativeObserverDelivery_648___napi_register__NativeObserverDelivery_impl_1321__18___CTOR_PRIVATE_REF14___ctor_private (in /mnt/c/Users/guido/ghq/projects/rustdom/dist/rustdom.node)
==2406856==    by 0x681447D: call_init.part.0 (dl-init.c:70)
==2406856==    by 0x6814567: call_init (dl-init.c:33)
==2406856==    by 0x6814567: _dl_init (dl-init.c:117)
==2406856==    by 0x7522BB4: _dl_catch_exception (dl-error-skeleton.c:182)
==2406856==    by 0x681BFF5: dl_open_worker (dl-open.c:808)
==2406856==    by 0x681BFF5: dl_open_worker (dl-open.c:771)
==2406856==    by 0x7522B57: _dl_catch_exception (dl-error-skeleton.c:208)
==2406856==    by 0x681C34D: _dl_open (dl-open.c:883)
==2406856==    by 0x743E5FB: dlopen_doit (dlopen.c:56)
==2406856==    by 0x7522B57: _dl_catch_exception (dl-error-skeleton.c:208)
==2406856== 
==2406856== 19 bytes in 1 blocks are possibly lost in loss record 234 of 367
==2406856==    at 0x7056899: malloc (in /mnt/c/Users/guido/ghq/projects/rustdom/.tools/valgrind/usr/libexec/valgrind/vgpreload_memcheck-amd64-linux.so)
==2406856==    by 0x22E5C032: _RNvXs0_NvMs_NtNtCs6i54tJFfzR_5alloc3ffi5c_strNtBa_7CString3newReNtB5_11SpecNewImpl13spec_new_impl (in /mnt/c/Users/guido/ghq/projects/rustdom/dist/rustdom.node)
==2406856==    by 0x22E112BF: _RNvMs2_NtNtCsbKcx7MMum66_4napi9js_values15object_propertyNtB5_8Property14with_utf8_name (in /mnt/c/Users/guido/ghq/projects/rustdom/dist/rustdom.node)
==2406856==    by 0x22DD5833: _RNvNvNvNvNtNtNtCsdulfWib0rSm_7rustdom3dom4tree32___napi_impl_helper_NativeTree_1336___napi_register__NativeTree_impl_2541__18___CTOR_PRIVATE_REF14___ctor_private (in /mnt/c/Users/guido/ghq/projects/rustdom/dist/rustdom.node)
==2406856==    by 0x681447D: call_init.part.0 (dl-init.c:70)
==2406856==    by 0x6814567: call_init (dl-init.c:33)
==2406856==    by 0x6814567: _dl_init (dl-init.c:117)
==2406856==    by 0x7522BB4: _dl_catch_exception (dl-error-skeleton.c:182)
==2406856==    by 0x681BFF5: dl_open_worker (dl-open.c:808)
==2406856==    by 0x681BFF5: dl_open_worker (dl-open.c:771)
==2406856==    by 0x7522B57: _dl_catch_exception (dl-error-skeleton.c:208)
==2406856==    by 0x681C34D: _dl_open (dl-open.c:883)
==2406856==    by 0x743E5FB: dlopen_doit (dlopen.c:56)
==2406856==    by 0x7522B57: _dl_catch_exception (dl-error-skeleton.c:208)
==2406856== 
==2406856== 19 bytes in 1 blocks are possibly lost in loss record 235 of 367
==2406856==    at 0x7056899: malloc (in /mnt/c/Users/guido/ghq/projects/rustdom/.tools/valgrind/usr/libexec/valgrind/vgpreload_memcheck-amd64-linux.so)
==2406856==    by 0x22E5C032: _RNvXs0_NvMs_NtNtCs6i54tJFfzR_5alloc3ffi5c_strNtBa_7CString3newReNtB5_11SpecNewImpl13spec_new_impl (in /mnt/c/Users/guido/ghq/projects/rustdom/dist/rustdom.node)
==2406856==    by 0x22E112BF: _RNvMs2_NtNtCsbKcx7MMum66_4napi9js_values15object_propertyNtB5_8Property14with_utf8_name (in /mnt/c/Users/guido/ghq/projects/rustdom/dist/rustdom.node)
==2406856==    by 0x22DB011A: _RNvNvNtNtNtCsdulfWib0rSm_7rustdom3dom4tree32___napi_impl_helper_NativeTree_1436___napi_register__NativeTree_impl_38720___ctor_private_inner (in /mnt/c/Users/guido/ghq/projects/rustdom/dist/rustdom.node)
==2406856==    by 0x22DD6E85: _RNvNvNvNvNtNtNtCsdulfWib0rSm_7rustdom3dom4tree32___napi_impl_helper_NativeTree_1436___napi_register__NativeTree_impl_3871__18___CTOR_PRIVATE_REF14___ctor_private (in /mnt/c/Users/guido/ghq/projects/rustdom/dist/rustdom.node)
==2406856==    by 0x681447D: call_init.part.0 (dl-init.c:70)
==2406856==    by 0x6814567: call_init (dl-init.c:33)
==2406856==    by 0x6814567: _dl_init (dl-init.c:117)
==2406856==    by 0x7522BB4: _dl_catch_exception (dl-error-skeleton.c:182)
==2406856==    by 0x681BFF5: dl_open_worker (dl-open.c:808)
==2406856==    by 0x681BFF5: dl_open_worker (dl-open.c:771)
==2406856==    by 0x7522B57: _dl_catch_exception (dl-error-skeleton.c:208)
==2406856==    by 0x681C34D: _dl_open (dl-open.c:883)
==2406856==    by 0x743E5FB: dlopen_doit (dlopen.c:56)
==2406856== 
==2406856== 19 bytes in 1 blocks are possibly lost in loss record 236 of 367
==2406856==    at 0x7056899: malloc (in /mnt/c/Users/guido/ghq/projects/rustdom/.tools/valgrind/usr/libexec/valgrind/vgpreload_memcheck-amd64-linux.so)
==2406856==    by 0x22E5C032: _RNvXs0_NvMs_NtNtCs6i54tJFfzR_5alloc3ffi5c_strNtBa_7CString3newReNtB5_11SpecNewImpl13spec_new_impl (in /mnt/c/Users/guido/ghq/projects/rustdom/dist/rustdom.node)
==2406856==    by 0x22E112BF: _RNvMs2_NtNtCsbKcx7MMum66_4napi9js_values15object_propertyNtB5_8Property14with_utf8_name (in /mnt/c/Users/guido/ghq/projects/rustdom/dist/rustdom.node)
==2406856==    by 0x22DB1CCD: _RNvNvNtNtNtCsdulfWib0rSm_7rustdom3dom4tree32___napi_impl_helper_NativeTree_1436___napi_register__NativeTree_impl_38720___ctor_private_inner (in /mnt/c/Users/guido/ghq/projects/rustdom/dist/rustdom.node)
==2406856==    by 0x22DD6E85: _RNvNvNvNvNtNtNtCsdulfWib0rSm_7rustdom3dom4tree32___napi_impl_helper_NativeTree_1436___napi_register__NativeTree_impl_3871__18___CTOR_PRIVATE_REF14___ctor_private (in /mnt/c/Users/guido/ghq/projects/rustdom/dist/rustdom.node)
==2406856==    by 0x681447D: call_init.part.0 (dl-init.c:70)
==2406856==    by 0x6814567: call_init (dl-init.c:33)
==2406856==    by 0x6814567: _dl_init (dl-init.c:117)
==2406856==    by 0x7522BB4: _dl_catch_exception (dl-error-skeleton.c:182)
==2406856==    by 0x681BFF5: dl_open_worker (dl-open.c:808)
==2406856==    by 0x681BFF5: dl_open_worker (dl-open.c:771)
==2406856==    by 0x7522B57: _dl_catch_exception (dl-error-skeleton.c:208)
==2406856==    by 0x681C34D: _dl_open (dl-open.c:883)
==2406856==    by 0x743E5FB: dlopen_doit (dlopen.c:56)
==2406856== 
==2406856== 19 bytes in 1 blocks are possibly lost in loss record 237 of 367
==2406856==    at 0x7056899: malloc (in /mnt/c/Users/guido/ghq/projects/rustdom/.tools/valgrind/usr/libexec/valgrind/vgpreload_memcheck-amd64-linux.so)
==2406856==    by 0x22E5C032: _RNvXs0_NvMs_NtNtCs6i54tJFfzR_5alloc3ffi5c_strNtBa_7CString3newReNtB5_11SpecNewImpl13spec_new_impl (in /mnt/c/Users/guido/ghq/projects/rustdom/dist/rustdom.node)
==2406856==    by 0x22E112BF: _RNvMs2_NtNtCsbKcx7MMum66_4napi9js_values15object_propertyNtB5_8Property14with_utf8_name (in /mnt/c/Users/guido/ghq/projects/rustdom/dist/rustdom.node)
==2406856==    by 0x22DB20E5: _RNvNvNtNtNtCsdulfWib0rSm_7rustdom3dom4tree32___napi_impl_helper_NativeTree_1436___napi_register__NativeTree_impl_38720___ctor_private_inner (in /mnt/c/Users/guido/ghq/projects/rustdom/dist/rustdom.node)
==2406856==    by 0x22DD6E85: _RNvNvNvNvNtNtNtCsdulfWib0rSm_7rustdom3dom4tree32___napi_impl_helper_NativeTree_1436___napi_register__NativeTree_impl_3871__18___CTOR_PRIVATE_REF14___ctor_private (in /mnt/c/Users/guido/ghq/projects/rustdom/dist/rustdom.node)
==2406856==    by 0x681447D: call_init.part.0 (dl-init.c:70)
==2406856==    by 0x6814567: call_init (dl-init.c:33)
==2406856==    by 0x6814567: _dl_init (dl-init.c:117)
==2406856==    by 0x7522BB4: _dl_catch_exception (dl-error-skeleton.c:182)
==2406856==    by 0x681BFF5: dl_open_worker (dl-open.c:808)
==2406856==    by 0x681BFF5: dl_open_worker (dl-open.c:771)
==2406856==    by 0x7522B57: _dl_catch_exception (dl-error-skeleton.c:208)
==2406856==    by 0x681C34D: _dl_open (dl-open.c:883)
==2406856==    by 0x743E5FB: dlopen_doit (dlopen.c:56)
==2406856== 
==2406856== 19 bytes in 1 blocks are possibly lost in loss record 238 of 367
==2406856==    at 0x7056899: malloc (in /mnt/c/Users/guido/ghq/projects/rustdom/.tools/valgrind/usr/libexec/valgrind/vgpreload_memcheck-amd64-linux.so)
==2406856==    by 0x22E5C032: _RNvXs0_NvMs_NtNtCs6i54tJFfzR_5alloc3ffi5c_strNtBa_7CString3newReNtB5_11SpecNewImpl13spec_new_impl (in /mnt/c/Users/guido/ghq/projects/rustdom/dist/rustdom.node)
==2406856==    by 0x22E112BF: _RNvMs2_NtNtCsbKcx7MMum66_4napi9js_values15object_propertyNtB5_8Property14with_utf8_name (in /mnt/c/Users/guido/ghq/projects/rustdom/dist/rustdom.node)
==2406856==    by 0x22DB280F: _RNvNvNtNtNtCsdulfWib0rSm_7rustdom3dom4tree32___napi_impl_helper_NativeTree_1436___napi_register__NativeTree_impl_38720___ctor_private_inner (in /mnt/c/Users/guido/ghq/projects/rustdom/dist/rustdom.node)
==2406856==    by 0x22DD6E85: _RNvNvNvNvNtNtNtCsdulfWib0rSm_7rustdom3dom4tree32___napi_impl_helper_NativeTree_1436___napi_register__NativeTree_impl_3871__18___CTOR_PRIVATE_REF14___ctor_private (in /mnt/c/Users/guido/ghq/projects/rustdom/dist/rustdom.node)
==2406856==    by 0x681447D: call_init.part.0 (dl-init.c:70)
==2406856==    by 0x6814567: call_init (dl-init.c:33)
==2406856==    by 0x6814567: _dl_init (dl-init.c:117)
==2406856==    by 0x7522BB4: _dl_catch_exception (dl-error-skeleton.c:182)
==2406856==    by 0x681BFF5: dl_open_worker (dl-open.c:808)
==2406856==    by 0x681BFF5: dl_open_worker (dl-open.c:771)
==2406856==    by 0x7522B57: _dl_catch_exception (dl-error-skeleton.c:208)
==2406856==    by 0x681C34D: _dl_open (dl-open.c:883)
==2406856==    by 0x743E5FB: dlopen_doit (dlopen.c:56)
==2406856== 
==2406856== 19 bytes in 1 blocks are possibly lost in loss record 239 of 367
==2406856==    at 0x7056899: malloc (in /mnt/c/Users/guido/ghq/projects/rustdom/.tools/valgrind/usr/libexec/valgrind/vgpreload_memcheck-amd64-linux.so)
==2406856==    by 0x22E5C032: _RNvXs0_NvMs_NtNtCs6i54tJFfzR_5alloc3ffi5c_strNtBa_7CString3newReNtB5_11SpecNewImpl13spec_new_impl (in /mnt/c/Users/guido/ghq/projects/rustdom/dist/rustdom.node)
==2406856==    by 0x22E112BF: _RNvMs2_NtNtCsbKcx7MMum66_4napi9js_values15object_propertyNtB5_8Property14with_utf8_name (in /mnt/c/Users/guido/ghq/projects/rustdom/dist/rustdom.node)
==2406856==    by 0x22DB3D8D: _RNvNvNtNtNtCsdulfWib0rSm_7rustdom3dom4tree32___napi_impl_helper_NativeTree_1436___napi_register__NativeTree_impl_38720___ctor_private_inner (in /mnt/c/Users/guido/ghq/projects/rustdom/dist/rustdom.node)
==2406856==    by 0x22DD6E85: _RNvNvNvNvNtNtNtCsdulfWib0rSm_7rustdom3dom4tree32___napi_impl_helper_NativeTree_1436___napi_register__NativeTree_impl_3871__18___CTOR_PRIVATE_REF14___ctor_private (in /mnt/c/Users/guido/ghq/projects/rustdom/dist/rustdom.node)
==2406856==    by 0x681447D: call_init.part.0 (dl-init.c:70)
==2406856==    by 0x6814567: call_init (dl-init.c:33)
==2406856==    by 0x6814567: _dl_init (dl-init.c:117)
==2406856==    by 0x7522BB4: _dl_catch_exception (dl-error-skeleton.c:182)
==2406856==    by 0x681BFF5: dl_open_worker (dl-open.c:808)
==2406856==    by 0x681BFF5: dl_open_worker (dl-open.c:771)
==2406856==    by 0x7522B57: _dl_catch_exception (dl-error-skeleton.c:208)
==2406856==    by 0x681C34D: _dl_open (dl-open.c:883)
==2406856==    by 0x743E5FB: dlopen_doit (dlopen.c:56)
==2406856== 
==2406856== 19 bytes in 1 blocks are possibly lost in loss record 240 of 367
==2406856==    at 0x7056899: malloc (in /mnt/c/Users/guido/ghq/projects/rustdom/.tools/valgrind/usr/libexec/valgrind/vgpreload_memcheck-amd64-linux.so)
==2406856==    by 0x22E5C032: _RNvXs0_NvMs_NtNtCs6i54tJFfzR_5alloc3ffi5c_strNtBa_7CString3newReNtB5_11SpecNewImpl13spec_new_impl (in /mnt/c/Users/guido/ghq/projects/rustdom/dist/rustdom.node)
==2406856==    by 0x22E112BF: _RNvMs2_NtNtCsbKcx7MMum66_4napi9js_values15object_propertyNtB5_8Property14with_utf8_name (in /mnt/c/Users/guido/ghq/projects/rustdom/dist/rustdom.node)
==2406856==    by 0x22DB409F: _RNvNvNtNtNtCsdulfWib0rSm_7rustdom3dom4tree32___napi_impl_helper_NativeTree_1436___napi_register__NativeTree_impl_38720___ctor_private_inner (in /mnt/c/Users/guido/ghq/projects/rustdom/dist/rustdom.node)
==2406856==    by 0x22DD6E85: _RNvNvNvNvNtNtNtCsdulfWib0rSm_7rustdom3dom4tree32___napi_impl_helper_NativeTree_1436___napi_register__NativeTree_impl_3871__18___CTOR_PRIVATE_REF14___ctor_private (in /mnt/c/Users/guido/ghq/projects/rustdom/dist/rustdom.node)
==2406856==    by 0x681447D: call_init.part.0 (dl-init.c:70)
==2406856==    by 0x6814567: call_init (dl-init.c:33)
==2406856==    by 0x6814567: _dl_init (dl-init.c:117)
==2406856==    by 0x7522BB4: _dl_catch_exception (dl-error-skeleton.c:182)
==2406856==    by 0x681BFF5: dl_open_worker (dl-open.c:808)
==2406856==    by 0x681BFF5: dl_open_worker (dl-open.c:771)
==2406856==    by 0x7522B57: _dl_catch_exception (dl-error-skeleton.c:208)
==2406856==    by 0x681C34D: _dl_open (dl-open.c:883)
==2406856==    by 0x743E5FB: dlopen_doit (dlopen.c:56)
==2406856== 
==2406856== 19 bytes in 1 blocks are possibly lost in loss record 241 of 367
==2406856==    at 0x7056899: malloc (in /mnt/c/Users/guido/ghq/projects/rustdom/.tools/valgrind/usr/libexec/valgrind/vgpreload_memcheck-amd64-linux.so)
==2406856==    by 0x22E5C032: _RNvXs0_NvMs_NtNtCs6i54tJFfzR_5alloc3ffi5c_strNtBa_7CString3newReNtB5_11SpecNewImpl13spec_new_impl (in /mnt/c/Users/guido/ghq/projects/rustdom/dist/rustdom.node)
==2406856==    by 0x22E112BF: _RNvMs2_NtNtCsbKcx7MMum66_4napi9js_values15object_propertyNtB5_8Property14with_utf8_name (in /mnt/c/Users/guido/ghq/projects/rustdom/dist/rustdom.node)
==2406856==    by 0x22DB44B7: _RNvNvNtNtNtCsdulfWib0rSm_7rustdom3dom4tree32___napi_impl_helper_NativeTree_1436___napi_register__NativeTree_impl_38720___ctor_private_inner (in /mnt/c/Users/guido/ghq/projects/rustdom/dist/rustdom.node)
==2406856==    by 0x22DD6E85: _RNvNvNvNvNtNtNtCsdulfWib0rSm_7rustdom3dom4tree32___napi_impl_helper_NativeTree_1436___napi_register__NativeTree_impl_3871__18___CTOR_PRIVATE_REF14___ctor_private (in /mnt/c/Users/guido/ghq/projects/rustdom/dist/rustdom.node)
==2406856==    by 0x681447D: call_init.part.0 (dl-init.c:70)
==2406856==    by 0x6814567: call_init (dl-init.c:33)
==2406856==    by 0x6814567: _dl_init (dl-init.c:117)
==2406856==    by 0x7522BB4: _dl_catch_exception (dl-error-skeleton.c:182)
==2406856==    by 0x681BFF5: dl_open_worker (dl-open.c:808)
==2406856==    by 0x681BFF5: dl_open_worker (dl-open.c:771)
==2406856==    by 0x7522B57: _dl_catch_exception (dl-error-skeleton.c:208)
==2406856==    by 0x681C34D: _dl_open (dl-open.c:883)
==2406856==    by 0x743E5FB: dlopen_doit (dlopen.c:56)
==2406856== 
==2406856== 19 bytes in 1 blocks are possibly lost in loss record 242 of 367
==2406856==    at 0x7056899: malloc (in /mnt/c/Users/guido/ghq/projects/rustdom/.tools/valgrind/usr/libexec/valgrind/vgpreload_memcheck-amd64-linux.so)
==2406856==    by 0x22E5C032: _RNvXs0_NvMs_NtNtCs6i54tJFfzR_5alloc3ffi5c_strNtBa_7CString3newReNtB5_11SpecNewImpl13spec_new_impl (in /mnt/c/Users/guido/ghq/projects/rustdom/dist/rustdom.node)
==2406856==    by 0x22E112BF: _RNvMs2_NtNtCsbKcx7MMum66_4napi9js_values15object_propertyNtB5_8Property14with_utf8_name (in /mnt/c/Users/guido/ghq/projects/rustdom/dist/rustdom.node)
==2406856==    by 0x22DB4FF9: _RNvNvNtNtNtCsdulfWib0rSm_7rustdom3dom4tree32___napi_impl_helper_NativeTree_1436___napi_register__NativeTree_impl_38720___ctor_private_inner (in /mnt/c/Users/guido/ghq/projects/rustdom/dist/rustdom.node)
==2406856==    by 0x22DD6E85: _RNvNvNvNvNtNtNtCsdulfWib0rSm_7rustdom3dom4tree32___napi_impl_helper_NativeTree_1436___napi_register__NativeTree_impl_3871__18___CTOR_PRIVATE_REF14___ctor_private (in /mnt/c/Users/guido/ghq/projects/rustdom/dist/rustdom.node)
==2406856==    by 0x681447D: call_init.part.0 (dl-init.c:70)
==2406856==    by 0x6814567: call_init (dl-init.c:33)
==2406856==    by 0x6814567: _dl_init (dl-init.c:117)
==2406856==    by 0x7522BB4: _dl_catch_exception (dl-error-skeleton.c:182)
==2406856==    by 0x681BFF5: dl_open_worker (dl-open.c:808)
==2406856==    by 0x681BFF5: dl_open_worker (dl-open.c:771)
==2406856==    by 0x7522B57: _dl_catch_exception (dl-error-skeleton.c:208)
==2406856==    by 0x681C34D: _dl_open (dl-open.c:883)
==2406856==    by 0x743E5FB: dlopen_doit (dlopen.c:56)
==2406856== 
==2406856== 19 bytes in 1 blocks are possibly lost in loss record 243 of 367
==2406856==    at 0x7056899: malloc (in /mnt/c/Users/guido/ghq/projects/rustdom/.tools/valgrind/usr/libexec/valgrind/vgpreload_memcheck-amd64-linux.so)
==2406856==    by 0x22E5C032: _RNvXs0_NvMs_NtNtCs6i54tJFfzR_5alloc3ffi5c_strNtBa_7CString3newReNtB5_11SpecNewImpl13spec_new_impl (in /mnt/c/Users/guido/ghq/projects/rustdom/dist/rustdom.node)
==2406856==    by 0x22E112BF: _RNvMs2_NtNtCsbKcx7MMum66_4napi9js_values15object_propertyNtB5_8Property14with_utf8_name (in /mnt/c/Users/guido/ghq/projects/rustdom/dist/rustdom.node)
==2406856==    by 0x22DB5723: _RNvNvNtNtNtCsdulfWib0rSm_7rustdom3dom4tree32___napi_impl_helper_NativeTree_1436___napi_register__NativeTree_impl_38720___ctor_private_inner (in /mnt/c/Users/guido/ghq/projects/rustdom/dist/rustdom.node)
==2406856==    by 0x22DD6E85: _RNvNvNvNvNtNtNtCsdulfWib0rSm_7rustdom3dom4tree32___napi_impl_helper_NativeTree_1436___napi_register__NativeTree_impl_3871__18___CTOR_PRIVATE_REF14___ctor_private (in /mnt/c/Users/guido/ghq/projects/rustdom/dist/rustdom.node)
==2406856==    by 0x681447D: call_init.part.0 (dl-init.c:70)
==2406856==    by 0x6814567: call_init (dl-init.c:33)
==2406856==    by 0x6814567: _dl_init (dl-init.c:117)
==2406856==    by 0x7522BB4: _dl_catch_exception (dl-error-skeleton.c:182)
==2406856==    by 0x681BFF5: dl_open_worker (dl-open.c:808)
==2406856==    by 0x681BFF5: dl_open_worker (dl-open.c:771)
==2406856==    by 0x7522B57: _dl_catch_exception (dl-error-skeleton.c:208)
==2406856==    by 0x681C34D: _dl_open (dl-open.c:883)
==2406856==    by 0x743E5FB: dlopen_doit (dlopen.c:56)
==2406856== 
==2406856== 19 bytes in 1 blocks are possibly lost in loss record 244 of 367
==2406856==    at 0x7056899: malloc (in /mnt/c/Users/guido/ghq/projects/rustdom/.tools/valgrind/usr/libexec/valgrind/vgpreload_memcheck-amd64-linux.so)
==2406856==    by 0x22E5C032: _RNvXs0_NvMs_NtNtCs6i54tJFfzR_5alloc3ffi5c_strNtBa_7CString3newReNtB5_11SpecNewImpl13spec_new_impl (in /mnt/c/Users/guido/ghq/projects/rustdom/dist/rustdom.node)
==2406856==    by 0x22E112BF: _RNvMs2_NtNtCsbKcx7MMum66_4napi9js_values15object_propertyNtB5_8Property14with_utf8_name (in /mnt/c/Users/guido/ghq/projects/rustdom/dist/rustdom.node)
==2406856==    by 0x22DB636B: _RNvNvNtNtNtCsdulfWib0rSm_7rustdom3dom4tree32___napi_impl_helper_NativeTree_1436___napi_register__NativeTree_impl_38720___ctor_private_inner (in /mnt/c/Users/guido/ghq/projects/rustdom/dist/rustdom.node)
==2406856==    by 0x22DD6E85: _RNvNvNvNvNtNtNtCsdulfWib0rSm_7rustdom3dom4tree32___napi_impl_helper_NativeTree_1436___napi_register__NativeTree_impl_3871__18___CTOR_PRIVATE_REF14___ctor_private (in /mnt/c/Users/guido/ghq/projects/rustdom/dist/rustdom.node)
==2406856==    by 0x681447D: call_init.part.0 (dl-init.c:70)
==2406856==    by 0x6814567: call_init (dl-init.c:33)
==2406856==    by 0x6814567: _dl_init (dl-init.c:117)
==2406856==    by 0x7522BB4: _dl_catch_exception (dl-error-skeleton.c:182)
==2406856==    by 0x681BFF5: dl_open_worker (dl-open.c:808)
==2406856==    by 0x681BFF5: dl_open_worker (dl-open.c:771)
==2406856==    by 0x7522B57: _dl_catch_exception (dl-error-skeleton.c:208)
==2406856==    by 0x681C34D: _dl_open (dl-open.c:883)
==2406856==    by 0x743E5FB: dlopen_doit (dlopen.c:56)
==2406856== 
==2406856== 19 bytes in 1 blocks are possibly lost in loss record 245 of 367
==2406856==    at 0x7056899: malloc (in /mnt/c/Users/guido/ghq/projects/rustdom/.tools/valgrind/usr/libexec/valgrind/vgpreload_memcheck-amd64-linux.so)
==2406856==    by 0x22E5C032: _RNvXs0_NvMs_NtNtCs6i54tJFfzR_5alloc3ffi5c_strNtBa_7CString3newReNtB5_11SpecNewImpl13spec_new_impl (in /mnt/c/Users/guido/ghq/projects/rustdom/dist/rustdom.node)
==2406856==    by 0x22E112BF: _RNvMs2_NtNtCsbKcx7MMum66_4napi9js_values15object_propertyNtB5_8Property14with_utf8_name (in /mnt/c/Users/guido/ghq/projects/rustdom/dist/rustdom.node)
==2406856==    by 0x22DB6577: _RNvNvNtNtNtCsdulfWib0rSm_7rustdom3dom4tree32___napi_impl_helper_NativeTree_1436___napi_register__NativeTree_impl_38720___ctor_private_inner (in /mnt/c/Users/guido/ghq/projects/rustdom/dist/rustdom.node)
==2406856==    by 0x22DD6E85: _RNvNvNvNvNtNtNtCsdulfWib0rSm_7rustdom3dom4tree32___napi_impl_helper_NativeTree_1436___napi_register__NativeTree_impl_3871__18___CTOR_PRIVATE_REF14___ctor_private (in /mnt/c/Users/guido/ghq/projects/rustdom/dist/rustdom.node)
==2406856==    by 0x681447D: call_init.part.0 (dl-init.c:70)
==2406856==    by 0x6814567: call_init (dl-init.c:33)
==2406856==    by 0x6814567: _dl_init (dl-init.c:117)
==2406856==    by 0x7522BB4: _dl_catch_exception (dl-error-skeleton.c:182)
==2406856==    by 0x681BFF5: dl_open_worker (dl-open.c:808)
==2406856==    by 0x681BFF5: dl_open_worker (dl-open.c:771)
==2406856==    by 0x7522B57: _dl_catch_exception (dl-error-skeleton.c:208)
==2406856==    by 0x681C34D: _dl_open (dl-open.c:883)
==2406856==    by 0x743E5FB: dlopen_doit (dlopen.c:56)
==2406856== 
==2406856== 20 bytes in 1 blocks are possibly lost in loss record 246 of 367
==2406856==    at 0x7056899: malloc (in /mnt/c/Users/guido/ghq/projects/rustdom/.tools/valgrind/usr/libexec/valgrind/vgpreload_memcheck-amd64-linux.so)
==2406856==    by 0x22E5C032: _RNvXs0_NvMs_NtNtCs6i54tJFfzR_5alloc3ffi5c_strNtBa_7CString3newReNtB5_11SpecNewImpl13spec_new_impl (in /mnt/c/Users/guido/ghq/projects/rustdom/dist/rustdom.node)
==2406856==    by 0x22E112BF: _RNvMs2_NtNtCsbKcx7MMum66_4napi9js_values15object_propertyNtB5_8Property14with_utf8_name (in /mnt/c/Users/guido/ghq/projects/rustdom/dist/rustdom.node)
==2406856==    by 0x22DCB242: _RNvNvNvNvNtNtNtCsdulfWib0rSm_7rustdom3dom19range_state_binding32___napi_impl_helper_NativeRange_937___napi_register__NativeRange_impl_1821__18___CTOR_PRIVATE_REF14___ctor_private (in /mnt/c/Users/guido/ghq/projects/rustdom/dist/rustdom.node)
==2406856==    by 0x681447D: call_init.part.0 (dl-init.c:70)
==2406856==    by 0x6814567: call_init (dl-init.c:33)
==2406856==    by 0x6814567: _dl_init (dl-init.c:117)
==2406856==    by 0x7522BB4: _dl_catch_exception (dl-error-skeleton.c:182)
==2406856==    by 0x681BFF5: dl_open_worker (dl-open.c:808)
==2406856==    by 0x681BFF5: dl_open_worker (dl-open.c:771)
==2406856==    by 0x7522B57: _dl_catch_exception (dl-error-skeleton.c:208)
==2406856==    by 0x681C34D: _dl_open (dl-open.c:883)
==2406856==    by 0x743E5FB: dlopen_doit (dlopen.c:56)
==2406856==    by 0x7522B57: _dl_catch_exception (dl-error-skeleton.c:208)
==2406856== 
==2406856== 20 bytes in 1 blocks are possibly lost in loss record 247 of 367
==2406856==    at 0x7056899: malloc (in /mnt/c/Users/guido/ghq/projects/rustdom/.tools/valgrind/usr/libexec/valgrind/vgpreload_memcheck-amd64-linux.so)
==2406856==    by 0x22E5C032: _RNvXs0_NvMs_NtNtCs6i54tJFfzR_5alloc3ffi5c_strNtBa_7CString3newReNtB5_11SpecNewImpl13spec_new_impl (in /mnt/c/Users/guido/ghq/projects/rustdom/dist/rustdom.node)
==2406856==    by 0x22E112BF: _RNvMs2_NtNtCsbKcx7MMum66_4napi9js_values15object_propertyNtB5_8Property14with_utf8_name (in /mnt/c/Users/guido/ghq/projects/rustdom/dist/rustdom.node)
==2406856==    by 0x22DD5A3F: _RNvNvNvNvNtNtNtCsdulfWib0rSm_7rustdom3dom4tree32___napi_impl_helper_NativeTree_1336___napi_register__NativeTree_impl_2541__18___CTOR_PRIVATE_REF14___ctor_private (in /mnt/c/Users/guido/ghq/projects/rustdom/dist/rustdom.node)
==2406856==    by 0x681447D: call_init.part.0 (dl-init.c:70)
==2406856==    by 0x6814567: call_init (dl-init.c:33)
==2406856==    by 0x6814567: _dl_init (dl-init.c:117)
==2406856==    by 0x7522BB4: _dl_catch_exception (dl-error-skeleton.c:182)
==2406856==    by 0x681BFF5: dl_open_worker (dl-open.c:808)
==2406856==    by 0x681BFF5: dl_open_worker (dl-open.c:771)
==2406856==    by 0x7522B57: _dl_catch_exception (dl-error-skeleton.c:208)
==2406856==    by 0x681C34D: _dl_open (dl-open.c:883)
==2406856==    by 0x743E5FB: dlopen_doit (dlopen.c:56)
==2406856==    by 0x7522B57: _dl_catch_exception (dl-error-skeleton.c:208)
==2406856== 
==2406856== 20 bytes in 1 blocks are possibly lost in loss record 248 of 367
==2406856==    at 0x7056899: malloc (in /mnt/c/Users/guido/ghq/projects/rustdom/.tools/valgrind/usr/libexec/valgrind/vgpreload_memcheck-amd64-linux.so)
==2406856==    by 0x22E5C032: _RNvXs0_NvMs_NtNtCs6i54tJFfzR_5alloc3ffi5c_strNtBa_7CString3newReNtB5_11SpecNewImpl13spec_new_impl (in /mnt/c/Users/guido/ghq/projects/rustdom/dist/rustdom.node)
==2406856==    by 0x22E112BF: _RNvMs2_NtNtCsbKcx7MMum66_4napi9js_values15object_propertyNtB5_8Property14with_utf8_name (in /mnt/c/Users/guido/ghq/projects/rustdom/dist/rustdom.node)
==2406856==    by 0x22DB1397: _RNvNvNtNtNtCsdulfWib0rSm_7rustdom3dom4tree32___napi_impl_helper_NativeTree_1436___napi_register__NativeTree_impl_38720___ctor_private_inner (in /mnt/c/Users/guido/ghq/projects/rustdom/dist/rustdom.node)
==2406856==    by 0x22DD6E85: _RNvNvNvNvNtNtNtCsdulfWib0rSm_7rustdom3dom4tree32___napi_impl_helper_NativeTree_1436___napi_register__NativeTree_impl_3871__18___CTOR_PRIVATE_REF14___ctor_private (in /mnt/c/Users/guido/ghq/projects/rustdom/dist/rustdom.node)
==2406856==    by 0x681447D: call_init.part.0 (dl-init.c:70)
==2406856==    by 0x6814567: call_init (dl-init.c:33)
==2406856==    by 0x6814567: _dl_init (dl-init.c:117)
==2406856==    by 0x7522BB4: _dl_catch_exception (dl-error-skeleton.c:182)
==2406856==    by 0x681BFF5: dl_open_worker (dl-open.c:808)
==2406856==    by 0x681BFF5: dl_open_worker (dl-open.c:771)
==2406856==    by 0x7522B57: _dl_catch_exception (dl-error-skeleton.c:208)
==2406856==    by 0x681C34D: _dl_open (dl-open.c:883)
==2406856==    by 0x743E5FB: dlopen_doit (dlopen.c:56)
==2406856== 
==2406856== 20 bytes in 1 blocks are possibly lost in loss record 249 of 367
==2406856==    at 0x7056899: malloc (in /mnt/c/Users/guido/ghq/projects/rustdom/.tools/valgrind/usr/libexec/valgrind/vgpreload_memcheck-amd64-linux.so)
==2406856==    by 0x22E5C032: _RNvXs0_NvMs_NtNtCs6i54tJFfzR_5alloc3ffi5c_strNtBa_7CString3newReNtB5_11SpecNewImpl13spec_new_impl (in /mnt/c/Users/guido/ghq/projects/rustdom/dist/rustdom.node)
==2406856==    by 0x22E112BF: _RNvMs2_NtNtCsbKcx7MMum66_4napi9js_values15object_propertyNtB5_8Property14with_utf8_name (in /mnt/c/Users/guido/ghq/projects/rustdom/dist/rustdom.node)
==2406856==    by 0x22DB3E93: _RNvNvNtNtNtCsdulfWib0rSm_7rustdom3dom4tree32___napi_impl_helper_NativeTree_1436___napi_register__NativeTree_impl_38720___ctor_private_inner (in /mnt/c/Users/guido/ghq/projects/rustdom/dist/rustdom.node)
==2406856==    by 0x22DD6E85: _RNvNvNvNvNtNtNtCsdulfWib0rSm_7rustdom3dom4tree32___napi_impl_helper_NativeTree_1436___napi_register__NativeTree_impl_3871__18___CTOR_PRIVATE_REF14___ctor_private (in /mnt/c/Users/guido/ghq/projects/rustdom/dist/rustdom.node)
==2406856==    by 0x681447D: call_init.part.0 (dl-init.c:70)
==2406856==    by 0x6814567: call_init (dl-init.c:33)
==2406856==    by 0x6814567: _dl_init (dl-init.c:117)
==2406856==    by 0x7522BB4: _dl_catch_exception (dl-error-skeleton.c:182)
==2406856==    by 0x681BFF5: dl_open_worker (dl-open.c:808)
==2406856==    by 0x681BFF5: dl_open_worker (dl-open.c:771)
==2406856==    by 0x7522B57: _dl_catch_exception (dl-error-skeleton.c:208)
==2406856==    by 0x681C34D: _dl_open (dl-open.c:883)
==2406856==    by 0x743E5FB: dlopen_doit (dlopen.c:56)
==2406856== 
==2406856== 20 bytes in 1 blocks are possibly lost in loss record 250 of 367
==2406856==    at 0x7056899: malloc (in /mnt/c/Users/guido/ghq/projects/rustdom/.tools/valgrind/usr/libexec/valgrind/vgpreload_memcheck-amd64-linux.so)
==2406856==    by 0x22E5C032: _RNvXs0_NvMs_NtNtCs6i54tJFfzR_5alloc3ffi5c_strNtBa_7CString3newReNtB5_11SpecNewImpl13spec_new_impl (in /mnt/c/Users/guido/ghq/projects/rustdom/dist/rustdom.node)
==2406856==    by 0x22E112BF: _RNvMs2_NtNtCsbKcx7MMum66_4napi9js_values15object_propertyNtB5_8Property14with_utf8_name (in /mnt/c/Users/guido/ghq/projects/rustdom/dist/rustdom.node)
==2406856==    by 0x22DB42AB: _RNvNvNtNtNtCsdulfWib0rSm_7rustdom3dom4tree32___napi_impl_helper_NativeTree_1436___napi_register__NativeTree_impl_38720___ctor_private_inner (in /mnt/c/Users/guido/ghq/projects/rustdom/dist/rustdom.node)
==2406856==    by 0x22DD6E85: _RNvNvNvNvNtNtNtCsdulfWib0rSm_7rustdom3dom4tree32___napi_impl_helper_NativeTree_1436___napi_register__NativeTree_impl_3871__18___CTOR_PRIVATE_REF14___ctor_private (in /mnt/c/Users/guido/ghq/projects/rustdom/dist/rustdom.node)
==2406856==    by 0x681447D: call_init.part.0 (dl-init.c:70)
==2406856==    by 0x6814567: call_init (dl-init.c:33)
==2406856==    by 0x6814567: _dl_init (dl-init.c:117)
==2406856==    by 0x7522BB4: _dl_catch_exception (dl-error-skeleton.c:182)
==2406856==    by 0x681BFF5: dl_open_worker (dl-open.c:808)
==2406856==    by 0x681BFF5: dl_open_worker (dl-open.c:771)
==2406856==    by 0x7522B57: _dl_catch_exception (dl-error-skeleton.c:208)
==2406856==    by 0x681C34D: _dl_open (dl-open.c:883)
==2406856==    by 0x743E5FB: dlopen_doit (dlopen.c:56)
==2406856== 
==2406856== 20 bytes in 1 blocks are possibly lost in loss record 251 of 367
==2406856==    at 0x7056899: malloc (in /mnt/c/Users/guido/ghq/projects/rustdom/.tools/valgrind/usr/libexec/valgrind/vgpreload_memcheck-amd64-linux.so)
==2406856==    by 0x22E5C032: _RNvXs0_NvMs_NtNtCs6i54tJFfzR_5alloc3ffi5c_strNtBa_7CString3newReNtB5_11SpecNewImpl13spec_new_impl (in /mnt/c/Users/guido/ghq/projects/rustdom/dist/rustdom.node)
==2406856==    by 0x22E112BF: _RNvMs2_NtNtCsbKcx7MMum66_4napi9js_values15object_propertyNtB5_8Property14with_utf8_name (in /mnt/c/Users/guido/ghq/projects/rustdom/dist/rustdom.node)
==2406856==    by 0x22DB6265: _RNvNvNtNtNtCsdulfWib0rSm_7rustdom3dom4tree32___napi_impl_helper_NativeTree_1436___napi_register__NativeTree_impl_38720___ctor_private_inner (in /mnt/c/Users/guido/ghq/projects/rustdom/dist/rustdom.node)
==2406856==    by 0x22DD6E85: _RNvNvNvNvNtNtNtCsdulfWib0rSm_7rustdom3dom4tree32___napi_impl_helper_NativeTree_1436___napi_register__NativeTree_impl_3871__18___CTOR_PRIVATE_REF14___ctor_private (in /mnt/c/Users/guido/ghq/projects/rustdom/dist/rustdom.node)
==2406856==    by 0x681447D: call_init.part.0 (dl-init.c:70)
==2406856==    by 0x6814567: call_init (dl-init.c:33)
==2406856==    by 0x6814567: _dl_init (dl-init.c:117)
==2406856==    by 0x7522BB4: _dl_catch_exception (dl-error-skeleton.c:182)
==2406856==    by 0x681BFF5: dl_open_worker (dl-open.c:808)
==2406856==    by 0x681BFF5: dl_open_worker (dl-open.c:771)
==2406856==    by 0x7522B57: _dl_catch_exception (dl-error-skeleton.c:208)
==2406856==    by 0x681C34D: _dl_open (dl-open.c:883)
==2406856==    by 0x743E5FB: dlopen_doit (dlopen.c:56)
==2406856== 
==2406856== 20 bytes in 1 blocks are possibly lost in loss record 252 of 367
==2406856==    at 0x7056899: malloc (in /mnt/c/Users/guido/ghq/projects/rustdom/.tools/valgrind/usr/libexec/valgrind/vgpreload_memcheck-amd64-linux.so)
==2406856==    by 0x22E5C032: _RNvXs0_NvMs_NtNtCs6i54tJFfzR_5alloc3ffi5c_strNtBa_7CString3newReNtB5_11SpecNewImpl13spec_new_impl (in /mnt/c/Users/guido/ghq/projects/rustdom/dist/rustdom.node)
==2406856==    by 0x22E112BF: _RNvMs2_NtNtCsbKcx7MMum66_4napi9js_values15object_propertyNtB5_8Property14with_utf8_name (in /mnt/c/Users/guido/ghq/projects/rustdom/dist/rustdom.node)
==2406856==    by 0x22DB6DA7: _RNvNvNtNtNtCsdulfWib0rSm_7rustdom3dom4tree32___napi_impl_helper_NativeTree_1436___napi_register__NativeTree_impl_38720___ctor_private_inner (in /mnt/c/Users/guido/ghq/projects/rustdom/dist/rustdom.node)
==2406856==    by 0x22DD6E85: _RNvNvNvNvNtNtNtCsdulfWib0rSm_7rustdom3dom4tree32___napi_impl_helper_NativeTree_1436___napi_register__NativeTree_impl_3871__18___CTOR_PRIVATE_REF14___ctor_private (in /mnt/c/Users/guido/ghq/projects/rustdom/dist/rustdom.node)
==2406856==    by 0x681447D: call_init.part.0 (dl-init.c:70)
==2406856==    by 0x6814567: call_init (dl-init.c:33)
==2406856==    by 0x6814567: _dl_init (dl-init.c:117)
==2406856==    by 0x7522BB4: _dl_catch_exception (dl-error-skeleton.c:182)
==2406856==    by 0x681BFF5: dl_open_worker (dl-open.c:808)
==2406856==    by 0x681BFF5: dl_open_worker (dl-open.c:771)
==2406856==    by 0x7522B57: _dl_catch_exception (dl-error-skeleton.c:208)
==2406856==    by 0x681C34D: _dl_open (dl-open.c:883)
==2406856==    by 0x743E5FB: dlopen_doit (dlopen.c:56)
==2406856== 
==2406856== 21 bytes in 1 blocks are possibly lost in loss record 253 of 367
==2406856==    at 0x7056899: malloc (in /mnt/c/Users/guido/ghq/projects/rustdom/.tools/valgrind/usr/libexec/valgrind/vgpreload_memcheck-amd64-linux.so)
==2406856==    by 0x22E5C032: _RNvXs0_NvMs_NtNtCs6i54tJFfzR_5alloc3ffi5c_strNtBa_7CString3newReNtB5_11SpecNewImpl13spec_new_impl (in /mnt/c/Users/guido/ghq/projects/rustdom/dist/rustdom.node)
==2406856==    by 0x22E112BF: _RNvMs2_NtNtCsbKcx7MMum66_4napi9js_values15object_propertyNtB5_8Property14with_utf8_name (in /mnt/c/Users/guido/ghq/projects/rustdom/dist/rustdom.node)
==2406856==    by 0x22DCB44E: _RNvNvNvNvNtNtNtCsdulfWib0rSm_7rustdom3dom19range_state_binding32___napi_impl_helper_NativeRange_937___napi_register__NativeRange_impl_1821__18___CTOR_PRIVATE_REF14___ctor_private (in /mnt/c/Users/guido/ghq/projects/rustdom/dist/rustdom.node)
==2406856==    by 0x681447D: call_init.part.0 (dl-init.c:70)
==2406856==    by 0x6814567: call_init (dl-init.c:33)
==2406856==    by 0x6814567: _dl_init (dl-init.c:117)
==2406856==    by 0x7522BB4: _dl_catch_exception (dl-error-skeleton.c:182)
==2406856==    by 0x681BFF5: dl_open_worker (dl-open.c:808)
==2406856==    by 0x681BFF5: dl_open_worker (dl-open.c:771)
==2406856==    by 0x7522B57: _dl_catch_exception (dl-error-skeleton.c:208)
==2406856==    by 0x681C34D: _dl_open (dl-open.c:883)
==2406856==    by 0x743E5FB: dlopen_doit (dlopen.c:56)
==2406856==    by 0x7522B57: _dl_catch_exception (dl-error-skeleton.c:208)
==2406856== 
==2406856== 21 bytes in 1 blocks are possibly lost in loss record 254 of 367
==2406856==    at 0x7056899: malloc (in /mnt/c/Users/guido/ghq/projects/rustdom/.tools/valgrind/usr/libexec/valgrind/vgpreload_memcheck-amd64-linux.so)
==2406856==    by 0x22E5C032: _RNvXs0_NvMs_NtNtCs6i54tJFfzR_5alloc3ffi5c_strNtBa_7CString3newReNtB5_11SpecNewImpl13spec_new_impl (in /mnt/c/Users/guido/ghq/projects/rustdom/dist/rustdom.node)
==2406856==    by 0x22E112BF: _RNvMs2_NtNtCsbKcx7MMum66_4napi9js_values15object_propertyNtB5_8Property14with_utf8_name (in /mnt/c/Users/guido/ghq/projects/rustdom/dist/rustdom.node)
==2406856==    by 0x22DD5939: _RNvNvNvNvNtNtNtCsdulfWib0rSm_7rustdom3dom4tree32___napi_impl_helper_NativeTree_1336___napi_register__NativeTree_impl_2541__18___CTOR_PRIVATE_REF14___ctor_private (in /mnt/c/Users/guido/ghq/projects/rustdom/dist/rustdom.node)
==2406856==    by 0x681447D: call_init.part.0 (dl-init.c:70)
==2406856==    by 0x6814567: call_init (dl-init.c:33)
==2406856==    by 0x6814567: _dl_init (dl-init.c:117)
==2406856==    by 0x7522BB4: _dl_catch_exception (dl-error-skeleton.c:182)
==2406856==    by 0x681BFF5: dl_open_worker (dl-open.c:808)
==2406856==    by 0x681BFF5: dl_open_worker (dl-open.c:771)
==2406856==    by 0x7522B57: _dl_catch_exception (dl-error-skeleton.c:208)
==2406856==    by 0x681C34D: _dl_open (dl-open.c:883)
==2406856==    by 0x743E5FB: dlopen_doit (dlopen.c:56)
==2406856==    by 0x7522B57: _dl_catch_exception (dl-error-skeleton.c:208)
==2406856== 
==2406856== 21 bytes in 1 blocks are possibly lost in loss record 255 of 367
==2406856==    at 0x7056899: malloc (in /mnt/c/Users/guido/ghq/projects/rustdom/.tools/valgrind/usr/libexec/valgrind/vgpreload_memcheck-amd64-linux.so)
==2406856==    by 0x22E5C032: _RNvXs0_NvMs_NtNtCs6i54tJFfzR_5alloc3ffi5c_strNtBa_7CString3newReNtB5_11SpecNewImpl13spec_new_impl (in /mnt/c/Users/guido/ghq/projects/rustdom/dist/rustdom.node)
==2406856==    by 0x22E112BF: _RNvMs2_NtNtCsbKcx7MMum66_4napi9js_values15object_propertyNtB5_8Property14with_utf8_name (in /mnt/c/Users/guido/ghq/projects/rustdom/dist/rustdom.node)
==2406856==    by 0x22DAF3CC: _RNvNvNtNtNtCsdulfWib0rSm_7rustdom3dom4tree32___napi_impl_helper_NativeTree_1436___napi_register__NativeTree_impl_38720___ctor_private_inner (in /mnt/c/Users/guido/ghq/projects/rustdom/dist/rustdom.node)
==2406856==    by 0x22DD6E85: _RNvNvNvNvNtNtNtCsdulfWib0rSm_7rustdom3dom4tree32___napi_impl_helper_NativeTree_1436___napi_register__NativeTree_impl_3871__18___CTOR_PRIVATE_REF14___ctor_private (in /mnt/c/Users/guido/ghq/projects/rustdom/dist/rustdom.node)
==2406856==    by 0x681447D: call_init.part.0 (dl-init.c:70)
==2406856==    by 0x6814567: call_init (dl-init.c:33)
==2406856==    by 0x6814567: _dl_init (dl-init.c:117)
==2406856==    by 0x7522BB4: _dl_catch_exception (dl-error-skeleton.c:182)
==2406856==    by 0x681BFF5: dl_open_worker (dl-open.c:808)
==2406856==    by 0x681BFF5: dl_open_worker (dl-open.c:771)
==2406856==    by 0x7522B57: _dl_catch_exception (dl-error-skeleton.c:208)
==2406856==    by 0x681C34D: _dl_open (dl-open.c:883)
==2406856==    by 0x743E5FB: dlopen_doit (dlopen.c:56)
==2406856== 
==2406856== 21 bytes in 1 blocks are possibly lost in loss record 256 of 367
==2406856==    at 0x7056899: malloc (in /mnt/c/Users/guido/ghq/projects/rustdom/.tools/valgrind/usr/libexec/valgrind/vgpreload_memcheck-amd64-linux.so)
==2406856==    by 0x22E5C032: _RNvXs0_NvMs_NtNtCs6i54tJFfzR_5alloc3ffi5c_strNtBa_7CString3newReNtB5_11SpecNewImpl13spec_new_impl (in /mnt/c/Users/guido/ghq/projects/rustdom/dist/rustdom.node)
==2406856==    by 0x22E112BF: _RNvMs2_NtNtCsbKcx7MMum66_4napi9js_values15object_propertyNtB5_8Property14with_utf8_name (in /mnt/c/Users/guido/ghq/projects/rustdom/dist/rustdom.node)
==2406856==    by 0x22DB2C27: _RNvNvNtNtNtCsdulfWib0rSm_7rustdom3dom4tree32___napi_impl_helper_NativeTree_1436___napi_register__NativeTree_impl_38720___ctor_private_inner (in /mnt/c/Users/guido/ghq/projects/rustdom/dist/rustdom.node)
==2406856==    by 0x22DD6E85: _RNvNvNvNvNtNtNtCsdulfWib0rSm_7rustdom3dom4tree32___napi_impl_helper_NativeTree_1436___napi_register__NativeTree_impl_3871__18___CTOR_PRIVATE_REF14___ctor_private (in /mnt/c/Users/guido/ghq/projects/rustdom/dist/rustdom.node)
==2406856==    by 0x681447D: call_init.part.0 (dl-init.c:70)
==2406856==    by 0x6814567: call_init (dl-init.c:33)
==2406856==    by 0x6814567: _dl_init (dl-init.c:117)
==2406856==    by 0x7522BB4: _dl_catch_exception (dl-error-skeleton.c:182)
==2406856==    by 0x681BFF5: dl_open_worker (dl-open.c:808)
==2406856==    by 0x681BFF5: dl_open_worker (dl-open.c:771)
==2406856==    by 0x7522B57: _dl_catch_exception (dl-error-skeleton.c:208)
==2406856==    by 0x681C34D: _dl_open (dl-open.c:883)
==2406856==    by 0x743E5FB: dlopen_doit (dlopen.c:56)
==2406856== 
==2406856== 21 bytes in 1 blocks are possibly lost in loss record 257 of 367
==2406856==    at 0x7056899: malloc (in /mnt/c/Users/guido/ghq/projects/rustdom/.tools/valgrind/usr/libexec/valgrind/vgpreload_memcheck-amd64-linux.so)
==2406856==    by 0x22E5C032: _RNvXs0_NvMs_NtNtCs6i54tJFfzR_5alloc3ffi5c_strNtBa_7CString3newReNtB5_11SpecNewImpl13spec_new_impl (in /mnt/c/Users/guido/ghq/projects/rustdom/dist/rustdom.node)
==2406856==    by 0x22E112BF: _RNvMs2_NtNtCsbKcx7MMum66_4napi9js_values15object_propertyNtB5_8Property14with_utf8_name (in /mnt/c/Users/guido/ghq/projects/rustdom/dist/rustdom.node)
==2406856==    by 0x22DB3457: _RNvNvNtNtNtCsdulfWib0rSm_7rustdom3dom4tree32___napi_impl_helper_NativeTree_1436___napi_register__NativeTree_impl_38720___ctor_private_inner (in /mnt/c/Users/guido/ghq/projects/rustdom/dist/rustdom.node)
==2406856==    by 0x22DD6E85: _RNvNvNvNvNtNtNtCsdulfWib0rSm_7rustdom3dom4tree32___napi_impl_helper_NativeTree_1436___napi_register__NativeTree_impl_3871__18___CTOR_PRIVATE_REF14___ctor_private (in /mnt/c/Users/guido/ghq/projects/rustdom/dist/rustdom.node)
==2406856==    by 0x681447D: call_init.part.0 (dl-init.c:70)
==2406856==    by 0x6814567: call_init (dl-init.c:33)
==2406856==    by 0x6814567: _dl_init (dl-init.c:117)
==2406856==    by 0x7522BB4: _dl_catch_exception (dl-error-skeleton.c:182)
==2406856==    by 0x681BFF5: dl_open_worker (dl-open.c:808)
==2406856==    by 0x681BFF5: dl_open_worker (dl-open.c:771)
==2406856==    by 0x7522B57: _dl_catch_exception (dl-error-skeleton.c:208)
==2406856==    by 0x681C34D: _dl_open (dl-open.c:883)
==2406856==    by 0x743E5FB: dlopen_doit (dlopen.c:56)
==2406856== 
==2406856== 21 bytes in 1 blocks are possibly lost in loss record 258 of 367
==2406856==    at 0x7056899: malloc (in /mnt/c/Users/guido/ghq/projects/rustdom/.tools/valgrind/usr/libexec/valgrind/vgpreload_memcheck-amd64-linux.so)
==2406856==    by 0x22E5C032: _RNvXs0_NvMs_NtNtCs6i54tJFfzR_5alloc3ffi5c_strNtBa_7CString3newReNtB5_11SpecNewImpl13spec_new_impl (in /mnt/c/Users/guido/ghq/projects/rustdom/dist/rustdom.node)
==2406856==    by 0x22E112BF: _RNvMs2_NtNtCsbKcx7MMum66_4napi9js_values15object_propertyNtB5_8Property14with_utf8_name (in /mnt/c/Users/guido/ghq/projects/rustdom/dist/rustdom.node)
==2406856==    by 0x22DB3B81: _RNvNvNtNtNtCsdulfWib0rSm_7rustdom3dom4tree32___napi_impl_helper_NativeTree_1436___napi_register__NativeTree_impl_38720___ctor_private_inner (in /mnt/c/Users/guido/ghq/projects/rustdom/dist/rustdom.node)
==2406856==    by 0x22DD6E85: _RNvNvNvNvNtNtNtCsdulfWib0rSm_7rustdom3dom4tree32___napi_impl_helper_NativeTree_1436___napi_register__NativeTree_impl_3871__18___CTOR_PRIVATE_REF14___ctor_private (in /mnt/c/Users/guido/ghq/projects/rustdom/dist/rustdom.node)
==2406856==    by 0x681447D: call_init.part.0 (dl-init.c:70)
==2406856==    by 0x6814567: call_init (dl-init.c:33)
==2406856==    by 0x6814567: _dl_init (dl-init.c:117)
==2406856==    by 0x7522BB4: _dl_catch_exception (dl-error-skeleton.c:182)
==2406856==    by 0x681BFF5: dl_open_worker (dl-open.c:808)
==2406856==    by 0x681BFF5: dl_open_worker (dl-open.c:771)
==2406856==    by 0x7522B57: _dl_catch_exception (dl-error-skeleton.c:208)
==2406856==    by 0x681C34D: _dl_open (dl-open.c:883)
==2406856==    by 0x743E5FB: dlopen_doit (dlopen.c:56)
==2406856== 
==2406856== 21 bytes in 1 blocks are possibly lost in loss record 259 of 367
==2406856==    at 0x7056899: malloc (in /mnt/c/Users/guido/ghq/projects/rustdom/.tools/valgrind/usr/libexec/valgrind/vgpreload_memcheck-amd64-linux.so)
==2406856==    by 0x22E5C032: _RNvXs0_NvMs_NtNtCs6i54tJFfzR_5alloc3ffi5c_strNtBa_7CString3newReNtB5_11SpecNewImpl13spec_new_impl (in /mnt/c/Users/guido/ghq/projects/rustdom/dist/rustdom.node)
==2406856==    by 0x22E112BF: _RNvMs2_NtNtCsbKcx7MMum66_4napi9js_values15object_propertyNtB5_8Property14with_utf8_name (in /mnt/c/Users/guido/ghq/projects/rustdom/dist/rustdom.node)
==2406856==    by 0x22DB3C87: _RNvNvNtNtNtCsdulfWib0rSm_7rustdom3dom4tree32___napi_impl_helper_NativeTree_1436___napi_register__NativeTree_impl_38720___ctor_private_inner (in /mnt/c/Users/guido/ghq/projects/rustdom/dist/rustdom.node)
==2406856==    by 0x22DD6E85: _RNvNvNvNvNtNtNtCsdulfWib0rSm_7rustdom3dom4tree32___napi_impl_helper_NativeTree_1436___napi_register__NativeTree_impl_3871__18___CTOR_PRIVATE_REF14___ctor_private (in /mnt/c/Users/guido/ghq/projects/rustdom/dist/rustdom.node)
==2406856==    by 0x681447D: call_init.part.0 (dl-init.c:70)
==2406856==    by 0x6814567: call_init (dl-init.c:33)
==2406856==    by 0x6814567: _dl_init (dl-init.c:117)
==2406856==    by 0x7522BB4: _dl_catch_exception (dl-error-skeleton.c:182)
==2406856==    by 0x681BFF5: dl_open_worker (dl-open.c:808)
==2406856==    by 0x681BFF5: dl_open_worker (dl-open.c:771)
==2406856==    by 0x7522B57: _dl_catch_exception (dl-error-skeleton.c:208)
==2406856==    by 0x681C34D: _dl_open (dl-open.c:883)
==2406856==    by 0x743E5FB: dlopen_doit (dlopen.c:56)
==2406856== 
==2406856== 21 bytes in 1 blocks are possibly lost in loss record 260 of 367
==2406856==    at 0x7056899: malloc (in /mnt/c/Users/guido/ghq/projects/rustdom/.tools/valgrind/usr/libexec/valgrind/vgpreload_memcheck-amd64-linux.so)
==2406856==    by 0x22E5C032: _RNvXs0_NvMs_NtNtCs6i54tJFfzR_5alloc3ffi5c_strNtBa_7CString3newReNtB5_11SpecNewImpl13spec_new_impl (in /mnt/c/Users/guido/ghq/projects/rustdom/dist/rustdom.node)
==2406856==    by 0x22E112BF: _RNvMs2_NtNtCsbKcx7MMum66_4napi9js_values15object_propertyNtB5_8Property14with_utf8_name (in /mnt/c/Users/guido/ghq/projects/rustdom/dist/rustdom.node)
==2406856==    by 0x22DB4ADB: _RNvNvNtNtNtCsdulfWib0rSm_7rustdom3dom4tree32___napi_impl_helper_NativeTree_1436___napi_register__NativeTree_impl_38720___ctor_private_inner (in /mnt/c/Users/guido/ghq/projects/rustdom/dist/rustdom.node)
==2406856==    by 0x22DD6E85: _RNvNvNvNvNtNtNtCsdulfWib0rSm_7rustdom3dom4tree32___napi_impl_helper_NativeTree_1436___napi_register__NativeTree_impl_3871__18___CTOR_PRIVATE_REF14___ctor_private (in /mnt/c/Users/guido/ghq/projects/rustdom/dist/rustdom.node)
==2406856==    by 0x681447D: call_init.part.0 (dl-init.c:70)
==2406856==    by 0x6814567: call_init (dl-init.c:33)
==2406856==    by 0x6814567: _dl_init (dl-init.c:117)
==2406856==    by 0x7522BB4: _dl_catch_exception (dl-error-skeleton.c:182)
==2406856==    by 0x681BFF5: dl_open_worker (dl-open.c:808)
==2406856==    by 0x681BFF5: dl_open_worker (dl-open.c:771)
==2406856==    by 0x7522B57: _dl_catch_exception (dl-error-skeleton.c:208)
==2406856==    by 0x681C34D: _dl_open (dl-open.c:883)
==2406856==    by 0x743E5FB: dlopen_doit (dlopen.c:56)
==2406856== 
==2406856== 21 bytes in 1 blocks are possibly lost in loss record 261 of 367
==2406856==    at 0x7056899: malloc (in /mnt/c/Users/guido/ghq/projects/rustdom/.tools/valgrind/usr/libexec/valgrind/vgpreload_memcheck-amd64-linux.so)
==2406856==    by 0x22E5C032: _RNvXs0_NvMs_NtNtCs6i54tJFfzR_5alloc3ffi5c_strNtBa_7CString3newReNtB5_11SpecNewImpl13spec_new_impl (in /mnt/c/Users/guido/ghq/projects/rustdom/dist/rustdom.node)
==2406856==    by 0x22E112BF: _RNvMs2_NtNtCsbKcx7MMum66_4napi9js_values15object_propertyNtB5_8Property14with_utf8_name (in /mnt/c/Users/guido/ghq/projects/rustdom/dist/rustdom.node)
==2406856==    by 0x22DB6889: _RNvNvNtNtNtCsdulfWib0rSm_7rustdom3dom4tree32___napi_impl_helper_NativeTree_1436___napi_register__NativeTree_impl_38720___ctor_private_inner (in /mnt/c/Users/guido/ghq/projects/rustdom/dist/rustdom.node)
==2406856==    by 0x22DD6E85: _RNvNvNvNvNtNtNtCsdulfWib0rSm_7rustdom3dom4tree32___napi_impl_helper_NativeTree_1436___napi_register__NativeTree_impl_3871__18___CTOR_PRIVATE_REF14___ctor_private (in /mnt/c/Users/guido/ghq/projects/rustdom/dist/rustdom.node)
==2406856==    by 0x681447D: call_init.part.0 (dl-init.c:70)
==2406856==    by 0x6814567: call_init (dl-init.c:33)
==2406856==    by 0x6814567: _dl_init (dl-init.c:117)
==2406856==    by 0x7522BB4: _dl_catch_exception (dl-error-skeleton.c:182)
==2406856==    by 0x681BFF5: dl_open_worker (dl-open.c:808)
==2406856==    by 0x681BFF5: dl_open_worker (dl-open.c:771)
==2406856==    by 0x7522B57: _dl_catch_exception (dl-error-skeleton.c:208)
==2406856==    by 0x681C34D: _dl_open (dl-open.c:883)
==2406856==    by 0x743E5FB: dlopen_doit (dlopen.c:56)
==2406856== 
==2406856== 21 bytes in 1 blocks are possibly lost in loss record 262 of 367
==2406856==    at 0x7056899: malloc (in /mnt/c/Users/guido/ghq/projects/rustdom/.tools/valgrind/usr/libexec/valgrind/vgpreload_memcheck-amd64-linux.so)
==2406856==    by 0x22E5C032: _RNvXs0_NvMs_NtNtCs6i54tJFfzR_5alloc3ffi5c_strNtBa_7CString3newReNtB5_11SpecNewImpl13spec_new_impl (in /mnt/c/Users/guido/ghq/projects/rustdom/dist/rustdom.node)
==2406856==    by 0x22E112BF: _RNvMs2_NtNtCsbKcx7MMum66_4napi9js_values15object_propertyNtB5_8Property14with_utf8_name (in /mnt/c/Users/guido/ghq/projects/rustdom/dist/rustdom.node)
==2406856==    by 0x22DB71BF: _RNvNvNtNtNtCsdulfWib0rSm_7rustdom3dom4tree32___napi_impl_helper_NativeTree_1436___napi_register__NativeTree_impl_38720___ctor_private_inner (in /mnt/c/Users/guido/ghq/projects/rustdom/dist/rustdom.node)
==2406856==    by 0x22DD6E85: _RNvNvNvNvNtNtNtCsdulfWib0rSm_7rustdom3dom4tree32___napi_impl_helper_NativeTree_1436___napi_register__NativeTree_impl_3871__18___CTOR_PRIVATE_REF14___ctor_private (in /mnt/c/Users/guido/ghq/projects/rustdom/dist/rustdom.node)
==2406856==    by 0x681447D: call_init.part.0 (dl-init.c:70)
==2406856==    by 0x6814567: call_init (dl-init.c:33)
==2406856==    by 0x6814567: _dl_init (dl-init.c:117)
==2406856==    by 0x7522BB4: _dl_catch_exception (dl-error-skeleton.c:182)
==2406856==    by 0x681BFF5: dl_open_worker (dl-open.c:808)
==2406856==    by 0x681BFF5: dl_open_worker (dl-open.c:771)
==2406856==    by 0x7522B57: _dl_catch_exception (dl-error-skeleton.c:208)
==2406856==    by 0x681C34D: _dl_open (dl-open.c:883)
==2406856==    by 0x743E5FB: dlopen_doit (dlopen.c:56)
==2406856== 
==2406856== 21 bytes in 1 blocks are possibly lost in loss record 263 of 367
==2406856==    at 0x7056899: malloc (in /mnt/c/Users/guido/ghq/projects/rustdom/.tools/valgrind/usr/libexec/valgrind/vgpreload_memcheck-amd64-linux.so)
==2406856==    by 0x22E5C032: _RNvXs0_NvMs_NtNtCs6i54tJFfzR_5alloc3ffi5c_strNtBa_7CString3newReNtB5_11SpecNewImpl13spec_new_impl (in /mnt/c/Users/guido/ghq/projects/rustdom/dist/rustdom.node)
==2406856==    by 0x22E112BF: _RNvMs2_NtNtCsbKcx7MMum66_4napi9js_values15object_propertyNtB5_8Property14with_utf8_name (in /mnt/c/Users/guido/ghq/projects/rustdom/dist/rustdom.node)
==2406856==    by 0x22DD6FCB: _RNvNvNvNvNtNtNtCsdulfWib0rSm_7rustdom3xml7binding37___napi_impl_helper_NativeXmlParser_1941___napi_register__NativeXmlParser_impl_4381__18___CTOR_PRIVATE_REF14___ctor_private (in /mnt/c/Users/guido/ghq/projects/rustdom/dist/rustdom.node)
==2406856==    by 0x681447D: call_init.part.0 (dl-init.c:70)
==2406856==    by 0x6814567: call_init (dl-init.c:33)
==2406856==    by 0x6814567: _dl_init (dl-init.c:117)
==2406856==    by 0x7522BB4: _dl_catch_exception (dl-error-skeleton.c:182)
==2406856==    by 0x681BFF5: dl_open_worker (dl-open.c:808)
==2406856==    by 0x681BFF5: dl_open_worker (dl-open.c:771)
==2406856==    by 0x7522B57: _dl_catch_exception (dl-error-skeleton.c:208)
==2406856==    by 0x681C34D: _dl_open (dl-open.c:883)
==2406856==    by 0x743E5FB: dlopen_doit (dlopen.c:56)
==2406856==    by 0x7522B57: _dl_catch_exception (dl-error-skeleton.c:208)
==2406856== 
==2406856== 22 bytes in 1 blocks are possibly lost in loss record 264 of 367
==2406856==    at 0x7056899: malloc (in /mnt/c/Users/guido/ghq/projects/rustdom/.tools/valgrind/usr/libexec/valgrind/vgpreload_memcheck-amd64-linux.so)
==2406856==    by 0x22E5C032: _RNvXs0_NvMs_NtNtCs6i54tJFfzR_5alloc3ffi5c_strNtBa_7CString3newReNtB5_11SpecNewImpl13spec_new_impl (in /mnt/c/Users/guido/ghq/projects/rustdom/dist/rustdom.node)
==2406856==    by 0x22E112BF: _RNvMs2_NtNtCsbKcx7MMum66_4napi9js_values15object_propertyNtB5_8Property14with_utf8_name (in /mnt/c/Users/guido/ghq/projects/rustdom/dist/rustdom.node)
==2406856==    by 0x22DB0855: _RNvNvNtNtNtCsdulfWib0rSm_7rustdom3dom4tree32___napi_impl_helper_NativeTree_1436___napi_register__NativeTree_impl_38720___ctor_private_inner (in /mnt/c/Users/guido/ghq/projects/rustdom/dist/rustdom.node)
==2406856==    by 0x22DD6E85: _RNvNvNvNvNtNtNtCsdulfWib0rSm_7rustdom3dom4tree32___napi_impl_helper_NativeTree_1436___napi_register__NativeTree_impl_3871__18___CTOR_PRIVATE_REF14___ctor_private (in /mnt/c/Users/guido/ghq/projects/rustdom/dist/rustdom.node)
==2406856==    by 0x681447D: call_init.part.0 (dl-init.c:70)
==2406856==    by 0x6814567: call_init (dl-init.c:33)
==2406856==    by 0x6814567: _dl_init (dl-init.c:117)
==2406856==    by 0x7522BB4: _dl_catch_exception (dl-error-skeleton.c:182)
==2406856==    by 0x681BFF5: dl_open_worker (dl-open.c:808)
==2406856==    by 0x681BFF5: dl_open_worker (dl-open.c:771)
==2406856==    by 0x7522B57: _dl_catch_exception (dl-error-skeleton.c:208)
==2406856==    by 0x681C34D: _dl_open (dl-open.c:883)
==2406856==    by 0x743E5FB: dlopen_doit (dlopen.c:56)
==2406856== 
==2406856== 22 bytes in 1 blocks are possibly lost in loss record 265 of 367
==2406856==    at 0x7056899: malloc (in /mnt/c/Users/guido/ghq/projects/rustdom/.tools/valgrind/usr/libexec/valgrind/vgpreload_memcheck-amd64-linux.so)
==2406856==    by 0x22E5C032: _RNvXs0_NvMs_NtNtCs6i54tJFfzR_5alloc3ffi5c_strNtBa_7CString3newReNtB5_11SpecNewImpl13spec_new_impl (in /mnt/c/Users/guido/ghq/projects/rustdom/dist/rustdom.node)
==2406856==    by 0x22E112BF: _RNvMs2_NtNtCsbKcx7MMum66_4napi9js_values15object_propertyNtB5_8Property14with_utf8_name (in /mnt/c/Users/guido/ghq/projects/rustdom/dist/rustdom.node)
==2406856==    by 0x22DB2D2D: _RNvNvNtNtNtCsdulfWib0rSm_7rustdom3dom4tree32___napi_impl_helper_NativeTree_1436___napi_register__NativeTree_impl_38720___ctor_private_inner (in /mnt/c/Users/guido/ghq/projects/rustdom/dist/rustdom.node)
==2406856==    by 0x22DD6E85: _RNvNvNvNvNtNtNtCsdulfWib0rSm_7rustdom3dom4tree32___napi_impl_helper_NativeTree_1436___napi_register__NativeTree_impl_3871__18___CTOR_PRIVATE_REF14___ctor_private (in /mnt/c/Users/guido/ghq/projects/rustdom/dist/rustdom.node)
==2406856==    by 0x681447D: call_init.part.0 (dl-init.c:70)
==2406856==    by 0x6814567: call_init (dl-init.c:33)
==2406856==    by 0x6814567: _dl_init (dl-init.c:117)
==2406856==    by 0x7522BB4: _dl_catch_exception (dl-error-skeleton.c:182)
==2406856==    by 0x681BFF5: dl_open_worker (dl-open.c:808)
==2406856==    by 0x681BFF5: dl_open_worker (dl-open.c:771)
==2406856==    by 0x7522B57: _dl_catch_exception (dl-error-skeleton.c:208)
==2406856==    by 0x681C34D: _dl_open (dl-open.c:883)
==2406856==    by 0x743E5FB: dlopen_doit (dlopen.c:56)
==2406856== 
==2406856== 22 bytes in 1 blocks are possibly lost in loss record 266 of 367
==2406856==    at 0x7056899: malloc (in /mnt/c/Users/guido/ghq/projects/rustdom/.tools/valgrind/usr/libexec/valgrind/vgpreload_memcheck-amd64-linux.so)
==2406856==    by 0x22E5C032: _RNvXs0_NvMs_NtNtCs6i54tJFfzR_5alloc3ffi5c_strNtBa_7CString3newReNtB5_11SpecNewImpl13spec_new_impl (in /mnt/c/Users/guido/ghq/projects/rustdom/dist/rustdom.node)
==2406856==    by 0x22E112BF: _RNvMs2_NtNtCsbKcx7MMum66_4napi9js_values15object_propertyNtB5_8Property14with_utf8_name (in /mnt/c/Users/guido/ghq/projects/rustdom/dist/rustdom.node)
==2406856==    by 0x22DB386F: _RNvNvNtNtNtCsdulfWib0rSm_7rustdom3dom4tree32___napi_impl_helper_NativeTree_1436___napi_register__NativeTree_impl_38720___ctor_private_inner (in /mnt/c/Users/guido/ghq/projects/rustdom/dist/rustdom.node)
==2406856==    by 0x22DD6E85: _RNvNvNvNvNtNtNtCsdulfWib0rSm_7rustdom3dom4tree32___napi_impl_helper_NativeTree_1436___napi_register__NativeTree_impl_3871__18___CTOR_PRIVATE_REF14___ctor_private (in /mnt/c/Users/guido/ghq/projects/rustdom/dist/rustdom.node)
==2406856==    by 0x681447D: call_init.part.0 (dl-init.c:70)
==2406856==    by 0x6814567: call_init (dl-init.c:33)
==2406856==    by 0x6814567: _dl_init (dl-init.c:117)
==2406856==    by 0x7522BB4: _dl_catch_exception (dl-error-skeleton.c:182)
==2406856==    by 0x681BFF5: dl_open_worker (dl-open.c:808)
==2406856==    by 0x681BFF5: dl_open_worker (dl-open.c:771)
==2406856==    by 0x7522B57: _dl_catch_exception (dl-error-skeleton.c:208)
==2406856==    by 0x681C34D: _dl_open (dl-open.c:883)
==2406856==    by 0x743E5FB: dlopen_doit (dlopen.c:56)
==2406856== 
==2406856== 23 bytes in 1 blocks are possibly lost in loss record 267 of 367
==2406856==    at 0x7056899: malloc (in /mnt/c/Users/guido/ghq/projects/rustdom/.tools/valgrind/usr/libexec/valgrind/vgpreload_memcheck-amd64-linux.so)
==2406856==    by 0x22E5C032: _RNvXs0_NvMs_NtNtCs6i54tJFfzR_5alloc3ffi5c_strNtBa_7CString3newReNtB5_11SpecNewImpl13spec_new_impl (in /mnt/c/Users/guido/ghq/projects/rustdom/dist/rustdom.node)
==2406856==    by 0x22E112BF: _RNvMs2_NtNtCsbKcx7MMum66_4napi9js_values15object_propertyNtB5_8Property14with_utf8_name (in /mnt/c/Users/guido/ghq/projects/rustdom/dist/rustdom.node)
==2406856==    by 0x22DB0B67: _RNvNvNtNtNtCsdulfWib0rSm_7rustdom3dom4tree32___napi_impl_helper_NativeTree_1436___napi_register__NativeTree_impl_38720___ctor_private_inner (in /mnt/c/Users/guido/ghq/projects/rustdom/dist/rustdom.node)
==2406856==    by 0x22DD6E85: _RNvNvNvNvNtNtNtCsdulfWib0rSm_7rustdom3dom4tree32___napi_impl_helper_NativeTree_1436___napi_register__NativeTree_impl_3871__18___CTOR_PRIVATE_REF14___ctor_private (in /mnt/c/Users/guido/ghq/projects/rustdom/dist/rustdom.node)
==2406856==    by 0x681447D: call_init.part.0 (dl-init.c:70)
==2406856==    by 0x6814567: call_init (dl-init.c:33)
==2406856==    by 0x6814567: _dl_init (dl-init.c:117)
==2406856==    by 0x7522BB4: _dl_catch_exception (dl-error-skeleton.c:182)
==2406856==    by 0x681BFF5: dl_open_worker (dl-open.c:808)
==2406856==    by 0x681BFF5: dl_open_worker (dl-open.c:771)
==2406856==    by 0x7522B57: _dl_catch_exception (dl-error-skeleton.c:208)
==2406856==    by 0x681C34D: _dl_open (dl-open.c:883)
==2406856==    by 0x743E5FB: dlopen_doit (dlopen.c:56)
==2406856== 
==2406856== 23 bytes in 1 blocks are possibly lost in loss record 268 of 367
==2406856==    at 0x7056899: malloc (in /mnt/c/Users/guido/ghq/projects/rustdom/.tools/valgrind/usr/libexec/valgrind/vgpreload_memcheck-amd64-linux.so)
==2406856==    by 0x22E5C032: _RNvXs0_NvMs_NtNtCs6i54tJFfzR_5alloc3ffi5c_strNtBa_7CString3newReNtB5_11SpecNewImpl13spec_new_impl (in /mnt/c/Users/guido/ghq/projects/rustdom/dist/rustdom.node)
==2406856==    by 0x22E112BF: _RNvMs2_NtNtCsbKcx7MMum66_4napi9js_values15object_propertyNtB5_8Property14with_utf8_name (in /mnt/c/Users/guido/ghq/projects/rustdom/dist/rustdom.node)
==2406856==    by 0x22DB16A9: _RNvNvNtNtNtCsdulfWib0rSm_7rustdom3dom4tree32___napi_impl_helper_NativeTree_1436___napi_register__NativeTree_impl_38720___ctor_private_inner (in /mnt/c/Users/guido/ghq/projects/rustdom/dist/rustdom.node)
==2406856==    by 0x22DD6E85: _RNvNvNvNvNtNtNtCsdulfWib0rSm_7rustdom3dom4tree32___napi_impl_helper_NativeTree_1436___napi_register__NativeTree_impl_3871__18___CTOR_PRIVATE_REF14___ctor_private (in /mnt/c/Users/guido/ghq/projects/rustdom/dist/rustdom.node)
==2406856==    by 0x681447D: call_init.part.0 (dl-init.c:70)
==2406856==    by 0x6814567: call_init (dl-init.c:33)
==2406856==    by 0x6814567: _dl_init (dl-init.c:117)
==2406856==    by 0x7522BB4: _dl_catch_exception (dl-error-skeleton.c:182)
==2406856==    by 0x681BFF5: dl_open_worker (dl-open.c:808)
==2406856==    by 0x681BFF5: dl_open_worker (dl-open.c:771)
==2406856==    by 0x7522B57: _dl_catch_exception (dl-error-skeleton.c:208)
==2406856==    by 0x681C34D: _dl_open (dl-open.c:883)
==2406856==    by 0x743E5FB: dlopen_doit (dlopen.c:56)
==2406856== 
==2406856== 23 bytes in 1 blocks are possibly lost in loss record 269 of 367
==2406856==    at 0x7056899: malloc (in /mnt/c/Users/guido/ghq/projects/rustdom/.tools/valgrind/usr/libexec/valgrind/vgpreload_memcheck-amd64-linux.so)
==2406856==    by 0x22E5C032: _RNvXs0_NvMs_NtNtCs6i54tJFfzR_5alloc3ffi5c_strNtBa_7CString3newReNtB5_11SpecNewImpl13spec_new_impl (in /mnt/c/Users/guido/ghq/projects/rustdom/dist/rustdom.node)
==2406856==    by 0x22E112BF: _RNvMs2_NtNtCsbKcx7MMum66_4napi9js_values15object_propertyNtB5_8Property14with_utf8_name (in /mnt/c/Users/guido/ghq/projects/rustdom/dist/rustdom.node)
==2406856==    by 0x22DB2F39: _RNvNvNtNtNtCsdulfWib0rSm_7rustdom3dom4tree32___napi_impl_helper_NativeTree_1436___napi_register__NativeTree_impl_38720___ctor_private_inner (in /mnt/c/Users/guido/ghq/projects/rustdom/dist/rustdom.node)
==2406856==    by 0x22DD6E85: _RNvNvNvNvNtNtNtCsdulfWib0rSm_7rustdom3dom4tree32___napi_impl_helper_NativeTree_1436___napi_register__NativeTree_impl_3871__18___CTOR_PRIVATE_REF14___ctor_private (in /mnt/c/Users/guido/ghq/projects/rustdom/dist/rustdom.node)
==2406856==    by 0x681447D: call_init.part.0 (dl-init.c:70)
==2406856==    by 0x6814567: call_init (dl-init.c:33)
==2406856==    by 0x6814567: _dl_init (dl-init.c:117)
==2406856==    by 0x7522BB4: _dl_catch_exception (dl-error-skeleton.c:182)
==2406856==    by 0x681BFF5: dl_open_worker (dl-open.c:808)
==2406856==    by 0x681BFF5: dl_open_worker (dl-open.c:771)
==2406856==    by 0x7522B57: _dl_catch_exception (dl-error-skeleton.c:208)
==2406856==    by 0x681C34D: _dl_open (dl-open.c:883)
==2406856==    by 0x743E5FB: dlopen_doit (dlopen.c:56)
==2406856== 
==2406856== 23 bytes in 1 blocks are possibly lost in loss record 270 of 367
==2406856==    at 0x7056899: malloc (in /mnt/c/Users/guido/ghq/projects/rustdom/.tools/valgrind/usr/libexec/valgrind/vgpreload_memcheck-amd64-linux.so)
==2406856==    by 0x22E5C032: _RNvXs0_NvMs_NtNtCs6i54tJFfzR_5alloc3ffi5c_strNtBa_7CString3newReNtB5_11SpecNewImpl13spec_new_impl (in /mnt/c/Users/guido/ghq/projects/rustdom/dist/rustdom.node)
==2406856==    by 0x22E112BF: _RNvMs2_NtNtCsbKcx7MMum66_4napi9js_values15object_propertyNtB5_8Property14with_utf8_name (in /mnt/c/Users/guido/ghq/projects/rustdom/dist/rustdom.node)
==2406856==    by 0x22DB5B3B: _RNvNvNtNtNtCsdulfWib0rSm_7rustdom3dom4tree32___napi_impl_helper_NativeTree_1436___napi_register__NativeTree_impl_38720___ctor_private_inner (in /mnt/c/Users/guido/ghq/projects/rustdom/dist/rustdom.node)
==2406856==    by 0x22DD6E85: _RNvNvNvNvNtNtNtCsdulfWib0rSm_7rustdom3dom4tree32___napi_impl_helper_NativeTree_1436___napi_register__NativeTree_impl_3871__18___CTOR_PRIVATE_REF14___ctor_private (in /mnt/c/Users/guido/ghq/projects/rustdom/dist/rustdom.node)
==2406856==    by 0x681447D: call_init.part.0 (dl-init.c:70)
==2406856==    by 0x6814567: call_init (dl-init.c:33)
==2406856==    by 0x6814567: _dl_init (dl-init.c:117)
==2406856==    by 0x7522BB4: _dl_catch_exception (dl-error-skeleton.c:182)
==2406856==    by 0x681BFF5: dl_open_worker (dl-open.c:808)
==2406856==    by 0x681BFF5: dl_open_worker (dl-open.c:771)
==2406856==    by 0x7522B57: _dl_catch_exception (dl-error-skeleton.c:208)
==2406856==    by 0x681C34D: _dl_open (dl-open.c:883)
==2406856==    by 0x743E5FB: dlopen_doit (dlopen.c:56)
==2406856== 
==2406856== 23 bytes in 1 blocks are possibly lost in loss record 271 of 367
==2406856==    at 0x7056899: malloc (in /mnt/c/Users/guido/ghq/projects/rustdom/.tools/valgrind/usr/libexec/valgrind/vgpreload_memcheck-amd64-linux.so)
==2406856==    by 0x22E5C032: _RNvXs0_NvMs_NtNtCs6i54tJFfzR_5alloc3ffi5c_strNtBa_7CString3newReNtB5_11SpecNewImpl13spec_new_impl (in /mnt/c/Users/guido/ghq/projects/rustdom/dist/rustdom.node)
==2406856==    by 0x22E112BF: _RNvMs2_NtNtCsbKcx7MMum66_4napi9js_values15object_propertyNtB5_8Property14with_utf8_name (in /mnt/c/Users/guido/ghq/projects/rustdom/dist/rustdom.node)
==2406856==    by 0x22DB6783: _RNvNvNtNtNtCsdulfWib0rSm_7rustdom3dom4tree32___napi_impl_helper_NativeTree_1436___napi_register__NativeTree_impl_38720___ctor_private_inner (in /mnt/c/Users/guido/ghq/projects/rustdom/dist/rustdom.node)
==2406856==    by 0x22DD6E85: _RNvNvNvNvNtNtNtCsdulfWib0rSm_7rustdom3dom4tree32___napi_impl_helper_NativeTree_1436___napi_register__NativeTree_impl_3871__18___CTOR_PRIVATE_REF14___ctor_private (in /mnt/c/Users/guido/ghq/projects/rustdom/dist/rustdom.node)
==2406856==    by 0x681447D: call_init.part.0 (dl-init.c:70)
==2406856==    by 0x6814567: call_init (dl-init.c:33)
==2406856==    by 0x6814567: _dl_init (dl-init.c:117)
==2406856==    by 0x7522BB4: _dl_catch_exception (dl-error-skeleton.c:182)
==2406856==    by 0x681BFF5: dl_open_worker (dl-open.c:808)
==2406856==    by 0x681BFF5: dl_open_worker (dl-open.c:771)
==2406856==    by 0x7522B57: _dl_catch_exception (dl-error-skeleton.c:208)
==2406856==    by 0x681C34D: _dl_open (dl-open.c:883)
==2406856==    by 0x743E5FB: dlopen_doit (dlopen.c:56)
==2406856== 
==2406856== 23 bytes in 1 blocks are possibly lost in loss record 272 of 367
==2406856==    at 0x7056899: malloc (in /mnt/c/Users/guido/ghq/projects/rustdom/.tools/valgrind/usr/libexec/valgrind/vgpreload_memcheck-amd64-linux.so)
==2406856==    by 0x22E5C032: _RNvXs0_NvMs_NtNtCs6i54tJFfzR_5alloc3ffi5c_strNtBa_7CString3newReNtB5_11SpecNewImpl13spec_new_impl (in /mnt/c/Users/guido/ghq/projects/rustdom/dist/rustdom.node)
==2406856==    by 0x22E112BF: _RNvMs2_NtNtCsbKcx7MMum66_4napi9js_values15object_propertyNtB5_8Property14with_utf8_name (in /mnt/c/Users/guido/ghq/projects/rustdom/dist/rustdom.node)
==2406856==    by 0x22DB698F: _RNvNvNtNtNtCsdulfWib0rSm_7rustdom3dom4tree32___napi_impl_helper_NativeTree_1436___napi_register__NativeTree_impl_38720___ctor_private_inner (in /mnt/c/Users/guido/ghq/projects/rustdom/dist/rustdom.node)
==2406856==    by 0x22DD6E85: _RNvNvNvNvNtNtNtCsdulfWib0rSm_7rustdom3dom4tree32___napi_impl_helper_NativeTree_1436___napi_register__NativeTree_impl_3871__18___CTOR_PRIVATE_REF14___ctor_private (in /mnt/c/Users/guido/ghq/projects/rustdom/dist/rustdom.node)
==2406856==    by 0x681447D: call_init.part.0 (dl-init.c:70)
==2406856==    by 0x6814567: call_init (dl-init.c:33)
==2406856==    by 0x6814567: _dl_init (dl-init.c:117)
==2406856==    by 0x7522BB4: _dl_catch_exception (dl-error-skeleton.c:182)
==2406856==    by 0x681BFF5: dl_open_worker (dl-open.c:808)
==2406856==    by 0x681BFF5: dl_open_worker (dl-open.c:771)
==2406856==    by 0x7522B57: _dl_catch_exception (dl-error-skeleton.c:208)
==2406856==    by 0x681C34D: _dl_open (dl-open.c:883)
==2406856==    by 0x743E5FB: dlopen_doit (dlopen.c:56)
==2406856== 
==2406856== 24 bytes in 1 blocks are possibly lost in loss record 273 of 367
==2406856==    at 0x7056899: malloc (in /mnt/c/Users/guido/ghq/projects/rustdom/.tools/valgrind/usr/libexec/valgrind/vgpreload_memcheck-amd64-linux.so)
==2406856==    by 0x22E5C032: _RNvXs0_NvMs_NtNtCs6i54tJFfzR_5alloc3ffi5c_strNtBa_7CString3newReNtB5_11SpecNewImpl13spec_new_impl (in /mnt/c/Users/guido/ghq/projects/rustdom/dist/rustdom.node)
==2406856==    by 0x22E112BF: _RNvMs2_NtNtCsbKcx7MMum66_4napi9js_values15object_propertyNtB5_8Property14with_utf8_name (in /mnt/c/Users/guido/ghq/projects/rustdom/dist/rustdom.node)
==2406856==    by 0x22DAFE08: _RNvNvNtNtNtCsdulfWib0rSm_7rustdom3dom4tree32___napi_impl_helper_NativeTree_1436___napi_register__NativeTree_impl_38720___ctor_private_inner (in /mnt/c/Users/guido/ghq/projects/rustdom/dist/rustdom.node)
==2406856==    by 0x22DD6E85: _RNvNvNvNvNtNtNtCsdulfWib0rSm_7rustdom3dom4tree32___napi_impl_helper_NativeTree_1436___napi_register__NativeTree_impl_3871__18___CTOR_PRIVATE_REF14___ctor_private (in /mnt/c/Users/guido/ghq/projects/rustdom/dist/rustdom.node)
==2406856==    by 0x681447D: call_init.part.0 (dl-init.c:70)
==2406856==    by 0x6814567: call_init (dl-init.c:33)
==2406856==    by 0x6814567: _dl_init (dl-init.c:117)
==2406856==    by 0x7522BB4: _dl_catch_exception (dl-error-skeleton.c:182)
==2406856==    by 0x681BFF5: dl_open_worker (dl-open.c:808)
==2406856==    by 0x681BFF5: dl_open_worker (dl-open.c:771)
==2406856==    by 0x7522B57: _dl_catch_exception (dl-error-skeleton.c:208)
==2406856==    by 0x681C34D: _dl_open (dl-open.c:883)
==2406856==    by 0x743E5FB: dlopen_doit (dlopen.c:56)
==2406856== 
==2406856== 24 bytes in 1 blocks are possibly lost in loss record 274 of 367
==2406856==    at 0x7056899: malloc (in /mnt/c/Users/guido/ghq/projects/rustdom/.tools/valgrind/usr/libexec/valgrind/vgpreload_memcheck-amd64-linux.so)
==2406856==    by 0x22E5C032: _RNvXs0_NvMs_NtNtCs6i54tJFfzR_5alloc3ffi5c_strNtBa_7CString3newReNtB5_11SpecNewImpl13spec_new_impl (in /mnt/c/Users/guido/ghq/projects/rustdom/dist/rustdom.node)
==2406856==    by 0x22E112BF: _RNvMs2_NtNtCsbKcx7MMum66_4napi9js_values15object_propertyNtB5_8Property14with_utf8_name (in /mnt/c/Users/guido/ghq/projects/rustdom/dist/rustdom.node)
==2406856==    by 0x22DB0014: _RNvNvNtNtNtCsdulfWib0rSm_7rustdom3dom4tree32___napi_impl_helper_NativeTree_1436___napi_register__NativeTree_impl_38720___ctor_private_inner (in /mnt/c/Users/guido/ghq/projects/rustdom/dist/rustdom.node)
==2406856==    by 0x22DD6E85: _RNvNvNvNvNtNtNtCsdulfWib0rSm_7rustdom3dom4tree32___napi_impl_helper_NativeTree_1436___napi_register__NativeTree_impl_3871__18___CTOR_PRIVATE_REF14___ctor_private (in /mnt/c/Users/guido/ghq/projects/rustdom/dist/rustdom.node)
==2406856==    by 0x681447D: call_init.part.0 (dl-init.c:70)
==2406856==    by 0x6814567: call_init (dl-init.c:33)
==2406856==    by 0x6814567: _dl_init (dl-init.c:117)
==2406856==    by 0x7522BB4: _dl_catch_exception (dl-error-skeleton.c:182)
==2406856==    by 0x681BFF5: dl_open_worker (dl-open.c:808)
==2406856==    by 0x681BFF5: dl_open_worker (dl-open.c:771)
==2406856==    by 0x7522B57: _dl_catch_exception (dl-error-skeleton.c:208)
==2406856==    by 0x681C34D: _dl_open (dl-open.c:883)
==2406856==    by 0x743E5FB: dlopen_doit (dlopen.c:56)
==2406856== 
==2406856== 24 bytes in 1 blocks are possibly lost in loss record 275 of 367
==2406856==    at 0x7056899: malloc (in /mnt/c/Users/guido/ghq/projects/rustdom/.tools/valgrind/usr/libexec/valgrind/vgpreload_memcheck-amd64-linux.so)
==2406856==    by 0x22E5C032: _RNvXs0_NvMs_NtNtCs6i54tJFfzR_5alloc3ffi5c_strNtBa_7CString3newReNtB5_11SpecNewImpl13spec_new_impl (in /mnt/c/Users/guido/ghq/projects/rustdom/dist/rustdom.node)
==2406856==    by 0x22E112BF: _RNvMs2_NtNtCsbKcx7MMum66_4napi9js_values15object_propertyNtB5_8Property14with_utf8_name (in /mnt/c/Users/guido/ghq/projects/rustdom/dist/rustdom.node)
==2406856==    by 0x22DB1ED9: _RNvNvNtNtNtCsdulfWib0rSm_7rustdom3dom4tree32___napi_impl_helper_NativeTree_1436___napi_register__NativeTree_impl_38720___ctor_private_inner (in /mnt/c/Users/guido/ghq/projects/rustdom/dist/rustdom.node)
==2406856==    by 0x22DD6E85: _RNvNvNvNvNtNtNtCsdulfWib0rSm_7rustdom3dom4tree32___napi_impl_helper_NativeTree_1436___napi_register__NativeTree_impl_3871__18___CTOR_PRIVATE_REF14___ctor_private (in /mnt/c/Users/guido/ghq/projects/rustdom/dist/rustdom.node)
==2406856==    by 0x681447D: call_init.part.0 (dl-init.c:70)
==2406856==    by 0x6814567: call_init (dl-init.c:33)
==2406856==    by 0x6814567: _dl_init (dl-init.c:117)
==2406856==    by 0x7522BB4: _dl_catch_exception (dl-error-skeleton.c:182)
==2406856==    by 0x681BFF5: dl_open_worker (dl-open.c:808)
==2406856==    by 0x681BFF5: dl_open_worker (dl-open.c:771)
==2406856==    by 0x7522B57: _dl_catch_exception (dl-error-skeleton.c:208)
==2406856==    by 0x681C34D: _dl_open (dl-open.c:883)
==2406856==    by 0x743E5FB: dlopen_doit (dlopen.c:56)
==2406856== 
==2406856== 24 bytes in 1 blocks are possibly lost in loss record 276 of 367
==2406856==    at 0x7056899: malloc (in /mnt/c/Users/guido/ghq/projects/rustdom/.tools/valgrind/usr/libexec/valgrind/vgpreload_memcheck-amd64-linux.so)
==2406856==    by 0x22E5C032: _RNvXs0_NvMs_NtNtCs6i54tJFfzR_5alloc3ffi5c_strNtBa_7CString3newReNtB5_11SpecNewImpl13spec_new_impl (in /mnt/c/Users/guido/ghq/projects/rustdom/dist/rustdom.node)
==2406856==    by 0x22E112BF: _RNvMs2_NtNtCsbKcx7MMum66_4napi9js_values15object_propertyNtB5_8Property14with_utf8_name (in /mnt/c/Users/guido/ghq/projects/rustdom/dist/rustdom.node)
==2406856==    by 0x22DB2709: _RNvNvNtNtNtCsdulfWib0rSm_7rustdom3dom4tree32___napi_impl_helper_NativeTree_1436___napi_register__NativeTree_impl_38720___ctor_private_inner (in /mnt/c/Users/guido/ghq/projects/rustdom/dist/rustdom.node)
==2406856==    by 0x22DD6E85: _RNvNvNvNvNtNtNtCsdulfWib0rSm_7rustdom3dom4tree32___napi_impl_helper_NativeTree_1436___napi_register__NativeTree_impl_3871__18___CTOR_PRIVATE_REF14___ctor_private (in /mnt/c/Users/guido/ghq/projects/rustdom/dist/rustdom.node)
==2406856==    by 0x681447D: call_init.part.0 (dl-init.c:70)
==2406856==    by 0x6814567: call_init (dl-init.c:33)
==2406856==    by 0x6814567: _dl_init (dl-init.c:117)
==2406856==    by 0x7522BB4: _dl_catch_exception (dl-error-skeleton.c:182)
==2406856==    by 0x681BFF5: dl_open_worker (dl-open.c:808)
==2406856==    by 0x681BFF5: dl_open_worker (dl-open.c:771)
==2406856==    by 0x7522B57: _dl_catch_exception (dl-error-skeleton.c:208)
==2406856==    by 0x681C34D: _dl_open (dl-open.c:883)
==2406856==    by 0x743E5FB: dlopen_doit (dlopen.c:56)
==2406856== 
==2406856== 24 bytes in 1 blocks are possibly lost in loss record 277 of 367
==2406856==    at 0x7056899: malloc (in /mnt/c/Users/guido/ghq/projects/rustdom/.tools/valgrind/usr/libexec/valgrind/vgpreload_memcheck-amd64-linux.so)
==2406856==    by 0x22E5C032: _RNvXs0_NvMs_NtNtCs6i54tJFfzR_5alloc3ffi5c_strNtBa_7CString3newReNtB5_11SpecNewImpl13spec_new_impl (in /mnt/c/Users/guido/ghq/projects/rustdom/dist/rustdom.node)
==2406856==    by 0x22E112BF: _RNvMs2_NtNtCsbKcx7MMum66_4napi9js_values15object_propertyNtB5_8Property14with_utf8_name (in /mnt/c/Users/guido/ghq/projects/rustdom/dist/rustdom.node)
==2406856==    by 0x22DB46C3: _RNvNvNtNtNtCsdulfWib0rSm_7rustdom3dom4tree32___napi_impl_helper_NativeTree_1436___napi_register__NativeTree_impl_38720___ctor_private_inner (in /mnt/c/Users/guido/ghq/projects/rustdom/dist/rustdom.node)
==2406856==    by 0x22DD6E85: _RNvNvNvNvNtNtNtCsdulfWib0rSm_7rustdom3dom4tree32___napi_impl_helper_NativeTree_1436___napi_register__NativeTree_impl_3871__18___CTOR_PRIVATE_REF14___ctor_private (in /mnt/c/Users/guido/ghq/projects/rustdom/dist/rustdom.node)
==2406856==    by 0x681447D: call_init.part.0 (dl-init.c:70)
==2406856==    by 0x6814567: call_init (dl-init.c:33)
==2406856==    by 0x6814567: _dl_init (dl-init.c:117)
==2406856==    by 0x7522BB4: _dl_catch_exception (dl-error-skeleton.c:182)
==2406856==    by 0x681BFF5: dl_open_worker (dl-open.c:808)
==2406856==    by 0x681BFF5: dl_open_worker (dl-open.c:771)
==2406856==    by 0x7522B57: _dl_catch_exception (dl-error-skeleton.c:208)
==2406856==    by 0x681C34D: _dl_open (dl-open.c:883)
==2406856==    by 0x743E5FB: dlopen_doit (dlopen.c:56)
==2406856== 
==2406856== 25 bytes in 1 blocks are possibly lost in loss record 278 of 367
==2406856==    at 0x7056899: malloc (in /mnt/c/Users/guido/ghq/projects/rustdom/.tools/valgrind/usr/libexec/valgrind/vgpreload_memcheck-amd64-linux.so)
==2406856==    by 0x22E5C032: _RNvXs0_NvMs_NtNtCs6i54tJFfzR_5alloc3ffi5c_strNtBa_7CString3newReNtB5_11SpecNewImpl13spec_new_impl (in /mnt/c/Users/guido/ghq/projects/rustdom/dist/rustdom.node)
==2406856==    by 0x22E112BF: _RNvMs2_NtNtCsbKcx7MMum66_4napi9js_values15object_propertyNtB5_8Property14with_utf8_name (in /mnt/c/Users/guido/ghq/projects/rustdom/dist/rustdom.node)
==2406856==    by 0x22DC7EB4: _RNvNvNvNvNtNtNtCsdulfWib0rSm_7rustdom3dom19event_state_binding37___napi_impl_helper_NativeEventState_442___napi_register__NativeEventState_impl_1011__18___CTOR_PRIVATE_REF14___ctor_private (in /mnt/c/Users/guido/ghq/projects/rustdom/dist/rustdom.node)
==2406856==    by 0x681447D: call_init.part.0 (dl-init.c:70)
==2406856==    by 0x6814567: call_init (dl-init.c:33)
==2406856==    by 0x6814567: _dl_init (dl-init.c:117)
==2406856==    by 0x7522BB4: _dl_catch_exception (dl-error-skeleton.c:182)
==2406856==    by 0x681BFF5: dl_open_worker (dl-open.c:808)
==2406856==    by 0x681BFF5: dl_open_worker (dl-open.c:771)
==2406856==    by 0x7522B57: _dl_catch_exception (dl-error-skeleton.c:208)
==2406856==    by 0x681C34D: _dl_open (dl-open.c:883)
==2406856==    by 0x743E5FB: dlopen_doit (dlopen.c:56)
==2406856==    by 0x7522B57: _dl_catch_exception (dl-error-skeleton.c:208)
==2406856== 
==2406856== 25 bytes in 1 blocks are possibly lost in loss record 279 of 367
==2406856==    at 0x7056899: malloc (in /mnt/c/Users/guido/ghq/projects/rustdom/.tools/valgrind/usr/libexec/valgrind/vgpreload_memcheck-amd64-linux.so)
==2406856==    by 0x22E5C032: _RNvXs0_NvMs_NtNtCs6i54tJFfzR_5alloc3ffi5c_strNtBa_7CString3newReNtB5_11SpecNewImpl13spec_new_impl (in /mnt/c/Users/guido/ghq/projects/rustdom/dist/rustdom.node)
==2406856==    by 0x22E112BF: _RNvMs2_NtNtCsbKcx7MMum66_4napi9js_values15object_propertyNtB5_8Property14with_utf8_name (in /mnt/c/Users/guido/ghq/projects/rustdom/dist/rustdom.node)
==2406856==    by 0x22DAEDB8: _RNvNvNtNtNtCsdulfWib0rSm_7rustdom3dom4tree32___napi_impl_helper_NativeTree_1436___napi_register__NativeTree_impl_38720___ctor_private_inner (in /mnt/c/Users/guido/ghq/projects/rustdom/dist/rustdom.node)
==2406856==    by 0x22DD6E85: _RNvNvNvNvNtNtNtCsdulfWib0rSm_7rustdom3dom4tree32___napi_impl_helper_NativeTree_1436___napi_register__NativeTree_impl_3871__18___CTOR_PRIVATE_REF14___ctor_private (in /mnt/c/Users/guido/ghq/projects/rustdom/dist/rustdom.node)
==2406856==    by 0x681447D: call_init.part.0 (dl-init.c:70)
==2406856==    by 0x6814567: call_init (dl-init.c:33)
==2406856==    by 0x6814567: _dl_init (dl-init.c:117)
==2406856==    by 0x7522BB4: _dl_catch_exception (dl-error-skeleton.c:182)
==2406856==    by 0x681BFF5: dl_open_worker (dl-open.c:808)
==2406856==    by 0x681BFF5: dl_open_worker (dl-open.c:771)
==2406856==    by 0x7522B57: _dl_catch_exception (dl-error-skeleton.c:208)
==2406856==    by 0x681C34D: _dl_open (dl-open.c:883)
==2406856==    by 0x743E5FB: dlopen_doit (dlopen.c:56)
==2406856== 
==2406856== 25 bytes in 1 blocks are possibly lost in loss record 280 of 367
==2406856==    at 0x7056899: malloc (in /mnt/c/Users/guido/ghq/projects/rustdom/.tools/valgrind/usr/libexec/valgrind/vgpreload_memcheck-amd64-linux.so)
==2406856==    by 0x22E5C032: _RNvXs0_NvMs_NtNtCs6i54tJFfzR_5alloc3ffi5c_strNtBa_7CString3newReNtB5_11SpecNewImpl13spec_new_impl (in /mnt/c/Users/guido/ghq/projects/rustdom/dist/rustdom.node)
==2406856==    by 0x22E112BF: _RNvMs2_NtNtCsbKcx7MMum66_4napi9js_values15object_propertyNtB5_8Property14with_utf8_name (in /mnt/c/Users/guido/ghq/projects/rustdom/dist/rustdom.node)
==2406856==    by 0x22DB15A3: _RNvNvNtNtNtCsdulfWib0rSm_7rustdom3dom4tree32___napi_impl_helper_NativeTree_1436___napi_register__NativeTree_impl_38720___ctor_private_inner (in /mnt/c/Users/guido/ghq/projects/rustdom/dist/rustdom.node)
==2406856==    by 0x22DD6E85: _RNvNvNvNvNtNtNtCsdulfWib0rSm_7rustdom3dom4tree32___napi_impl_helper_NativeTree_1436___napi_register__NativeTree_impl_3871__18___CTOR_PRIVATE_REF14___ctor_private (in /mnt/c/Users/guido/ghq/projects/rustdom/dist/rustdom.node)
==2406856==    by 0x681447D: call_init.part.0 (dl-init.c:70)
==2406856==    by 0x6814567: call_init (dl-init.c:33)
==2406856==    by 0x6814567: _dl_init (dl-init.c:117)
==2406856==    by 0x7522BB4: _dl_catch_exception (dl-error-skeleton.c:182)
==2406856==    by 0x681BFF5: dl_open_worker (dl-open.c:808)
==2406856==    by 0x681BFF5: dl_open_worker (dl-open.c:771)
==2406856==    by 0x7522B57: _dl_catch_exception (dl-error-skeleton.c:208)
==2406856==    by 0x681C34D: _dl_open (dl-open.c:883)
==2406856==    by 0x743E5FB: dlopen_doit (dlopen.c:56)
==2406856== 
==2406856== 25 bytes in 1 blocks are possibly lost in loss record 281 of 367
==2406856==    at 0x7056899: malloc (in /mnt/c/Users/guido/ghq/projects/rustdom/.tools/valgrind/usr/libexec/valgrind/vgpreload_memcheck-amd64-linux.so)
==2406856==    by 0x22E5C032: _RNvXs0_NvMs_NtNtCs6i54tJFfzR_5alloc3ffi5c_strNtBa_7CString3newReNtB5_11SpecNewImpl13spec_new_impl (in /mnt/c/Users/guido/ghq/projects/rustdom/dist/rustdom.node)
==2406856==    by 0x22E112BF: _RNvMs2_NtNtCsbKcx7MMum66_4napi9js_values15object_propertyNtB5_8Property14with_utf8_name (in /mnt/c/Users/guido/ghq/projects/rustdom/dist/rustdom.node)
==2406856==    by 0x22DB17AF: _RNvNvNtNtNtCsdulfWib0rSm_7rustdom3dom4tree32___napi_impl_helper_NativeTree_1436___napi_register__NativeTree_impl_38720___ctor_private_inner (in /mnt/c/Users/guido/ghq/projects/rustdom/dist/rustdom.node)
==2406856==    by 0x22DD6E85: _RNvNvNvNvNtNtNtCsdulfWib0rSm_7rustdom3dom4tree32___napi_impl_helper_NativeTree_1436___napi_register__NativeTree_impl_3871__18___CTOR_PRIVATE_REF14___ctor_private (in /mnt/c/Users/guido/ghq/projects/rustdom/dist/rustdom.node)
==2406856==    by 0x681447D: call_init.part.0 (dl-init.c:70)
==2406856==    by 0x6814567: call_init (dl-init.c:33)
==2406856==    by 0x6814567: _dl_init (dl-init.c:117)
==2406856==    by 0x7522BB4: _dl_catch_exception (dl-error-skeleton.c:182)
==2406856==    by 0x681BFF5: dl_open_worker (dl-open.c:808)
==2406856==    by 0x681BFF5: dl_open_worker (dl-open.c:771)
==2406856==    by 0x7522B57: _dl_catch_exception (dl-error-skeleton.c:208)
==2406856==    by 0x681C34D: _dl_open (dl-open.c:883)
==2406856==    by 0x743E5FB: dlopen_doit (dlopen.c:56)
==2406856== 
==2406856== 25 bytes in 1 blocks are possibly lost in loss record 282 of 367
==2406856==    at 0x7056899: malloc (in /mnt/c/Users/guido/ghq/projects/rustdom/.tools/valgrind/usr/libexec/valgrind/vgpreload_memcheck-amd64-linux.so)
==2406856==    by 0x22E5C032: _RNvXs0_NvMs_NtNtCs6i54tJFfzR_5alloc3ffi5c_strNtBa_7CString3newReNtB5_11SpecNewImpl13spec_new_impl (in /mnt/c/Users/guido/ghq/projects/rustdom/dist/rustdom.node)
==2406856==    by 0x22E112BF: _RNvMs2_NtNtCsbKcx7MMum66_4napi9js_values15object_propertyNtB5_8Property14with_utf8_name (in /mnt/c/Users/guido/ghq/projects/rustdom/dist/rustdom.node)
==2406856==    by 0x22DB561D: _RNvNvNtNtNtCsdulfWib0rSm_7rustdom3dom4tree32___napi_impl_helper_NativeTree_1436___napi_register__NativeTree_impl_38720___ctor_private_inner (in /mnt/c/Users/guido/ghq/projects/rustdom/dist/rustdom.node)
==2406856==    by 0x22DD6E85: _RNvNvNvNvNtNtNtCsdulfWib0rSm_7rustdom3dom4tree32___napi_impl_helper_NativeTree_1436___napi_register__NativeTree_impl_3871__18___CTOR_PRIVATE_REF14___ctor_private (in /mnt/c/Users/guido/ghq/projects/rustdom/dist/rustdom.node)
==2406856==    by 0x681447D: call_init.part.0 (dl-init.c:70)
==2406856==    by 0x6814567: call_init (dl-init.c:33)
==2406856==    by 0x6814567: _dl_init (dl-init.c:117)
==2406856==    by 0x7522BB4: _dl_catch_exception (dl-error-skeleton.c:182)
==2406856==    by 0x681BFF5: dl_open_worker (dl-open.c:808)
==2406856==    by 0x681BFF5: dl_open_worker (dl-open.c:771)
==2406856==    by 0x7522B57: _dl_catch_exception (dl-error-skeleton.c:208)
==2406856==    by 0x681C34D: _dl_open (dl-open.c:883)
==2406856==    by 0x743E5FB: dlopen_doit (dlopen.c:56)
==2406856== 
==2406856== 25 bytes in 1 blocks are possibly lost in loss record 283 of 367
==2406856==    at 0x7056899: malloc (in /mnt/c/Users/guido/ghq/projects/rustdom/.tools/valgrind/usr/libexec/valgrind/vgpreload_memcheck-amd64-linux.so)
==2406856==    by 0x22E5C032: _RNvXs0_NvMs_NtNtCs6i54tJFfzR_5alloc3ffi5c_strNtBa_7CString3newReNtB5_11SpecNewImpl13spec_new_impl (in /mnt/c/Users/guido/ghq/projects/rustdom/dist/rustdom.node)
==2406856==    by 0x22E112BF: _RNvMs2_NtNtCsbKcx7MMum66_4napi9js_values15object_propertyNtB5_8Property14with_utf8_name (in /mnt/c/Users/guido/ghq/projects/rustdom/dist/rustdom.node)
==2406856==    by 0x22DB6471: _RNvNvNtNtNtCsdulfWib0rSm_7rustdom3dom4tree32___napi_impl_helper_NativeTree_1436___napi_register__NativeTree_impl_38720___ctor_private_inner (in /mnt/c/Users/guido/ghq/projects/rustdom/dist/rustdom.node)
==2406856==    by 0x22DD6E85: _RNvNvNvNvNtNtNtCsdulfWib0rSm_7rustdom3dom4tree32___napi_impl_helper_NativeTree_1436___napi_register__NativeTree_impl_3871__18___CTOR_PRIVATE_REF14___ctor_private (in /mnt/c/Users/guido/ghq/projects/rustdom/dist/rustdom.node)
==2406856==    by 0x681447D: call_init.part.0 (dl-init.c:70)
==2406856==    by 0x6814567: call_init (dl-init.c:33)
==2406856==    by 0x6814567: _dl_init (dl-init.c:117)
==2406856==    by 0x7522BB4: _dl_catch_exception (dl-error-skeleton.c:182)
==2406856==    by 0x681BFF5: dl_open_worker (dl-open.c:808)
==2406856==    by 0x681BFF5: dl_open_worker (dl-open.c:771)
==2406856==    by 0x7522B57: _dl_catch_exception (dl-error-skeleton.c:208)
==2406856==    by 0x681C34D: _dl_open (dl-open.c:883)
==2406856==    by 0x743E5FB: dlopen_doit (dlopen.c:56)
==2406856== 
==2406856== 26 bytes in 1 blocks are possibly lost in loss record 284 of 367
==2406856==    at 0x7056899: malloc (in /mnt/c/Users/guido/ghq/projects/rustdom/.tools/valgrind/usr/libexec/valgrind/vgpreload_memcheck-amd64-linux.so)
==2406856==    by 0x22E5C032: _RNvXs0_NvMs_NtNtCs6i54tJFfzR_5alloc3ffi5c_strNtBa_7CString3newReNtB5_11SpecNewImpl13spec_new_impl (in /mnt/c/Users/guido/ghq/projects/rustdom/dist/rustdom.node)
==2406856==    by 0x22E112BF: _RNvMs2_NtNtCsbKcx7MMum66_4napi9js_values15object_propertyNtB5_8Property14with_utf8_name (in /mnt/c/Users/guido/ghq/projects/rustdom/dist/rustdom.node)
==2406856==    by 0x22DB1FDF: _RNvNvNtNtNtCsdulfWib0rSm_7rustdom3dom4tree32___napi_impl_helper_NativeTree_1436___napi_register__NativeTree_impl_38720___ctor_private_inner (in /mnt/c/Users/guido/ghq/projects/rustdom/dist/rustdom.node)
==2406856==    by 0x22DD6E85: _RNvNvNvNvNtNtNtCsdulfWib0rSm_7rustdom3dom4tree32___napi_impl_helper_NativeTree_1436___napi_register__NativeTree_impl_3871__18___CTOR_PRIVATE_REF14___ctor_private (in /mnt/c/Users/guido/ghq/projects/rustdom/dist/rustdom.node)
==2406856==    by 0x681447D: call_init.part.0 (dl-init.c:70)
==2406856==    by 0x6814567: call_init (dl-init.c:33)
==2406856==    by 0x6814567: _dl_init (dl-init.c:117)
==2406856==    by 0x7522BB4: _dl_catch_exception (dl-error-skeleton.c:182)
==2406856==    by 0x681BFF5: dl_open_worker (dl-open.c:808)
==2406856==    by 0x681BFF5: dl_open_worker (dl-open.c:771)
==2406856==    by 0x7522B57: _dl_catch_exception (dl-error-skeleton.c:208)
==2406856==    by 0x681C34D: _dl_open (dl-open.c:883)
==2406856==    by 0x743E5FB: dlopen_doit (dlopen.c:56)
==2406856== 
==2406856== 26 bytes in 1 blocks are possibly lost in loss record 285 of 367
==2406856==    at 0x7056899: malloc (in /mnt/c/Users/guido/ghq/projects/rustdom/.tools/valgrind/usr/libexec/valgrind/vgpreload_memcheck-amd64-linux.so)
==2406856==    by 0x22E5C032: _RNvXs0_NvMs_NtNtCs6i54tJFfzR_5alloc3ffi5c_strNtBa_7CString3newReNtB5_11SpecNewImpl13spec_new_impl (in /mnt/c/Users/guido/ghq/projects/rustdom/dist/rustdom.node)
==2406856==    by 0x22E112BF: _RNvMs2_NtNtCsbKcx7MMum66_4napi9js_values15object_propertyNtB5_8Property14with_utf8_name (in /mnt/c/Users/guido/ghq/projects/rustdom/dist/rustdom.node)
==2406856==    by 0x22DB5829: _RNvNvNtNtNtCsdulfWib0rSm_7rustdom3dom4tree32___napi_impl_helper_NativeTree_1436___napi_register__NativeTree_impl_38720___ctor_private_inner (in /mnt/c/Users/guido/ghq/projects/rustdom/dist/rustdom.node)
==2406856==    by 0x22DD6E85: _RNvNvNvNvNtNtNtCsdulfWib0rSm_7rustdom3dom4tree32___napi_impl_helper_NativeTree_1436___napi_register__NativeTree_impl_3871__18___CTOR_PRIVATE_REF14___ctor_private (in /mnt/c/Users/guido/ghq/projects/rustdom/dist/rustdom.node)
==2406856==    by 0x681447D: call_init.part.0 (dl-init.c:70)
==2406856==    by 0x6814567: call_init (dl-init.c:33)
==2406856==    by 0x6814567: _dl_init (dl-init.c:117)
==2406856==    by 0x7522BB4: _dl_catch_exception (dl-error-skeleton.c:182)
==2406856==    by 0x681BFF5: dl_open_worker (dl-open.c:808)
==2406856==    by 0x681BFF5: dl_open_worker (dl-open.c:771)
==2406856==    by 0x7522B57: _dl_catch_exception (dl-error-skeleton.c:208)
==2406856==    by 0x681C34D: _dl_open (dl-open.c:883)
==2406856==    by 0x743E5FB: dlopen_doit (dlopen.c:56)
==2406856== 
==2406856== 27 bytes in 1 blocks are possibly lost in loss record 286 of 367
==2406856==    at 0x7056899: malloc (in /mnt/c/Users/guido/ghq/projects/rustdom/.tools/valgrind/usr/libexec/valgrind/vgpreload_memcheck-amd64-linux.so)
==2406856==    by 0x22E5C032: _RNvXs0_NvMs_NtNtCs6i54tJFfzR_5alloc3ffi5c_strNtBa_7CString3newReNtB5_11SpecNewImpl13spec_new_impl (in /mnt/c/Users/guido/ghq/projects/rustdom/dist/rustdom.node)
==2406856==    by 0x22E112BF: _RNvMs2_NtNtCsbKcx7MMum66_4napi9js_values15object_propertyNtB5_8Property14with_utf8_name (in /mnt/c/Users/guido/ghq/projects/rustdom/dist/rustdom.node)
==2406856==    by 0x22DB0649: _RNvNvNtNtNtCsdulfWib0rSm_7rustdom3dom4tree32___napi_impl_helper_NativeTree_1436___napi_register__NativeTree_impl_38720___ctor_private_inner (in /mnt/c/Users/guido/ghq/projects/rustdom/dist/rustdom.node)
==2406856==    by 0x22DD6E85: _RNvNvNvNvNtNtNtCsdulfWib0rSm_7rustdom3dom4tree32___napi_impl_helper_NativeTree_1436___napi_register__NativeTree_impl_3871__18___CTOR_PRIVATE_REF14___ctor_private (in /mnt/c/Users/guido/ghq/projects/rustdom/dist/rustdom.node)
==2406856==    by 0x681447D: call_init.part.0 (dl-init.c:70)
==2406856==    by 0x6814567: call_init (dl-init.c:33)
==2406856==    by 0x6814567: _dl_init (dl-init.c:117)
==2406856==    by 0x7522BB4: _dl_catch_exception (dl-error-skeleton.c:182)
==2406856==    by 0x681BFF5: dl_open_worker (dl-open.c:808)
==2406856==    by 0x681BFF5: dl_open_worker (dl-open.c:771)
==2406856==    by 0x7522B57: _dl_catch_exception (dl-error-skeleton.c:208)
==2406856==    by 0x681C34D: _dl_open (dl-open.c:883)
==2406856==    by 0x743E5FB: dlopen_doit (dlopen.c:56)
==2406856== 
==2406856== 27 bytes in 1 blocks are possibly lost in loss record 287 of 367
==2406856==    at 0x7056899: malloc (in /mnt/c/Users/guido/ghq/projects/rustdom/.tools/valgrind/usr/libexec/valgrind/vgpreload_memcheck-amd64-linux.so)
==2406856==    by 0x22E5C032: _RNvXs0_NvMs_NtNtCs6i54tJFfzR_5alloc3ffi5c_strNtBa_7CString3newReNtB5_11SpecNewImpl13spec_new_impl (in /mnt/c/Users/guido/ghq/projects/rustdom/dist/rustdom.node)
==2406856==    by 0x22E112BF: _RNvMs2_NtNtCsbKcx7MMum66_4napi9js_values15object_propertyNtB5_8Property14with_utf8_name (in /mnt/c/Users/guido/ghq/projects/rustdom/dist/rustdom.node)
==2406856==    by 0x22DB2B21: _RNvNvNtNtNtCsdulfWib0rSm_7rustdom3dom4tree32___napi_impl_helper_NativeTree_1436___napi_register__NativeTree_impl_38720___ctor_private_inner (in /mnt/c/Users/guido/ghq/projects/rustdom/dist/rustdom.node)
==2406856==    by 0x22DD6E85: _RNvNvNvNvNtNtNtCsdulfWib0rSm_7rustdom3dom4tree32___napi_impl_helper_NativeTree_1436___napi_register__NativeTree_impl_3871__18___CTOR_PRIVATE_REF14___ctor_private (in /mnt/c/Users/guido/ghq/projects/rustdom/dist/rustdom.node)
==2406856==    by 0x681447D: call_init.part.0 (dl-init.c:70)
==2406856==    by 0x6814567: call_init (dl-init.c:33)
==2406856==    by 0x6814567: _dl_init (dl-init.c:117)
==2406856==    by 0x7522BB4: _dl_catch_exception (dl-error-skeleton.c:182)
==2406856==    by 0x681BFF5: dl_open_worker (dl-open.c:808)
==2406856==    by 0x681BFF5: dl_open_worker (dl-open.c:771)
==2406856==    by 0x7522B57: _dl_catch_exception (dl-error-skeleton.c:208)
==2406856==    by 0x681C34D: _dl_open (dl-open.c:883)
==2406856==    by 0x743E5FB: dlopen_doit (dlopen.c:56)
==2406856== 
==2406856== 27 bytes in 1 blocks are possibly lost in loss record 288 of 367
==2406856==    at 0x7056899: malloc (in /mnt/c/Users/guido/ghq/projects/rustdom/.tools/valgrind/usr/libexec/valgrind/vgpreload_memcheck-amd64-linux.so)
==2406856==    by 0x22E5C032: _RNvXs0_NvMs_NtNtCs6i54tJFfzR_5alloc3ffi5c_strNtBa_7CString3newReNtB5_11SpecNewImpl13spec_new_impl (in /mnt/c/Users/guido/ghq/projects/rustdom/dist/rustdom.node)
==2406856==    by 0x22E112BF: _RNvMs2_NtNtCsbKcx7MMum66_4napi9js_values15object_propertyNtB5_8Property14with_utf8_name (in /mnt/c/Users/guido/ghq/projects/rustdom/dist/rustdom.node)
==2406856==    by 0x22DB2E33: _RNvNvNtNtNtCsdulfWib0rSm_7rustdom3dom4tree32___napi_impl_helper_NativeTree_1436___napi_register__NativeTree_impl_38720___ctor_private_inner (in /mnt/c/Users/guido/ghq/projects/rustdom/dist/rustdom.node)
==2406856==    by 0x22DD6E85: _RNvNvNvNvNtNtNtCsdulfWib0rSm_7rustdom3dom4tree32___napi_impl_helper_NativeTree_1436___napi_register__NativeTree_impl_3871__18___CTOR_PRIVATE_REF14___ctor_private (in /mnt/c/Users/guido/ghq/projects/rustdom/dist/rustdom.node)
==2406856==    by 0x681447D: call_init.part.0 (dl-init.c:70)
==2406856==    by 0x6814567: call_init (dl-init.c:33)
==2406856==    by 0x6814567: _dl_init (dl-init.c:117)
==2406856==    by 0x7522BB4: _dl_catch_exception (dl-error-skeleton.c:182)
==2406856==    by 0x681BFF5: dl_open_worker (dl-open.c:808)
==2406856==    by 0x681BFF5: dl_open_worker (dl-open.c:771)
==2406856==    by 0x7522B57: _dl_catch_exception (dl-error-skeleton.c:208)
==2406856==    by 0x681C34D: _dl_open (dl-open.c:883)
==2406856==    by 0x743E5FB: dlopen_doit (dlopen.c:56)
==2406856== 
==2406856== 27 bytes in 1 blocks are possibly lost in loss record 289 of 367
==2406856==    at 0x7056899: malloc (in /mnt/c/Users/guido/ghq/projects/rustdom/.tools/valgrind/usr/libexec/valgrind/vgpreload_memcheck-amd64-linux.so)
==2406856==    by 0x22E5C032: _RNvXs0_NvMs_NtNtCs6i54tJFfzR_5alloc3ffi5c_strNtBa_7CString3newReNtB5_11SpecNewImpl13spec_new_impl (in /mnt/c/Users/guido/ghq/projects/rustdom/dist/rustdom.node)
==2406856==    by 0x22E112BF: _RNvMs2_NtNtCsbKcx7MMum66_4napi9js_values15object_propertyNtB5_8Property14with_utf8_name (in /mnt/c/Users/guido/ghq/projects/rustdom/dist/rustdom.node)
==2406856==    by 0x22DB3663: _RNvNvNtNtNtCsdulfWib0rSm_7rustdom3dom4tree32___napi_impl_helper_NativeTree_1436___napi_register__NativeTree_impl_38720___ctor_private_inner (in /mnt/c/Users/guido/ghq/projects/rustdom/dist/rustdom.node)
==2406856==    by 0x22DD6E85: _RNvNvNvNvNtNtNtCsdulfWib0rSm_7rustdom3dom4tree32___napi_impl_helper_NativeTree_1436___napi_register__NativeTree_impl_3871__18___CTOR_PRIVATE_REF14___ctor_private (in /mnt/c/Users/guido/ghq/projects/rustdom/dist/rustdom.node)
==2406856==    by 0x681447D: call_init.part.0 (dl-init.c:70)
==2406856==    by 0x6814567: call_init (dl-init.c:33)
==2406856==    by 0x6814567: _dl_init (dl-init.c:117)
==2406856==    by 0x7522BB4: _dl_catch_exception (dl-error-skeleton.c:182)
==2406856==    by 0x681BFF5: dl_open_worker (dl-open.c:808)
==2406856==    by 0x681BFF5: dl_open_worker (dl-open.c:771)
==2406856==    by 0x7522B57: _dl_catch_exception (dl-error-skeleton.c:208)
==2406856==    by 0x681C34D: _dl_open (dl-open.c:883)
==2406856==    by 0x743E5FB: dlopen_doit (dlopen.c:56)
==2406856== 
==2406856== 28 bytes in 1 blocks are possibly lost in loss record 290 of 367
==2406856==    at 0x7056899: malloc (in /mnt/c/Users/guido/ghq/projects/rustdom/.tools/valgrind/usr/libexec/valgrind/vgpreload_memcheck-amd64-linux.so)
==2406856==    by 0x22E5C032: _RNvXs0_NvMs_NtNtCs6i54tJFfzR_5alloc3ffi5c_strNtBa_7CString3newReNtB5_11SpecNewImpl13spec_new_impl (in /mnt/c/Users/guido/ghq/projects/rustdom/dist/rustdom.node)
==2406856==    by 0x22E112BF: _RNvMs2_NtNtCsbKcx7MMum66_4napi9js_values15object_propertyNtB5_8Property14with_utf8_name (in /mnt/c/Users/guido/ghq/projects/rustdom/dist/rustdom.node)
==2406856==    by 0x22DB1BC7: _RNvNvNtNtNtCsdulfWib0rSm_7rustdom3dom4tree32___napi_impl_helper_NativeTree_1436___napi_register__NativeTree_impl_38720___ctor_private_inner (in /mnt/c/Users/guido/ghq/projects/rustdom/dist/rustdom.node)
==2406856==    by 0x22DD6E85: _RNvNvNvNvNtNtNtCsdulfWib0rSm_7rustdom3dom4tree32___napi_impl_helper_NativeTree_1436___napi_register__NativeTree_impl_3871__18___CTOR_PRIVATE_REF14___ctor_private (in /mnt/c/Users/guido/ghq/projects/rustdom/dist/rustdom.node)
==2406856==    by 0x681447D: call_init.part.0 (dl-init.c:70)
==2406856==    by 0x6814567: call_init (dl-init.c:33)
==2406856==    by 0x6814567: _dl_init (dl-init.c:117)
==2406856==    by 0x7522BB4: _dl_catch_exception (dl-error-skeleton.c:182)
==2406856==    by 0x681BFF5: dl_open_worker (dl-open.c:808)
==2406856==    by 0x681BFF5: dl_open_worker (dl-open.c:771)
==2406856==    by 0x7522B57: _dl_catch_exception (dl-error-skeleton.c:208)
==2406856==    by 0x681C34D: _dl_open (dl-open.c:883)
==2406856==    by 0x743E5FB: dlopen_doit (dlopen.c:56)
==2406856== 
==2406856== 28 bytes in 1 blocks are possibly lost in loss record 291 of 367
==2406856==    at 0x7056899: malloc (in /mnt/c/Users/guido/ghq/projects/rustdom/.tools/valgrind/usr/libexec/valgrind/vgpreload_memcheck-amd64-linux.so)
==2406856==    by 0x22E5C032: _RNvXs0_NvMs_NtNtCs6i54tJFfzR_5alloc3ffi5c_strNtBa_7CString3newReNtB5_11SpecNewImpl13spec_new_impl (in /mnt/c/Users/guido/ghq/projects/rustdom/dist/rustdom.node)
==2406856==    by 0x22E112BF: _RNvMs2_NtNtCsbKcx7MMum66_4napi9js_values15object_propertyNtB5_8Property14with_utf8_name (in /mnt/c/Users/guido/ghq/projects/rustdom/dist/rustdom.node)
==2406856==    by 0x22DB3145: _RNvNvNtNtNtCsdulfWib0rSm_7rustdom3dom4tree32___napi_impl_helper_NativeTree_1436___napi_register__NativeTree_impl_38720___ctor_private_inner (in /mnt/c/Users/guido/ghq/projects/rustdom/dist/rustdom.node)
==2406856==    by 0x22DD6E85: _RNvNvNvNvNtNtNtCsdulfWib0rSm_7rustdom3dom4tree32___napi_impl_helper_NativeTree_1436___napi_register__NativeTree_impl_3871__18___CTOR_PRIVATE_REF14___ctor_private (in /mnt/c/Users/guido/ghq/projects/rustdom/dist/rustdom.node)
==2406856==    by 0x681447D: call_init.part.0 (dl-init.c:70)
==2406856==    by 0x6814567: call_init (dl-init.c:33)
==2406856==    by 0x6814567: _dl_init (dl-init.c:117)
==2406856==    by 0x7522BB4: _dl_catch_exception (dl-error-skeleton.c:182)
==2406856==    by 0x681BFF5: dl_open_worker (dl-open.c:808)
==2406856==    by 0x681BFF5: dl_open_worker (dl-open.c:771)
==2406856==    by 0x7522B57: _dl_catch_exception (dl-error-skeleton.c:208)
==2406856==    by 0x681C34D: _dl_open (dl-open.c:883)
==2406856==    by 0x743E5FB: dlopen_doit (dlopen.c:56)
==2406856== 
==2406856== 28 bytes in 1 blocks are possibly lost in loss record 292 of 367
==2406856==    at 0x7056899: malloc (in /mnt/c/Users/guido/ghq/projects/rustdom/.tools/valgrind/usr/libexec/valgrind/vgpreload_memcheck-amd64-linux.so)
==2406856==    by 0x22E5C032: _RNvXs0_NvMs_NtNtCs6i54tJFfzR_5alloc3ffi5c_strNtBa_7CString3newReNtB5_11SpecNewImpl13spec_new_impl (in /mnt/c/Users/guido/ghq/projects/rustdom/dist/rustdom.node)
==2406856==    by 0x22E112BF: _RNvMs2_NtNtCsbKcx7MMum66_4napi9js_values15object_propertyNtB5_8Property14with_utf8_name (in /mnt/c/Users/guido/ghq/projects/rustdom/dist/rustdom.node)
==2406856==    by 0x22DB41A5: _RNvNvNtNtNtCsdulfWib0rSm_7rustdom3dom4tree32___napi_impl_helper_NativeTree_1436___napi_register__NativeTree_impl_38720___ctor_private_inner (in /mnt/c/Users/guido/ghq/projects/rustdom/dist/rustdom.node)
==2406856==    by 0x22DD6E85: _RNvNvNvNvNtNtNtCsdulfWib0rSm_7rustdom3dom4tree32___napi_impl_helper_NativeTree_1436___napi_register__NativeTree_impl_3871__18___CTOR_PRIVATE_REF14___ctor_private (in /mnt/c/Users/guido/ghq/projects/rustdom/dist/rustdom.node)
==2406856==    by 0x681447D: call_init.part.0 (dl-init.c:70)
==2406856==    by 0x6814567: call_init (dl-init.c:33)
==2406856==    by 0x6814567: _dl_init (dl-init.c:117)
==2406856==    by 0x7522BB4: _dl_catch_exception (dl-error-skeleton.c:182)
==2406856==    by 0x681BFF5: dl_open_worker (dl-open.c:808)
==2406856==    by 0x681BFF5: dl_open_worker (dl-open.c:771)
==2406856==    by 0x7522B57: _dl_catch_exception (dl-error-skeleton.c:208)
==2406856==    by 0x681C34D: _dl_open (dl-open.c:883)
==2406856==    by 0x743E5FB: dlopen_doit (dlopen.c:56)
==2406856== 
==2406856== 29 bytes in 1 blocks are possibly lost in loss record 293 of 367
==2406856==    at 0x7056899: malloc (in /mnt/c/Users/guido/ghq/projects/rustdom/.tools/valgrind/usr/libexec/valgrind/vgpreload_memcheck-amd64-linux.so)
==2406856==    by 0x22E5C032: _RNvXs0_NvMs_NtNtCs6i54tJFfzR_5alloc3ffi5c_strNtBa_7CString3newReNtB5_11SpecNewImpl13spec_new_impl (in /mnt/c/Users/guido/ghq/projects/rustdom/dist/rustdom.node)
==2406856==    by 0x22E112BF: _RNvMs2_NtNtCsbKcx7MMum66_4napi9js_values15object_propertyNtB5_8Property14with_utf8_name (in /mnt/c/Users/guido/ghq/projects/rustdom/dist/rustdom.node)
==2406856==    by 0x22DB22F1: _RNvNvNtNtNtCsdulfWib0rSm_7rustdom3dom4tree32___napi_impl_helper_NativeTree_1436___napi_register__NativeTree_impl_38720___ctor_private_inner (in /mnt/c/Users/guido/ghq/projects/rustdom/dist/rustdom.node)
==2406856==    by 0x22DD6E85: _RNvNvNvNvNtNtNtCsdulfWib0rSm_7rustdom3dom4tree32___napi_impl_helper_NativeTree_1436___napi_register__NativeTree_impl_3871__18___CTOR_PRIVATE_REF14___ctor_private (in /mnt/c/Users/guido/ghq/projects/rustdom/dist/rustdom.node)
==2406856==    by 0x681447D: call_init.part.0 (dl-init.c:70)
==2406856==    by 0x6814567: call_init (dl-init.c:33)
==2406856==    by 0x6814567: _dl_init (dl-init.c:117)
==2406856==    by 0x7522BB4: _dl_catch_exception (dl-error-skeleton.c:182)
==2406856==    by 0x681BFF5: dl_open_worker (dl-open.c:808)
==2406856==    by 0x681BFF5: dl_open_worker (dl-open.c:771)
==2406856==    by 0x7522B57: _dl_catch_exception (dl-error-skeleton.c:208)
==2406856==    by 0x681C34D: _dl_open (dl-open.c:883)
==2406856==    by 0x743E5FB: dlopen_doit (dlopen.c:56)
==2406856== 
==2406856== 29 bytes in 1 blocks are possibly lost in loss record 294 of 367
==2406856==    at 0x7056899: malloc (in /mnt/c/Users/guido/ghq/projects/rustdom/.tools/valgrind/usr/libexec/valgrind/vgpreload_memcheck-amd64-linux.so)
==2406856==    by 0x22E5C032: _RNvXs0_NvMs_NtNtCs6i54tJFfzR_5alloc3ffi5c_strNtBa_7CString3newReNtB5_11SpecNewImpl13spec_new_impl (in /mnt/c/Users/guido/ghq/projects/rustdom/dist/rustdom.node)
==2406856==    by 0x22E112BF: _RNvMs2_NtNtCsbKcx7MMum66_4napi9js_values15object_propertyNtB5_8Property14with_utf8_name (in /mnt/c/Users/guido/ghq/projects/rustdom/dist/rustdom.node)
==2406856==    by 0x22DB3F99: _RNvNvNtNtNtCsdulfWib0rSm_7rustdom3dom4tree32___napi_impl_helper_NativeTree_1436___napi_register__NativeTree_impl_38720___ctor_private_inner (in /mnt/c/Users/guido/ghq/projects/rustdom/dist/rustdom.node)
==2406856==    by 0x22DD6E85: _RNvNvNvNvNtNtNtCsdulfWib0rSm_7rustdom3dom4tree32___napi_impl_helper_NativeTree_1436___napi_register__NativeTree_impl_3871__18___CTOR_PRIVATE_REF14___ctor_private (in /mnt/c/Users/guido/ghq/projects/rustdom/dist/rustdom.node)
==2406856==    by 0x681447D: call_init.part.0 (dl-init.c:70)
==2406856==    by 0x6814567: call_init (dl-init.c:33)
==2406856==    by 0x6814567: _dl_init (dl-init.c:117)
==2406856==    by 0x7522BB4: _dl_catch_exception (dl-error-skeleton.c:182)
==2406856==    by 0x681BFF5: dl_open_worker (dl-open.c:808)
==2406856==    by 0x681BFF5: dl_open_worker (dl-open.c:771)
==2406856==    by 0x7522B57: _dl_catch_exception (dl-error-skeleton.c:208)
==2406856==    by 0x681C34D: _dl_open (dl-open.c:883)
==2406856==    by 0x743E5FB: dlopen_doit (dlopen.c:56)
==2406856== 
==2406856== 29 bytes in 1 blocks are possibly lost in loss record 295 of 367
==2406856==    at 0x7056899: malloc (in /mnt/c/Users/guido/ghq/projects/rustdom/.tools/valgrind/usr/libexec/valgrind/vgpreload_memcheck-amd64-linux.so)
==2406856==    by 0x22E5C032: _RNvXs0_NvMs_NtNtCs6i54tJFfzR_5alloc3ffi5c_strNtBa_7CString3newReNtB5_11SpecNewImpl13spec_new_impl (in /mnt/c/Users/guido/ghq/projects/rustdom/dist/rustdom.node)
==2406856==    by 0x22E112BF: _RNvMs2_NtNtCsbKcx7MMum66_4napi9js_values15object_propertyNtB5_8Property14with_utf8_name (in /mnt/c/Users/guido/ghq/projects/rustdom/dist/rustdom.node)
==2406856==    by 0x22DB5A35: _RNvNvNtNtNtCsdulfWib0rSm_7rustdom3dom4tree32___napi_impl_helper_NativeTree_1436___napi_register__NativeTree_impl_38720___ctor_private_inner (in /mnt/c/Users/guido/ghq/projects/rustdom/dist/rustdom.node)
==2406856==    by 0x22DD6E85: _RNvNvNvNvNtNtNtCsdulfWib0rSm_7rustdom3dom4tree32___napi_impl_helper_NativeTree_1436___napi_register__NativeTree_impl_3871__18___CTOR_PRIVATE_REF14___ctor_private (in /mnt/c/Users/guido/ghq/projects/rustdom/dist/rustdom.node)
==2406856==    by 0x681447D: call_init.part.0 (dl-init.c:70)
==2406856==    by 0x6814567: call_init (dl-init.c:33)
==2406856==    by 0x6814567: _dl_init (dl-init.c:117)
==2406856==    by 0x7522BB4: _dl_catch_exception (dl-error-skeleton.c:182)
==2406856==    by 0x681BFF5: dl_open_worker (dl-open.c:808)
==2406856==    by 0x681BFF5: dl_open_worker (dl-open.c:771)
==2406856==    by 0x7522B57: _dl_catch_exception (dl-error-skeleton.c:208)
==2406856==    by 0x681C34D: _dl_open (dl-open.c:883)
==2406856==    by 0x743E5FB: dlopen_doit (dlopen.c:56)
==2406856== 
==2406856== 30 bytes in 1 blocks are possibly lost in loss record 296 of 367
==2406856==    at 0x7056899: malloc (in /mnt/c/Users/guido/ghq/projects/rustdom/.tools/valgrind/usr/libexec/valgrind/vgpreload_memcheck-amd64-linux.so)
==2406856==    by 0x22E5C032: _RNvXs0_NvMs_NtNtCs6i54tJFfzR_5alloc3ffi5c_strNtBa_7CString3newReNtB5_11SpecNewImpl13spec_new_impl (in /mnt/c/Users/guido/ghq/projects/rustdom/dist/rustdom.node)
==2406856==    by 0x22E112BF: _RNvMs2_NtNtCsbKcx7MMum66_4napi9js_values15object_propertyNtB5_8Property14with_utf8_name (in /mnt/c/Users/guido/ghq/projects/rustdom/dist/rustdom.node)
==2406856==    by 0x22DAFF0E: _RNvNvNtNtNtCsdulfWib0rSm_7rustdom3dom4tree32___napi_impl_helper_NativeTree_1436___napi_register__NativeTree_impl_38720___ctor_private_inner (in /mnt/c/Users/guido/ghq/projects/rustdom/dist/rustdom.node)
==2406856==    by 0x22DD6E85: _RNvNvNvNvNtNtNtCsdulfWib0rSm_7rustdom3dom4tree32___napi_impl_helper_NativeTree_1436___napi_register__NativeTree_impl_3871__18___CTOR_PRIVATE_REF14___ctor_private (in /mnt/c/Users/guido/ghq/projects/rustdom/dist/rustdom.node)
==2406856==    by 0x681447D: call_init.part.0 (dl-init.c:70)
==2406856==    by 0x6814567: call_init (dl-init.c:33)
==2406856==    by 0x6814567: _dl_init (dl-init.c:117)
==2406856==    by 0x7522BB4: _dl_catch_exception (dl-error-skeleton.c:182)
==2406856==    by 0x681BFF5: dl_open_worker (dl-open.c:808)
==2406856==    by 0x681BFF5: dl_open_worker (dl-open.c:771)
==2406856==    by 0x7522B57: _dl_catch_exception (dl-error-skeleton.c:208)
==2406856==    by 0x681C34D: _dl_open (dl-open.c:883)
==2406856==    by 0x743E5FB: dlopen_doit (dlopen.c:56)
==2406856== 
==2406856== 30 bytes in 1 blocks are possibly lost in loss record 297 of 367
==2406856==    at 0x7056899: malloc (in /mnt/c/Users/guido/ghq/projects/rustdom/.tools/valgrind/usr/libexec/valgrind/vgpreload_memcheck-amd64-linux.so)
==2406856==    by 0x22E5C032: _RNvXs0_NvMs_NtNtCs6i54tJFfzR_5alloc3ffi5c_strNtBa_7CString3newReNtB5_11SpecNewImpl13spec_new_impl (in /mnt/c/Users/guido/ghq/projects/rustdom/dist/rustdom.node)
==2406856==    by 0x22E112BF: _RNvMs2_NtNtCsbKcx7MMum66_4napi9js_values15object_propertyNtB5_8Property14with_utf8_name (in /mnt/c/Users/guido/ghq/projects/rustdom/dist/rustdom.node)
==2406856==    by 0x22DB149D: _RNvNvNtNtNtCsdulfWib0rSm_7rustdom3dom4tree32___napi_impl_helper_NativeTree_1436___napi_register__NativeTree_impl_38720___ctor_private_inner (in /mnt/c/Users/guido/ghq/projects/rustdom/dist/rustdom.node)
==2406856==    by 0x22DD6E85: _RNvNvNvNvNtNtNtCsdulfWib0rSm_7rustdom3dom4tree32___napi_impl_helper_NativeTree_1436___napi_register__NativeTree_impl_3871__18___CTOR_PRIVATE_REF14___ctor_private (in /mnt/c/Users/guido/ghq/projects/rustdom/dist/rustdom.node)
==2406856==    by 0x681447D: call_init.part.0 (dl-init.c:70)
==2406856==    by 0x6814567: call_init (dl-init.c:33)
==2406856==    by 0x6814567: _dl_init (dl-init.c:117)
==2406856==    by 0x7522BB4: _dl_catch_exception (dl-error-skeleton.c:182)
==2406856==    by 0x681BFF5: dl_open_worker (dl-open.c:808)
==2406856==    by 0x681BFF5: dl_open_worker (dl-open.c:771)
==2406856==    by 0x7522B57: _dl_catch_exception (dl-error-skeleton.c:208)
==2406856==    by 0x681C34D: _dl_open (dl-open.c:883)
==2406856==    by 0x743E5FB: dlopen_doit (dlopen.c:56)
==2406856== 
==2406856== 30 bytes in 1 blocks are possibly lost in loss record 298 of 367
==2406856==    at 0x7056899: malloc (in /mnt/c/Users/guido/ghq/projects/rustdom/.tools/valgrind/usr/libexec/valgrind/vgpreload_memcheck-amd64-linux.so)
==2406856==    by 0x22E5C032: _RNvXs0_NvMs_NtNtCs6i54tJFfzR_5alloc3ffi5c_strNtBa_7CString3newReNtB5_11SpecNewImpl13spec_new_impl (in /mnt/c/Users/guido/ghq/projects/rustdom/dist/rustdom.node)
==2406856==    by 0x22E112BF: _RNvMs2_NtNtCsbKcx7MMum66_4napi9js_values15object_propertyNtB5_8Property14with_utf8_name (in /mnt/c/Users/guido/ghq/projects/rustdom/dist/rustdom.node)
==2406856==    by 0x22DB6A95: _RNvNvNtNtNtCsdulfWib0rSm_7rustdom3dom4tree32___napi_impl_helper_NativeTree_1436___napi_register__NativeTree_impl_38720___ctor_private_inner (in /mnt/c/Users/guido/ghq/projects/rustdom/dist/rustdom.node)
==2406856==    by 0x22DD6E85: _RNvNvNvNvNtNtNtCsdulfWib0rSm_7rustdom3dom4tree32___napi_impl_helper_NativeTree_1436___napi_register__NativeTree_impl_3871__18___CTOR_PRIVATE_REF14___ctor_private (in /mnt/c/Users/guido/ghq/projects/rustdom/dist/rustdom.node)
==2406856==    by 0x681447D: call_init.part.0 (dl-init.c:70)
==2406856==    by 0x6814567: call_init (dl-init.c:33)
==2406856==    by 0x6814567: _dl_init (dl-init.c:117)
==2406856==    by 0x7522BB4: _dl_catch_exception (dl-error-skeleton.c:182)
==2406856==    by 0x681BFF5: dl_open_worker (dl-open.c:808)
==2406856==    by 0x681BFF5: dl_open_worker (dl-open.c:771)
==2406856==    by 0x7522B57: _dl_catch_exception (dl-error-skeleton.c:208)
==2406856==    by 0x681C34D: _dl_open (dl-open.c:883)
==2406856==    by 0x743E5FB: dlopen_doit (dlopen.c:56)
==2406856== 
==2406856== 31 bytes in 1 blocks are possibly lost in loss record 299 of 367
==2406856==    at 0x7056899: malloc (in /mnt/c/Users/guido/ghq/projects/rustdom/.tools/valgrind/usr/libexec/valgrind/vgpreload_memcheck-amd64-linux.so)
==2406856==    by 0x22E5C032: _RNvXs0_NvMs_NtNtCs6i54tJFfzR_5alloc3ffi5c_strNtBa_7CString3newReNtB5_11SpecNewImpl13spec_new_impl (in /mnt/c/Users/guido/ghq/projects/rustdom/dist/rustdom.node)
==2406856==    by 0x22E112BF: _RNvMs2_NtNtCsbKcx7MMum66_4napi9js_values15object_propertyNtB5_8Property14with_utf8_name (in /mnt/c/Users/guido/ghq/projects/rustdom/dist/rustdom.node)
==2406856==    by 0x22DB2A1B: _RNvNvNtNtNtCsdulfWib0rSm_7rustdom3dom4tree32___napi_impl_helper_NativeTree_1436___napi_register__NativeTree_impl_38720___ctor_private_inner (in /mnt/c/Users/guido/ghq/projects/rustdom/dist/rustdom.node)
==2406856==    by 0x22DD6E85: _RNvNvNvNvNtNtNtCsdulfWib0rSm_7rustdom3dom4tree32___napi_impl_helper_NativeTree_1436___napi_register__NativeTree_impl_3871__18___CTOR_PRIVATE_REF14___ctor_private (in /mnt/c/Users/guido/ghq/projects/rustdom/dist/rustdom.node)
==2406856==    by 0x681447D: call_init.part.0 (dl-init.c:70)
==2406856==    by 0x6814567: call_init (dl-init.c:33)
==2406856==    by 0x6814567: _dl_init (dl-init.c:117)
==2406856==    by 0x7522BB4: _dl_catch_exception (dl-error-skeleton.c:182)
==2406856==    by 0x681BFF5: dl_open_worker (dl-open.c:808)
==2406856==    by 0x681BFF5: dl_open_worker (dl-open.c:771)
==2406856==    by 0x7522B57: _dl_catch_exception (dl-error-skeleton.c:208)
==2406856==    by 0x681C34D: _dl_open (dl-open.c:883)
==2406856==    by 0x743E5FB: dlopen_doit (dlopen.c:56)
==2406856== 
==2406856== 33 bytes in 1 blocks are possibly lost in loss record 300 of 367
==2406856==    at 0x7056899: malloc (in /mnt/c/Users/guido/ghq/projects/rustdom/.tools/valgrind/usr/libexec/valgrind/vgpreload_memcheck-amd64-linux.so)
==2406856==    by 0x22E5C032: _RNvXs0_NvMs_NtNtCs6i54tJFfzR_5alloc3ffi5c_strNtBa_7CString3newReNtB5_11SpecNewImpl13spec_new_impl (in /mnt/c/Users/guido/ghq/projects/rustdom/dist/rustdom.node)
==2406856==    by 0x22E112BF: _RNvMs2_NtNtCsbKcx7MMum66_4napi9js_values15object_propertyNtB5_8Property14with_utf8_name (in /mnt/c/Users/guido/ghq/projects/rustdom/dist/rustdom.node)
==2406856==    by 0x22DB4BE1: _RNvNvNtNtNtCsdulfWib0rSm_7rustdom3dom4tree32___napi_impl_helper_NativeTree_1436___napi_register__NativeTree_impl_38720___ctor_private_inner (in /mnt/c/Users/guido/ghq/projects/rustdom/dist/rustdom.node)
==2406856==    by 0x22DD6E85: _RNvNvNvNvNtNtNtCsdulfWib0rSm_7rustdom3dom4tree32___napi_impl_helper_NativeTree_1436___napi_register__NativeTree_impl_3871__18___CTOR_PRIVATE_REF14___ctor_private (in /mnt/c/Users/guido/ghq/projects/rustdom/dist/rustdom.node)
==2406856==    by 0x681447D: call_init.part.0 (dl-init.c:70)
==2406856==    by 0x6814567: call_init (dl-init.c:33)
==2406856==    by 0x6814567: _dl_init (dl-init.c:117)
==2406856==    by 0x7522BB4: _dl_catch_exception (dl-error-skeleton.c:182)
==2406856==    by 0x681BFF5: dl_open_worker (dl-open.c:808)
==2406856==    by 0x681BFF5: dl_open_worker (dl-open.c:771)
==2406856==    by 0x7522B57: _dl_catch_exception (dl-error-skeleton.c:208)
==2406856==    by 0x681C34D: _dl_open (dl-open.c:883)
==2406856==    by 0x743E5FB: dlopen_doit (dlopen.c:56)
==2406856== 
==2406856== 34 bytes in 1 blocks are possibly lost in loss record 301 of 367
==2406856==    at 0x7056899: malloc (in /mnt/c/Users/guido/ghq/projects/rustdom/.tools/valgrind/usr/libexec/valgrind/vgpreload_memcheck-amd64-linux.so)
==2406856==    by 0x22E5C032: _RNvXs0_NvMs_NtNtCs6i54tJFfzR_5alloc3ffi5c_strNtBa_7CString3newReNtB5_11SpecNewImpl13spec_new_impl (in /mnt/c/Users/guido/ghq/projects/rustdom/dist/rustdom.node)
==2406856==    by 0x22E112BF: _RNvMs2_NtNtCsbKcx7MMum66_4napi9js_values15object_propertyNtB5_8Property14with_utf8_name (in /mnt/c/Users/guido/ghq/projects/rustdom/dist/rustdom.node)
==2406856==    by 0x22DAF9F0: _RNvNvNtNtNtCsdulfWib0rSm_7rustdom3dom4tree32___napi_impl_helper_NativeTree_1436___napi_register__NativeTree_impl_38720___ctor_private_inner (in /mnt/c/Users/guido/ghq/projects/rustdom/dist/rustdom.node)
==2406856==    by 0x22DD6E85: _RNvNvNvNvNtNtNtCsdulfWib0rSm_7rustdom3dom4tree32___napi_impl_helper_NativeTree_1436___napi_register__NativeTree_impl_3871__18___CTOR_PRIVATE_REF14___ctor_private (in /mnt/c/Users/guido/ghq/projects/rustdom/dist/rustdom.node)
==2406856==    by 0x681447D: call_init.part.0 (dl-init.c:70)
==2406856==    by 0x6814567: call_init (dl-init.c:33)
==2406856==    by 0x6814567: _dl_init (dl-init.c:117)
==2406856==    by 0x7522BB4: _dl_catch_exception (dl-error-skeleton.c:182)
==2406856==    by 0x681BFF5: dl_open_worker (dl-open.c:808)
==2406856==    by 0x681BFF5: dl_open_worker (dl-open.c:771)
==2406856==    by 0x7522B57: _dl_catch_exception (dl-error-skeleton.c:208)
==2406856==    by 0x681C34D: _dl_open (dl-open.c:883)
==2406856==    by 0x743E5FB: dlopen_doit (dlopen.c:56)
==2406856== 
==2406856== 38 bytes in 1 blocks are possibly lost in loss record 302 of 367
==2406856==    at 0x7056899: malloc (in /mnt/c/Users/guido/ghq/projects/rustdom/.tools/valgrind/usr/libexec/valgrind/vgpreload_memcheck-amd64-linux.so)
==2406856==    by 0x22E5C032: _RNvXs0_NvMs_NtNtCs6i54tJFfzR_5alloc3ffi5c_strNtBa_7CString3newReNtB5_11SpecNewImpl13spec_new_impl (in /mnt/c/Users/guido/ghq/projects/rustdom/dist/rustdom.node)
==2406856==    by 0x22E112BF: _RNvMs2_NtNtCsbKcx7MMum66_4napi9js_values15object_propertyNtB5_8Property14with_utf8_name (in /mnt/c/Users/guido/ghq/projects/rustdom/dist/rustdom.node)
==2406856==    by 0x22DB18B5: _RNvNvNtNtNtCsdulfWib0rSm_7rustdom3dom4tree32___napi_impl_helper_NativeTree_1436___napi_register__NativeTree_impl_38720___ctor_private_inner (in /mnt/c/Users/guido/ghq/projects/rustdom/dist/rustdom.node)
==2406856==    by 0x22DD6E85: _RNvNvNvNvNtNtNtCsdulfWib0rSm_7rustdom3dom4tree32___napi_impl_helper_NativeTree_1436___napi_register__NativeTree_impl_3871__18___CTOR_PRIVATE_REF14___ctor_private (in /mnt/c/Users/guido/ghq/projects/rustdom/dist/rustdom.node)
==2406856==    by 0x681447D: call_init.part.0 (dl-init.c:70)
==2406856==    by 0x6814567: call_init (dl-init.c:33)
==2406856==    by 0x6814567: _dl_init (dl-init.c:117)
==2406856==    by 0x7522BB4: _dl_catch_exception (dl-error-skeleton.c:182)
==2406856==    by 0x681BFF5: dl_open_worker (dl-open.c:808)
==2406856==    by 0x681BFF5: dl_open_worker (dl-open.c:771)
==2406856==    by 0x7522B57: _dl_catch_exception (dl-error-skeleton.c:208)
==2406856==    by 0x681C34D: _dl_open (dl-open.c:883)
==2406856==    by 0x743E5FB: dlopen_doit (dlopen.c:56)
==2406856== 
==2406856== 40 bytes in 1 blocks are still reachable in loss record 303 of 367
==2406856==    at 0x7056899: malloc (in /mnt/c/Users/guido/ghq/projects/rustdom/.tools/valgrind/usr/libexec/valgrind/vgpreload_memcheck-amd64-linux.so)
==2406856==    by 0x25B5E99: icu_78::locale_set_default_internal(char const*, UErrorCode&) (in /mnt/c/Users/guido/ghq/projects/rustdom/.tools/node/bin/node)
==2406856==    by 0x25B626E: icu_78::Locale::Locale() (in /mnt/c/Users/guido/ghq/projects/rustdom/.tools/node/bin/node)
==2406856==    by 0xD88FD2: v8::internal::Isolate::DefaultLocale[abi:cxx11]() (in /mnt/c/Users/guido/ghq/projects/rustdom/.tools/node/bin/node)
==2406856==    by 0xD894E3: v8::internal::LocalIsolate::LocalIsolate(v8::internal::Isolate*, v8::internal::ThreadKind) (in /mnt/c/Users/guido/ghq/projects/rustdom/.tools/node/bin/node)
==2406856==    by 0xD86CA7: v8::internal::Isolate::Init(v8::internal::SnapshotData*, v8::internal::SnapshotData*, v8::internal::SnapshotData*, bool) (in /mnt/c/Users/guido/ghq/projects/rustdom/.tools/node/bin/node)
==2406856==    by 0x1362D42: v8::internal::Snapshot::Initialize(v8::internal::Isolate*) (in /mnt/c/Users/guido/ghq/projects/rustdom/.tools/node/bin/node)
==2406856==    by 0xBD9905: v8::Isolate::Initialize(v8::Isolate*, v8::Isolate::CreateParams const&) (in /mnt/c/Users/guido/ghq/projects/rustdom/.tools/node/bin/node)
==2406856==    by 0x78D60F: node::NewIsolate(v8::Isolate::CreateParams*, uv_loop_s*, node::MultiIsolatePlatform*, node::SnapshotData const*, node::IsolateSettings const&) (in /mnt/c/Users/guido/ghq/projects/rustdom/.tools/node/bin/node)
==2406856==    by 0x90ED28: node::NodeMainInstance::NodeMainInstance(node::SnapshotData const*, uv_loop_s*, node::MultiIsolatePlatform*, std::vector<std::__cxx11::basic_string<char, std::char_traits<char>, std::allocator<char> >, std::allocator<std::__cxx11::basic_string<char, std::char_traits<char>, std::allocator<char> > > > const&, std::vector<std::__cxx11::basic_string<char, std::char_traits<char>, std::allocator<char> >, std::allocator<std::__cxx11::basic_string<char, std::char_traits<char>, std::allocator<char> > > > const&) (in /mnt/c/Users/guido/ghq/projects/rustdom/.tools/node/bin/node)
==2406856==    by 0x84CE55: node::Start(int, char**) (in /mnt/c/Users/guido/ghq/projects/rustdom/.tools/node/bin/node)
==2406856==    by 0x73D7D8F: (below main) (libc_start_call_main.h:58)
==2406856== 
==2406856== 48 bytes in 1 blocks are still reachable in loss record 304 of 367
==2406856==    at 0x7057013: operator new(unsigned long) (in /mnt/c/Users/guido/ghq/projects/rustdom/.tools/valgrind/usr/libexec/valgrind/vgpreload_memcheck-amd64-linux.so)
==2406856==    by 0xCA93F9: v8::internal::ThreadIsolation::Initialize(v8::ThreadIsolatedAllocator*) (in /mnt/c/Users/guido/ghq/projects/rustdom/.tools/node/bin/node)
==2406856==    by 0xF72136: v8::internal::V8::Initialize() (in /mnt/c/Users/guido/ghq/projects/rustdom/.tools/node/bin/node)
==2406856==    by 0xBC8A1D: v8::V8::Initialize(int) (in /mnt/c/Users/guido/ghq/projects/rustdom/.tools/node/bin/node)
==2406856==    by 0x84B0A0: node::InitializeOncePerProcessInternal(std::vector<std::__cxx11::basic_string<char, std::char_traits<char>, std::allocator<char> >, std::allocator<std::__cxx11::basic_string<char, std::char_traits<char>, std::allocator<char> > > > const&, node::ProcessInitializationFlags::Flags) (in /mnt/c/Users/guido/ghq/projects/rustdom/.tools/node/bin/node)
==2406856==    by 0x84CAEB: node::Start(int, char**) (in /mnt/c/Users/guido/ghq/projects/rustdom/.tools/node/bin/node)
==2406856==    by 0x73D7D8F: (below main) (libc_start_call_main.h:58)
==2406856== 
==2406856== 56 bytes in 1 blocks are still reachable in loss record 305 of 367
==2406856==    at 0x7056899: malloc (in /mnt/c/Users/guido/ghq/projects/rustdom/.tools/valgrind/usr/libexec/valgrind/vgpreload_memcheck-amd64-linux.so)
==2406856==    by 0x25BEABB: UDataMemory_createNewInstance_78 (in /mnt/c/Users/guido/ghq/projects/rustdom/.tools/node/bin/node)
==2406856==    by 0x25F0E3B: setCommonICUData(UDataMemory*, signed char, UErrorCode*) [clone .isra.0] (in /mnt/c/Users/guido/ghq/projects/rustdom/.tools/node/bin/node)
==2406856==    by 0x25F1DFF: doLoadFromCommonData(signed char, char const*, char const*, char const*, char const*, char const*, char const*, char const*, signed char (*)(void*, char const*, char const*, UDataInfo const*), void*, UErrorCode*, UErrorCode*) [clone .constprop.0] (in /mnt/c/Users/guido/ghq/projects/rustdom/.tools/node/bin/node)
==2406856==    by 0x25F28E3: doOpenChoice(char const*, char const*, char const*, signed char (*)(void*, char const*, char const*, UDataInfo const*), void*, UErrorCode*) (in /mnt/c/Users/guido/ghq/projects/rustdom/.tools/node/bin/node)
==2406856==    by 0x25DF6DC: res_load_78 (in /mnt/c/Users/guido/ghq/projects/rustdom/.tools/node/bin/node)
==2406856==    by 0x25F452D: init_entry(char const*, char const*, UErrorCode*) (in /mnt/c/Users/guido/ghq/projects/rustdom/.tools/node/bin/node)
==2406856==    by 0x25F540A: ures_openDirectFillIn_78 (in /mnt/c/Users/guido/ghq/projects/rustdom/.tools/node/bin/node)
==2406856==    by 0x1FDF640: icu_78::TimeZone::getTZDataVersion(UErrorCode&) (in /mnt/c/Users/guido/ghq/projects/rustdom/.tools/node/bin/node)
==2406856==    by 0x91DD43: node::Metadata::Versions::InitializeIntlVersions() (in /mnt/c/Users/guido/ghq/projects/rustdom/.tools/node/bin/node)
==2406856==    by 0x849289: node::InitializeNodeWithArgsInternal(std::vector<std::__cxx11::basic_string<char, std::char_traits<char>, std::allocator<char> >, std::allocator<std::__cxx11::basic_string<char, std::char_traits<char>, std::allocator<char> > > >*, std::vector<std::__cxx11::basic_string<char, std::char_traits<char>, std::allocator<char> >, std::allocator<std::__cxx11::basic_string<char, std::char_traits<char>, std::allocator<char> > > >*, std::vector<std::__cxx11::basic_string<char, std::char_traits<char>, std::allocator<char> >, std::allocator<std::__cxx11::basic_string<char, std::char_traits<char>, std::allocator<char> > > >*, node::ProcessInitializationFlags::Flags) (in /mnt/c/Users/guido/ghq/projects/rustdom/.tools/node/bin/node)
==2406856==    by 0x84A57E: node::InitializeOncePerProcessInternal(std::vector<std::__cxx11::basic_string<char, std::char_traits<char>, std::allocator<char> >, std::allocator<std::__cxx11::basic_string<char, std::char_traits<char>, std::allocator<char> > > > const&, node::ProcessInitializationFlags::Flags) (in /mnt/c/Users/guido/ghq/projects/rustdom/.tools/node/bin/node)
==2406856== 
==2406856== 56 bytes in 1 blocks are still reachable in loss record 306 of 367
==2406856==    at 0x7056899: malloc (in /mnt/c/Users/guido/ghq/projects/rustdom/.tools/valgrind/usr/libexec/valgrind/vgpreload_memcheck-amd64-linux.so)
==2406856==    by 0x25BEABB: UDataMemory_createNewInstance_78 (in /mnt/c/Users/guido/ghq/projects/rustdom/.tools/node/bin/node)
==2406856==    by 0x25F1ADA: doLoadFromCommonData(signed char, char const*, char const*, char const*, char const*, char const*, char const*, char const*, signed char (*)(void*, char const*, char const*, UDataInfo const*), void*, UErrorCode*, UErrorCode*) [clone .constprop.0] (in /mnt/c/Users/guido/ghq/projects/rustdom/.tools/node/bin/node)
==2406856==    by 0x25F28E3: doOpenChoice(char const*, char const*, char const*, signed char (*)(void*, char const*, char const*, UDataInfo const*), void*, UErrorCode*) (in /mnt/c/Users/guido/ghq/projects/rustdom/.tools/node/bin/node)
==2406856==    by 0x25DF6DC: res_load_78 (in /mnt/c/Users/guido/ghq/projects/rustdom/.tools/node/bin/node)
==2406856==    by 0x25F452D: init_entry(char const*, char const*, UErrorCode*) (in /mnt/c/Users/guido/ghq/projects/rustdom/.tools/node/bin/node)
==2406856==    by 0x25F540A: ures_openDirectFillIn_78 (in /mnt/c/Users/guido/ghq/projects/rustdom/.tools/node/bin/node)
==2406856==    by 0x1FDF640: icu_78::TimeZone::getTZDataVersion(UErrorCode&) (in /mnt/c/Users/guido/ghq/projects/rustdom/.tools/node/bin/node)
==2406856==    by 0x91DD43: node::Metadata::Versions::InitializeIntlVersions() (in /mnt/c/Users/guido/ghq/projects/rustdom/.tools/node/bin/node)
==2406856==    by 0x849289: node::InitializeNodeWithArgsInternal(std::vector<std::__cxx11::basic_string<char, std::char_traits<char>, std::allocator<char> >, std::allocator<std::__cxx11::basic_string<char, std::char_traits<char>, std::allocator<char> > > >*, std::vector<std::__cxx11::basic_string<char, std::char_traits<char>, std::allocator<char> >, std::allocator<std::__cxx11::basic_string<char, std::char_traits<char>, std::allocator<char> > > >*, std::vector<std::__cxx11::basic_string<char, std::char_traits<char>, std::allocator<char> >, std::allocator<std::__cxx11::basic_string<char, std::char_traits<char>, std::allocator<char> > > >*, node::ProcessInitializationFlags::Flags) (in /mnt/c/Users/guido/ghq/projects/rustdom/.tools/node/bin/node)
==2406856==    by 0x84A57E: node::InitializeOncePerProcessInternal(std::vector<std::__cxx11::basic_string<char, std::char_traits<char>, std::allocator<char> >, std::allocator<std::__cxx11::basic_string<char, std::char_traits<char>, std::allocator<char> > > > const&, node::ProcessInitializationFlags::Flags) (in /mnt/c/Users/guido/ghq/projects/rustdom/.tools/node/bin/node)
==2406856==    by 0x84CAEB: node::Start(int, char**) (in /mnt/c/Users/guido/ghq/projects/rustdom/.tools/node/bin/node)
==2406856== 
==2406856== 56 bytes in 1 blocks are still reachable in loss record 307 of 367
==2406856==    at 0x7056899: malloc (in /mnt/c/Users/guido/ghq/projects/rustdom/.tools/valgrind/usr/libexec/valgrind/vgpreload_memcheck-amd64-linux.so)
==2406856==    by 0x25BEABB: UDataMemory_createNewInstance_78 (in /mnt/c/Users/guido/ghq/projects/rustdom/.tools/node/bin/node)
==2406856==    by 0x25F1ADA: doLoadFromCommonData(signed char, char const*, char const*, char const*, char const*, char const*, char const*, char const*, signed char (*)(void*, char const*, char const*, UDataInfo const*), void*, UErrorCode*, UErrorCode*) [clone .constprop.0] (in /mnt/c/Users/guido/ghq/projects/rustdom/.tools/node/bin/node)
==2406856==    by 0x25F28E3: doOpenChoice(char const*, char const*, char const*, signed char (*)(void*, char const*, char const*, UDataInfo const*), void*, UErrorCode*) (in /mnt/c/Users/guido/ghq/projects/rustdom/.tools/node/bin/node)
==2406856==    by 0x25DF6DC: res_load_78 (in /mnt/c/Users/guido/ghq/projects/rustdom/.tools/node/bin/node)
==2406856==    by 0x25F452D: init_entry(char const*, char const*, UErrorCode*) (in /mnt/c/Users/guido/ghq/projects/rustdom/.tools/node/bin/node)
==2406856==    by 0x25F50A9: ures_openDirect_78 (in /mnt/c/Users/guido/ghq/projects/rustdom/.tools/node/bin/node)
==2406856==    by 0x2016DC1: ulocdata_getCLDRVersion_78 (in /mnt/c/Users/guido/ghq/projects/rustdom/.tools/node/bin/node)
==2406856==    by 0x91DD57: node::Metadata::Versions::InitializeIntlVersions() (in /mnt/c/Users/guido/ghq/projects/rustdom/.tools/node/bin/node)
==2406856==    by 0x849289: node::InitializeNodeWithArgsInternal(std::vector<std::__cxx11::basic_string<char, std::char_traits<char>, std::allocator<char> >, std::allocator<std::__cxx11::basic_string<char, std::char_traits<char>, std::allocator<char> > > >*, std::vector<std::__cxx11::basic_string<char, std::char_traits<char>, std::allocator<char> >, std::allocator<std::__cxx11::basic_string<char, std::char_traits<char>, std::allocator<char> > > >*, std::vector<std::__cxx11::basic_string<char, std::char_traits<char>, std::allocator<char> >, std::allocator<std::__cxx11::basic_string<char, std::char_traits<char>, std::allocator<char> > > >*, node::ProcessInitializationFlags::Flags) (in /mnt/c/Users/guido/ghq/projects/rustdom/.tools/node/bin/node)
==2406856==    by 0x84A57E: node::InitializeOncePerProcessInternal(std::vector<std::__cxx11::basic_string<char, std::char_traits<char>, std::allocator<char> >, std::allocator<std::__cxx11::basic_string<char, std::char_traits<char>, std::allocator<char> > > > const&, node::ProcessInitializationFlags::Flags) (in /mnt/c/Users/guido/ghq/projects/rustdom/.tools/node/bin/node)
==2406856==    by 0x84CAEB: node::Start(int, char**) (in /mnt/c/Users/guido/ghq/projects/rustdom/.tools/node/bin/node)
==2406856== 
==2406856== 58 bytes in 1 blocks are still reachable in loss record 308 of 367
==2406856==    at 0x7056899: malloc (in /mnt/c/Users/guido/ghq/projects/rustdom/.tools/valgrind/usr/libexec/valgrind/vgpreload_memcheck-amd64-linux.so)
==2406856==    by 0x68351DF: malloc (rtld-malloc.h:56)
==2406856==    by 0x68351DF: strdup (strdup.c:42)
==2406856==    by 0x6818588: _dl_map_object (dl-load.c:2259)
==2406856==    by 0x681C9A8: dl_open_worker_begin (dl-open.c:534)
==2406856==    by 0x7522B57: _dl_catch_exception (dl-error-skeleton.c:208)
==2406856==    by 0x681BF99: dl_open_worker (dl-open.c:782)
==2406856==    by 0x7522B57: _dl_catch_exception (dl-error-skeleton.c:208)
==2406856==    by 0x681C34D: _dl_open (dl-open.c:883)
==2406856==    by 0x743E5FB: dlopen_doit (dlopen.c:56)
==2406856==    by 0x7522B57: _dl_catch_exception (dl-error-skeleton.c:208)
==2406856==    by 0x7522C22: _dl_catch_error (dl-error-skeleton.c:227)
==2406856==    by 0x743E0ED: _dlerror_run (dlerror.c:138)
==2406856== 
==2406856== 58 bytes in 1 blocks are still reachable in loss record 309 of 367
==2406856==    at 0x7056899: malloc (in /mnt/c/Users/guido/ghq/projects/rustdom/.tools/valgrind/usr/libexec/valgrind/vgpreload_memcheck-amd64-linux.so)
==2406856==    by 0x681BD20: malloc (rtld-malloc.h:56)
==2406856==    by 0x681BD20: _dl_new_object (dl-object.c:199)
==2406856==    by 0x6816C82: _dl_map_object_from_fd (dl-load.c:1063)
==2406856==    by 0x6818600: _dl_map_object (dl-load.c:2327)
==2406856==    by 0x681C9A8: dl_open_worker_begin (dl-open.c:534)
==2406856==    by 0x7522B57: _dl_catch_exception (dl-error-skeleton.c:208)
==2406856==    by 0x681BF99: dl_open_worker (dl-open.c:782)
==2406856==    by 0x7522B57: _dl_catch_exception (dl-error-skeleton.c:208)
==2406856==    by 0x681C34D: _dl_open (dl-open.c:883)
==2406856==    by 0x743E5FB: dlopen_doit (dlopen.c:56)
==2406856==    by 0x7522B57: _dl_catch_exception (dl-error-skeleton.c:208)
==2406856==    by 0x7522C22: _dl_catch_error (dl-error-skeleton.c:227)
==2406856== 
==2406856== 64 bytes in 1 blocks are still reachable in loss record 310 of 367
==2406856==    at 0x7056899: malloc (in /mnt/c/Users/guido/ghq/projects/rustdom/.tools/valgrind/usr/libexec/valgrind/vgpreload_memcheck-amd64-linux.so)
==2406856==    by 0x25A01C6: u_getTimeZoneFilesDirectory_78 (in /mnt/c/Users/guido/ghq/projects/rustdom/.tools/node/bin/node)
==2406856==    by 0x25F25F7: doOpenChoice(char const*, char const*, char const*, signed char (*)(void*, char const*, char const*, UDataInfo const*), void*, UErrorCode*) (in /mnt/c/Users/guido/ghq/projects/rustdom/.tools/node/bin/node)
==2406856==    by 0x25DF6DC: res_load_78 (in /mnt/c/Users/guido/ghq/projects/rustdom/.tools/node/bin/node)
==2406856==    by 0x25F452D: init_entry(char const*, char const*, UErrorCode*) (in /mnt/c/Users/guido/ghq/projects/rustdom/.tools/node/bin/node)
==2406856==    by 0x25F540A: ures_openDirectFillIn_78 (in /mnt/c/Users/guido/ghq/projects/rustdom/.tools/node/bin/node)
==2406856==    by 0x1FDF640: icu_78::TimeZone::getTZDataVersion(UErrorCode&) (in /mnt/c/Users/guido/ghq/projects/rustdom/.tools/node/bin/node)
==2406856==    by 0x91DD43: node::Metadata::Versions::InitializeIntlVersions() (in /mnt/c/Users/guido/ghq/projects/rustdom/.tools/node/bin/node)
==2406856==    by 0x849289: node::InitializeNodeWithArgsInternal(std::vector<std::__cxx11::basic_string<char, std::char_traits<char>, std::allocator<char> >, std::allocator<std::__cxx11::basic_string<char, std::char_traits<char>, std::allocator<char> > > >*, std::vector<std::__cxx11::basic_string<char, std::char_traits<char>, std::allocator<char> >, std::allocator<std::__cxx11::basic_string<char, std::char_traits<char>, std::allocator<char> > > >*, std::vector<std::__cxx11::basic_string<char, std::char_traits<char>, std::allocator<char> >, std::allocator<std::__cxx11::basic_string<char, std::char_traits<char>, std::allocator<char> > > >*, node::ProcessInitializationFlags::Flags) (in /mnt/c/Users/guido/ghq/projects/rustdom/.tools/node/bin/node)
==2406856==    by 0x84A57E: node::InitializeOncePerProcessInternal(std::vector<std::__cxx11::basic_string<char, std::char_traits<char>, std::allocator<char> >, std::allocator<std::__cxx11::basic_string<char, std::char_traits<char>, std::allocator<char> > > > const&, node::ProcessInitializationFlags::Flags) (in /mnt/c/Users/guido/ghq/projects/rustdom/.tools/node/bin/node)
==2406856==    by 0x84CAEB: node::Start(int, char**) (in /mnt/c/Users/guido/ghq/projects/rustdom/.tools/node/bin/node)
==2406856==    by 0x73D7D8F: (below main) (libc_start_call_main.h:58)
==2406856== 
==2406856== 64 bytes in 1 blocks are possibly lost in loss record 311 of 367
==2406856==    at 0x7057013: operator new(unsigned long) (in /mnt/c/Users/guido/ghq/projects/rustdom/.tools/valgrind/usr/libexec/valgrind/vgpreload_memcheck-amd64-linux.so)
==2406856==    by 0x858103: std::_Deque_base<void*, std::allocator<void*> >::_M_initialize_map(unsigned long) (in /mnt/c/Users/guido/ghq/projects/rustdom/.tools/node/bin/node)
==2406856==    by 0x8567DB: node::Environment::CloseHandle<uv_handle_s, v8impl::(anonymous namespace)::ThreadSafeFunction::CloseHandlesAndMaybeDelete(bool)::{lambda(uv_handle_s*)#1}>(uv_handle_s*, v8impl::(anonymous namespace)::ThreadSafeFunction::CloseHandlesAndMaybeDelete(bool)::{lambda(uv_handle_s*)#1})::{lambda(uv_handle_s*)#1}::_FUN(uv_handle_s*) (in /mnt/c/Users/guido/ghq/projects/rustdom/.tools/node/bin/node)
==2406856==    by 0x193776D: uv__finish_close (core.c:363)
==2406856==    by 0x193776D: uv__run_closing_handles (core.c:377)
==2406856==    by 0x193776D: uv_run (core.c:475)
==2406856==    by 0x7FDC47: node::Environment::CleanupHandles() (in /mnt/c/Users/guido/ghq/projects/rustdom/.tools/node/bin/node)
==2406856==    by 0x7FDD3C: node::Environment::RunCleanup() (in /mnt/c/Users/guido/ghq/projects/rustdom/.tools/node/bin/node)
==2406856==    by 0x790D28: node::FreeEnvironment(node::Environment*) (in /mnt/c/Users/guido/ghq/projects/rustdom/.tools/node/bin/node)
==2406856==    by 0x90F442: node::NodeMainInstance::Run() (in /mnt/c/Users/guido/ghq/projects/rustdom/.tools/node/bin/node)
==2406856==    by 0x84CE61: node::Start(int, char**) (in /mnt/c/Users/guido/ghq/projects/rustdom/.tools/node/bin/node)
==2406856==    by 0x73D7D8F: (below main) (libc_start_call_main.h:58)
==2406856== 
==2406856== 80 bytes in 1 blocks are still reachable in loss record 312 of 367
==2406856==    at 0x7056899: malloc (in /mnt/c/Users/guido/ghq/projects/rustdom/.tools/valgrind/usr/libexec/valgrind/vgpreload_memcheck-amd64-linux.so)
==2406856==    by 0x25AAAB2: uhash_open_78 (in /mnt/c/Users/guido/ghq/projects/rustdom/.tools/node/bin/node)
==2406856==    by 0x25F53A9: ures_openDirectFillIn_78 (in /mnt/c/Users/guido/ghq/projects/rustdom/.tools/node/bin/node)
==2406856==    by 0x1FDF640: icu_78::TimeZone::getTZDataVersion(UErrorCode&) (in /mnt/c/Users/guido/ghq/projects/rustdom/.tools/node/bin/node)
==2406856==    by 0x91DD43: node::Metadata::Versions::InitializeIntlVersions() (in /mnt/c/Users/guido/ghq/projects/rustdom/.tools/node/bin/node)
==2406856==    by 0x849289: node::InitializeNodeWithArgsInternal(std::vector<std::__cxx11::basic_string<char, std::char_traits<char>, std::allocator<char> >, std::allocator<std::__cxx11::basic_string<char, std::char_traits<char>, std::allocator<char> > > >*, std::vector<std::__cxx11::basic_string<char, std::char_traits<char>, std::allocator<char> >, std::allocator<std::__cxx11::basic_string<char, std::char_traits<char>, std::allocator<char> > > >*, std::vector<std::__cxx11::basic_string<char, std::char_traits<char>, std::allocator<char> >, std::allocator<std::__cxx11::basic_string<char, std::char_traits<char>, std::allocator<char> > > >*, node::ProcessInitializationFlags::Flags) (in /mnt/c/Users/guido/ghq/projects/rustdom/.tools/node/bin/node)
==2406856==    by 0x84A57E: node::InitializeOncePerProcessInternal(std::vector<std::__cxx11::basic_string<char, std::char_traits<char>, std::allocator<char> >, std::allocator<std::__cxx11::basic_string<char, std::char_traits<char>, std::allocator<char> > > > const&, node::ProcessInitializationFlags::Flags) (in /mnt/c/Users/guido/ghq/projects/rustdom/.tools/node/bin/node)
==2406856==    by 0x84CAEB: node::Start(int, char**) (in /mnt/c/Users/guido/ghq/projects/rustdom/.tools/node/bin/node)
==2406856==    by 0x73D7D8F: (below main) (libc_start_call_main.h:58)
==2406856== 
==2406856== 80 bytes in 1 blocks are still reachable in loss record 313 of 367
==2406856==    at 0x7056899: malloc (in /mnt/c/Users/guido/ghq/projects/rustdom/.tools/valgrind/usr/libexec/valgrind/vgpreload_memcheck-amd64-linux.so)
==2406856==    by 0x25AAAB2: uhash_open_78 (in /mnt/c/Users/guido/ghq/projects/rustdom/.tools/node/bin/node)
==2406856==    by 0x25B5F73: icu_78::locale_set_default_internal(char const*, UErrorCode&) (in /mnt/c/Users/guido/ghq/projects/rustdom/.tools/node/bin/node)
==2406856==    by 0x25B626E: icu_78::Locale::Locale() (in /mnt/c/Users/guido/ghq/projects/rustdom/.tools/node/bin/node)
==2406856==    by 0xD88FD2: v8::internal::Isolate::DefaultLocale[abi:cxx11]() (in /mnt/c/Users/guido/ghq/projects/rustdom/.tools/node/bin/node)
==2406856==    by 0xD894E3: v8::internal::LocalIsolate::LocalIsolate(v8::internal::Isolate*, v8::internal::ThreadKind) (in /mnt/c/Users/guido/ghq/projects/rustdom/.tools/node/bin/node)
==2406856==    by 0xD86CA7: v8::internal::Isolate::Init(v8::internal::SnapshotData*, v8::internal::SnapshotData*, v8::internal::SnapshotData*, bool) (in /mnt/c/Users/guido/ghq/projects/rustdom/.tools/node/bin/node)
==2406856==    by 0x1362D42: v8::internal::Snapshot::Initialize(v8::internal::Isolate*) (in /mnt/c/Users/guido/ghq/projects/rustdom/.tools/node/bin/node)
==2406856==    by 0xBD9905: v8::Isolate::Initialize(v8::Isolate*, v8::Isolate::CreateParams const&) (in /mnt/c/Users/guido/ghq/projects/rustdom/.tools/node/bin/node)
==2406856==    by 0x78D60F: node::NewIsolate(v8::Isolate::CreateParams*, uv_loop_s*, node::MultiIsolatePlatform*, node::SnapshotData const*, node::IsolateSettings const&) (in /mnt/c/Users/guido/ghq/projects/rustdom/.tools/node/bin/node)
==2406856==    by 0x90ED28: node::NodeMainInstance::NodeMainInstance(node::SnapshotData const*, uv_loop_s*, node::MultiIsolatePlatform*, std::vector<std::__cxx11::basic_string<char, std::char_traits<char>, std::allocator<char> >, std::allocator<std::__cxx11::basic_string<char, std::char_traits<char>, std::allocator<char> > > > const&, std::vector<std::__cxx11::basic_string<char, std::char_traits<char>, std::allocator<char> >, std::allocator<std::__cxx11::basic_string<char, std::char_traits<char>, std::allocator<char> > > > const&) (in /mnt/c/Users/guido/ghq/projects/rustdom/.tools/node/bin/node)
==2406856==    by 0x84CE55: node::Start(int, char**) (in /mnt/c/Users/guido/ghq/projects/rustdom/.tools/node/bin/node)
==2406856== 
==2406856== 120 bytes in 1 blocks are still reachable in loss record 314 of 367
==2406856==    at 0x7056899: malloc (in /mnt/c/Users/guido/ghq/projects/rustdom/.tools/valgrind/usr/libexec/valgrind/vgpreload_memcheck-amd64-linux.so)
==2406856==    by 0x25F4499: init_entry(char const*, char const*, UErrorCode*) (in /mnt/c/Users/guido/ghq/projects/rustdom/.tools/node/bin/node)
==2406856==    by 0x25F540A: ures_openDirectFillIn_78 (in /mnt/c/Users/guido/ghq/projects/rustdom/.tools/node/bin/node)
==2406856==    by 0x1FDF640: icu_78::TimeZone::getTZDataVersion(UErrorCode&) (in /mnt/c/Users/guido/ghq/projects/rustdom/.tools/node/bin/node)
==2406856==    by 0x91DD43: node::Metadata::Versions::InitializeIntlVersions() (in /mnt/c/Users/guido/ghq/projects/rustdom/.tools/node/bin/node)
==2406856==    by 0x849289: node::InitializeNodeWithArgsInternal(std::vector<std::__cxx11::basic_string<char, std::char_traits<char>, std::allocator<char> >, std::allocator<std::__cxx11::basic_string<char, std::char_traits<char>, std::allocator<char> > > >*, std::vector<std::__cxx11::basic_string<char, std::char_traits<char>, std::allocator<char> >, std::allocator<std::__cxx11::basic_string<char, std::char_traits<char>, std::allocator<char> > > >*, std::vector<std::__cxx11::basic_string<char, std::char_traits<char>, std::allocator<char> >, std::allocator<std::__cxx11::basic_string<char, std::char_traits<char>, std::allocator<char> > > >*, node::ProcessInitializationFlags::Flags) (in /mnt/c/Users/guido/ghq/projects/rustdom/.tools/node/bin/node)
==2406856==    by 0x84A57E: node::InitializeOncePerProcessInternal(std::vector<std::__cxx11::basic_string<char, std::char_traits<char>, std::allocator<char> >, std::allocator<std::__cxx11::basic_string<char, std::char_traits<char>, std::allocator<char> > > > const&, node::ProcessInitializationFlags::Flags) (in /mnt/c/Users/guido/ghq/projects/rustdom/.tools/node/bin/node)
==2406856==    by 0x84CAEB: node::Start(int, char**) (in /mnt/c/Users/guido/ghq/projects/rustdom/.tools/node/bin/node)
==2406856==    by 0x73D7D8F: (below main) (libc_start_call_main.h:58)
==2406856== 
==2406856== 120 bytes in 1 blocks are still reachable in loss record 315 of 367
==2406856==    at 0x7056899: malloc (in /mnt/c/Users/guido/ghq/projects/rustdom/.tools/valgrind/usr/libexec/valgrind/vgpreload_memcheck-amd64-linux.so)
==2406856==    by 0x25F4499: init_entry(char const*, char const*, UErrorCode*) (in /mnt/c/Users/guido/ghq/projects/rustdom/.tools/node/bin/node)
==2406856==    by 0x25F50A9: ures_openDirect_78 (in /mnt/c/Users/guido/ghq/projects/rustdom/.tools/node/bin/node)
==2406856==    by 0x2016DC1: ulocdata_getCLDRVersion_78 (in /mnt/c/Users/guido/ghq/projects/rustdom/.tools/node/bin/node)
==2406856==    by 0x91DD57: node::Metadata::Versions::InitializeIntlVersions() (in /mnt/c/Users/guido/ghq/projects/rustdom/.tools/node/bin/node)
==2406856==    by 0x849289: node::InitializeNodeWithArgsInternal(std::vector<std::__cxx11::basic_string<char, std::char_traits<char>, std::allocator<char> >, std::allocator<std::__cxx11::basic_string<char, std::char_traits<char>, std::allocator<char> > > >*, std::vector<std::__cxx11::basic_string<char, std::char_traits<char>, std::allocator<char> >, std::allocator<std::__cxx11::basic_string<char, std::char_traits<char>, std::allocator<char> > > >*, std::vector<std::__cxx11::basic_string<char, std::char_traits<char>, std::allocator<char> >, std::allocator<std::__cxx11::basic_string<char, std::char_traits<char>, std::allocator<char> > > >*, node::ProcessInitializationFlags::Flags) (in /mnt/c/Users/guido/ghq/projects/rustdom/.tools/node/bin/node)
==2406856==    by 0x84A57E: node::InitializeOncePerProcessInternal(std::vector<std::__cxx11::basic_string<char, std::char_traits<char>, std::allocator<char> >, std::allocator<std::__cxx11::basic_string<char, std::char_traits<char>, std::allocator<char> > > > const&, node::ProcessInitializationFlags::Flags) (in /mnt/c/Users/guido/ghq/projects/rustdom/.tools/node/bin/node)
==2406856==    by 0x84CAEB: node::Start(int, char**) (in /mnt/c/Users/guido/ghq/projects/rustdom/.tools/node/bin/node)
==2406856==    by 0x73D7D8F: (below main) (libc_start_call_main.h:58)
==2406856== 
==2406856== 128 bytes in 1 blocks are still reachable in loss record 316 of 367
==2406856==    at 0x7057013: operator new(unsigned long) (in /mnt/c/Users/guido/ghq/projects/rustdom/.tools/valgrind/usr/libexec/valgrind/vgpreload_memcheck-amd64-linux.so)
==2406856==    by 0x952B63: node::PerIsolatePlatformData::PerIsolatePlatformData(v8::Isolate*, uv_loop_s*, node::PlatformDebugLogLevel) (in /mnt/c/Users/guido/ghq/projects/rustdom/.tools/node/bin/node)
==2406856==    by 0x9563BC: node::NodePlatform::RegisterIsolate(v8::Isolate*, uv_loop_s*) (in /mnt/c/Users/guido/ghq/projects/rustdom/.tools/node/bin/node)
==2406856==    by 0x78D5C8: node::NewIsolate(v8::Isolate::CreateParams*, uv_loop_s*, node::MultiIsolatePlatform*, node::SnapshotData const*, node::IsolateSettings const&) (in /mnt/c/Users/guido/ghq/projects/rustdom/.tools/node/bin/node)
==2406856==    by 0x90ED28: node::NodeMainInstance::NodeMainInstance(node::SnapshotData const*, uv_loop_s*, node::MultiIsolatePlatform*, std::vector<std::__cxx11::basic_string<char, std::char_traits<char>, std::allocator<char> >, std::allocator<std::__cxx11::basic_string<char, std::char_traits<char>, std::allocator<char> > > > const&, std::vector<std::__cxx11::basic_string<char, std::char_traits<char>, std::allocator<char> >, std::allocator<std::__cxx11::basic_string<char, std::char_traits<char>, std::allocator<char> > > > const&) (in /mnt/c/Users/guido/ghq/projects/rustdom/.tools/node/bin/node)
==2406856==    by 0x84CE55: node::Start(int, char**) (in /mnt/c/Users/guido/ghq/projects/rustdom/.tools/node/bin/node)
==2406856==    by 0x73D7D8F: (below main) (libc_start_call_main.h:58)
==2406856== 
==2406856== 256 bytes in 1 blocks are still reachable in loss record 317 of 367
==2406856==    at 0x70567A9: malloc (in /mnt/c/Users/guido/ghq/projects/rustdom/.tools/valgrind/usr/libexec/valgrind/vgpreload_memcheck-amd64-linux.so)
==2406856==    by 0x1933EDA: uv__realloc (uv-common.c:98)
==2406856==    by 0x1933EDA: uv__reallocf (uv-common.c:106)
==2406856==    by 0x1938485: maybe_resize (core.c:890)
==2406856==    by 0x1938485: uv__io_start (core.c:926)
==2406856==    by 0x1938485: uv__io_init_start (core.c:961)
==2406856==    by 0x19437C0: uv__signal_loop_once_init (signal.c:274)
==2406856==    by 0x19437C0: uv__signal_loop_once_init (signal.c:261)
==2406856==    by 0x19437C0: uv_signal_init (signal.c:345)
==2406856==    by 0x1941267: uv__process_init (process.c:84)
==2406856==    by 0x193F1FF: uv_loop_init (loop.c:84)
==2406856==    by 0x19363C9: uv_default_loop (uv-common.c:849)
==2406856==    by 0x19363C9: uv_default_loop (uv-common.c:845)
==2406856==    by 0x84CBF6: node::Start(int, char**) (in /mnt/c/Users/guido/ghq/projects/rustdom/.tools/node/bin/node)
==2406856==    by 0x73D7D8F: (below main) (libc_start_call_main.h:58)
==2406856== 
==2406856== 276 bytes in 1 blocks are possibly lost in loss record 318 of 367
==2406856==    at 0x7056899: malloc (in /mnt/c/Users/guido/ghq/projects/rustdom/.tools/valgrind/usr/libexec/valgrind/vgpreload_memcheck-amd64-linux.so)
==2406856==    by 0x22E0E357: _RINvMsa_NtCsfBDUjroi3FF_9hashbrown3rawNtB6_13RawTableInner22fallible_with_capacityNtNtCs6i54tJFfzR_5alloc5alloc6GlobalECsbKcx7MMum66_4napi (in /mnt/c/Users/guido/ghq/projects/rustdom/dist/rustdom.node)
==2406856==    by 0x22E0CB95: _RINvMs6_NtCsfBDUjroi3FF_9hashbrown3rawINtB6_8RawTableTINtNtCsgxBkk5gSRhY_4core6option6OptionReENtNtNtCsbKcx7MMum66_4napi15bindgen_runtime15module_register17ClassRegistrationEE14reserve_rehashNCINvNtB8_3map11make_hasherBQ_B1v_NtCsip5QdaO9ESH_10rustc_hash13FxBuildHasherE0EB1B_ (in /mnt/c/Users/guido/ghq/projects/rustdom/dist/rustdom.node)
==2406856==    by 0x22E14AE8: _RNvNtNtCsbKcx7MMum66_4napi15bindgen_runtime15module_register14register_class (in /mnt/c/Users/guido/ghq/projects/rustdom/dist/rustdom.node)
==2406856==    by 0x22DC1AE0: _RNvNvNvNvNtNtNtCsdulfWib0rSm_7rustdom3dom12blob_binding33___napi_helper__NativeBlobMetadata45___napi_register__NativeBlobMetadata_struct_211__18___CTOR_PRIVATE_REF14___ctor_private (in /mnt/c/Users/guido/ghq/projects/rustdom/dist/rustdom.node)
==2406856==    by 0x681447D: call_init.part.0 (dl-init.c:70)
==2406856==    by 0x6814567: call_init (dl-init.c:33)
==2406856==    by 0x6814567: _dl_init (dl-init.c:117)
==2406856==    by 0x7522BB4: _dl_catch_exception (dl-error-skeleton.c:182)
==2406856==    by 0x681BFF5: dl_open_worker (dl-open.c:808)
==2406856==    by 0x681BFF5: dl_open_worker (dl-open.c:771)
==2406856==    by 0x7522B57: _dl_catch_exception (dl-error-skeleton.c:208)
==2406856==    by 0x681C34D: _dl_open (dl-open.c:883)
==2406856==    by 0x743E5FB: dlopen_doit (dlopen.c:56)
==2406856== 
==2406856== 276 bytes in 1 blocks are possibly lost in loss record 319 of 367
==2406856==    at 0x7056899: malloc (in /mnt/c/Users/guido/ghq/projects/rustdom/.tools/valgrind/usr/libexec/valgrind/vgpreload_memcheck-amd64-linux.so)
==2406856==    by 0x22E0E357: _RINvMsa_NtCsfBDUjroi3FF_9hashbrown3rawNtB6_13RawTableInner22fallible_with_capacityNtNtCs6i54tJFfzR_5alloc5alloc6GlobalECsbKcx7MMum66_4napi (in /mnt/c/Users/guido/ghq/projects/rustdom/dist/rustdom.node)
==2406856==    by 0x22E0CB95: _RINvMs6_NtCsfBDUjroi3FF_9hashbrown3rawINtB6_8RawTableTINtNtCsgxBkk5gSRhY_4core6option6OptionReENtNtNtCsbKcx7MMum66_4napi15bindgen_runtime15module_register17ClassRegistrationEE14reserve_rehashNCINvNtB8_3map11make_hasherBQ_B1v_NtCsip5QdaO9ESH_10rustc_hash13FxBuildHasherE0EB1B_ (in /mnt/c/Users/guido/ghq/projects/rustdom/dist/rustdom.node)
==2406856==    by 0x22E14AE8: _RNvNtNtCsbKcx7MMum66_4napi15bindgen_runtime15module_register14register_class (in /mnt/c/Users/guido/ghq/projects/rustdom/dist/rustdom.node)
==2406856==    by 0x22DC2800: _RNvNvNvNvNtNtNtCsdulfWib0rSm_7rustdom3dom16dom_rect_binding28___napi_helper__NativeDomRect40___napi_register__NativeDomRect_struct_341__18___CTOR_PRIVATE_REF14___ctor_private (in /mnt/c/Users/guido/ghq/projects/rustdom/dist/rustdom.node)
==2406856==    by 0x681447D: call_init.part.0 (dl-init.c:70)
==2406856==    by 0x6814567: call_init (dl-init.c:33)
==2406856==    by 0x6814567: _dl_init (dl-init.c:117)
==2406856==    by 0x7522BB4: _dl_catch_exception (dl-error-skeleton.c:182)
==2406856==    by 0x681BFF5: dl_open_worker (dl-open.c:808)
==2406856==    by 0x681BFF5: dl_open_worker (dl-open.c:771)
==2406856==    by 0x7522B57: _dl_catch_exception (dl-error-skeleton.c:208)
==2406856==    by 0x681C34D: _dl_open (dl-open.c:883)
==2406856==    by 0x743E5FB: dlopen_doit (dlopen.c:56)
==2406856== 
==2406856== 276 bytes in 1 blocks are possibly lost in loss record 320 of 367
==2406856==    at 0x7056899: malloc (in /mnt/c/Users/guido/ghq/projects/rustdom/.tools/valgrind/usr/libexec/valgrind/vgpreload_memcheck-amd64-linux.so)
==2406856==    by 0x22E0E357: _RINvMsa_NtCsfBDUjroi3FF_9hashbrown3rawNtB6_13RawTableInner22fallible_with_capacityNtNtCs6i54tJFfzR_5alloc5alloc6GlobalECsbKcx7MMum66_4napi (in /mnt/c/Users/guido/ghq/projects/rustdom/dist/rustdom.node)
==2406856==    by 0x22E0CB95: _RINvMs6_NtCsfBDUjroi3FF_9hashbrown3rawINtB6_8RawTableTINtNtCsgxBkk5gSRhY_4core6option6OptionReENtNtNtCsbKcx7MMum66_4napi15bindgen_runtime15module_register17ClassRegistrationEE14reserve_rehashNCINvNtB8_3map11make_hasherBQ_B1v_NtCsip5QdaO9ESH_10rustc_hash13FxBuildHasherE0EB1B_ (in /mnt/c/Users/guido/ghq/projects/rustdom/dist/rustdom.node)
==2406856==    by 0x22E14AE8: _RNvNtNtCsbKcx7MMum66_4napi15bindgen_runtime15module_register14register_class (in /mnt/c/Users/guido/ghq/projects/rustdom/dist/rustdom.node)
==2406856==    by 0x22DC3F60: _RNvNvNvNvNtNtNtCsdulfWib0rSm_7rustdom3dom18token_list_binding29___napi_helper__NativeTokenSet42___napi_register__NativeTokenSet_struct_2011__18___CTOR_PRIVATE_REF14___ctor_private (in /mnt/c/Users/guido/ghq/projects/rustdom/dist/rustdom.node)
==2406856==    by 0x681447D: call_init.part.0 (dl-init.c:70)
==2406856==    by 0x6814567: call_init (dl-init.c:33)
==2406856==    by 0x6814567: _dl_init (dl-init.c:117)
==2406856==    by 0x7522BB4: _dl_catch_exception (dl-error-skeleton.c:182)
==2406856==    by 0x681BFF5: dl_open_worker (dl-open.c:808)
==2406856==    by 0x681BFF5: dl_open_worker (dl-open.c:771)
==2406856==    by 0x7522B57: _dl_catch_exception (dl-error-skeleton.c:208)
==2406856==    by 0x681C34D: _dl_open (dl-open.c:883)
==2406856==    by 0x743E5FB: dlopen_doit (dlopen.c:56)
==2406856== 
==2406856== 276 bytes in 1 blocks are possibly lost in loss record 321 of 367
==2406856==    at 0x7056899: malloc (in /mnt/c/Users/guido/ghq/projects/rustdom/.tools/valgrind/usr/libexec/valgrind/vgpreload_memcheck-amd64-linux.so)
==2406856==    by 0x22E0E357: _RINvMsa_NtCsfBDUjroi3FF_9hashbrown3rawNtB6_13RawTableInner22fallible_with_capacityNtNtCs6i54tJFfzR_5alloc5alloc6GlobalECsbKcx7MMum66_4napi (in /mnt/c/Users/guido/ghq/projects/rustdom/dist/rustdom.node)
==2406856==    by 0x22E0CB95: _RINvMs6_NtCsfBDUjroi3FF_9hashbrown3rawINtB6_8RawTableTINtNtCsgxBkk5gSRhY_4core6option6OptionReENtNtNtCsbKcx7MMum66_4napi15bindgen_runtime15module_register17ClassRegistrationEE14reserve_rehashNCINvNtB8_3map11make_hasherBQ_B1v_NtCsip5QdaO9ESH_10rustc_hash13FxBuildHasherE0EB1B_ (in /mnt/c/Users/guido/ghq/projects/rustdom/dist/rustdom.node)
==2406856==    by 0x22E14AE8: _RNvNtNtCsbKcx7MMum66_4napi15bindgen_runtime15module_register14register_class (in /mnt/c/Users/guido/ghq/projects/rustdom/dist/rustdom.node)
==2406856==    by 0x22DC3FC0: _RNvNvNvNvNtNtNtCsdulfWib0rSm_7rustdom3dom18token_list_binding30___napi_helper__NativeTokenList43___napi_register__NativeTokenList_struct_2001__18___CTOR_PRIVATE_REF14___ctor_private (in /mnt/c/Users/guido/ghq/projects/rustdom/dist/rustdom.node)
==2406856==    by 0x681447D: call_init.part.0 (dl-init.c:70)
==2406856==    by 0x6814567: call_init (dl-init.c:33)
==2406856==    by 0x6814567: _dl_init (dl-init.c:117)
==2406856==    by 0x7522BB4: _dl_catch_exception (dl-error-skeleton.c:182)
==2406856==    by 0x681BFF5: dl_open_worker (dl-open.c:808)
==2406856==    by 0x681BFF5: dl_open_worker (dl-open.c:771)
==2406856==    by 0x7522B57: _dl_catch_exception (dl-error-skeleton.c:208)
==2406856==    by 0x681C34D: _dl_open (dl-open.c:883)
==2406856==    by 0x743E5FB: dlopen_doit (dlopen.c:56)
==2406856== 
==2406856== 276 bytes in 1 blocks are possibly lost in loss record 322 of 367
==2406856==    at 0x7056899: malloc (in /mnt/c/Users/guido/ghq/projects/rustdom/.tools/valgrind/usr/libexec/valgrind/vgpreload_memcheck-amd64-linux.so)
==2406856==    by 0x22E0E357: _RINvMsa_NtCsfBDUjroi3FF_9hashbrown3rawNtB6_13RawTableInner22fallible_with_capacityNtNtCs6i54tJFfzR_5alloc5alloc6GlobalECsbKcx7MMum66_4napi (in /mnt/c/Users/guido/ghq/projects/rustdom/dist/rustdom.node)
==2406856==    by 0x22E0CB95: _RINvMs6_NtCsfBDUjroi3FF_9hashbrown3rawINtB6_8RawTableTINtNtCsgxBkk5gSRhY_4core6option6OptionReENtNtNtCsbKcx7MMum66_4napi15bindgen_runtime15module_register17ClassRegistrationEE14reserve_rehashNCINvNtB8_3map11make_hasherBQ_B1v_NtCsip5QdaO9ESH_10rustc_hash13FxBuildHasherE0EB1B_ (in /mnt/c/Users/guido/ghq/projects/rustdom/dist/rustdom.node)
==2406856==    by 0x22E14AE8: _RNvNtNtCsbKcx7MMum66_4napi15bindgen_runtime15module_register14register_class (in /mnt/c/Users/guido/ghq/projects/rustdom/dist/rustdom.node)
==2406856==    by 0x22DC4EB0: _RNvNvNvNvNtNtNtCsdulfWib0rSm_7rustdom3dom19abort_state_binding31___napi_helper__NativeAbortState42___napi_register__NativeAbortState_struct_31__18___CTOR_PRIVATE_REF14___ctor_private (in /mnt/c/Users/guido/ghq/projects/rustdom/dist/rustdom.node)
==2406856==    by 0x681447D: call_init.part.0 (dl-init.c:70)
==2406856==    by 0x6814567: call_init (dl-init.c:33)
==2406856==    by 0x6814567: _dl_init (dl-init.c:117)
==2406856==    by 0x7522BB4: _dl_catch_exception (dl-error-skeleton.c:182)
==2406856==    by 0x681BFF5: dl_open_worker (dl-open.c:808)
==2406856==    by 0x681BFF5: dl_open_worker (dl-open.c:771)
==2406856==    by 0x7522B57: _dl_catch_exception (dl-error-skeleton.c:208)
==2406856==    by 0x681C34D: _dl_open (dl-open.c:883)
==2406856==    by 0x743E5FB: dlopen_doit (dlopen.c:56)
==2406856== 
==2406856== 276 bytes in 1 blocks are possibly lost in loss record 323 of 367
==2406856==    at 0x7056899: malloc (in /mnt/c/Users/guido/ghq/projects/rustdom/.tools/valgrind/usr/libexec/valgrind/vgpreload_memcheck-amd64-linux.so)
==2406856==    by 0x22E0E357: _RINvMsa_NtCsfBDUjroi3FF_9hashbrown3rawNtB6_13RawTableInner22fallible_with_capacityNtNtCs6i54tJFfzR_5alloc5alloc6GlobalECsbKcx7MMum66_4napi (in /mnt/c/Users/guido/ghq/projects/rustdom/dist/rustdom.node)
==2406856==    by 0x22E0CB95: _RINvMs6_NtCsfBDUjroi3FF_9hashbrown3rawINtB6_8RawTableTINtNtCsgxBkk5gSRhY_4core6option6OptionReENtNtNtCsbKcx7MMum66_4napi15bindgen_runtime15module_register17ClassRegistrationEE14reserve_rehashNCINvNtB8_3map11make_hasherBQ_B1v_NtCsip5QdaO9ESH_10rustc_hash13FxBuildHasherE0EB1B_ (in /mnt/c/Users/guido/ghq/projects/rustdom/dist/rustdom.node)
==2406856==    by 0x22E14AE8: _RNvNtNtCsbKcx7MMum66_4napi15bindgen_runtime15module_register14register_class (in /mnt/c/Users/guido/ghq/projects/rustdom/dist/rustdom.node)
==2406856==    by 0x22DC6880: _RNvNvNvNvNtNtNtCsdulfWib0rSm_7rustdom3dom19event_state_binding31___napi_helper__NativeEventState43___napi_register__NativeEventState_struct_721__18___CTOR_PRIVATE_REF14___ctor_private (in /mnt/c/Users/guido/ghq/projects/rustdom/dist/rustdom.node)
==2406856==    by 0x681447D: call_init.part.0 (dl-init.c:70)
==2406856==    by 0x6814567: call_init (dl-init.c:33)
==2406856==    by 0x6814567: _dl_init (dl-init.c:117)
==2406856==    by 0x7522BB4: _dl_catch_exception (dl-error-skeleton.c:182)
==2406856==    by 0x681BFF5: dl_open_worker (dl-open.c:808)
==2406856==    by 0x681BFF5: dl_open_worker (dl-open.c:771)
==2406856==    by 0x7522B57: _dl_catch_exception (dl-error-skeleton.c:208)
==2406856==    by 0x681C34D: _dl_open (dl-open.c:883)
==2406856==    by 0x743E5FB: dlopen_doit (dlopen.c:56)
==2406856== 
==2406856== 276 bytes in 1 blocks are possibly lost in loss record 324 of 367
==2406856==    at 0x7056899: malloc (in /mnt/c/Users/guido/ghq/projects/rustdom/.tools/valgrind/usr/libexec/valgrind/vgpreload_memcheck-amd64-linux.so)
==2406856==    by 0x22E0E357: _RINvMsa_NtCsfBDUjroi3FF_9hashbrown3rawNtB6_13RawTableInner22fallible_with_capacityNtNtCs6i54tJFfzR_5alloc5alloc6GlobalECsbKcx7MMum66_4napi (in /mnt/c/Users/guido/ghq/projects/rustdom/dist/rustdom.node)
==2406856==    by 0x22E0CB95: _RINvMs6_NtCsfBDUjroi3FF_9hashbrown3rawINtB6_8RawTableTINtNtCsgxBkk5gSRhY_4core6option6OptionReENtNtNtCsbKcx7MMum66_4napi15bindgen_runtime15module_register17ClassRegistrationEE14reserve_rehashNCINvNtB8_3map11make_hasherBQ_B1v_NtCsip5QdaO9ESH_10rustc_hash13FxBuildHasherE0EB1B_ (in /mnt/c/Users/guido/ghq/projects/rustdom/dist/rustdom.node)
==2406856==    by 0x22E14AE8: _RNvNtNtCsbKcx7MMum66_4napi15bindgen_runtime15module_register14register_class (in /mnt/c/Users/guido/ghq/projects/rustdom/dist/rustdom.node)
==2406856==    by 0x22DC9E60: _RNvNvNvNvNtNtNtCsdulfWib0rSm_7rustdom3dom19range_clone_binding31___napi_helper__NativeRangeClone44___napi_register__NativeRangeClone_struct_1401__18___CTOR_PRIVATE_REF14___ctor_private (in /mnt/c/Users/guido/ghq/projects/rustdom/dist/rustdom.node)
==2406856==    by 0x681447D: call_init.part.0 (dl-init.c:70)
==2406856==    by 0x6814567: call_init (dl-init.c:33)
==2406856==    by 0x6814567: _dl_init (dl-init.c:117)
==2406856==    by 0x7522BB4: _dl_catch_exception (dl-error-skeleton.c:182)
==2406856==    by 0x681BFF5: dl_open_worker (dl-open.c:808)
==2406856==    by 0x681BFF5: dl_open_worker (dl-open.c:771)
==2406856==    by 0x7522B57: _dl_catch_exception (dl-error-skeleton.c:208)
==2406856==    by 0x681C34D: _dl_open (dl-open.c:883)
==2406856==    by 0x743E5FB: dlopen_doit (dlopen.c:56)
==2406856== 
==2406856== 276 bytes in 1 blocks are possibly lost in loss record 325 of 367
==2406856==    at 0x7056899: malloc (in /mnt/c/Users/guido/ghq/projects/rustdom/.tools/valgrind/usr/libexec/valgrind/vgpreload_memcheck-amd64-linux.so)
==2406856==    by 0x22E0E357: _RINvMsa_NtCsfBDUjroi3FF_9hashbrown3rawNtB6_13RawTableInner22fallible_with_capacityNtNtCs6i54tJFfzR_5alloc5alloc6GlobalECsbKcx7MMum66_4napi (in /mnt/c/Users/guido/ghq/projects/rustdom/dist/rustdom.node)
==2406856==    by 0x22E0CB95: _RINvMs6_NtCsfBDUjroi3FF_9hashbrown3rawINtB6_8RawTableTINtNtCsgxBkk5gSRhY_4core6option6OptionReENtNtNtCsbKcx7MMum66_4napi15bindgen_runtime15module_register17ClassRegistrationEE14reserve_rehashNCINvNtB8_3map11make_hasherBQ_B1v_NtCsip5QdaO9ESH_10rustc_hash13FxBuildHasherE0EB1B_ (in /mnt/c/Users/guido/ghq/projects/rustdom/dist/rustdom.node)
==2406856==    by 0x22E14AE8: _RNvNtNtCsbKcx7MMum66_4napi15bindgen_runtime15module_register14register_class (in /mnt/c/Users/guido/ghq/projects/rustdom/dist/rustdom.node)
==2406856==    by 0x22DCA730: _RNvNvNvNvNtNtNtCsdulfWib0rSm_7rustdom3dom19range_state_binding26___napi_helper__NativeRange39___napi_register__NativeRange_struct_1601__18___CTOR_PRIVATE_REF14___ctor_private (in /mnt/c/Users/guido/ghq/projects/rustdom/dist/rustdom.node)
==2406856==    by 0x681447D: call_init.part.0 (dl-init.c:70)
==2406856==    by 0x6814567: call_init (dl-init.c:33)
==2406856==    by 0x6814567: _dl_init (dl-init.c:117)
==2406856==    by 0x7522BB4: _dl_catch_exception (dl-error-skeleton.c:182)
==2406856==    by 0x681BFF5: dl_open_worker (dl-open.c:808)
==2406856==    by 0x681BFF5: dl_open_worker (dl-open.c:771)
==2406856==    by 0x7522B57: _dl_catch_exception (dl-error-skeleton.c:208)
==2406856==    by 0x681C34D: _dl_open (dl-open.c:883)
==2406856==    by 0x743E5FB: dlopen_doit (dlopen.c:56)
==2406856== 
==2406856== 276 bytes in 1 blocks are possibly lost in loss record 326 of 367
==2406856==    at 0x7056899: malloc (in /mnt/c/Users/guido/ghq/projects/rustdom/.tools/valgrind/usr/libexec/valgrind/vgpreload_memcheck-amd64-linux.so)
==2406856==    by 0x22E0E357: _RINvMsa_NtCsfBDUjroi3FF_9hashbrown3rawNtB6_13RawTableInner22fallible_with_capacityNtNtCs6i54tJFfzR_5alloc5alloc6GlobalECsbKcx7MMum66_4napi (in /mnt/c/Users/guido/ghq/projects/rustdom/dist/rustdom.node)
==2406856==    by 0x22E0CB95: _RINvMs6_NtCsfBDUjroi3FF_9hashbrown3rawINtB6_8RawTableTINtNtCsgxBkk5gSRhY_4core6option6OptionReENtNtNtCsbKcx7MMum66_4napi15bindgen_runtime15module_register17ClassRegistrationEE14reserve_rehashNCINvNtB8_3map11make_hasherBQ_B1v_NtCsip5QdaO9ESH_10rustc_hash13FxBuildHasherE0EB1B_ (in /mnt/c/Users/guido/ghq/projects/rustdom/dist/rustdom.node)
==2406856==    by 0x22E14AE8: _RNvNtNtCsbKcx7MMum66_4napi15bindgen_runtime15module_register14register_class (in /mnt/c/Users/guido/ghq/projects/rustdom/dist/rustdom.node)
==2406856==    by 0x22DCD4A0: _RNvNvNvNvNtNtNtCsdulfWib0rSm_7rustdom3dom19tree_cursor_binding30___napi_helper__NativeTraversal43___napi_register__NativeTraversal_struct_3931__18___CTOR_PRIVATE_REF14___ctor_private (in /mnt/c/Users/guido/ghq/projects/rustdom/dist/rustdom.node)
==2406856==    by 0x681447D: call_init.part.0 (dl-init.c:70)
==2406856==    by 0x6814567: call_init (dl-init.c:33)
==2406856==    by 0x6814567: _dl_init (dl-init.c:117)
==2406856==    by 0x7522BB4: _dl_catch_exception (dl-error-skeleton.c:182)
==2406856==    by 0x681BFF5: dl_open_worker (dl-open.c:808)
==2406856==    by 0x681BFF5: dl_open_worker (dl-open.c:771)
==2406856==    by 0x7522B57: _dl_catch_exception (dl-error-skeleton.c:208)
==2406856==    by 0x681C34D: _dl_open (dl-open.c:883)
==2406856==    by 0x743E5FB: dlopen_doit (dlopen.c:56)
==2406856== 
==2406856== 276 bytes in 1 blocks are possibly lost in loss record 327 of 367
==2406856==    at 0x7056899: malloc (in /mnt/c/Users/guido/ghq/projects/rustdom/.tools/valgrind/usr/libexec/valgrind/vgpreload_memcheck-amd64-linux.so)
==2406856==    by 0x22E0E357: _RINvMsa_NtCsfBDUjroi3FF_9hashbrown3rawNtB6_13RawTableInner22fallible_with_capacityNtNtCs6i54tJFfzR_5alloc5alloc6GlobalECsbKcx7MMum66_4napi (in /mnt/c/Users/guido/ghq/projects/rustdom/dist/rustdom.node)
==2406856==    by 0x22E0CB95: _RINvMs6_NtCsfBDUjroi3FF_9hashbrown3rawINtB6_8RawTableTINtNtCsgxBkk5gSRhY_4core6option6OptionReENtNtNtCsbKcx7MMum66_4napi15bindgen_runtime15module_register17ClassRegistrationEE14reserve_rehashNCINvNtB8_3map11make_hasherBQ_B1v_NtCsip5QdaO9ESH_10rustc_hash13FxBuildHasherE0EB1B_ (in /mnt/c/Users/guido/ghq/projects/rustdom/dist/rustdom.node)
==2406856==    by 0x22E14AE8: _RNvNtNtCsbKcx7MMum66_4napi15bindgen_runtime15module_register14register_class (in /mnt/c/Users/guido/ghq/projects/rustdom/dist/rustdom.node)
==2406856==    by 0x22DCDF60: _RNvNvNvNvNtNtNtCsdulfWib0rSm_7rustdom3dom19tree_cursor_binding39___napi_helper__NativeTraversalOperation52___napi_register__NativeTraversalOperation_struct_3941__18___CTOR_PRIVATE_REF14___ctor_private (in /mnt/c/Users/guido/ghq/projects/rustdom/dist/rustdom.node)
==2406856==    by 0x681447D: call_init.part.0 (dl-init.c:70)
==2406856==    by 0x6814567: call_init (dl-init.c:33)
==2406856==    by 0x6814567: _dl_init (dl-init.c:117)
==2406856==    by 0x7522BB4: _dl_catch_exception (dl-error-skeleton.c:182)
==2406856==    by 0x681BFF5: dl_open_worker (dl-open.c:808)
==2406856==    by 0x681BFF5: dl_open_worker (dl-open.c:771)
==2406856==    by 0x7522B57: _dl_catch_exception (dl-error-skeleton.c:208)
==2406856==    by 0x681C34D: _dl_open (dl-open.c:883)
==2406856==    by 0x743E5FB: dlopen_doit (dlopen.c:56)
==2406856== 
==2406856== 276 bytes in 1 blocks are possibly lost in loss record 328 of 367
==2406856==    at 0x7056899: malloc (in /mnt/c/Users/guido/ghq/projects/rustdom/.tools/valgrind/usr/libexec/valgrind/vgpreload_memcheck-amd64-linux.so)
==2406856==    by 0x22E0E357: _RINvMsa_NtCsfBDUjroi3FF_9hashbrown3rawNtB6_13RawTableInner22fallible_with_capacityNtNtCs6i54tJFfzR_5alloc5alloc6GlobalECsbKcx7MMum66_4napi (in /mnt/c/Users/guido/ghq/projects/rustdom/dist/rustdom.node)
==2406856==    by 0x22E0CB95: _RINvMs6_NtCsfBDUjroi3FF_9hashbrown3rawINtB6_8RawTableTINtNtCsgxBkk5gSRhY_4core6option6OptionReENtNtNtCsbKcx7MMum66_4napi15bindgen_runtime15module_register17ClassRegistrationEE14reserve_rehashNCINvNtB8_3map11make_hasherBQ_B1v_NtCsip5QdaO9ESH_10rustc_hash13FxBuildHasherE0EB1B_ (in /mnt/c/Users/guido/ghq/projects/rustdom/dist/rustdom.node)
==2406856==    by 0x22E14AE8: _RNvNtNtCsbKcx7MMum66_4napi15bindgen_runtime15module_register14register_class (in /mnt/c/Users/guido/ghq/projects/rustdom/dist/rustdom.node)
==2406856==    by 0x22DCE1A0: _RNvNvNvNvNtNtNtCsdulfWib0rSm_7rustdom3dom19web_storage_binding32___napi_helper__NativeStorageArea45___napi_register__NativeStorageArea_struct_4071__18___CTOR_PRIVATE_REF14___ctor_private (in /mnt/c/Users/guido/ghq/projects/rustdom/dist/rustdom.node)
==2406856==    by 0x681447D: call_init.part.0 (dl-init.c:70)
==2406856==    by 0x6814567: call_init (dl-init.c:33)
==2406856==    by 0x6814567: _dl_init (dl-init.c:117)
==2406856==    by 0x7522BB4: _dl_catch_exception (dl-error-skeleton.c:182)
==2406856==    by 0x681BFF5: dl_open_worker (dl-open.c:808)
==2406856==    by 0x681BFF5: dl_open_worker (dl-open.c:771)
==2406856==    by 0x7522B57: _dl_catch_exception (dl-error-skeleton.c:208)
==2406856==    by 0x681C34D: _dl_open (dl-open.c:883)
==2406856==    by 0x743E5FB: dlopen_doit (dlopen.c:56)
==2406856== 
==2406856== 276 bytes in 1 blocks are possibly lost in loss record 329 of 367
==2406856==    at 0x7056899: malloc (in /mnt/c/Users/guido/ghq/projects/rustdom/.tools/valgrind/usr/libexec/valgrind/vgpreload_memcheck-amd64-linux.so)
==2406856==    by 0x22E0E357: _RINvMsa_NtCsfBDUjroi3FF_9hashbrown3rawNtB6_13RawTableInner22fallible_with_capacityNtNtCs6i54tJFfzR_5alloc5alloc6GlobalECsbKcx7MMum66_4napi (in /mnt/c/Users/guido/ghq/projects/rustdom/dist/rustdom.node)
==2406856==    by 0x22E0CB95: _RINvMs6_NtCsfBDUjroi3FF_9hashbrown3rawINtB6_8RawTableTINtNtCsgxBkk5gSRhY_4core6option6OptionReENtNtNtCsbKcx7MMum66_4napi15bindgen_runtime15module_register17ClassRegistrationEE14reserve_rehashNCINvNtB8_3map11make_hasherBQ_B1v_NtCsip5QdaO9ESH_10rustc_hash13FxBuildHasherE0EB1B_ (in /mnt/c/Users/guido/ghq/projects/rustdom/dist/rustdom.node)
==2406856==    by 0x22E14AE8: _RNvNtNtCsbKcx7MMum66_4napi15bindgen_runtime15module_register14register_class (in /mnt/c/Users/guido/ghq/projects/rustdom/dist/rustdom.node)
==2406856==    by 0x22DCE200: _RNvNvNvNvNtNtNtCsdulfWib0rSm_7rustdom3dom19web_storage_binding37___napi_helper__NativeStorageKeyCursor50___napi_register__NativeStorageKeyCursor_struct_4211__18___CTOR_PRIVATE_REF14___ctor_private (in /mnt/c/Users/guido/ghq/projects/rustdom/dist/rustdom.node)
==2406856==    by 0x681447D: call_init.part.0 (dl-init.c:70)
==2406856==    by 0x6814567: call_init (dl-init.c:33)
==2406856==    by 0x6814567: _dl_init (dl-init.c:117)
==2406856==    by 0x7522BB4: _dl_catch_exception (dl-error-skeleton.c:182)
==2406856==    by 0x681BFF5: dl_open_worker (dl-open.c:808)
==2406856==    by 0x681BFF5: dl_open_worker (dl-open.c:771)
==2406856==    by 0x7522B57: _dl_catch_exception (dl-error-skeleton.c:208)
==2406856==    by 0x681C34D: _dl_open (dl-open.c:883)
==2406856==    by 0x743E5FB: dlopen_doit (dlopen.c:56)
==2406856== 
==2406856== 276 bytes in 1 blocks are possibly lost in loss record 330 of 367
==2406856==    at 0x7056899: malloc (in /mnt/c/Users/guido/ghq/projects/rustdom/.tools/valgrind/usr/libexec/valgrind/vgpreload_memcheck-amd64-linux.so)
==2406856==    by 0x22E0E357: _RINvMsa_NtCsfBDUjroi3FF_9hashbrown3rawNtB6_13RawTableInner22fallible_with_capacityNtNtCs6i54tJFfzR_5alloc5alloc6GlobalECsbKcx7MMum66_4napi (in /mnt/c/Users/guido/ghq/projects/rustdom/dist/rustdom.node)
==2406856==    by 0x22E0CB95: _RINvMs6_NtCsfBDUjroi3FF_9hashbrown3rawINtB6_8RawTableTINtNtCsgxBkk5gSRhY_4core6option6OptionReENtNtNtCsbKcx7MMum66_4napi15bindgen_runtime15module_register17ClassRegistrationEE14reserve_rehashNCINvNtB8_3map11make_hasherBQ_B1v_NtCsip5QdaO9ESH_10rustc_hash13FxBuildHasherE0EB1B_ (in /mnt/c/Users/guido/ghq/projects/rustdom/dist/rustdom.node)
==2406856==    by 0x22E14AE8: _RNvNtNtCsbKcx7MMum66_4napi15bindgen_runtime15module_register14register_class (in /mnt/c/Users/guido/ghq/projects/rustdom/dist/rustdom.node)
==2406856==    by 0x22DCFDF0: _RNvNvNvNvNtNtNtCsdulfWib0rSm_7rustdom3dom21range_extract_binding33___napi_helper__NativeRangeExtract46___napi_register__NativeRangeExtract_struct_1481__18___CTOR_PRIVATE_REF14___ctor_private (in /mnt/c/Users/guido/ghq/projects/rustdom/dist/rustdom.node)
==2406856==    by 0x681447D: call_init.part.0 (dl-init.c:70)
==2406856==    by 0x6814567: call_init (dl-init.c:33)
==2406856==    by 0x6814567: _dl_init (dl-init.c:117)
==2406856==    by 0x7522BB4: _dl_catch_exception (dl-error-skeleton.c:182)
==2406856==    by 0x681BFF5: dl_open_worker (dl-open.c:808)
==2406856==    by 0x681BFF5: dl_open_worker (dl-open.c:771)
==2406856==    by 0x7522B57: _dl_catch_exception (dl-error-skeleton.c:208)
==2406856==    by 0x681C34D: _dl_open (dl-open.c:883)
==2406856==    by 0x743E5FB: dlopen_doit (dlopen.c:56)
==2406856== 
==2406856== 276 bytes in 1 blocks are possibly lost in loss record 331 of 367
==2406856==    at 0x7056899: malloc (in /mnt/c/Users/guido/ghq/projects/rustdom/.tools/valgrind/usr/libexec/valgrind/vgpreload_memcheck-amd64-linux.so)
==2406856==    by 0x22E0E357: _RINvMsa_NtCsfBDUjroi3FF_9hashbrown3rawNtB6_13RawTableInner22fallible_with_capacityNtNtCs6i54tJFfzR_5alloc5alloc6GlobalECsbKcx7MMum66_4napi (in /mnt/c/Users/guido/ghq/projects/rustdom/dist/rustdom.node)
==2406856==    by 0x22E0CB95: _RINvMs6_NtCsfBDUjroi3FF_9hashbrown3rawINtB6_8RawTableTINtNtCsgxBkk5gSRhY_4core6option6OptionReENtNtNtCsbKcx7MMum66_4napi15bindgen_runtime15module_register17ClassRegistrationEE14reserve_rehashNCINvNtB8_3map11make_hasherBQ_B1v_NtCsip5QdaO9ESH_10rustc_hash13FxBuildHasherE0EB1B_ (in /mnt/c/Users/guido/ghq/projects/rustdom/dist/rustdom.node)
==2406856==    by 0x22E14AE8: _RNvNtNtCsbKcx7MMum66_4napi15bindgen_runtime15module_register14register_class (in /mnt/c/Users/guido/ghq/projects/rustdom/dist/rustdom.node)
==2406856==    by 0x22DD06C0: _RNvNvNvNvNtNtNtCsdulfWib0rSm_7rustdom3dom23event_listeners_binding37___napi_helper__NativeListenerRegistry49___napi_register__NativeListenerRegistry_struct_551__18___CTOR_PRIVATE_REF14___ctor_private (in /mnt/c/Users/guido/ghq/projects/rustdom/dist/rustdom.node)
==2406856==    by 0x681447D: call_init.part.0 (dl-init.c:70)
==2406856==    by 0x6814567: call_init (dl-init.c:33)
==2406856==    by 0x6814567: _dl_init (dl-init.c:117)
==2406856==    by 0x7522BB4: _dl_catch_exception (dl-error-skeleton.c:182)
==2406856==    by 0x681BFF5: dl_open_worker (dl-open.c:808)
==2406856==    by 0x681BFF5: dl_open_worker (dl-open.c:771)
==2406856==    by 0x7522B57: _dl_catch_exception (dl-error-skeleton.c:208)
==2406856==    by 0x681C34D: _dl_open (dl-open.c:883)
==2406856==    by 0x743E5FB: dlopen_doit (dlopen.c:56)
==2406856== 
==2406856== 276 bytes in 1 blocks are possibly lost in loss record 332 of 367
==2406856==    at 0x7056899: malloc (in /mnt/c/Users/guido/ghq/projects/rustdom/.tools/valgrind/usr/libexec/valgrind/vgpreload_memcheck-amd64-linux.so)
==2406856==    by 0x22E0E357: _RINvMsa_NtCsfBDUjroi3FF_9hashbrown3rawNtB6_13RawTableInner22fallible_with_capacityNtNtCs6i54tJFfzR_5alloc5alloc6GlobalECsbKcx7MMum66_4napi (in /mnt/c/Users/guido/ghq/projects/rustdom/dist/rustdom.node)
==2406856==    by 0x22E0CB95: _RINvMs6_NtCsfBDUjroi3FF_9hashbrown3rawINtB6_8RawTableTINtNtCsgxBkk5gSRhY_4core6option6OptionReENtNtNtCsbKcx7MMum66_4napi15bindgen_runtime15module_register17ClassRegistrationEE14reserve_rehashNCINvNtB8_3map11make_hasherBQ_B1v_NtCsip5QdaO9ESH_10rustc_hash13FxBuildHasherE0EB1B_ (in /mnt/c/Users/guido/ghq/projects/rustdom/dist/rustdom.node)
==2406856==    by 0x22E14AE8: _RNvNtNtCsbKcx7MMum66_4napi15bindgen_runtime15module_register14register_class (in /mnt/c/Users/guido/ghq/projects/rustdom/dist/rustdom.node)
==2406856==    by 0x22DD1C70: _RNvNvNvNvNtNtNtCsdulfWib0rSm_7rustdom3dom23mutation_record_binding35___napi_helper__NativeMutationRecord48___napi_register__NativeMutationRecord_struct_1071__18___CTOR_PRIVATE_REF14___ctor_private (in /mnt/c/Users/guido/ghq/projects/rustdom/dist/rustdom.node)
==2406856==    by 0x681447D: call_init.part.0 (dl-init.c:70)
==2406856==    by 0x6814567: call_init (dl-init.c:33)
==2406856==    by 0x6814567: _dl_init (dl-init.c:117)
==2406856==    by 0x7522BB4: _dl_catch_exception (dl-error-skeleton.c:182)
==2406856==    by 0x681BFF5: dl_open_worker (dl-open.c:808)
==2406856==    by 0x681BFF5: dl_open_worker (dl-open.c:771)
==2406856==    by 0x7522B57: _dl_catch_exception (dl-error-skeleton.c:208)
==2406856==    by 0x681C34D: _dl_open (dl-open.c:883)
==2406856==    by 0x743E5FB: dlopen_doit (dlopen.c:56)
==2406856== 
==2406856== 276 bytes in 1 blocks are possibly lost in loss record 333 of 367
==2406856==    at 0x7056899: malloc (in /mnt/c/Users/guido/ghq/projects/rustdom/.tools/valgrind/usr/libexec/valgrind/vgpreload_memcheck-amd64-linux.so)
==2406856==    by 0x22E0E357: _RINvMsa_NtCsfBDUjroi3FF_9hashbrown3rawNtB6_13RawTableInner22fallible_with_capacityNtNtCs6i54tJFfzR_5alloc5alloc6GlobalECsbKcx7MMum66_4napi (in /mnt/c/Users/guido/ghq/projects/rustdom/dist/rustdom.node)
==2406856==    by 0x22E0CB95: _RINvMs6_NtCsfBDUjroi3FF_9hashbrown3rawINtB6_8RawTableTINtNtCsgxBkk5gSRhY_4core6option6OptionReENtNtNtCsbKcx7MMum66_4napi15bindgen_runtime15module_register17ClassRegistrationEE14reserve_rehashNCINvNtB8_3map11make_hasherBQ_B1v_NtCsip5QdaO9ESH_10rustc_hash13FxBuildHasherE0EB1B_ (in /mnt/c/Users/guido/ghq/projects/rustdom/dist/rustdom.node)
==2406856==    by 0x22E14AE8: _RNvNtNtCsbKcx7MMum66_4napi15bindgen_runtime15module_register14register_class (in /mnt/c/Users/guido/ghq/projects/rustdom/dist/rustdom.node)
==2406856==    by 0x22DD3430: _RNvNvNvNvNtNtNtCsdulfWib0rSm_7rustdom3dom23slot_assignment_binding41___napi_helper__NativeSlotAssignmentDriver54___napi_register__NativeSlotAssignmentDriver_struct_1861__18___CTOR_PRIVATE_REF14___ctor_private (in /mnt/c/Users/guido/ghq/projects/rustdom/dist/rustdom.node)
==2406856==    by 0x681447D: call_init.part.0 (dl-init.c:70)
==2406856==    by 0x6814567: call_init (dl-init.c:33)
==2406856==    by 0x6814567: _dl_init (dl-init.c:117)
==2406856==    by 0x7522BB4: _dl_catch_exception (dl-error-skeleton.c:182)
==2406856==    by 0x681BFF5: dl_open_worker (dl-open.c:808)
==2406856==    by 0x681BFF5: dl_open_worker (dl-open.c:771)
==2406856==    by 0x7522B57: _dl_catch_exception (dl-error-skeleton.c:208)
==2406856==    by 0x681C34D: _dl_open (dl-open.c:883)
==2406856==    by 0x743E5FB: dlopen_doit (dlopen.c:56)
==2406856== 
==2406856== 276 bytes in 1 blocks are possibly lost in loss record 334 of 367
==2406856==    at 0x7056899: malloc (in /mnt/c/Users/guido/ghq/projects/rustdom/.tools/valgrind/usr/libexec/valgrind/vgpreload_memcheck-amd64-linux.so)
==2406856==    by 0x22E0E357: _RINvMsa_NtCsfBDUjroi3FF_9hashbrown3rawNtB6_13RawTableInner22fallible_with_capacityNtNtCs6i54tJFfzR_5alloc5alloc6GlobalECsbKcx7MMum66_4napi (in /mnt/c/Users/guido/ghq/projects/rustdom/dist/rustdom.node)
==2406856==    by 0x22E0CB95: _RINvMs6_NtCsfBDUjroi3FF_9hashbrown3rawINtB6_8RawTableTINtNtCsgxBkk5gSRhY_4core6option6OptionReENtNtNtCsbKcx7MMum66_4napi15bindgen_runtime15module_register17ClassRegistrationEE14reserve_rehashNCINvNtB8_3map11make_hasherBQ_B1v_NtCsip5QdaO9ESH_10rustc_hash13FxBuildHasherE0EB1B_ (in /mnt/c/Users/guido/ghq/projects/rustdom/dist/rustdom.node)
==2406856==    by 0x22E14AE8: _RNvNtNtCsbKcx7MMum66_4napi15bindgen_runtime15module_register14register_class (in /mnt/c/Users/guido/ghq/projects/rustdom/dist/rustdom.node)
==2406856==    by 0x22DD3D00: _RNvNvNvNvNtNtNtCsdulfWib0rSm_7rustdom3dom25observer_delivery_binding37___napi_helper__NativeObserverDelivery50___napi_register__NativeObserverDelivery_struct_1251__18___CTOR_PRIVATE_REF14___ctor_private (in /mnt/c/Users/guido/ghq/projects/rustdom/dist/rustdom.node)
==2406856==    by 0x681447D: call_init.part.0 (dl-init.c:70)
==2406856==    by 0x6814567: call_init (dl-init.c:33)
==2406856==    by 0x6814567: _dl_init (dl-init.c:117)
==2406856==    by 0x7522BB4: _dl_catch_exception (dl-error-skeleton.c:182)
==2406856==    by 0x681BFF5: dl_open_worker (dl-open.c:808)
==2406856==    by 0x681BFF5: dl_open_worker (dl-open.c:771)
==2406856==    by 0x7522B57: _dl_catch_exception (dl-error-skeleton.c:208)
==2406856==    by 0x681C34D: _dl_open (dl-open.c:883)
==2406856==    by 0x743E5FB: dlopen_doit (dlopen.c:56)
==2406856== 
==2406856== 276 bytes in 1 blocks are possibly lost in loss record 335 of 367
==2406856==    at 0x7056899: malloc (in /mnt/c/Users/guido/ghq/projects/rustdom/.tools/valgrind/usr/libexec/valgrind/vgpreload_memcheck-amd64-linux.so)
==2406856==    by 0x22E0E357: _RINvMsa_NtCsfBDUjroi3FF_9hashbrown3rawNtB6_13RawTableInner22fallible_with_capacityNtNtCs6i54tJFfzR_5alloc5alloc6GlobalECsbKcx7MMum66_4napi (in /mnt/c/Users/guido/ghq/projects/rustdom/dist/rustdom.node)
==2406856==    by 0x22E0CB95: _RINvMs6_NtCsfBDUjroi3FF_9hashbrown3rawINtB6_8RawTableTINtNtCsgxBkk5gSRhY_4core6option6OptionReENtNtNtCsbKcx7MMum66_4napi15bindgen_runtime15module_register17ClassRegistrationEE14reserve_rehashNCINvNtB8_3map11make_hasherBQ_B1v_NtCsip5QdaO9ESH_10rustc_hash13FxBuildHasherE0EB1B_ (in /mnt/c/Users/guido/ghq/projects/rustdom/dist/rustdom.node)
==2406856==    by 0x22E14AE8: _RNvNtNtCsbKcx7MMum66_4napi15bindgen_runtime15module_register14register_class (in /mnt/c/Users/guido/ghq/projects/rustdom/dist/rustdom.node)
==2406856==    by 0x22DD4A20: _RNvNvNvNvNtNtNtCsdulfWib0rSm_7rustdom3dom4tree25___napi_helper__NativeTree38___napi_register__NativeTree_struct_2361__18___CTOR_PRIVATE_REF14___ctor_private (in /mnt/c/Users/guido/ghq/projects/rustdom/dist/rustdom.node)
==2406856==    by 0x681447D: call_init.part.0 (dl-init.c:70)
==2406856==    by 0x6814567: call_init (dl-init.c:33)
==2406856==    by 0x6814567: _dl_init (dl-init.c:117)
==2406856==    by 0x7522BB4: _dl_catch_exception (dl-error-skeleton.c:182)
==2406856==    by 0x681BFF5: dl_open_worker (dl-open.c:808)
==2406856==    by 0x681BFF5: dl_open_worker (dl-open.c:771)
==2406856==    by 0x7522B57: _dl_catch_exception (dl-error-skeleton.c:208)
==2406856==    by 0x681C34D: _dl_open (dl-open.c:883)
==2406856==    by 0x743E5FB: dlopen_doit (dlopen.c:56)
==2406856== 
==2406856== 276 bytes in 1 blocks are possibly lost in loss record 336 of 367
==2406856==    at 0x7056899: malloc (in /mnt/c/Users/guido/ghq/projects/rustdom/.tools/valgrind/usr/libexec/valgrind/vgpreload_memcheck-amd64-linux.so)
==2406856==    by 0x22E0E357: _RINvMsa_NtCsfBDUjroi3FF_9hashbrown3rawNtB6_13RawTableInner22fallible_with_capacityNtNtCs6i54tJFfzR_5alloc5alloc6GlobalECsbKcx7MMum66_4napi (in /mnt/c/Users/guido/ghq/projects/rustdom/dist/rustdom.node)
==2406856==    by 0x22E0CB95: _RINvMs6_NtCsfBDUjroi3FF_9hashbrown3rawINtB6_8RawTableTINtNtCsgxBkk5gSRhY_4core6option6OptionReENtNtNtCsbKcx7MMum66_4napi15bindgen_runtime15module_register17ClassRegistrationEE14reserve_rehashNCINvNtB8_3map11make_hasherBQ_B1v_NtCsip5QdaO9ESH_10rustc_hash13FxBuildHasherE0EB1B_ (in /mnt/c/Users/guido/ghq/projects/rustdom/dist/rustdom.node)
==2406856==    by 0x22E14AE8: _RNvNtNtCsbKcx7MMum66_4napi15bindgen_runtime15module_register14register_class (in /mnt/c/Users/guido/ghq/projects/rustdom/dist/rustdom.node)
==2406856==    by 0x22DD6EE0: _RNvNvNvNvNtNtNtCsdulfWib0rSm_7rustdom3xml7binding30___napi_helper__NativeXmlParser43___napi_register__NativeXmlParser_struct_4291__18___CTOR_PRIVATE_REF14___ctor_private (in /mnt/c/Users/guido/ghq/projects/rustdom/dist/rustdom.node)
==2406856==    by 0x681447D: call_init.part.0 (dl-init.c:70)
==2406856==    by 0x6814567: call_init (dl-init.c:33)
==2406856==    by 0x6814567: _dl_init (dl-init.c:117)
==2406856==    by 0x7522BB4: _dl_catch_exception (dl-error-skeleton.c:182)
==2406856==    by 0x681BFF5: dl_open_worker (dl-open.c:808)
==2406856==    by 0x681BFF5: dl_open_worker (dl-open.c:771)
==2406856==    by 0x7522B57: _dl_catch_exception (dl-error-skeleton.c:208)
==2406856==    by 0x681C34D: _dl_open (dl-open.c:883)
==2406856==    by 0x743E5FB: dlopen_doit (dlopen.c:56)
==2406856== 
==2406856== 304 bytes in 1 blocks are possibly lost in loss record 337 of 367
==2406856==    at 0x705BA83: calloc (in /mnt/c/Users/guido/ghq/projects/rustdom/.tools/valgrind/usr/libexec/valgrind/vgpreload_memcheck-amd64-linux.so)
==2406856==    by 0x68227D9: calloc (rtld-malloc.h:44)
==2406856==    by 0x68227D9: allocate_dtv (dl-tls.c:375)
==2406856==    by 0x68227D9: _dl_allocate_tls (dl-tls.c:634)
==2406856==    by 0x7443774: allocate_stack (allocatestack.c:430)
==2406856==    by 0x7443774: pthread_create@@GLIBC_2.34 (pthread_create.c:647)
==2406856==    by 0xA9B02A: node::inspector::Agent::Start(std::__cxx11::basic_string<char, std::char_traits<char>, std::allocator<char> > const&, node::DebugOptions const&, std::shared_ptr<node::ExclusiveAccess<node::HostPort, node::MutexBase<node::LibuvMutexTraits> > >, bool) (in /mnt/c/Users/guido/ghq/projects/rustdom/.tools/node/bin/node)
==2406856==    by 0x845DD2: node::Environment::InitializeInspector(std::unique_ptr<node::inspector::ParentInspectorHandle, std::default_delete<node::inspector::ParentInspectorHandle> >) (in /mnt/c/Users/guido/ghq/projects/rustdom/.tools/node/bin/node)
==2406856==    by 0x790EE5: node::CreateEnvironment(node::IsolateData*, v8::Local<v8::Context>, std::vector<std::__cxx11::basic_string<char, std::char_traits<char>, std::allocator<char> >, std::allocator<std::__cxx11::basic_string<char, std::char_traits<char>, std::allocator<char> > > > const&, std::vector<std::__cxx11::basic_string<char, std::char_traits<char>, std::allocator<char> >, std::allocator<std::__cxx11::basic_string<char, std::char_traits<char>, std::allocator<char> > > > const&, node::EnvironmentFlags::Flags, node::ThreadId, std::unique_ptr<node::InspectorParentHandle, std::default_delete<node::InspectorParentHandle> >, std::basic_string_view<char, std::char_traits<char> >) (in /mnt/c/Users/guido/ghq/projects/rustdom/.tools/node/bin/node)
==2406856==    by 0x7910D8: node::CreateEnvironment(node::IsolateData*, v8::Local<v8::Context>, std::vector<std::__cxx11::basic_string<char, std::char_traits<char>, std::allocator<char> >, std::allocator<std::__cxx11::basic_string<char, std::char_traits<char>, std::allocator<char> > > > const&, std::vector<std::__cxx11::basic_string<char, std::char_traits<char>, std::allocator<char> >, std::allocator<std::__cxx11::basic_string<char, std::char_traits<char>, std::allocator<char> > > > const&, node::EnvironmentFlags::Flags, node::ThreadId, std::unique_ptr<node::InspectorParentHandle, std::default_delete<node::InspectorParentHandle> >) (in /mnt/c/Users/guido/ghq/projects/rustdom/.tools/node/bin/node)
==2406856==    by 0x90F1FE: node::NodeMainInstance::CreateMainEnvironment(node::ExitCode*) (in /mnt/c/Users/guido/ghq/projects/rustdom/.tools/node/bin/node)
==2406856==    by 0x90F400: node::NodeMainInstance::Run() (in /mnt/c/Users/guido/ghq/projects/rustdom/.tools/node/bin/node)
==2406856==    by 0x84CE61: node::Start(int, char**) (in /mnt/c/Users/guido/ghq/projects/rustdom/.tools/node/bin/node)
==2406856==    by 0x73D7D8F: (below main) (libc_start_call_main.h:58)
==2406856== 
==2406856== 384 bytes in 1 blocks are still reachable in loss record 338 of 367
==2406856==    at 0x7056899: malloc (in /mnt/c/Users/guido/ghq/projects/rustdom/.tools/valgrind/usr/libexec/valgrind/vgpreload_memcheck-amd64-linux.so)
==2406856==    by 0x6821E4D: malloc (rtld-malloc.h:56)
==2406856==    by 0x6821E4D: allocate_dtv_entry (dl-tls.c:684)
==2406856==    by 0x6821E4D: allocate_and_init (dl-tls.c:709)
==2406856==    by 0x6821E4D: tls_get_addr_tail (dl-tls.c:907)
==2406856==    by 0x682620B: __tls_get_addr (tls_get_addr.S:55)
==2406856==    by 0x22E1CC5E: napi_register_module_v1 (in /mnt/c/Users/guido/ghq/projects/rustdom/dist/rustdom.node)
==2406856==    by 0x8520B8: napi_module_register_by_symbol(v8::Local<v8::Object>, v8::Local<v8::Value>, v8::Local<v8::Context>, napi_value__* (*)(napi_env__*, napi_value__*), int) (in /mnt/c/Users/guido/ghq/projects/rustdom/.tools/node/bin/node)
==2406856==    by 0x85B4BC: std::_Function_handler<bool (node::binding::DLib*), node::binding::DLOpen(v8::FunctionCallbackInfo<v8::Value> const&)::{lambda(node::binding::DLib*)#1}>::_M_invoke(std::_Any_data const&, node::binding::DLib*&&) (in /mnt/c/Users/guido/ghq/projects/rustdom/.tools/node/bin/node)
==2406856==    by 0x7FBE06: node::Environment::TryLoadAddon(char const*, int, std::function<bool (node::binding::DLib*)> const&) (in /mnt/c/Users/guido/ghq/projects/rustdom/.tools/node/bin/node)
==2406856==    by 0x859224: node::binding::DLOpen(v8::FunctionCallbackInfo<v8::Value> const&) (in /mnt/c/Users/guido/ghq/projects/rustdom/.tools/node/bin/node)
==2406856==    by 0x196108C: Builtins_CallApiCallbackGeneric (in /mnt/c/Users/guido/ghq/projects/rustdom/.tools/node/bin/node)
==2406856==    by 0x195F653: Builtins_InterpreterEntryTrampoline (in /mnt/c/Users/guido/ghq/projects/rustdom/.tools/node/bin/node)
==2406856==    by 0x195F653: Builtins_InterpreterEntryTrampoline (in /mnt/c/Users/guido/ghq/projects/rustdom/.tools/node/bin/node)
==2406856==    by 0x195F653: Builtins_InterpreterEntryTrampoline (in /mnt/c/Users/guido/ghq/projects/rustdom/.tools/node/bin/node)
==2406856== 
==2406856== 392 bytes in 1 blocks are possibly lost in loss record 339 of 367
==2406856==    at 0x7057013: operator new(unsigned long) (in /mnt/c/Users/guido/ghq/projects/rustdom/.tools/valgrind/usr/libexec/valgrind/vgpreload_memcheck-amd64-linux.so)
==2406856==    by 0x8562B7: napi_create_threadsafe_function (in /mnt/c/Users/guido/ghq/projects/rustdom/.tools/node/bin/node)
==2406856==    by 0x22E1CA8B: napi_register_module_v1 (in /mnt/c/Users/guido/ghq/projects/rustdom/dist/rustdom.node)
==2406856==    by 0x8520B8: napi_module_register_by_symbol(v8::Local<v8::Object>, v8::Local<v8::Value>, v8::Local<v8::Context>, napi_value__* (*)(napi_env__*, napi_value__*), int) (in /mnt/c/Users/guido/ghq/projects/rustdom/.tools/node/bin/node)
==2406856==    by 0x85B4BC: std::_Function_handler<bool (node::binding::DLib*), node::binding::DLOpen(v8::FunctionCallbackInfo<v8::Value> const&)::{lambda(node::binding::DLib*)#1}>::_M_invoke(std::_Any_data const&, node::binding::DLib*&&) (in /mnt/c/Users/guido/ghq/projects/rustdom/.tools/node/bin/node)
==2406856==    by 0x7FBE06: node::Environment::TryLoadAddon(char const*, int, std::function<bool (node::binding::DLib*)> const&) (in /mnt/c/Users/guido/ghq/projects/rustdom/.tools/node/bin/node)
==2406856==    by 0x859224: node::binding::DLOpen(v8::FunctionCallbackInfo<v8::Value> const&) (in /mnt/c/Users/guido/ghq/projects/rustdom/.tools/node/bin/node)
==2406856==    by 0x196108C: Builtins_CallApiCallbackGeneric (in /mnt/c/Users/guido/ghq/projects/rustdom/.tools/node/bin/node)
==2406856==    by 0x195F653: Builtins_InterpreterEntryTrampoline (in /mnt/c/Users/guido/ghq/projects/rustdom/.tools/node/bin/node)
==2406856==    by 0x195F653: Builtins_InterpreterEntryTrampoline (in /mnt/c/Users/guido/ghq/projects/rustdom/.tools/node/bin/node)
==2406856==    by 0x195F653: Builtins_InterpreterEntryTrampoline (in /mnt/c/Users/guido/ghq/projects/rustdom/.tools/node/bin/node)
==2406856==    by 0x195F653: Builtins_InterpreterEntryTrampoline (in /mnt/c/Users/guido/ghq/projects/rustdom/.tools/node/bin/node)
==2406856== 
==2406856== 416 bytes in 1 blocks are possibly lost in loss record 340 of 367
==2406856==    at 0x7056899: malloc (in /mnt/c/Users/guido/ghq/projects/rustdom/.tools/valgrind/usr/libexec/valgrind/vgpreload_memcheck-amd64-linux.so)
==2406856==    by 0x22E11D6C: _RNvMs5_NtCs6i54tJFfzR_5alloc7raw_vecNtB5_11RawVecInner11finish_growCsbKcx7MMum66_4napi (in /mnt/c/Users/guido/ghq/projects/rustdom/dist/rustdom.node)
==2406856==    by 0x22E0F58C: _RINvNvMs2_NtCs6i54tJFfzR_5alloc7raw_vecINtB8_11RawVecInnerpE7reserve21do_reserve_and_handleNtNtBa_5alloc6GlobalECsbKcx7MMum66_4napi (in /mnt/c/Users/guido/ghq/projects/rustdom/dist/rustdom.node)
==2406856==    by 0x22E14AA2: _RNvNtNtCsbKcx7MMum66_4napi15bindgen_runtime15module_register14register_class (in /mnt/c/Users/guido/ghq/projects/rustdom/dist/rustdom.node)
==2406856==    by 0x22DC45BB: _RNvNvNvNvNtNtNtCsdulfWib0rSm_7rustdom3dom18token_list_binding36___napi_impl_helper_NativeTokenSet_1240___napi_register__NativeTokenSet_impl_2101__18___CTOR_PRIVATE_REF14___ctor_private (in /mnt/c/Users/guido/ghq/projects/rustdom/dist/rustdom.node)
==2406856==    by 0x681447D: call_init.part.0 (dl-init.c:70)
==2406856==    by 0x6814567: call_init (dl-init.c:33)
==2406856==    by 0x6814567: _dl_init (dl-init.c:117)
==2406856==    by 0x7522BB4: _dl_catch_exception (dl-error-skeleton.c:182)
==2406856==    by 0x681BFF5: dl_open_worker (dl-open.c:808)
==2406856==    by 0x681BFF5: dl_open_worker (dl-open.c:771)
==2406856==    by 0x7522B57: _dl_catch_exception (dl-error-skeleton.c:208)
==2406856==    by 0x681C34D: _dl_open (dl-open.c:883)
==2406856==    by 0x743E5FB: dlopen_doit (dlopen.c:56)
==2406856== 
==2406856== 416 bytes in 1 blocks are possibly lost in loss record 341 of 367
==2406856==    at 0x7056899: malloc (in /mnt/c/Users/guido/ghq/projects/rustdom/.tools/valgrind/usr/libexec/valgrind/vgpreload_memcheck-amd64-linux.so)
==2406856==    by 0x22E11D6C: _RNvMs5_NtCs6i54tJFfzR_5alloc7raw_vecNtB5_11RawVecInner11finish_growCsbKcx7MMum66_4napi (in /mnt/c/Users/guido/ghq/projects/rustdom/dist/rustdom.node)
==2406856==    by 0x22E0F58C: _RINvNvMs2_NtCs6i54tJFfzR_5alloc7raw_vecINtB8_11RawVecInnerpE7reserve21do_reserve_and_handleNtNtBa_5alloc6GlobalECsbKcx7MMum66_4napi (in /mnt/c/Users/guido/ghq/projects/rustdom/dist/rustdom.node)
==2406856==    by 0x22E14AA2: _RNvNtNtCsbKcx7MMum66_4napi15bindgen_runtime15module_register14register_class (in /mnt/c/Users/guido/ghq/projects/rustdom/dist/rustdom.node)
==2406856==    by 0x22DC4C97: _RNvNvNvNvNtNtNtCsdulfWib0rSm_7rustdom3dom18token_list_binding37___napi_impl_helper_NativeTokenList_1141___napi_register__NativeTokenList_impl_2051__18___CTOR_PRIVATE_REF14___ctor_private (in /mnt/c/Users/guido/ghq/projects/rustdom/dist/rustdom.node)
==2406856==    by 0x681447D: call_init.part.0 (dl-init.c:70)
==2406856==    by 0x6814567: call_init (dl-init.c:33)
==2406856==    by 0x6814567: _dl_init (dl-init.c:117)
==2406856==    by 0x7522BB4: _dl_catch_exception (dl-error-skeleton.c:182)
==2406856==    by 0x681BFF5: dl_open_worker (dl-open.c:808)
==2406856==    by 0x681BFF5: dl_open_worker (dl-open.c:771)
==2406856==    by 0x7522B57: _dl_catch_exception (dl-error-skeleton.c:208)
==2406856==    by 0x681C34D: _dl_open (dl-open.c:883)
==2406856==    by 0x743E5FB: dlopen_doit (dlopen.c:56)
==2406856== 
==2406856== 416 bytes in 1 blocks are possibly lost in loss record 342 of 367
==2406856==    at 0x7056899: malloc (in /mnt/c/Users/guido/ghq/projects/rustdom/.tools/valgrind/usr/libexec/valgrind/vgpreload_memcheck-amd64-linux.so)
==2406856==    by 0x22E11D6C: _RNvMs5_NtCs6i54tJFfzR_5alloc7raw_vecNtB5_11RawVecInner11finish_growCsbKcx7MMum66_4napi (in /mnt/c/Users/guido/ghq/projects/rustdom/dist/rustdom.node)
==2406856==    by 0x22E0F58C: _RINvNvMs2_NtCs6i54tJFfzR_5alloc7raw_vecINtB8_11RawVecInnerpE7reserve21do_reserve_and_handleNtNtBa_5alloc6GlobalECsbKcx7MMum66_4napi (in /mnt/c/Users/guido/ghq/projects/rustdom/dist/rustdom.node)
==2406856==    by 0x22E14AA2: _RNvNtNtCsbKcx7MMum66_4napi15bindgen_runtime15module_register14register_class (in /mnt/c/Users/guido/ghq/projects/rustdom/dist/rustdom.node)
==2406856==    by 0x22DCA47F: _RNvNvNvNvNtNtNtCsdulfWib0rSm_7rustdom3dom19range_clone_binding37___napi_impl_helper_NativeRangeClone_742___napi_register__NativeRangeClone_impl_1451__18___CTOR_PRIVATE_REF14___ctor_private (in /mnt/c/Users/guido/ghq/projects/rustdom/dist/rustdom.node)
==2406856==    by 0x681447D: call_init.part.0 (dl-init.c:70)
==2406856==    by 0x6814567: call_init (dl-init.c:33)
==2406856==    by 0x6814567: _dl_init (dl-init.c:117)
==2406856==    by 0x7522BB4: _dl_catch_exception (dl-error-skeleton.c:182)
==2406856==    by 0x681BFF5: dl_open_worker (dl-open.c:808)
==2406856==    by 0x681BFF5: dl_open_worker (dl-open.c:771)
==2406856==    by 0x7522B57: _dl_catch_exception (dl-error-skeleton.c:208)
==2406856==    by 0x681C34D: _dl_open (dl-open.c:883)
==2406856==    by 0x743E5FB: dlopen_doit (dlopen.c:56)
==2406856== 
==2406856== 416 bytes in 1 blocks are possibly lost in loss record 343 of 367
==2406856==    at 0x7056899: malloc (in /mnt/c/Users/guido/ghq/projects/rustdom/.tools/valgrind/usr/libexec/valgrind/vgpreload_memcheck-amd64-linux.so)
==2406856==    by 0x22E11D6C: _RNvMs5_NtCs6i54tJFfzR_5alloc7raw_vecNtB5_11RawVecInner11finish_growCsbKcx7MMum66_4napi (in /mnt/c/Users/guido/ghq/projects/rustdom/dist/rustdom.node)
==2406856==    by 0x22E0F58C: _RINvNvMs2_NtCs6i54tJFfzR_5alloc7raw_vecINtB8_11RawVecInnerpE7reserve21do_reserve_and_handleNtNtBa_5alloc6GlobalECsbKcx7MMum66_4napi (in /mnt/c/Users/guido/ghq/projects/rustdom/dist/rustdom.node)
==2406856==    by 0x22E14AA2: _RNvNtNtCsbKcx7MMum66_4napi15bindgen_runtime15module_register14register_class (in /mnt/c/Users/guido/ghq/projects/rustdom/dist/rustdom.node)
==2406856==    by 0x22DCE0AA: _RNvNvNvNvNtNtNtCsdulfWib0rSm_7rustdom3dom19tree_cursor_binding46___napi_impl_helper_NativeTraversalOperation_1650___napi_register__NativeTraversalOperation_impl_4031__18___CTOR_PRIVATE_REF14___ctor_private (in /mnt/c/Users/guido/ghq/projects/rustdom/dist/rustdom.node)
==2406856==    by 0x681447D: call_init.part.0 (dl-init.c:70)
==2406856==    by 0x6814567: call_init (dl-init.c:33)
==2406856==    by 0x6814567: _dl_init (dl-init.c:117)
==2406856==    by 0x7522BB4: _dl_catch_exception (dl-error-skeleton.c:182)
==2406856==    by 0x681BFF5: dl_open_worker (dl-open.c:808)
==2406856==    by 0x681BFF5: dl_open_worker (dl-open.c:771)
==2406856==    by 0x7522B57: _dl_catch_exception (dl-error-skeleton.c:208)
==2406856==    by 0x681C34D: _dl_open (dl-open.c:883)
==2406856==    by 0x743E5FB: dlopen_doit (dlopen.c:56)
==2406856== 
==2406856== 416 bytes in 1 blocks are possibly lost in loss record 344 of 367
==2406856==    at 0x7056899: malloc (in /mnt/c/Users/guido/ghq/projects/rustdom/.tools/valgrind/usr/libexec/valgrind/vgpreload_memcheck-amd64-linux.so)
==2406856==    by 0x22E11D6C: _RNvMs5_NtCs6i54tJFfzR_5alloc7raw_vecNtB5_11RawVecInner11finish_growCsbKcx7MMum66_4napi (in /mnt/c/Users/guido/ghq/projects/rustdom/dist/rustdom.node)
==2406856==    by 0x22E0F58C: _RINvNvMs2_NtCs6i54tJFfzR_5alloc7raw_vecINtB8_11RawVecInnerpE7reserve21do_reserve_and_handleNtNtBa_5alloc6GlobalECsbKcx7MMum66_4napi (in /mnt/c/Users/guido/ghq/projects/rustdom/dist/rustdom.node)
==2406856==    by 0x22E14AA2: _RNvNtNtCsbKcx7MMum66_4napi15bindgen_runtime15module_register14register_class (in /mnt/c/Users/guido/ghq/projects/rustdom/dist/rustdom.node)
==2406856==    by 0x22DCFCFA: _RNvNvNvNvNtNtNtCsdulfWib0rSm_7rustdom3dom19web_storage_binding44___napi_impl_helper_NativeStorageKeyCursor_1848___napi_register__NativeStorageKeyCursor_impl_4231__18___CTOR_PRIVATE_REF14___ctor_private (in /mnt/c/Users/guido/ghq/projects/rustdom/dist/rustdom.node)
==2406856==    by 0x681447D: call_init.part.0 (dl-init.c:70)
==2406856==    by 0x6814567: call_init (dl-init.c:33)
==2406856==    by 0x6814567: _dl_init (dl-init.c:117)
==2406856==    by 0x7522BB4: _dl_catch_exception (dl-error-skeleton.c:182)
==2406856==    by 0x681BFF5: dl_open_worker (dl-open.c:808)
==2406856==    by 0x681BFF5: dl_open_worker (dl-open.c:771)
==2406856==    by 0x7522B57: _dl_catch_exception (dl-error-skeleton.c:208)
==2406856==    by 0x681C34D: _dl_open (dl-open.c:883)
==2406856==    by 0x743E5FB: dlopen_doit (dlopen.c:56)
==2406856== 
==2406856== 416 bytes in 1 blocks are possibly lost in loss record 345 of 367
==2406856==    at 0x7056899: malloc (in /mnt/c/Users/guido/ghq/projects/rustdom/.tools/valgrind/usr/libexec/valgrind/vgpreload_memcheck-amd64-linux.so)
==2406856==    by 0x22E11D6C: _RNvMs5_NtCs6i54tJFfzR_5alloc7raw_vecNtB5_11RawVecInner11finish_growCsbKcx7MMum66_4napi (in /mnt/c/Users/guido/ghq/projects/rustdom/dist/rustdom.node)
==2406856==    by 0x22E0F58C: _RINvNvMs2_NtCs6i54tJFfzR_5alloc7raw_vecINtB8_11RawVecInnerpE7reserve21do_reserve_and_handleNtNtBa_5alloc6GlobalECsbKcx7MMum66_4napi (in /mnt/c/Users/guido/ghq/projects/rustdom/dist/rustdom.node)
==2406856==    by 0x22E14AA2: _RNvNtNtCsbKcx7MMum66_4napi15bindgen_runtime15module_register14register_class (in /mnt/c/Users/guido/ghq/projects/rustdom/dist/rustdom.node)
==2406856==    by 0x22DD040F: _RNvNvNvNvNtNtNtCsdulfWib0rSm_7rustdom3dom21range_extract_binding39___napi_impl_helper_NativeRangeExtract_844___napi_register__NativeRangeExtract_impl_1531__18___CTOR_PRIVATE_REF14___ctor_private (in /mnt/c/Users/guido/ghq/projects/rustdom/dist/rustdom.node)
==2406856==    by 0x681447D: call_init.part.0 (dl-init.c:70)
==2406856==    by 0x6814567: call_init (dl-init.c:33)
==2406856==    by 0x6814567: _dl_init (dl-init.c:117)
==2406856==    by 0x7522BB4: _dl_catch_exception (dl-error-skeleton.c:182)
==2406856==    by 0x681BFF5: dl_open_worker (dl-open.c:808)
==2406856==    by 0x681BFF5: dl_open_worker (dl-open.c:771)
==2406856==    by 0x7522B57: _dl_catch_exception (dl-error-skeleton.c:208)
==2406856==    by 0x681C34D: _dl_open (dl-open.c:883)
==2406856==    by 0x743E5FB: dlopen_doit (dlopen.c:56)
==2406856== 
==2406856== 416 bytes in 1 blocks are possibly lost in loss record 346 of 367
==2406856==    at 0x7056899: malloc (in /mnt/c/Users/guido/ghq/projects/rustdom/.tools/valgrind/usr/libexec/valgrind/vgpreload_memcheck-amd64-linux.so)
==2406856==    by 0x22E11D6C: _RNvMs5_NtCs6i54tJFfzR_5alloc7raw_vecNtB5_11RawVecInner11finish_growCsbKcx7MMum66_4napi (in /mnt/c/Users/guido/ghq/projects/rustdom/dist/rustdom.node)
==2406856==    by 0x22E0F58C: _RINvNvMs2_NtCs6i54tJFfzR_5alloc7raw_vecINtB8_11RawVecInnerpE7reserve21do_reserve_and_handleNtNtBa_5alloc6GlobalECsbKcx7MMum66_4napi (in /mnt/c/Users/guido/ghq/projects/rustdom/dist/rustdom.node)
==2406856==    by 0x22E14AA2: _RNvNtNtCsbKcx7MMum66_4napi15bindgen_runtime15module_register14register_class (in /mnt/c/Users/guido/ghq/projects/rustdom/dist/rustdom.node)
==2406856==    by 0x22DD3A4F: _RNvNvNvNvNtNtNtCsdulfWib0rSm_7rustdom3dom23slot_assignment_binding48___napi_impl_helper_NativeSlotAssignmentDriver_1052___napi_register__NativeSlotAssignmentDriver_impl_1911__18___CTOR_PRIVATE_REF14___ctor_private (in /mnt/c/Users/guido/ghq/projects/rustdom/dist/rustdom.node)
==2406856==    by 0x681447D: call_init.part.0 (dl-init.c:70)
==2406856==    by 0x6814567: call_init (dl-init.c:33)
==2406856==    by 0x6814567: _dl_init (dl-init.c:117)
==2406856==    by 0x7522BB4: _dl_catch_exception (dl-error-skeleton.c:182)
==2406856==    by 0x681BFF5: dl_open_worker (dl-open.c:808)
==2406856==    by 0x681BFF5: dl_open_worker (dl-open.c:771)
==2406856==    by 0x7522B57: _dl_catch_exception (dl-error-skeleton.c:208)
==2406856==    by 0x681C34D: _dl_open (dl-open.c:883)
==2406856==    by 0x743E5FB: dlopen_doit (dlopen.c:56)
==2406856== 
==2406856== 432 bytes in 1 blocks are still reachable in loss record 347 of 367
==2406856==    at 0x705BA83: calloc (in /mnt/c/Users/guido/ghq/projects/rustdom/.tools/valgrind/usr/libexec/valgrind/vgpreload_memcheck-amd64-linux.so)
==2406856==    by 0x68242DC: calloc (rtld-malloc.h:44)
==2406856==    by 0x68242DC: _dl_check_map_versions (dl-version.c:273)
==2406856==    by 0x681CD13: dl_open_worker_begin (dl-open.c:600)
==2406856==    by 0x7522B57: _dl_catch_exception (dl-error-skeleton.c:208)
==2406856==    by 0x681BF99: dl_open_worker (dl-open.c:782)
==2406856==    by 0x7522B57: _dl_catch_exception (dl-error-skeleton.c:208)
==2406856==    by 0x681C34D: _dl_open (dl-open.c:883)
==2406856==    by 0x743E5FB: dlopen_doit (dlopen.c:56)
==2406856==    by 0x7522B57: _dl_catch_exception (dl-error-skeleton.c:208)
==2406856==    by 0x7522C22: _dl_catch_error (dl-error-skeleton.c:227)
==2406856==    by 0x743E0ED: _dlerror_run (dlerror.c:138)
==2406856==    by 0x743E687: dlopen_implementation (dlopen.c:71)
==2406856==    by 0x743E687: dlopen@@GLIBC_2.34 (dlopen.c:81)
==2406856== 
==2406856== 448 bytes in 1 blocks are still reachable in loss record 348 of 367
==2406856==    at 0x705BA83: calloc (in /mnt/c/Users/guido/ghq/projects/rustdom/.tools/valgrind/usr/libexec/valgrind/vgpreload_memcheck-amd64-linux.so)
==2406856==    by 0x193F014: uv_loop_init (loop.c:39)
==2406856==    by 0x19363C9: uv_default_loop (uv-common.c:849)
==2406856==    by 0x19363C9: uv_default_loop (uv-common.c:845)
==2406856==    by 0x84CBF6: node::Start(int, char**) (in /mnt/c/Users/guido/ghq/projects/rustdom/.tools/node/bin/node)
==2406856==    by 0x73D7D8F: (below main) (libc_start_call_main.h:58)
==2406856== 
==2406856== 504 bytes in 1 blocks are still reachable in loss record 349 of 367
==2406856==    at 0x7057013: operator new(unsigned long) (in /mnt/c/Users/guido/ghq/projects/rustdom/.tools/valgrind/usr/libexec/valgrind/vgpreload_memcheck-amd64-linux.so)
==2406856==    by 0x956380: node::NodePlatform::RegisterIsolate(v8::Isolate*, uv_loop_s*) (in /mnt/c/Users/guido/ghq/projects/rustdom/.tools/node/bin/node)
==2406856==    by 0x78D5C8: node::NewIsolate(v8::Isolate::CreateParams*, uv_loop_s*, node::MultiIsolatePlatform*, node::SnapshotData const*, node::IsolateSettings const&) (in /mnt/c/Users/guido/ghq/projects/rustdom/.tools/node/bin/node)
==2406856==    by 0x90ED28: node::NodeMainInstance::NodeMainInstance(node::SnapshotData const*, uv_loop_s*, node::MultiIsolatePlatform*, std::vector<std::__cxx11::basic_string<char, std::char_traits<char>, std::allocator<char> >, std::allocator<std::__cxx11::basic_string<char, std::char_traits<char>, std::allocator<char> > > > const&, std::vector<std::__cxx11::basic_string<char, std::char_traits<char>, std::allocator<char> >, std::allocator<std::__cxx11::basic_string<char, std::char_traits<char>, std::allocator<char> > > > const&) (in /mnt/c/Users/guido/ghq/projects/rustdom/.tools/node/bin/node)
==2406856==    by 0x84CE55: node::Start(int, char**) (in /mnt/c/Users/guido/ghq/projects/rustdom/.tools/node/bin/node)
==2406856==    by 0x73D7D8F: (below main) (libc_start_call_main.h:58)
==2406856== 
==2406856== 512 bytes in 1 blocks are possibly lost in loss record 350 of 367
==2406856==    at 0x7057013: operator new(unsigned long) (in /mnt/c/Users/guido/ghq/projects/rustdom/.tools/valgrind/usr/libexec/valgrind/vgpreload_memcheck-amd64-linux.so)
==2406856==    by 0x858135: std::_Deque_base<void*, std::allocator<void*> >::_M_initialize_map(unsigned long) (in /mnt/c/Users/guido/ghq/projects/rustdom/.tools/node/bin/node)
==2406856==    by 0x8567DB: node::Environment::CloseHandle<uv_handle_s, v8impl::(anonymous namespace)::ThreadSafeFunction::CloseHandlesAndMaybeDelete(bool)::{lambda(uv_handle_s*)#1}>(uv_handle_s*, v8impl::(anonymous namespace)::ThreadSafeFunction::CloseHandlesAndMaybeDelete(bool)::{lambda(uv_handle_s*)#1})::{lambda(uv_handle_s*)#1}::_FUN(uv_handle_s*) (in /mnt/c/Users/guido/ghq/projects/rustdom/.tools/node/bin/node)
==2406856==    by 0x193776D: uv__finish_close (core.c:363)
==2406856==    by 0x193776D: uv__run_closing_handles (core.c:377)
==2406856==    by 0x193776D: uv_run (core.c:475)
==2406856==    by 0x7FDC47: node::Environment::CleanupHandles() (in /mnt/c/Users/guido/ghq/projects/rustdom/.tools/node/bin/node)
==2406856==    by 0x7FDD3C: node::Environment::RunCleanup() (in /mnt/c/Users/guido/ghq/projects/rustdom/.tools/node/bin/node)
==2406856==    by 0x790D28: node::FreeEnvironment(node::Environment*) (in /mnt/c/Users/guido/ghq/projects/rustdom/.tools/node/bin/node)
==2406856==    by 0x90F442: node::NodeMainInstance::Run() (in /mnt/c/Users/guido/ghq/projects/rustdom/.tools/node/bin/node)
==2406856==    by 0x84CE61: node::Start(int, char**) (in /mnt/c/Users/guido/ghq/projects/rustdom/.tools/node/bin/node)
==2406856==    by 0x73D7D8F: (below main) (libc_start_call_main.h:58)
==2406856== 
==2406856== 520 bytes in 1 blocks are possibly lost in loss record 351 of 367
==2406856==    at 0x7056899: malloc (in /mnt/c/Users/guido/ghq/projects/rustdom/.tools/valgrind/usr/libexec/valgrind/vgpreload_memcheck-amd64-linux.so)
==2406856==    by 0x22E11D6C: _RNvMs5_NtCs6i54tJFfzR_5alloc7raw_vecNtB5_11RawVecInner11finish_growCsbKcx7MMum66_4napi (in /mnt/c/Users/guido/ghq/projects/rustdom/dist/rustdom.node)
==2406856==    by 0x22E0F58C: _RINvNvMs2_NtCs6i54tJFfzR_5alloc7raw_vecINtB8_11RawVecInnerpE7reserve21do_reserve_and_handleNtNtBa_5alloc6GlobalECsbKcx7MMum66_4napi (in /mnt/c/Users/guido/ghq/projects/rustdom/dist/rustdom.node)
==2406856==    by 0x22E14AA2: _RNvNtNtCsbKcx7MMum66_4napi15bindgen_runtime15module_register14register_class (in /mnt/c/Users/guido/ghq/projects/rustdom/dist/rustdom.node)
==2406856==    by 0x22DCDBFF: _RNvNvNvNvNtNtNtCsdulfWib0rSm_7rustdom3dom19tree_cursor_binding37___napi_impl_helper_NativeTraversal_1541___napi_register__NativeTraversal_impl_4011__18___CTOR_PRIVATE_REF14___ctor_private (in /mnt/c/Users/guido/ghq/projects/rustdom/dist/rustdom.node)
==2406856==    by 0x681447D: call_init.part.0 (dl-init.c:70)
==2406856==    by 0x6814567: call_init (dl-init.c:33)
==2406856==    by 0x6814567: _dl_init (dl-init.c:117)
==2406856==    by 0x7522BB4: _dl_catch_exception (dl-error-skeleton.c:182)
==2406856==    by 0x681BFF5: dl_open_worker (dl-open.c:808)
==2406856==    by 0x681BFF5: dl_open_worker (dl-open.c:771)
==2406856==    by 0x7522B57: _dl_catch_exception (dl-error-skeleton.c:208)
==2406856==    by 0x681C34D: _dl_open (dl-open.c:883)
==2406856==    by 0x743E5FB: dlopen_doit (dlopen.c:56)
==2406856== 
==2406856== 624 bytes in 1 blocks are possibly lost in loss record 352 of 367
==2406856==    at 0x7056899: malloc (in /mnt/c/Users/guido/ghq/projects/rustdom/.tools/valgrind/usr/libexec/valgrind/vgpreload_memcheck-amd64-linux.so)
==2406856==    by 0x22E11D6C: _RNvMs5_NtCs6i54tJFfzR_5alloc7raw_vecNtB5_11RawVecInner11finish_growCsbKcx7MMum66_4napi (in /mnt/c/Users/guido/ghq/projects/rustdom/dist/rustdom.node)
==2406856==    by 0x22E0F58C: _RINvNvMs2_NtCs6i54tJFfzR_5alloc7raw_vecINtB8_11RawVecInnerpE7reserve21do_reserve_and_handleNtNtBa_5alloc6GlobalECsbKcx7MMum66_4napi (in /mnt/c/Users/guido/ghq/projects/rustdom/dist/rustdom.node)
==2406856==    by 0x22E14AA2: _RNvNtNtCsbKcx7MMum66_4napi15bindgen_runtime15module_register14register_class (in /mnt/c/Users/guido/ghq/projects/rustdom/dist/rustdom.node)
==2406856==    by 0x22DC240C: _RNvNvNvNvNtNtNtCsdulfWib0rSm_7rustdom3dom12blob_binding39___napi_impl_helper_NativeBlobMetadata_143___napi_register__NativeBlobMetadata_impl_281__18___CTOR_PRIVATE_REF14___ctor_private (in /mnt/c/Users/guido/ghq/projects/rustdom/dist/rustdom.node)
==2406856==    by 0x681447D: call_init.part.0 (dl-init.c:70)
==2406856==    by 0x6814567: call_init (dl-init.c:33)
==2406856==    by 0x6814567: _dl_init (dl-init.c:117)
==2406856==    by 0x7522BB4: _dl_catch_exception (dl-error-skeleton.c:182)
==2406856==    by 0x681BFF5: dl_open_worker (dl-open.c:808)
==2406856==    by 0x681BFF5: dl_open_worker (dl-open.c:771)
==2406856==    by 0x7522B57: _dl_catch_exception (dl-error-skeleton.c:208)
==2406856==    by 0x681C34D: _dl_open (dl-open.c:883)
==2406856==    by 0x743E5FB: dlopen_doit (dlopen.c:56)
==2406856== 
==2406856== 624 bytes in 1 blocks are possibly lost in loss record 353 of 367
==2406856==    at 0x7056899: malloc (in /mnt/c/Users/guido/ghq/projects/rustdom/.tools/valgrind/usr/libexec/valgrind/vgpreload_memcheck-amd64-linux.so)
==2406856==    by 0x22E11D6C: _RNvMs5_NtCs6i54tJFfzR_5alloc7raw_vecNtB5_11RawVecInner11finish_growCsbKcx7MMum66_4napi (in /mnt/c/Users/guido/ghq/projects/rustdom/dist/rustdom.node)
==2406856==    by 0x22E0F58C: _RINvNvMs2_NtCs6i54tJFfzR_5alloc7raw_vecINtB8_11RawVecInnerpE7reserve21do_reserve_and_handleNtNtBa_5alloc6GlobalECsbKcx7MMum66_4napi (in /mnt/c/Users/guido/ghq/projects/rustdom/dist/rustdom.node)
==2406856==    by 0x22E14AA2: _RNvNtNtCsbKcx7MMum66_4napi15bindgen_runtime15module_register14register_class (in /mnt/c/Users/guido/ghq/projects/rustdom/dist/rustdom.node)
==2406856==    by 0x22DD4632: _RNvNvNvNvNtNtNtCsdulfWib0rSm_7rustdom3dom25observer_delivery_binding43___napi_impl_helper_NativeObserverDelivery_648___napi_register__NativeObserverDelivery_impl_1321__18___CTOR_PRIVATE_REF14___ctor_private (in /mnt/c/Users/guido/ghq/projects/rustdom/dist/rustdom.node)
==2406856==    by 0x681447D: call_init.part.0 (dl-init.c:70)
==2406856==    by 0x6814567: call_init (dl-init.c:33)
==2406856==    by 0x6814567: _dl_init (dl-init.c:117)
==2406856==    by 0x7522BB4: _dl_catch_exception (dl-error-skeleton.c:182)
==2406856==    by 0x681BFF5: dl_open_worker (dl-open.c:808)
==2406856==    by 0x681BFF5: dl_open_worker (dl-open.c:771)
==2406856==    by 0x7522B57: _dl_catch_exception (dl-error-skeleton.c:208)
==2406856==    by 0x681C34D: _dl_open (dl-open.c:883)
==2406856==    by 0x743E5FB: dlopen_doit (dlopen.c:56)
==2406856== 
==2406856== 832 bytes in 1 blocks are possibly lost in loss record 354 of 367
==2406856==    at 0x7056899: malloc (in /mnt/c/Users/guido/ghq/projects/rustdom/.tools/valgrind/usr/libexec/valgrind/vgpreload_memcheck-amd64-linux.so)
==2406856==    by 0x22E11D6C: _RNvMs5_NtCs6i54tJFfzR_5alloc7raw_vecNtB5_11RawVecInner11finish_growCsbKcx7MMum66_4napi (in /mnt/c/Users/guido/ghq/projects/rustdom/dist/rustdom.node)
==2406856==    by 0x22E0F58C: _RINvNvMs2_NtCs6i54tJFfzR_5alloc7raw_vecINtB8_11RawVecInnerpE7reserve21do_reserve_and_handleNtNtBa_5alloc6GlobalECsbKcx7MMum66_4napi (in /mnt/c/Users/guido/ghq/projects/rustdom/dist/rustdom.node)
==2406856==    by 0x22E14AA2: _RNvNtNtCsbKcx7MMum66_4napi15bindgen_runtime15module_register14register_class (in /mnt/c/Users/guido/ghq/projects/rustdom/dist/rustdom.node)
==2406856==    by 0x22DD7B46: _RNvNvNvNvNtNtNtCsdulfWib0rSm_7rustdom3xml7binding37___napi_impl_helper_NativeXmlParser_1941___napi_register__NativeXmlParser_impl_4381__18___CTOR_PRIVATE_REF14___ctor_private (in /mnt/c/Users/guido/ghq/projects/rustdom/dist/rustdom.node)
==2406856==    by 0x681447D: call_init.part.0 (dl-init.c:70)
==2406856==    by 0x6814567: call_init (dl-init.c:33)
==2406856==    by 0x6814567: _dl_init (dl-init.c:117)
==2406856==    by 0x7522BB4: _dl_catch_exception (dl-error-skeleton.c:182)
==2406856==    by 0x681BFF5: dl_open_worker (dl-open.c:808)
==2406856==    by 0x681BFF5: dl_open_worker (dl-open.c:771)
==2406856==    by 0x7522B57: _dl_catch_exception (dl-error-skeleton.c:208)
==2406856==    by 0x681C34D: _dl_open (dl-open.c:883)
==2406856==    by 0x743E5FB: dlopen_doit (dlopen.c:56)
==2406856== 
==2406856== 1,040 bytes in 1 blocks are possibly lost in loss record 355 of 367
==2406856==    at 0x7056899: malloc (in /mnt/c/Users/guido/ghq/projects/rustdom/.tools/valgrind/usr/libexec/valgrind/vgpreload_memcheck-amd64-linux.so)
==2406856==    by 0x22E11D6C: _RNvMs5_NtCs6i54tJFfzR_5alloc7raw_vecNtB5_11RawVecInner11finish_growCsbKcx7MMum66_4napi (in /mnt/c/Users/guido/ghq/projects/rustdom/dist/rustdom.node)
==2406856==    by 0x22E0F58C: _RINvNvMs2_NtCs6i54tJFfzR_5alloc7raw_vecINtB8_11RawVecInnerpE7reserve21do_reserve_and_handleNtNtBa_5alloc6GlobalECsbKcx7MMum66_4napi (in /mnt/c/Users/guido/ghq/projects/rustdom/dist/rustdom.node)
==2406856==    by 0x22E14AA2: _RNvNtNtCsbKcx7MMum66_4napi15bindgen_runtime15module_register14register_class (in /mnt/c/Users/guido/ghq/projects/rustdom/dist/rustdom.node)
==2406856==    by 0x22DD164D: _RNvNvNvNvNtNtNtCsdulfWib0rSm_7rustdom3dom23event_listeners_binding43___napi_impl_helper_NativeListenerRegistry_347___napi_register__NativeListenerRegistry_impl_661__18___CTOR_PRIVATE_REF14___ctor_private (in /mnt/c/Users/guido/ghq/projects/rustdom/dist/rustdom.node)
==2406856==    by 0x681447D: call_init.part.0 (dl-init.c:70)
==2406856==    by 0x6814567: call_init (dl-init.c:33)
==2406856==    by 0x6814567: _dl_init (dl-init.c:117)
==2406856==    by 0x7522BB4: _dl_catch_exception (dl-error-skeleton.c:182)
==2406856==    by 0x681BFF5: dl_open_worker (dl-open.c:808)
==2406856==    by 0x681BFF5: dl_open_worker (dl-open.c:771)
==2406856==    by 0x7522B57: _dl_catch_exception (dl-error-skeleton.c:208)
==2406856==    by 0x681C34D: _dl_open (dl-open.c:883)
==2406856==    by 0x743E5FB: dlopen_doit (dlopen.c:56)
==2406856== 
==2406856== 1,144 bytes in 1 blocks are possibly lost in loss record 356 of 367
==2406856==    at 0x7056899: malloc (in /mnt/c/Users/guido/ghq/projects/rustdom/.tools/valgrind/usr/libexec/valgrind/vgpreload_memcheck-amd64-linux.so)
==2406856==    by 0x22E11D6C: _RNvMs5_NtCs6i54tJFfzR_5alloc7raw_vecNtB5_11RawVecInner11finish_growCsbKcx7MMum66_4napi (in /mnt/c/Users/guido/ghq/projects/rustdom/dist/rustdom.node)
==2406856==    by 0x22E0F58C: _RINvNvMs2_NtCs6i54tJFfzR_5alloc7raw_vecINtB8_11RawVecInnerpE7reserve21do_reserve_and_handleNtNtBa_5alloc6GlobalECsbKcx7MMum66_4napi (in /mnt/c/Users/guido/ghq/projects/rustdom/dist/rustdom.node)
==2406856==    by 0x22E14AA2: _RNvNtNtCsbKcx7MMum66_4napi15bindgen_runtime15module_register14register_class (in /mnt/c/Users/guido/ghq/projects/rustdom/dist/rustdom.node)
==2406856==    by 0x22DC38AA: _RNvNvNvNvNtNtNtCsdulfWib0rSm_7rustdom3dom16dom_rect_binding34___napi_impl_helper_NativeDomRect_238___napi_register__NativeDomRect_impl_501__18___CTOR_PRIVATE_REF14___ctor_private (in /mnt/c/Users/guido/ghq/projects/rustdom/dist/rustdom.node)
==2406856==    by 0x681447D: call_init.part.0 (dl-init.c:70)
==2406856==    by 0x6814567: call_init (dl-init.c:33)
==2406856==    by 0x6814567: _dl_init (dl-init.c:117)
==2406856==    by 0x7522BB4: _dl_catch_exception (dl-error-skeleton.c:182)
==2406856==    by 0x681BFF5: dl_open_worker (dl-open.c:808)
==2406856==    by 0x681BFF5: dl_open_worker (dl-open.c:771)
==2406856==    by 0x7522B57: _dl_catch_exception (dl-error-skeleton.c:208)
==2406856==    by 0x681C34D: _dl_open (dl-open.c:883)
==2406856==    by 0x743E5FB: dlopen_doit (dlopen.c:56)
==2406856== 
==2406856== 1,144 bytes in 1 blocks are possibly lost in loss record 357 of 367
==2406856==    at 0x7056899: malloc (in /mnt/c/Users/guido/ghq/projects/rustdom/.tools/valgrind/usr/libexec/valgrind/vgpreload_memcheck-amd64-linux.so)
==2406856==    by 0x22E11D6C: _RNvMs5_NtCs6i54tJFfzR_5alloc7raw_vecNtB5_11RawVecInner11finish_growCsbKcx7MMum66_4napi (in /mnt/c/Users/guido/ghq/projects/rustdom/dist/rustdom.node)
==2406856==    by 0x22E0F58C: _RINvNvMs2_NtCs6i54tJFfzR_5alloc7raw_vecINtB8_11RawVecInnerpE7reserve21do_reserve_and_handleNtNtBa_5alloc6GlobalECsbKcx7MMum66_4napi (in /mnt/c/Users/guido/ghq/projects/rustdom/dist/rustdom.node)
==2406856==    by 0x22E14AA2: _RNvNtNtCsbKcx7MMum66_4napi15bindgen_runtime15module_register14register_class (in /mnt/c/Users/guido/ghq/projects/rustdom/dist/rustdom.node)
==2406856==    by 0x22DD2D7D: _RNvNvNvNvNtNtNtCsdulfWib0rSm_7rustdom3dom23mutation_record_binding41___napi_impl_helper_NativeMutationRecord_546___napi_register__NativeMutationRecord_impl_1191__18___CTOR_PRIVATE_REF14___ctor_private (in /mnt/c/Users/guido/ghq/projects/rustdom/dist/rustdom.node)
==2406856==    by 0x681447D: call_init.part.0 (dl-init.c:70)
==2406856==    by 0x6814567: call_init (dl-init.c:33)
==2406856==    by 0x6814567: _dl_init (dl-init.c:117)
==2406856==    by 0x7522BB4: _dl_catch_exception (dl-error-skeleton.c:182)
==2406856==    by 0x681BFF5: dl_open_worker (dl-open.c:808)
==2406856==    by 0x681BFF5: dl_open_worker (dl-open.c:771)
==2406856==    by 0x7522B57: _dl_catch_exception (dl-error-skeleton.c:208)
==2406856==    by 0x681C34D: _dl_open (dl-open.c:883)
==2406856==    by 0x743E5FB: dlopen_doit (dlopen.c:56)
==2406856== 
==2406856== 1,248 bytes in 1 blocks are possibly lost in loss record 358 of 367
==2406856==    at 0x7056899: malloc (in /mnt/c/Users/guido/ghq/projects/rustdom/.tools/valgrind/usr/libexec/valgrind/vgpreload_memcheck-amd64-linux.so)
==2406856==    by 0x22E11D6C: _RNvMs5_NtCs6i54tJFfzR_5alloc7raw_vecNtB5_11RawVecInner11finish_growCsbKcx7MMum66_4napi (in /mnt/c/Users/guido/ghq/projects/rustdom/dist/rustdom.node)
==2406856==    by 0x22E0F58C: _RINvNvMs2_NtCs6i54tJFfzR_5alloc7raw_vecINtB8_11RawVecInnerpE7reserve21do_reserve_and_handleNtNtBa_5alloc6GlobalECsbKcx7MMum66_4napi (in /mnt/c/Users/guido/ghq/projects/rustdom/dist/rustdom.node)
==2406856==    by 0x22E14AA2: _RNvNtNtCsbKcx7MMum66_4napi15bindgen_runtime15module_register14register_class (in /mnt/c/Users/guido/ghq/projects/rustdom/dist/rustdom.node)
==2406856==    by 0x22DC6140: _RNvNvNvNvNtNtNtCsdulfWib0rSm_7rustdom3dom19abort_state_binding37___napi_impl_helper_NativeAbortState_041___napi_register__NativeAbortState_impl_181__18___CTOR_PRIVATE_REF14___ctor_private (in /mnt/c/Users/guido/ghq/projects/rustdom/dist/rustdom.node)
==2406856==    by 0x681447D: call_init.part.0 (dl-init.c:70)
==2406856==    by 0x6814567: call_init (dl-init.c:33)
==2406856==    by 0x6814567: _dl_init (dl-init.c:117)
==2406856==    by 0x7522BB4: _dl_catch_exception (dl-error-skeleton.c:182)
==2406856==    by 0x681BFF5: dl_open_worker (dl-open.c:808)
==2406856==    by 0x681BFF5: dl_open_worker (dl-open.c:771)
==2406856==    by 0x7522B57: _dl_catch_exception (dl-error-skeleton.c:208)
==2406856==    by 0x681C34D: _dl_open (dl-open.c:883)
==2406856==    by 0x743E5FB: dlopen_doit (dlopen.c:56)
==2406856== 
==2406856== 1,248 bytes in 1 blocks are possibly lost in loss record 359 of 367
==2406856==    at 0x7056899: malloc (in /mnt/c/Users/guido/ghq/projects/rustdom/.tools/valgrind/usr/libexec/valgrind/vgpreload_memcheck-amd64-linux.so)
==2406856==    by 0x22E11D6C: _RNvMs5_NtCs6i54tJFfzR_5alloc7raw_vecNtB5_11RawVecInner11finish_growCsbKcx7MMum66_4napi (in /mnt/c/Users/guido/ghq/projects/rustdom/dist/rustdom.node)
==2406856==    by 0x22E0F58C: _RINvNvMs2_NtCs6i54tJFfzR_5alloc7raw_vecINtB8_11RawVecInnerpE7reserve21do_reserve_and_handleNtNtBa_5alloc6GlobalECsbKcx7MMum66_4napi (in /mnt/c/Users/guido/ghq/projects/rustdom/dist/rustdom.node)
==2406856==    by 0x22E14AA2: _RNvNtNtCsbKcx7MMum66_4napi15bindgen_runtime15module_register14register_class (in /mnt/c/Users/guido/ghq/projects/rustdom/dist/rustdom.node)
==2406856==    by 0x22DCF4C8: _RNvNvNvNvNtNtNtCsdulfWib0rSm_7rustdom3dom19web_storage_binding39___napi_impl_helper_NativeStorageArea_1743___napi_register__NativeStorageArea_impl_4201__18___CTOR_PRIVATE_REF14___ctor_private (in /mnt/c/Users/guido/ghq/projects/rustdom/dist/rustdom.node)
==2406856==    by 0x681447D: call_init.part.0 (dl-init.c:70)
==2406856==    by 0x6814567: call_init (dl-init.c:33)
==2406856==    by 0x6814567: _dl_init (dl-init.c:117)
==2406856==    by 0x7522BB4: _dl_catch_exception (dl-error-skeleton.c:182)
==2406856==    by 0x681BFF5: dl_open_worker (dl-open.c:808)
==2406856==    by 0x681BFF5: dl_open_worker (dl-open.c:771)
==2406856==    by 0x7522B57: _dl_catch_exception (dl-error-skeleton.c:208)
==2406856==    by 0x681C34D: _dl_open (dl-open.c:883)
==2406856==    by 0x743E5FB: dlopen_doit (dlopen.c:56)
==2406856== 
==2406856== 1,250 bytes in 1 blocks are still reachable in loss record 360 of 367
==2406856==    at 0x705BA83: calloc (in /mnt/c/Users/guido/ghq/projects/rustdom/.tools/valgrind/usr/libexec/valgrind/vgpreload_memcheck-amd64-linux.so)
==2406856==    by 0x681BA02: calloc (rtld-malloc.h:44)
==2406856==    by 0x681BA02: _dl_new_object (dl-object.c:92)
==2406856==    by 0x6816C82: _dl_map_object_from_fd (dl-load.c:1063)
==2406856==    by 0x6818600: _dl_map_object (dl-load.c:2327)
==2406856==    by 0x681C9A8: dl_open_worker_begin (dl-open.c:534)
==2406856==    by 0x7522B57: _dl_catch_exception (dl-error-skeleton.c:208)
==2406856==    by 0x681BF99: dl_open_worker (dl-open.c:782)
==2406856==    by 0x7522B57: _dl_catch_exception (dl-error-skeleton.c:208)
==2406856==    by 0x681C34D: _dl_open (dl-open.c:883)
==2406856==    by 0x743E5FB: dlopen_doit (dlopen.c:56)
==2406856==    by 0x7522B57: _dl_catch_exception (dl-error-skeleton.c:208)
==2406856==    by 0x7522C22: _dl_catch_error (dl-error-skeleton.c:227)
==2406856== 
==2406856== 1,584 bytes in 1 blocks are possibly lost in loss record 361 of 367
==2406856==    at 0x7056899: malloc (in /mnt/c/Users/guido/ghq/projects/rustdom/.tools/valgrind/usr/libexec/valgrind/vgpreload_memcheck-amd64-linux.so)
==2406856==    by 0x22E0E357: _RINvMsa_NtCsfBDUjroi3FF_9hashbrown3rawNtB6_13RawTableInner22fallible_with_capacityNtNtCs6i54tJFfzR_5alloc5alloc6GlobalECsbKcx7MMum66_4napi (in /mnt/c/Users/guido/ghq/projects/rustdom/dist/rustdom.node)
==2406856==    by 0x22E0D795: _RINvMs6_NtCsfBDUjroi3FF_9hashbrown3rawINtB6_8RawTableTNtNtCsgxBkk5gSRhY_4core3any6TypeIdINtNtNtNtCs9k3SxhrAWiO_3std11collections4hash3map7HashMapINtNtBU_6option6OptionReENtNtNtCsbKcx7MMum66_4napi15bindgen_runtime15module_register17ClassRegistrationNtCsip5QdaO9ESH_10rustc_hash13FxBuildHasherEEE14reserve_rehashNCINvNtB8_3map11make_hasherBQ_B1o_B3Y_E0EB2O_ (in /mnt/c/Users/guido/ghq/projects/rustdom/dist/rustdom.node)
==2406856==    by 0x22E14B6C: _RNvNtNtCsbKcx7MMum66_4napi15bindgen_runtime15module_register14register_class (in /mnt/c/Users/guido/ghq/projects/rustdom/dist/rustdom.node)
==2406856==    by 0x22DD1C70: _RNvNvNvNvNtNtNtCsdulfWib0rSm_7rustdom3dom23mutation_record_binding35___napi_helper__NativeMutationRecord48___napi_register__NativeMutationRecord_struct_1071__18___CTOR_PRIVATE_REF14___ctor_private (in /mnt/c/Users/guido/ghq/projects/rustdom/dist/rustdom.node)
==2406856==    by 0x681447D: call_init.part.0 (dl-init.c:70)
==2406856==    by 0x6814567: call_init (dl-init.c:33)
==2406856==    by 0x6814567: _dl_init (dl-init.c:117)
==2406856==    by 0x7522BB4: _dl_catch_exception (dl-error-skeleton.c:182)
==2406856==    by 0x681BFF5: dl_open_worker (dl-open.c:808)
==2406856==    by 0x681BFF5: dl_open_worker (dl-open.c:771)
==2406856==    by 0x7522B57: _dl_catch_exception (dl-error-skeleton.c:208)
==2406856==    by 0x681C34D: _dl_open (dl-open.c:883)
==2406856==    by 0x743E5FB: dlopen_doit (dlopen.c:56)
==2406856== 
==2406856== 2,184 bytes in 1 blocks are possibly lost in loss record 362 of 367
==2406856==    at 0x7056899: malloc (in /mnt/c/Users/guido/ghq/projects/rustdom/.tools/valgrind/usr/libexec/valgrind/vgpreload_memcheck-amd64-linux.so)
==2406856==    by 0x22E11D6C: _RNvMs5_NtCs6i54tJFfzR_5alloc7raw_vecNtB5_11RawVecInner11finish_growCsbKcx7MMum66_4napi (in /mnt/c/Users/guido/ghq/projects/rustdom/dist/rustdom.node)
==2406856==    by 0x22E0F58C: _RINvNvMs2_NtCs6i54tJFfzR_5alloc7raw_vecINtB8_11RawVecInnerpE7reserve21do_reserve_and_handleNtNtBa_5alloc6GlobalECsbKcx7MMum66_4napi (in /mnt/c/Users/guido/ghq/projects/rustdom/dist/rustdom.node)
==2406856==    by 0x22E14AA2: _RNvNtNtCsbKcx7MMum66_4napi15bindgen_runtime15module_register14register_class (in /mnt/c/Users/guido/ghq/projects/rustdom/dist/rustdom.node)
==2406856==    by 0x22DCC805: _RNvNvNvNvNtNtNtCsdulfWib0rSm_7rustdom3dom19range_state_binding32___napi_impl_helper_NativeRange_937___napi_register__NativeRange_impl_1821__18___CTOR_PRIVATE_REF14___ctor_private (in /mnt/c/Users/guido/ghq/projects/rustdom/dist/rustdom.node)
==2406856==    by 0x681447D: call_init.part.0 (dl-init.c:70)
==2406856==    by 0x6814567: call_init (dl-init.c:33)
==2406856==    by 0x6814567: _dl_init (dl-init.c:117)
==2406856==    by 0x7522BB4: _dl_catch_exception (dl-error-skeleton.c:182)
==2406856==    by 0x681BFF5: dl_open_worker (dl-open.c:808)
==2406856==    by 0x681BFF5: dl_open_worker (dl-open.c:771)
==2406856==    by 0x7522B57: _dl_catch_exception (dl-error-skeleton.c:208)
==2406856==    by 0x681C34D: _dl_open (dl-open.c:883)
==2406856==    by 0x743E5FB: dlopen_doit (dlopen.c:56)
==2406856== 
==2406856== 2,560 bytes in 1 blocks are still reachable in loss record 363 of 367
==2406856==    at 0x705BCD3: realloc (in /mnt/c/Users/guido/ghq/projects/rustdom/.tools/valgrind/usr/libexec/valgrind/vgpreload_memcheck-amd64-linux.so)
==2406856==    by 0x22E11D4E: _RNvMs5_NtCs6i54tJFfzR_5alloc7raw_vecNtB5_11RawVecInner11finish_growCsbKcx7MMum66_4napi (in /mnt/c/Users/guido/ghq/projects/rustdom/dist/rustdom.node)
==2406856==    by 0x22E11B09: _RNvMs4_NtCs6i54tJFfzR_5alloc7raw_vecINtB5_6RawVecTINtNtCsgxBkk5gSRhY_4core6option6OptionReETB1o_FUONtNtCsb61mMDCNxTA_8napi_sys5types10napi_env__EINtNtBR_6result6ResultONtB1B_12napi_value__NtNtCsbKcx7MMum66_4napi5error5ErrorEEEE8grow_oneB34_ (in /mnt/c/Users/guido/ghq/projects/rustdom/dist/rustdom.node)
==2406856==    by 0x22E14FD7: _RNvNtNtCsbKcx7MMum66_4napi15bindgen_runtime15module_register22register_module_export (in /mnt/c/Users/guido/ghq/projects/rustdom/dist/rustdom.node)
==2406856==    by 0x22DC198B: _RNvNvNvNvNtNtCsdulfWib0rSm_7rustdom3dom4tree40___napi_register__NodeTextWriteAction_2111__18___CTOR_PRIVATE_REF14___ctor_private (in /mnt/c/Users/guido/ghq/projects/rustdom/dist/rustdom.node)
==2406856==    by 0x681447D: call_init.part.0 (dl-init.c:70)
==2406856==    by 0x6814567: call_init (dl-init.c:33)
==2406856==    by 0x6814567: _dl_init (dl-init.c:117)
==2406856==    by 0x7522BB4: _dl_catch_exception (dl-error-skeleton.c:182)
==2406856==    by 0x681BFF5: dl_open_worker (dl-open.c:808)
==2406856==    by 0x681BFF5: dl_open_worker (dl-open.c:771)
==2406856==    by 0x7522B57: _dl_catch_exception (dl-error-skeleton.c:208)
==2406856==    by 0x681C34D: _dl_open (dl-open.c:883)
==2406856==    by 0x743E5FB: dlopen_doit (dlopen.c:56)
==2406856== 
==2406856== 2,600 bytes in 1 blocks are possibly lost in loss record 364 of 367
==2406856==    at 0x7056899: malloc (in /mnt/c/Users/guido/ghq/projects/rustdom/.tools/valgrind/usr/libexec/valgrind/vgpreload_memcheck-amd64-linux.so)
==2406856==    by 0x22E11D6C: _RNvMs5_NtCs6i54tJFfzR_5alloc7raw_vecNtB5_11RawVecInner11finish_growCsbKcx7MMum66_4napi (in /mnt/c/Users/guido/ghq/projects/rustdom/dist/rustdom.node)
==2406856==    by 0x22E0F58C: _RINvNvMs2_NtCs6i54tJFfzR_5alloc7raw_vecINtB8_11RawVecInnerpE7reserve21do_reserve_and_handleNtNtBa_5alloc6GlobalECsbKcx7MMum66_4napi (in /mnt/c/Users/guido/ghq/projects/rustdom/dist/rustdom.node)
==2406856==    by 0x22E14AA2: _RNvNtNtCsbKcx7MMum66_4napi15bindgen_runtime15module_register14register_class (in /mnt/c/Users/guido/ghq/projects/rustdom/dist/rustdom.node)
==2406856==    by 0x22DC8F5C: _RNvNvNvNvNtNtNtCsdulfWib0rSm_7rustdom3dom19event_state_binding37___napi_impl_helper_NativeEventState_442___napi_register__NativeEventState_impl_1011__18___CTOR_PRIVATE_REF14___ctor_private (in /mnt/c/Users/guido/ghq/projects/rustdom/dist/rustdom.node)
==2406856==    by 0x681447D: call_init.part.0 (dl-init.c:70)
==2406856==    by 0x6814567: call_init (dl-init.c:33)
==2406856==    by 0x6814567: _dl_init (dl-init.c:117)
==2406856==    by 0x7522BB4: _dl_catch_exception (dl-error-skeleton.c:182)
==2406856==    by 0x681BFF5: dl_open_worker (dl-open.c:808)
==2406856==    by 0x681BFF5: dl_open_worker (dl-open.c:771)
==2406856==    by 0x7522B57: _dl_catch_exception (dl-error-skeleton.c:208)
==2406856==    by 0x681C34D: _dl_open (dl-open.c:883)
==2406856==    by 0x743E5FB: dlopen_doit (dlopen.c:56)
==2406856== 
==2406856== 3,048 bytes in 1 blocks are still reachable in loss record 365 of 367
==2406856==    at 0x7056899: malloc (in /mnt/c/Users/guido/ghq/projects/rustdom/.tools/valgrind/usr/libexec/valgrind/vgpreload_memcheck-amd64-linux.so)
==2406856==    by 0x25AAB04: uhash_open_78 (in /mnt/c/Users/guido/ghq/projects/rustdom/.tools/node/bin/node)
==2406856==    by 0x25F53A9: ures_openDirectFillIn_78 (in /mnt/c/Users/guido/ghq/projects/rustdom/.tools/node/bin/node)
==2406856==    by 0x1FDF640: icu_78::TimeZone::getTZDataVersion(UErrorCode&) (in /mnt/c/Users/guido/ghq/projects/rustdom/.tools/node/bin/node)
==2406856==    by 0x91DD43: node::Metadata::Versions::InitializeIntlVersions() (in /mnt/c/Users/guido/ghq/projects/rustdom/.tools/node/bin/node)
==2406856==    by 0x849289: node::InitializeNodeWithArgsInternal(std::vector<std::__cxx11::basic_string<char, std::char_traits<char>, std::allocator<char> >, std::allocator<std::__cxx11::basic_string<char, std::char_traits<char>, std::allocator<char> > > >*, std::vector<std::__cxx11::basic_string<char, std::char_traits<char>, std::allocator<char> >, std::allocator<std::__cxx11::basic_string<char, std::char_traits<char>, std::allocator<char> > > >*, std::vector<std::__cxx11::basic_string<char, std::char_traits<char>, std::allocator<char> >, std::allocator<std::__cxx11::basic_string<char, std::char_traits<char>, std::allocator<char> > > >*, node::ProcessInitializationFlags::Flags) (in /mnt/c/Users/guido/ghq/projects/rustdom/.tools/node/bin/node)
==2406856==    by 0x84A57E: node::InitializeOncePerProcessInternal(std::vector<std::__cxx11::basic_string<char, std::char_traits<char>, std::allocator<char> >, std::allocator<std::__cxx11::basic_string<char, std::char_traits<char>, std::allocator<char> > > > const&, node::ProcessInitializationFlags::Flags) (in /mnt/c/Users/guido/ghq/projects/rustdom/.tools/node/bin/node)
==2406856==    by 0x84CAEB: node::Start(int, char**) (in /mnt/c/Users/guido/ghq/projects/rustdom/.tools/node/bin/node)
==2406856==    by 0x73D7D8F: (below main) (libc_start_call_main.h:58)
==2406856== 
==2406856== 3,048 bytes in 1 blocks are still reachable in loss record 366 of 367
==2406856==    at 0x7056899: malloc (in /mnt/c/Users/guido/ghq/projects/rustdom/.tools/valgrind/usr/libexec/valgrind/vgpreload_memcheck-amd64-linux.so)
==2406856==    by 0x25AAB04: uhash_open_78 (in /mnt/c/Users/guido/ghq/projects/rustdom/.tools/node/bin/node)
==2406856==    by 0x25B5F73: icu_78::locale_set_default_internal(char const*, UErrorCode&) (in /mnt/c/Users/guido/ghq/projects/rustdom/.tools/node/bin/node)
==2406856==    by 0x25B626E: icu_78::Locale::Locale() (in /mnt/c/Users/guido/ghq/projects/rustdom/.tools/node/bin/node)
==2406856==    by 0xD88FD2: v8::internal::Isolate::DefaultLocale[abi:cxx11]() (in /mnt/c/Users/guido/ghq/projects/rustdom/.tools/node/bin/node)
==2406856==    by 0xD894E3: v8::internal::LocalIsolate::LocalIsolate(v8::internal::Isolate*, v8::internal::ThreadKind) (in /mnt/c/Users/guido/ghq/projects/rustdom/.tools/node/bin/node)
==2406856==    by 0xD86CA7: v8::internal::Isolate::Init(v8::internal::SnapshotData*, v8::internal::SnapshotData*, v8::internal::SnapshotData*, bool) (in /mnt/c/Users/guido/ghq/projects/rustdom/.tools/node/bin/node)
==2406856==    by 0x1362D42: v8::internal::Snapshot::Initialize(v8::internal::Isolate*) (in /mnt/c/Users/guido/ghq/projects/rustdom/.tools/node/bin/node)
==2406856==    by 0xBD9905: v8::Isolate::Initialize(v8::Isolate*, v8::Isolate::CreateParams const&) (in /mnt/c/Users/guido/ghq/projects/rustdom/.tools/node/bin/node)
==2406856==    by 0x78D60F: node::NewIsolate(v8::Isolate::CreateParams*, uv_loop_s*, node::MultiIsolatePlatform*, node::SnapshotData const*, node::IsolateSettings const&) (in /mnt/c/Users/guido/ghq/projects/rustdom/.tools/node/bin/node)
==2406856==    by 0x90ED28: node::NodeMainInstance::NodeMainInstance(node::SnapshotData const*, uv_loop_s*, node::MultiIsolatePlatform*, std::vector<std::__cxx11::basic_string<char, std::char_traits<char>, std::allocator<char> >, std::allocator<std::__cxx11::basic_string<char, std::char_traits<char>, std::allocator<char> > > > const&, std::vector<std::__cxx11::basic_string<char, std::char_traits<char>, std::allocator<char> >, std::allocator<std::__cxx11::basic_string<char, std::char_traits<char>, std::allocator<char> > > > const&) (in /mnt/c/Users/guido/ghq/projects/rustdom/.tools/node/bin/node)
==2406856==    by 0x84CE55: node::Start(int, char**) (in /mnt/c/Users/guido/ghq/projects/rustdom/.tools/node/bin/node)
==2406856== 
==2406856== 15,496 bytes in 1 blocks are possibly lost in loss record 367 of 367
==2406856==    at 0x705BCD3: realloc (in /mnt/c/Users/guido/ghq/projects/rustdom/.tools/valgrind/usr/libexec/valgrind/vgpreload_memcheck-amd64-linux.so)
==2406856==    by 0x22E11D4E: _RNvMs5_NtCs6i54tJFfzR_5alloc7raw_vecNtB5_11RawVecInner11finish_growCsbKcx7MMum66_4napi (in /mnt/c/Users/guido/ghq/projects/rustdom/dist/rustdom.node)
==2406856==    by 0x22E0F58C: _RINvNvMs2_NtCs6i54tJFfzR_5alloc7raw_vecINtB8_11RawVecInnerpE7reserve21do_reserve_and_handleNtNtBa_5alloc6GlobalECsbKcx7MMum66_4napi (in /mnt/c/Users/guido/ghq/projects/rustdom/dist/rustdom.node)
==2406856==    by 0x22E14AA2: _RNvNtNtCsbKcx7MMum66_4napi15bindgen_runtime15module_register14register_class (in /mnt/c/Users/guido/ghq/projects/rustdom/dist/rustdom.node)
==2406856==    by 0x22DBBC00: _RNvNvNtNtNtCsdulfWib0rSm_7rustdom3dom4tree32___napi_impl_helper_NativeTree_1436___napi_register__NativeTree_impl_38720___ctor_private_inner (in /mnt/c/Users/guido/ghq/projects/rustdom/dist/rustdom.node)
==2406856==    by 0x22DD6E85: _RNvNvNvNvNtNtNtCsdulfWib0rSm_7rustdom3dom4tree32___napi_impl_helper_NativeTree_1436___napi_register__NativeTree_impl_3871__18___CTOR_PRIVATE_REF14___ctor_private (in /mnt/c/Users/guido/ghq/projects/rustdom/dist/rustdom.node)
==2406856==    by 0x681447D: call_init.part.0 (dl-init.c:70)
==2406856==    by 0x6814567: call_init (dl-init.c:33)
==2406856==    by 0x6814567: _dl_init (dl-init.c:117)
==2406856==    by 0x7522BB4: _dl_catch_exception (dl-error-skeleton.c:182)
==2406856==    by 0x681BFF5: dl_open_worker (dl-open.c:808)
==2406856==    by 0x681BFF5: dl_open_worker (dl-open.c:771)
==2406856==    by 0x7522B57: _dl_catch_exception (dl-error-skeleton.c:208)
==2406856==    by 0x681C34D: _dl_open (dl-open.c:883)
==2406856== 
==2406856== LEAK SUMMARY:
==2406856==    definitely lost: 0 bytes in 0 blocks
==2406856==    indirectly lost: 0 bytes in 0 blocks
==2406856==      possibly lost: 44,042 bytes in 340 blocks
==2406856==    still reachable: 12,956 bytes in 27 blocks
==2406856==         suppressed: 0 bytes in 0 blocks
==2406856== 
==2406856== For lists of detected and suppressed errors, rerun with: -s
==2406856== ERROR SUMMARY: 0 errors from 0 contexts (suppressed: 27128 from 2)
