==2443640== Memcheck, a memory error detector
==2443640== Copyright (C) 2002-2017, and GNU GPL'd, by Julian Seward et al.
==2443640== Using Valgrind-3.18.1 and LibVEX; rerun with -h for copyright info
==2443640== Command: .tools/node/bin/node --jitless --expose-gc tests/helpers/file-reader-codec-memory.cjs native 1000
==2443640== Parent PID: 2443637
==2443640== 
==2443640== Warning: set address range perms: large range [0xa390000, 0x1a39f000) (noaccess)
==2443640== 
==2443640== HEAP SUMMARY:
==2443640==     in use at exit: 58,182 bytes in 377 blocks
==2443640==   total heap usage: 766,440 allocs, 766,063 frees, 401,052,647 bytes allocated
==2443640== 
==2443640== 2 bytes in 1 blocks are possibly lost in loss record 1 of 377
==2443640==    at 0x7056899: malloc (in /mnt/c/Users/guido/ghq/projects/rustdom/.tools/valgrind/usr/libexec/valgrind/vgpreload_memcheck-amd64-linux.so)
==2443640==    by 0x22E8FC22: _RNvXs0_NvMs_NtNtCs6i54tJFfzR_5alloc3ffi5c_strNtBa_7CString3newReNtB5_11SpecNewImpl13spec_new_impl (in /mnt/c/Users/guido/ghq/projects/rustdom/dist/rustdom.node)
==2443640==    by 0x22E3A8DF: _RNvMs2_NtNtCs4QMHp0v7l6B_4napi9js_values15object_propertyNtB5_8Property14with_utf8_name (in /mnt/c/Users/guido/ghq/projects/rustdom/dist/rustdom.node)
==2443640==    by 0x22DEB366: _RNvNvNvNvNtNtNtCs45HKutVyWu4_7rustdom3dom16dom_rect_binding34___napi_impl_helper_NativeDomRect_238___napi_register__NativeDomRect_impl_501__18___CTOR_PRIVATE_REF14___ctor_private (in /mnt/c/Users/guido/ghq/projects/rustdom/dist/rustdom.node)
==2443640==    by 0x681447D: call_init.part.0 (dl-init.c:70)
==2443640==    by 0x6814567: call_init (dl-init.c:33)
==2443640==    by 0x6814567: _dl_init (dl-init.c:117)
==2443640==    by 0x7522BB4: _dl_catch_exception (dl-error-skeleton.c:182)
==2443640==    by 0x681BFF5: dl_open_worker (dl-open.c:808)
==2443640==    by 0x681BFF5: dl_open_worker (dl-open.c:771)
==2443640==    by 0x7522B57: _dl_catch_exception (dl-error-skeleton.c:208)
==2443640==    by 0x681C34D: _dl_open (dl-open.c:883)
==2443640==    by 0x743E5FB: dlopen_doit (dlopen.c:56)
==2443640==    by 0x7522B57: _dl_catch_exception (dl-error-skeleton.c:208)
==2443640== 
==2443640== 2 bytes in 1 blocks are possibly lost in loss record 2 of 377
==2443640==    at 0x7056899: malloc (in /mnt/c/Users/guido/ghq/projects/rustdom/.tools/valgrind/usr/libexec/valgrind/vgpreload_memcheck-amd64-linux.so)
==2443640==    by 0x22E8FC22: _RNvXs0_NvMs_NtNtCs6i54tJFfzR_5alloc3ffi5c_strNtBa_7CString3newReNtB5_11SpecNewImpl13spec_new_impl (in /mnt/c/Users/guido/ghq/projects/rustdom/dist/rustdom.node)
==2443640==    by 0x22E3A8DF: _RNvMs2_NtNtCs4QMHp0v7l6B_4napi9js_values15object_propertyNtB5_8Property14with_utf8_name (in /mnt/c/Users/guido/ghq/projects/rustdom/dist/rustdom.node)
==2443640==    by 0x22DEB401: _RNvNvNvNvNtNtNtCs45HKutVyWu4_7rustdom3dom16dom_rect_binding34___napi_impl_helper_NativeDomRect_238___napi_register__NativeDomRect_impl_501__18___CTOR_PRIVATE_REF14___ctor_private (in /mnt/c/Users/guido/ghq/projects/rustdom/dist/rustdom.node)
==2443640==    by 0x681447D: call_init.part.0 (dl-init.c:70)
==2443640==    by 0x6814567: call_init (dl-init.c:33)
==2443640==    by 0x6814567: _dl_init (dl-init.c:117)
==2443640==    by 0x7522BB4: _dl_catch_exception (dl-error-skeleton.c:182)
==2443640==    by 0x681BFF5: dl_open_worker (dl-open.c:808)
==2443640==    by 0x681BFF5: dl_open_worker (dl-open.c:771)
==2443640==    by 0x7522B57: _dl_catch_exception (dl-error-skeleton.c:208)
==2443640==    by 0x681C34D: _dl_open (dl-open.c:883)
==2443640==    by 0x743E5FB: dlopen_doit (dlopen.c:56)
==2443640==    by 0x7522B57: _dl_catch_exception (dl-error-skeleton.c:208)
==2443640== 
==2443640== 3 bytes in 1 blocks are possibly lost in loss record 3 of 377
==2443640==    at 0x7056899: malloc (in /mnt/c/Users/guido/ghq/projects/rustdom/.tools/valgrind/usr/libexec/valgrind/vgpreload_memcheck-amd64-linux.so)
==2443640==    by 0x22E8FC22: _RNvXs0_NvMs_NtNtCs6i54tJFfzR_5alloc3ffi5c_strNtBa_7CString3newReNtB5_11SpecNewImpl13spec_new_impl (in /mnt/c/Users/guido/ghq/projects/rustdom/dist/rustdom.node)
==2443640==    by 0x22E3A8DF: _RNvMs2_NtNtCs4QMHp0v7l6B_4napi9js_values15object_propertyNtB5_8Property14with_utf8_name (in /mnt/c/Users/guido/ghq/projects/rustdom/dist/rustdom.node)
==2443640==    by 0x22DED70A: _RNvNvNvNvNtNtNtCs45HKutVyWu4_7rustdom3dom19abort_state_binding37___napi_impl_helper_NativeAbortState_041___napi_register__NativeAbortState_impl_181__18___CTOR_PRIVATE_REF14___ctor_private (in /mnt/c/Users/guido/ghq/projects/rustdom/dist/rustdom.node)
==2443640==    by 0x681447D: call_init.part.0 (dl-init.c:70)
==2443640==    by 0x6814567: call_init (dl-init.c:33)
==2443640==    by 0x6814567: _dl_init (dl-init.c:117)
==2443640==    by 0x7522BB4: _dl_catch_exception (dl-error-skeleton.c:182)
==2443640==    by 0x681BFF5: dl_open_worker (dl-open.c:808)
==2443640==    by 0x681BFF5: dl_open_worker (dl-open.c:771)
==2443640==    by 0x7522B57: _dl_catch_exception (dl-error-skeleton.c:208)
==2443640==    by 0x681C34D: _dl_open (dl-open.c:883)
==2443640==    by 0x743E5FB: dlopen_doit (dlopen.c:56)
==2443640==    by 0x7522B57: _dl_catch_exception (dl-error-skeleton.c:208)
==2443640== 
==2443640== 4 bytes in 1 blocks are possibly lost in loss record 4 of 377
==2443640==    at 0x7056899: malloc (in /mnt/c/Users/guido/ghq/projects/rustdom/.tools/valgrind/usr/libexec/valgrind/vgpreload_memcheck-amd64-linux.so)
==2443640==    by 0x22E8FC22: _RNvXs0_NvMs_NtNtCs6i54tJFfzR_5alloc3ffi5c_strNtBa_7CString3newReNtB5_11SpecNewImpl13spec_new_impl (in /mnt/c/Users/guido/ghq/projects/rustdom/dist/rustdom.node)
==2443640==    by 0x22E3A8DF: _RNvMs2_NtNtCs4QMHp0v7l6B_4napi9js_values15object_propertyNtB5_8Property14with_utf8_name (in /mnt/c/Users/guido/ghq/projects/rustdom/dist/rustdom.node)
==2443640==    by 0x22DEB16A: _RNvNvNvNvNtNtNtCs45HKutVyWu4_7rustdom3dom16dom_rect_binding34___napi_impl_helper_NativeDomRect_238___napi_register__NativeDomRect_impl_501__18___CTOR_PRIVATE_REF14___ctor_private (in /mnt/c/Users/guido/ghq/projects/rustdom/dist/rustdom.node)
==2443640==    by 0x681447D: call_init.part.0 (dl-init.c:70)
==2443640==    by 0x6814567: call_init (dl-init.c:33)
==2443640==    by 0x6814567: _dl_init (dl-init.c:117)
==2443640==    by 0x7522BB4: _dl_catch_exception (dl-error-skeleton.c:182)
==2443640==    by 0x681BFF5: dl_open_worker (dl-open.c:808)
==2443640==    by 0x681BFF5: dl_open_worker (dl-open.c:771)
==2443640==    by 0x7522B57: _dl_catch_exception (dl-error-skeleton.c:208)
==2443640==    by 0x681C34D: _dl_open (dl-open.c:883)
==2443640==    by 0x743E5FB: dlopen_doit (dlopen.c:56)
==2443640==    by 0x7522B57: _dl_catch_exception (dl-error-skeleton.c:208)
==2443640== 
==2443640== 4 bytes in 1 blocks are possibly lost in loss record 5 of 377
==2443640==    at 0x7056899: malloc (in /mnt/c/Users/guido/ghq/projects/rustdom/.tools/valgrind/usr/libexec/valgrind/vgpreload_memcheck-amd64-linux.so)
==2443640==    by 0x22E8FC22: _RNvXs0_NvMs_NtNtCs6i54tJFfzR_5alloc3ffi5c_strNtBa_7CString3newReNtB5_11SpecNewImpl13spec_new_impl (in /mnt/c/Users/guido/ghq/projects/rustdom/dist/rustdom.node)
==2443640==    by 0x22E3A8DF: _RNvMs2_NtNtCs4QMHp0v7l6B_4napi9js_values15object_propertyNtB5_8Property14with_utf8_name (in /mnt/c/Users/guido/ghq/projects/rustdom/dist/rustdom.node)
==2443640==    by 0x22DEC31A: _RNvNvNvNvNtNtNtCs45HKutVyWu4_7rustdom3dom18token_list_binding36___napi_impl_helper_NativeTokenSet_1340___napi_register__NativeTokenSet_impl_2231__18___CTOR_PRIVATE_REF14___ctor_private (in /mnt/c/Users/guido/ghq/projects/rustdom/dist/rustdom.node)
==2443640==    by 0x681447D: call_init.part.0 (dl-init.c:70)
==2443640==    by 0x6814567: call_init (dl-init.c:33)
==2443640==    by 0x6814567: _dl_init (dl-init.c:117)
==2443640==    by 0x7522BB4: _dl_catch_exception (dl-error-skeleton.c:182)
==2443640==    by 0x681BFF5: dl_open_worker (dl-open.c:808)
==2443640==    by 0x681BFF5: dl_open_worker (dl-open.c:771)
==2443640==    by 0x7522B57: _dl_catch_exception (dl-error-skeleton.c:208)
==2443640==    by 0x681C34D: _dl_open (dl-open.c:883)
==2443640==    by 0x743E5FB: dlopen_doit (dlopen.c:56)
==2443640==    by 0x7522B57: _dl_catch_exception (dl-error-skeleton.c:208)
==2443640== 
==2443640== 4 bytes in 1 blocks are possibly lost in loss record 6 of 377
==2443640==    at 0x7056899: malloc (in /mnt/c/Users/guido/ghq/projects/rustdom/.tools/valgrind/usr/libexec/valgrind/vgpreload_memcheck-amd64-linux.so)
==2443640==    by 0x22E8FC22: _RNvXs0_NvMs_NtNtCs6i54tJFfzR_5alloc3ffi5c_strNtBa_7CString3newReNtB5_11SpecNewImpl13spec_new_impl (in /mnt/c/Users/guido/ghq/projects/rustdom/dist/rustdom.node)
==2443640==    by 0x22E3A8DF: _RNvMs2_NtNtCs4QMHp0v7l6B_4napi9js_values15object_propertyNtB5_8Property14with_utf8_name (in /mnt/c/Users/guido/ghq/projects/rustdom/dist/rustdom.node)
==2443640==    by 0x22DF3FE0: _RNvNvNvNvNtNtNtCs45HKutVyWu4_7rustdom3dom19range_state_binding33___napi_impl_helper_NativeRange_1037___napi_register__NativeRange_impl_1951__18___CTOR_PRIVATE_REF14___ctor_private (in /mnt/c/Users/guido/ghq/projects/rustdom/dist/rustdom.node)
==2443640==    by 0x681447D: call_init.part.0 (dl-init.c:70)
==2443640==    by 0x6814567: call_init (dl-init.c:33)
==2443640==    by 0x6814567: _dl_init (dl-init.c:117)
==2443640==    by 0x7522BB4: _dl_catch_exception (dl-error-skeleton.c:182)
==2443640==    by 0x681BFF5: dl_open_worker (dl-open.c:808)
==2443640==    by 0x681BFF5: dl_open_worker (dl-open.c:771)
==2443640==    by 0x7522B57: _dl_catch_exception (dl-error-skeleton.c:208)
==2443640==    by 0x681C34D: _dl_open (dl-open.c:883)
==2443640==    by 0x743E5FB: dlopen_doit (dlopen.c:56)
==2443640==    by 0x7522B57: _dl_catch_exception (dl-error-skeleton.c:208)
==2443640== 
==2443640== 4 bytes in 1 blocks are possibly lost in loss record 7 of 377
==2443640==    at 0x7056899: malloc (in /mnt/c/Users/guido/ghq/projects/rustdom/.tools/valgrind/usr/libexec/valgrind/vgpreload_memcheck-amd64-linux.so)
==2443640==    by 0x22E8FC22: _RNvXs0_NvMs_NtNtCs6i54tJFfzR_5alloc3ffi5c_strNtBa_7CString3newReNtB5_11SpecNewImpl13spec_new_impl (in /mnt/c/Users/guido/ghq/projects/rustdom/dist/rustdom.node)
==2443640==    by 0x22E3A8DF: _RNvMs2_NtNtCs4QMHp0v7l6B_4napi9js_values15object_propertyNtB5_8Property14with_utf8_name (in /mnt/c/Users/guido/ghq/projects/rustdom/dist/rustdom.node)
==2443640==    by 0x22DF779E: _RNvNvNvNvNtNtNtCs45HKutVyWu4_7rustdom3dom19web_storage_binding39___napi_impl_helper_NativeStorageArea_1843___napi_register__NativeStorageArea_impl_4331__18___CTOR_PRIVATE_REF14___ctor_private (in /mnt/c/Users/guido/ghq/projects/rustdom/dist/rustdom.node)
==2443640==    by 0x681447D: call_init.part.0 (dl-init.c:70)
==2443640==    by 0x6814567: call_init (dl-init.c:33)
==2443640==    by 0x6814567: _dl_init (dl-init.c:117)
==2443640==    by 0x7522BB4: _dl_catch_exception (dl-error-skeleton.c:182)
==2443640==    by 0x681BFF5: dl_open_worker (dl-open.c:808)
==2443640==    by 0x681BFF5: dl_open_worker (dl-open.c:771)
==2443640==    by 0x7522B57: _dl_catch_exception (dl-error-skeleton.c:208)
==2443640==    by 0x681C34D: _dl_open (dl-open.c:883)
==2443640==    by 0x743E5FB: dlopen_doit (dlopen.c:56)
==2443640==    by 0x7522B57: _dl_catch_exception (dl-error-skeleton.c:208)
==2443640== 
==2443640== 4 bytes in 1 blocks are possibly lost in loss record 8 of 377
==2443640==    at 0x7056899: malloc (in /mnt/c/Users/guido/ghq/projects/rustdom/.tools/valgrind/usr/libexec/valgrind/vgpreload_memcheck-amd64-linux.so)
==2443640==    by 0x22E8FC22: _RNvXs0_NvMs_NtNtCs6i54tJFfzR_5alloc3ffi5c_strNtBa_7CString3newReNtB5_11SpecNewImpl13spec_new_impl (in /mnt/c/Users/guido/ghq/projects/rustdom/dist/rustdom.node)
==2443640==    by 0x22E3A8DF: _RNvMs2_NtNtCs4QMHp0v7l6B_4napi9js_values15object_propertyNtB5_8Property14with_utf8_name (in /mnt/c/Users/guido/ghq/projects/rustdom/dist/rustdom.node)
==2443640==    by 0x22DF78A4: _RNvNvNvNvNtNtNtCs45HKutVyWu4_7rustdom3dom19web_storage_binding39___napi_impl_helper_NativeStorageArea_1843___napi_register__NativeStorageArea_impl_4331__18___CTOR_PRIVATE_REF14___ctor_private (in /mnt/c/Users/guido/ghq/projects/rustdom/dist/rustdom.node)
==2443640==    by 0x681447D: call_init.part.0 (dl-init.c:70)
==2443640==    by 0x6814567: call_init (dl-init.c:33)
==2443640==    by 0x6814567: _dl_init (dl-init.c:117)
==2443640==    by 0x7522BB4: _dl_catch_exception (dl-error-skeleton.c:182)
==2443640==    by 0x681BFF5: dl_open_worker (dl-open.c:808)
==2443640==    by 0x681BFF5: dl_open_worker (dl-open.c:771)
==2443640==    by 0x7522B57: _dl_catch_exception (dl-error-skeleton.c:208)
==2443640==    by 0x681C34D: _dl_open (dl-open.c:883)
==2443640==    by 0x743E5FB: dlopen_doit (dlopen.c:56)
==2443640==    by 0x7522B57: _dl_catch_exception (dl-error-skeleton.c:208)
==2443640== 
==2443640== 4 bytes in 1 blocks are possibly lost in loss record 9 of 377
==2443640==    at 0x7056899: malloc (in /mnt/c/Users/guido/ghq/projects/rustdom/.tools/valgrind/usr/libexec/valgrind/vgpreload_memcheck-amd64-linux.so)
==2443640==    by 0x22E8FC22: _RNvXs0_NvMs_NtNtCs6i54tJFfzR_5alloc3ffi5c_strNtBa_7CString3newReNtB5_11SpecNewImpl13spec_new_impl (in /mnt/c/Users/guido/ghq/projects/rustdom/dist/rustdom.node)
==2443640==    by 0x22E3A8DF: _RNvMs2_NtNtCs4QMHp0v7l6B_4napi9js_values15object_propertyNtB5_8Property14with_utf8_name (in /mnt/c/Users/guido/ghq/projects/rustdom/dist/rustdom.node)
==2443640==    by 0x22DF7BB6: _RNvNvNvNvNtNtNtCs45HKutVyWu4_7rustdom3dom19web_storage_binding39___napi_impl_helper_NativeStorageArea_1843___napi_register__NativeStorageArea_impl_4331__18___CTOR_PRIVATE_REF14___ctor_private (in /mnt/c/Users/guido/ghq/projects/rustdom/dist/rustdom.node)
==2443640==    by 0x681447D: call_init.part.0 (dl-init.c:70)
==2443640==    by 0x6814567: call_init (dl-init.c:33)
==2443640==    by 0x6814567: _dl_init (dl-init.c:117)
==2443640==    by 0x7522BB4: _dl_catch_exception (dl-error-skeleton.c:182)
==2443640==    by 0x681BFF5: dl_open_worker (dl-open.c:808)
==2443640==    by 0x681BFF5: dl_open_worker (dl-open.c:771)
==2443640==    by 0x7522B57: _dl_catch_exception (dl-error-skeleton.c:208)
==2443640==    by 0x681C34D: _dl_open (dl-open.c:883)
==2443640==    by 0x743E5FB: dlopen_doit (dlopen.c:56)
==2443640==    by 0x7522B57: _dl_catch_exception (dl-error-skeleton.c:208)
==2443640== 
==2443640== 4 bytes in 1 blocks are possibly lost in loss record 10 of 377
==2443640==    at 0x7056899: malloc (in /mnt/c/Users/guido/ghq/projects/rustdom/.tools/valgrind/usr/libexec/valgrind/vgpreload_memcheck-amd64-linux.so)
==2443640==    by 0x22E8FC22: _RNvXs0_NvMs_NtNtCs6i54tJFfzR_5alloc3ffi5c_strNtBa_7CString3newReNtB5_11SpecNewImpl13spec_new_impl (in /mnt/c/Users/guido/ghq/projects/rustdom/dist/rustdom.node)
==2443640==    by 0x22E3A8DF: _RNvMs2_NtNtCs4QMHp0v7l6B_4napi9js_values15object_propertyNtB5_8Property14with_utf8_name (in /mnt/c/Users/guido/ghq/projects/rustdom/dist/rustdom.node)
==2443640==    by 0x22DF985B: _RNvNvNvNvNtNtNtCs45HKutVyWu4_7rustdom3dom23event_listeners_binding43___napi_impl_helper_NativeListenerRegistry_347___napi_register__NativeListenerRegistry_impl_661__18___CTOR_PRIVATE_REF14___ctor_private (in /mnt/c/Users/guido/ghq/projects/rustdom/dist/rustdom.node)
==2443640==    by 0x681447D: call_init.part.0 (dl-init.c:70)
==2443640==    by 0x6814567: call_init (dl-init.c:33)
==2443640==    by 0x6814567: _dl_init (dl-init.c:117)
==2443640==    by 0x7522BB4: _dl_catch_exception (dl-error-skeleton.c:182)
==2443640==    by 0x681BFF5: dl_open_worker (dl-open.c:808)
==2443640==    by 0x681BFF5: dl_open_worker (dl-open.c:771)
==2443640==    by 0x7522B57: _dl_catch_exception (dl-error-skeleton.c:208)
==2443640==    by 0x681C34D: _dl_open (dl-open.c:883)
==2443640==    by 0x743E5FB: dlopen_doit (dlopen.c:56)
==2443640==    by 0x7522B57: _dl_catch_exception (dl-error-skeleton.c:208)
==2443640== 
==2443640== 5 bytes in 1 blocks are possibly lost in loss record 11 of 377
==2443640==    at 0x7056899: malloc (in /mnt/c/Users/guido/ghq/projects/rustdom/.tools/valgrind/usr/libexec/valgrind/vgpreload_memcheck-amd64-linux.so)
==2443640==    by 0x22E8FC22: _RNvXs0_NvMs_NtNtCs6i54tJFfzR_5alloc3ffi5c_strNtBa_7CString3newReNtB5_11SpecNewImpl13spec_new_impl (in /mnt/c/Users/guido/ghq/projects/rustdom/dist/rustdom.node)
==2443640==    by 0x22E3A8DF: _RNvMs2_NtNtCs4QMHp0v7l6B_4napi9js_values15object_propertyNtB5_8Property14with_utf8_name (in /mnt/c/Users/guido/ghq/projects/rustdom/dist/rustdom.node)
==2443640==    by 0x22DEAD52: _RNvNvNvNvNtNtNtCs45HKutVyWu4_7rustdom3dom16dom_rect_binding34___napi_impl_helper_NativeDomRect_238___napi_register__NativeDomRect_impl_501__18___CTOR_PRIVATE_REF14___ctor_private (in /mnt/c/Users/guido/ghq/projects/rustdom/dist/rustdom.node)
==2443640==    by 0x681447D: call_init.part.0 (dl-init.c:70)
==2443640==    by 0x6814567: call_init (dl-init.c:33)
==2443640==    by 0x6814567: _dl_init (dl-init.c:117)
==2443640==    by 0x7522BB4: _dl_catch_exception (dl-error-skeleton.c:182)
==2443640==    by 0x681BFF5: dl_open_worker (dl-open.c:808)
==2443640==    by 0x681BFF5: dl_open_worker (dl-open.c:771)
==2443640==    by 0x7522B57: _dl_catch_exception (dl-error-skeleton.c:208)
==2443640==    by 0x681C34D: _dl_open (dl-open.c:883)
==2443640==    by 0x743E5FB: dlopen_doit (dlopen.c:56)
==2443640==    by 0x7522B57: _dl_catch_exception (dl-error-skeleton.c:208)
==2443640== 
==2443640== 5 bytes in 1 blocks are possibly lost in loss record 12 of 377
==2443640==    at 0x7056899: malloc (in /mnt/c/Users/guido/ghq/projects/rustdom/.tools/valgrind/usr/libexec/valgrind/vgpreload_memcheck-amd64-linux.so)
==2443640==    by 0x22E8FC22: _RNvXs0_NvMs_NtNtCs6i54tJFfzR_5alloc3ffi5c_strNtBa_7CString3newReNtB5_11SpecNewImpl13spec_new_impl (in /mnt/c/Users/guido/ghq/projects/rustdom/dist/rustdom.node)
==2443640==    by 0x22E3A8DF: _RNvMs2_NtNtCs4QMHp0v7l6B_4napi9js_values15object_propertyNtB5_8Property14with_utf8_name (in /mnt/c/Users/guido/ghq/projects/rustdom/dist/rustdom.node)
==2443640==    by 0x22DEC40F: _RNvNvNvNvNtNtNtCs45HKutVyWu4_7rustdom3dom18token_list_binding36___napi_impl_helper_NativeTokenSet_1340___napi_register__NativeTokenSet_impl_2231__18___CTOR_PRIVATE_REF14___ctor_private (in /mnt/c/Users/guido/ghq/projects/rustdom/dist/rustdom.node)
==2443640==    by 0x681447D: call_init.part.0 (dl-init.c:70)
==2443640==    by 0x6814567: call_init (dl-init.c:33)
==2443640==    by 0x6814567: _dl_init (dl-init.c:117)
==2443640==    by 0x7522BB4: _dl_catch_exception (dl-error-skeleton.c:182)
==2443640==    by 0x681BFF5: dl_open_worker (dl-open.c:808)
==2443640==    by 0x681BFF5: dl_open_worker (dl-open.c:771)
==2443640==    by 0x7522B57: _dl_catch_exception (dl-error-skeleton.c:208)
==2443640==    by 0x681C34D: _dl_open (dl-open.c:883)
==2443640==    by 0x743E5FB: dlopen_doit (dlopen.c:56)
==2443640==    by 0x7522B57: _dl_catch_exception (dl-error-skeleton.c:208)
==2443640== 
==2443640== 5 bytes in 1 blocks are possibly lost in loss record 13 of 377
==2443640==    at 0x7056899: malloc (in /mnt/c/Users/guido/ghq/projects/rustdom/.tools/valgrind/usr/libexec/valgrind/vgpreload_memcheck-amd64-linux.so)
==2443640==    by 0x22E8FC22: _RNvXs0_NvMs_NtNtCs6i54tJFfzR_5alloc3ffi5c_strNtBa_7CString3newReNtB5_11SpecNewImpl13spec_new_impl (in /mnt/c/Users/guido/ghq/projects/rustdom/dist/rustdom.node)
==2443640==    by 0x22E3A8DF: _RNvMs2_NtNtCs4QMHp0v7l6B_4napi9js_values15object_propertyNtB5_8Property14with_utf8_name (in /mnt/c/Users/guido/ghq/projects/rustdom/dist/rustdom.node)
==2443640==    by 0x22DEF2E6: _RNvNvNvNvNtNtNtCs45HKutVyWu4_7rustdom3dom19event_state_binding37___napi_impl_helper_NativeEventState_442___napi_register__NativeEventState_impl_1011__18___CTOR_PRIVATE_REF14___ctor_private (in /mnt/c/Users/guido/ghq/projects/rustdom/dist/rustdom.node)
==2443640==    by 0x681447D: call_init.part.0 (dl-init.c:70)
==2443640==    by 0x6814567: call_init (dl-init.c:33)
==2443640==    by 0x6814567: _dl_init (dl-init.c:117)
==2443640==    by 0x7522BB4: _dl_catch_exception (dl-error-skeleton.c:182)
==2443640==    by 0x681BFF5: dl_open_worker (dl-open.c:808)
==2443640==    by 0x681BFF5: dl_open_worker (dl-open.c:771)
==2443640==    by 0x7522B57: _dl_catch_exception (dl-error-skeleton.c:208)
==2443640==    by 0x681C34D: _dl_open (dl-open.c:883)
==2443640==    by 0x743E5FB: dlopen_doit (dlopen.c:56)
==2443640==    by 0x7522B57: _dl_catch_exception (dl-error-skeleton.c:208)
==2443640== 
==2443640== 5 bytes in 1 blocks are possibly lost in loss record 14 of 377
==2443640==    at 0x7056899: malloc (in /mnt/c/Users/guido/ghq/projects/rustdom/.tools/valgrind/usr/libexec/valgrind/vgpreload_memcheck-amd64-linux.so)
==2443640==    by 0x22E8FC22: _RNvXs0_NvMs_NtNtCs6i54tJFfzR_5alloc3ffi5c_strNtBa_7CString3newReNtB5_11SpecNewImpl13spec_new_impl (in /mnt/c/Users/guido/ghq/projects/rustdom/dist/rustdom.node)
==2443640==    by 0x22E3A8DF: _RNvMs2_NtNtCs4QMHp0v7l6B_4napi9js_values15object_propertyNtB5_8Property14with_utf8_name (in /mnt/c/Users/guido/ghq/projects/rustdom/dist/rustdom.node)
==2443640==    by 0x22DF3EDA: _RNvNvNvNvNtNtNtCs45HKutVyWu4_7rustdom3dom19range_state_binding33___napi_impl_helper_NativeRange_1037___napi_register__NativeRange_impl_1951__18___CTOR_PRIVATE_REF14___ctor_private (in /mnt/c/Users/guido/ghq/projects/rustdom/dist/rustdom.node)
==2443640==    by 0x681447D: call_init.part.0 (dl-init.c:70)
==2443640==    by 0x6814567: call_init (dl-init.c:33)
==2443640==    by 0x6814567: _dl_init (dl-init.c:117)
==2443640==    by 0x7522BB4: _dl_catch_exception (dl-error-skeleton.c:182)
==2443640==    by 0x681BFF5: dl_open_worker (dl-open.c:808)
==2443640==    by 0x681BFF5: dl_open_worker (dl-open.c:771)
==2443640==    by 0x7522B57: _dl_catch_exception (dl-error-skeleton.c:208)
==2443640==    by 0x681C34D: _dl_open (dl-open.c:883)
==2443640==    by 0x743E5FB: dlopen_doit (dlopen.c:56)
==2443640==    by 0x7522B57: _dl_catch_exception (dl-error-skeleton.c:208)
==2443640== 
==2443640== 5 bytes in 1 blocks are possibly lost in loss record 15 of 377
==2443640==    at 0x7056899: malloc (in /mnt/c/Users/guido/ghq/projects/rustdom/.tools/valgrind/usr/libexec/valgrind/vgpreload_memcheck-amd64-linux.so)
==2443640==    by 0x22E8FC22: _RNvXs0_NvMs_NtNtCs6i54tJFfzR_5alloc3ffi5c_strNtBa_7CString3newReNtB5_11SpecNewImpl13spec_new_impl (in /mnt/c/Users/guido/ghq/projects/rustdom/dist/rustdom.node)
==2443640==    by 0x22E3A8DF: _RNvMs2_NtNtCs4QMHp0v7l6B_4napi9js_values15object_propertyNtB5_8Property14with_utf8_name (in /mnt/c/Users/guido/ghq/projects/rustdom/dist/rustdom.node)
==2443640==    by 0x22DF7CBC: _RNvNvNvNvNtNtNtCs45HKutVyWu4_7rustdom3dom19web_storage_binding39___napi_impl_helper_NativeStorageArea_1843___napi_register__NativeStorageArea_impl_4331__18___CTOR_PRIVATE_REF14___ctor_private (in /mnt/c/Users/guido/ghq/projects/rustdom/dist/rustdom.node)
==2443640==    by 0x681447D: call_init.part.0 (dl-init.c:70)
==2443640==    by 0x6814567: call_init (dl-init.c:33)
==2443640==    by 0x6814567: _dl_init (dl-init.c:117)
==2443640==    by 0x7522BB4: _dl_catch_exception (dl-error-skeleton.c:182)
==2443640==    by 0x681BFF5: dl_open_worker (dl-open.c:808)
==2443640==    by 0x681BFF5: dl_open_worker (dl-open.c:771)
==2443640==    by 0x7522B57: _dl_catch_exception (dl-error-skeleton.c:208)
==2443640==    by 0x681C34D: _dl_open (dl-open.c:883)
==2443640==    by 0x743E5FB: dlopen_doit (dlopen.c:56)
==2443640==    by 0x7522B57: _dl_catch_exception (dl-error-skeleton.c:208)
==2443640== 
==2443640== 5 bytes in 1 blocks are possibly lost in loss record 16 of 377
==2443640==    at 0x7056899: malloc (in /mnt/c/Users/guido/ghq/projects/rustdom/.tools/valgrind/usr/libexec/valgrind/vgpreload_memcheck-amd64-linux.so)
==2443640==    by 0x22E8FC22: _RNvXs0_NvMs_NtNtCs6i54tJFfzR_5alloc3ffi5c_strNtBa_7CString3newReNtB5_11SpecNewImpl13spec_new_impl (in /mnt/c/Users/guido/ghq/projects/rustdom/dist/rustdom.node)
==2443640==    by 0x22E3A8DF: _RNvMs2_NtNtCs4QMHp0v7l6B_4napi9js_values15object_propertyNtB5_8Property14with_utf8_name (in /mnt/c/Users/guido/ghq/projects/rustdom/dist/rustdom.node)
==2443640==    by 0x22DF8CEA: _RNvNvNvNvNtNtNtCs45HKutVyWu4_7rustdom3dom19web_storage_binding44___napi_impl_helper_NativeStorageKeyCursor_1948___napi_register__NativeStorageKeyCursor_impl_4361__18___CTOR_PRIVATE_REF14___ctor_private (in /mnt/c/Users/guido/ghq/projects/rustdom/dist/rustdom.node)
==2443640==    by 0x681447D: call_init.part.0 (dl-init.c:70)
==2443640==    by 0x6814567: call_init (dl-init.c:33)
==2443640==    by 0x6814567: _dl_init (dl-init.c:117)
==2443640==    by 0x7522BB4: _dl_catch_exception (dl-error-skeleton.c:182)
==2443640==    by 0x681BFF5: dl_open_worker (dl-open.c:808)
==2443640==    by 0x681BFF5: dl_open_worker (dl-open.c:771)
==2443640==    by 0x7522B57: _dl_catch_exception (dl-error-skeleton.c:208)
==2443640==    by 0x681C34D: _dl_open (dl-open.c:883)
==2443640==    by 0x743E5FB: dlopen_doit (dlopen.c:56)
==2443640==    by 0x7522B57: _dl_catch_exception (dl-error-skeleton.c:208)
==2443640== 
==2443640== 5 bytes in 1 blocks are possibly lost in loss record 17 of 377
==2443640==    at 0x7056899: malloc (in /mnt/c/Users/guido/ghq/projects/rustdom/.tools/valgrind/usr/libexec/valgrind/vgpreload_memcheck-amd64-linux.so)
==2443640==    by 0x22E8FC22: _RNvXs0_NvMs_NtNtCs6i54tJFfzR_5alloc3ffi5c_strNtBa_7CString3newReNtB5_11SpecNewImpl13spec_new_impl (in /mnt/c/Users/guido/ghq/projects/rustdom/dist/rustdom.node)
==2443640==    by 0x22E3A8DF: _RNvMs2_NtNtCs4QMHp0v7l6B_4napi9js_values15object_propertyNtB5_8Property14with_utf8_name (in /mnt/c/Users/guido/ghq/projects/rustdom/dist/rustdom.node)
==2443640==    by 0x22DFB20C: _RNvNvNvNvNtNtNtCs45HKutVyWu4_7rustdom3dom23mutation_record_binding41___napi_impl_helper_NativeMutationRecord_646___napi_register__NativeMutationRecord_impl_1321__18___CTOR_PRIVATE_REF14___ctor_private (in /mnt/c/Users/guido/ghq/projects/rustdom/dist/rustdom.node)
==2443640==    by 0x681447D: call_init.part.0 (dl-init.c:70)
==2443640==    by 0x6814567: call_init (dl-init.c:33)
==2443640==    by 0x6814567: _dl_init (dl-init.c:117)
==2443640==    by 0x7522BB4: _dl_catch_exception (dl-error-skeleton.c:182)
==2443640==    by 0x681BFF5: dl_open_worker (dl-open.c:808)
==2443640==    by 0x681BFF5: dl_open_worker (dl-open.c:771)
==2443640==    by 0x7522B57: _dl_catch_exception (dl-error-skeleton.c:208)
==2443640==    by 0x681C34D: _dl_open (dl-open.c:883)
==2443640==    by 0x743E5FB: dlopen_doit (dlopen.c:56)
==2443640==    by 0x7522B57: _dl_catch_exception (dl-error-skeleton.c:208)
==2443640== 
==2443640== 5 bytes in 1 blocks are possibly lost in loss record 18 of 377
==2443640==    at 0x7056899: malloc (in /mnt/c/Users/guido/ghq/projects/rustdom/.tools/valgrind/usr/libexec/valgrind/vgpreload_memcheck-amd64-linux.so)
==2443640==    by 0x22E8FC22: _RNvXs0_NvMs_NtNtCs6i54tJFfzR_5alloc3ffi5c_strNtBa_7CString3newReNtB5_11SpecNewImpl13spec_new_impl (in /mnt/c/Users/guido/ghq/projects/rustdom/dist/rustdom.node)
==2443640==    by 0x22E3A8DF: _RNvMs2_NtNtCs4QMHp0v7l6B_4napi9js_values15object_propertyNtB5_8Property14with_utf8_name (in /mnt/c/Users/guido/ghq/projects/rustdom/dist/rustdom.node)
==2443640==    by 0x22E00478: _RNvNvNvNvNtNtNtCs45HKutVyWu4_7rustdom3xml7binding37___napi_impl_helper_NativeXmlParser_2041___napi_register__NativeXmlParser_impl_4511__18___CTOR_PRIVATE_REF14___ctor_private (in /mnt/c/Users/guido/ghq/projects/rustdom/dist/rustdom.node)
==2443640==    by 0x681447D: call_init.part.0 (dl-init.c:70)
==2443640==    by 0x6814567: call_init (dl-init.c:33)
==2443640==    by 0x6814567: _dl_init (dl-init.c:117)
==2443640==    by 0x7522BB4: _dl_catch_exception (dl-error-skeleton.c:182)
==2443640==    by 0x681BFF5: dl_open_worker (dl-open.c:808)
==2443640==    by 0x681BFF5: dl_open_worker (dl-open.c:771)
==2443640==    by 0x7522B57: _dl_catch_exception (dl-error-skeleton.c:208)
==2443640==    by 0x681C34D: _dl_open (dl-open.c:883)
==2443640==    by 0x743E5FB: dlopen_doit (dlopen.c:56)
==2443640==    by 0x7522B57: _dl_catch_exception (dl-error-skeleton.c:208)
==2443640== 
==2443640== 6 bytes in 1 blocks are possibly lost in loss record 19 of 377
==2443640==    at 0x7056899: malloc (in /mnt/c/Users/guido/ghq/projects/rustdom/.tools/valgrind/usr/libexec/valgrind/vgpreload_memcheck-amd64-linux.so)
==2443640==    by 0x22E8FC22: _RNvXs0_NvMs_NtNtCs6i54tJFfzR_5alloc3ffi5c_strNtBa_7CString3newReNtB5_11SpecNewImpl13spec_new_impl (in /mnt/c/Users/guido/ghq/projects/rustdom/dist/rustdom.node)
==2443640==    by 0x22E3A8DF: _RNvMs2_NtNtCs4QMHp0v7l6B_4napi9js_values15object_propertyNtB5_8Property14with_utf8_name (in /mnt/c/Users/guido/ghq/projects/rustdom/dist/rustdom.node)
==2443640==    by 0x22DEAE58: _RNvNvNvNvNtNtNtCs45HKutVyWu4_7rustdom3dom16dom_rect_binding34___napi_impl_helper_NativeDomRect_238___napi_register__NativeDomRect_impl_501__18___CTOR_PRIVATE_REF14___ctor_private (in /mnt/c/Users/guido/ghq/projects/rustdom/dist/rustdom.node)
==2443640==    by 0x681447D: call_init.part.0 (dl-init.c:70)
==2443640==    by 0x6814567: call_init (dl-init.c:33)
==2443640==    by 0x6814567: _dl_init (dl-init.c:117)
==2443640==    by 0x7522BB4: _dl_catch_exception (dl-error-skeleton.c:182)
==2443640==    by 0x681BFF5: dl_open_worker (dl-open.c:808)
==2443640==    by 0x681BFF5: dl_open_worker (dl-open.c:771)
==2443640==    by 0x7522B57: _dl_catch_exception (dl-error-skeleton.c:208)
==2443640==    by 0x681C34D: _dl_open (dl-open.c:883)
==2443640==    by 0x743E5FB: dlopen_doit (dlopen.c:56)
==2443640==    by 0x7522B57: _dl_catch_exception (dl-error-skeleton.c:208)
==2443640== 
==2443640== 6 bytes in 1 blocks are possibly lost in loss record 20 of 377
==2443640==    at 0x7056899: malloc (in /mnt/c/Users/guido/ghq/projects/rustdom/.tools/valgrind/usr/libexec/valgrind/vgpreload_memcheck-amd64-linux.so)
==2443640==    by 0x22E8FC22: _RNvXs0_NvMs_NtNtCs6i54tJFfzR_5alloc3ffi5c_strNtBa_7CString3newReNtB5_11SpecNewImpl13spec_new_impl (in /mnt/c/Users/guido/ghq/projects/rustdom/dist/rustdom.node)
==2443640==    by 0x22E3A8DF: _RNvMs2_NtNtCs4QMHp0v7l6B_4napi9js_values15object_propertyNtB5_8Property14with_utf8_name (in /mnt/c/Users/guido/ghq/projects/rustdom/dist/rustdom.node)
==2443640==    by 0x22DEB270: _RNvNvNvNvNtNtNtCs45HKutVyWu4_7rustdom3dom16dom_rect_binding34___napi_impl_helper_NativeDomRect_238___napi_register__NativeDomRect_impl_501__18___CTOR_PRIVATE_REF14___ctor_private (in /mnt/c/Users/guido/ghq/projects/rustdom/dist/rustdom.node)
==2443640==    by 0x681447D: call_init.part.0 (dl-init.c:70)
==2443640==    by 0x6814567: call_init (dl-init.c:33)
==2443640==    by 0x6814567: _dl_init (dl-init.c:117)
==2443640==    by 0x7522BB4: _dl_catch_exception (dl-error-skeleton.c:182)
==2443640==    by 0x681BFF5: dl_open_worker (dl-open.c:808)
==2443640==    by 0x681BFF5: dl_open_worker (dl-open.c:771)
==2443640==    by 0x7522B57: _dl_catch_exception (dl-error-skeleton.c:208)
==2443640==    by 0x681C34D: _dl_open (dl-open.c:883)
==2443640==    by 0x743E5FB: dlopen_doit (dlopen.c:56)
==2443640==    by 0x7522B57: _dl_catch_exception (dl-error-skeleton.c:208)
==2443640== 
==2443640== 6 bytes in 1 blocks are possibly lost in loss record 21 of 377
==2443640==    at 0x7056899: malloc (in /mnt/c/Users/guido/ghq/projects/rustdom/.tools/valgrind/usr/libexec/valgrind/vgpreload_memcheck-amd64-linux.so)
==2443640==    by 0x22E8FC22: _RNvXs0_NvMs_NtNtCs6i54tJFfzR_5alloc3ffi5c_strNtBa_7CString3newReNtB5_11SpecNewImpl13spec_new_impl (in /mnt/c/Users/guido/ghq/projects/rustdom/dist/rustdom.node)
==2443640==    by 0x22E3A8DF: _RNvMs2_NtNtCs4QMHp0v7l6B_4napi9js_values15object_propertyNtB5_8Property14with_utf8_name (in /mnt/c/Users/guido/ghq/projects/rustdom/dist/rustdom.node)
==2443640==    by 0x22DF20CB: _RNvNvNvNvNtNtNtCs45HKutVyWu4_7rustdom3dom19file_reader_binding42___napi_impl_helper_NativeFileReaderState_547___napi_register__NativeFileReaderState_impl_1121__18___CTOR_PRIVATE_REF14___ctor_private (in /mnt/c/Users/guido/ghq/projects/rustdom/dist/rustdom.node)
==2443640==    by 0x681447D: call_init.part.0 (dl-init.c:70)
==2443640==    by 0x6814567: call_init (dl-init.c:33)
==2443640==    by 0x6814567: _dl_init (dl-init.c:117)
==2443640==    by 0x7522BB4: _dl_catch_exception (dl-error-skeleton.c:182)
==2443640==    by 0x681BFF5: dl_open_worker (dl-open.c:808)
==2443640==    by 0x681BFF5: dl_open_worker (dl-open.c:771)
==2443640==    by 0x7522B57: _dl_catch_exception (dl-error-skeleton.c:208)
==2443640==    by 0x681C34D: _dl_open (dl-open.c:883)
==2443640==    by 0x743E5FB: dlopen_doit (dlopen.c:56)
==2443640==    by 0x7522B57: _dl_catch_exception (dl-error-skeleton.c:208)
==2443640== 
==2443640== 6 bytes in 1 blocks are possibly lost in loss record 22 of 377
==2443640==    at 0x7056899: malloc (in /mnt/c/Users/guido/ghq/projects/rustdom/.tools/valgrind/usr/libexec/valgrind/vgpreload_memcheck-amd64-linux.so)
==2443640==    by 0x22E8FC22: _RNvXs0_NvMs_NtNtCs6i54tJFfzR_5alloc3ffi5c_strNtBa_7CString3newReNtB5_11SpecNewImpl13spec_new_impl (in /mnt/c/Users/guido/ghq/projects/rustdom/dist/rustdom.node)
==2443640==    by 0x22E3A8DF: _RNvMs2_NtNtCs4QMHp0v7l6B_4napi9js_values15object_propertyNtB5_8Property14with_utf8_name (in /mnt/c/Users/guido/ghq/projects/rustdom/dist/rustdom.node)
==2443640==    by 0x22DF21BA: _RNvNvNvNvNtNtNtCs45HKutVyWu4_7rustdom3dom19file_reader_binding42___napi_impl_helper_NativeFileReaderState_547___napi_register__NativeFileReaderState_impl_1121__18___CTOR_PRIVATE_REF14___ctor_private (in /mnt/c/Users/guido/ghq/projects/rustdom/dist/rustdom.node)
==2443640==    by 0x681447D: call_init.part.0 (dl-init.c:70)
==2443640==    by 0x6814567: call_init (dl-init.c:33)
==2443640==    by 0x6814567: _dl_init (dl-init.c:117)
==2443640==    by 0x7522BB4: _dl_catch_exception (dl-error-skeleton.c:182)
==2443640==    by 0x681BFF5: dl_open_worker (dl-open.c:808)
==2443640==    by 0x681BFF5: dl_open_worker (dl-open.c:771)
==2443640==    by 0x7522B57: _dl_catch_exception (dl-error-skeleton.c:208)
==2443640==    by 0x681C34D: _dl_open (dl-open.c:883)
==2443640==    by 0x743E5FB: dlopen_doit (dlopen.c:56)
==2443640==    by 0x7522B57: _dl_catch_exception (dl-error-skeleton.c:208)
==2443640== 
==2443640== 6 bytes in 1 blocks are possibly lost in loss record 23 of 377
==2443640==    at 0x7056899: malloc (in /mnt/c/Users/guido/ghq/projects/rustdom/.tools/valgrind/usr/libexec/valgrind/vgpreload_memcheck-amd64-linux.so)
==2443640==    by 0x22E8FC22: _RNvXs0_NvMs_NtNtCs6i54tJFfzR_5alloc3ffi5c_strNtBa_7CString3newReNtB5_11SpecNewImpl13spec_new_impl (in /mnt/c/Users/guido/ghq/projects/rustdom/dist/rustdom.node)
==2443640==    by 0x22E3A8DF: _RNvMs2_NtNtCs4QMHp0v7l6B_4napi9js_values15object_propertyNtB5_8Property14with_utf8_name (in /mnt/c/Users/guido/ghq/projects/rustdom/dist/rustdom.node)
==2443640==    by 0x22DF4B22: _RNvNvNvNvNtNtNtCs45HKutVyWu4_7rustdom3dom19range_state_binding33___napi_impl_helper_NativeRange_1037___napi_register__NativeRange_impl_1951__18___CTOR_PRIVATE_REF14___ctor_private (in /mnt/c/Users/guido/ghq/projects/rustdom/dist/rustdom.node)
==2443640==    by 0x681447D: call_init.part.0 (dl-init.c:70)
==2443640==    by 0x6814567: call_init (dl-init.c:33)
==2443640==    by 0x6814567: _dl_init (dl-init.c:117)
==2443640==    by 0x7522BB4: _dl_catch_exception (dl-error-skeleton.c:182)
==2443640==    by 0x681BFF5: dl_open_worker (dl-open.c:808)
==2443640==    by 0x681BFF5: dl_open_worker (dl-open.c:771)
==2443640==    by 0x7522B57: _dl_catch_exception (dl-error-skeleton.c:208)
==2443640==    by 0x681C34D: _dl_open (dl-open.c:883)
==2443640==    by 0x743E5FB: dlopen_doit (dlopen.c:56)
==2443640==    by 0x7522B57: _dl_catch_exception (dl-error-skeleton.c:208)
==2443640== 
==2443640== 6 bytes in 1 blocks are possibly lost in loss record 24 of 377
==2443640==    at 0x7056899: malloc (in /mnt/c/Users/guido/ghq/projects/rustdom/.tools/valgrind/usr/libexec/valgrind/vgpreload_memcheck-amd64-linux.so)
==2443640==    by 0x22E8FC22: _RNvXs0_NvMs_NtNtCs6i54tJFfzR_5alloc3ffi5c_strNtBa_7CString3newReNtB5_11SpecNewImpl13spec_new_impl (in /mnt/c/Users/guido/ghq/projects/rustdom/dist/rustdom.node)
==2443640==    by 0x22E3A8DF: _RNvMs2_NtNtCs4QMHp0v7l6B_4napi9js_values15object_propertyNtB5_8Property14with_utf8_name (in /mnt/c/Users/guido/ghq/projects/rustdom/dist/rustdom.node)
==2443640==    by 0x22DF6909: _RNvNvNvNvNtNtNtCs45HKutVyWu4_7rustdom3dom19tree_cursor_binding37___napi_impl_helper_NativeTraversal_1641___napi_register__NativeTraversal_impl_4141__18___CTOR_PRIVATE_REF14___ctor_private (in /mnt/c/Users/guido/ghq/projects/rustdom/dist/rustdom.node)
==2443640==    by 0x681447D: call_init.part.0 (dl-init.c:70)
==2443640==    by 0x6814567: call_init (dl-init.c:33)
==2443640==    by 0x6814567: _dl_init (dl-init.c:117)
==2443640==    by 0x7522BB4: _dl_catch_exception (dl-error-skeleton.c:182)
==2443640==    by 0x681BFF5: dl_open_worker (dl-open.c:808)
==2443640==    by 0x681BFF5: dl_open_worker (dl-open.c:771)
==2443640==    by 0x7522B57: _dl_catch_exception (dl-error-skeleton.c:208)
==2443640==    by 0x681C34D: _dl_open (dl-open.c:883)
==2443640==    by 0x743E5FB: dlopen_doit (dlopen.c:56)
==2443640==    by 0x7522B57: _dl_catch_exception (dl-error-skeleton.c:208)
==2443640== 
==2443640== 6 bytes in 1 blocks are possibly lost in loss record 25 of 377
==2443640==    at 0x7056899: malloc (in /mnt/c/Users/guido/ghq/projects/rustdom/.tools/valgrind/usr/libexec/valgrind/vgpreload_memcheck-amd64-linux.so)
==2443640==    by 0x22E8FC22: _RNvXs0_NvMs_NtNtCs6i54tJFfzR_5alloc3ffi5c_strNtBa_7CString3newReNtB5_11SpecNewImpl13spec_new_impl (in /mnt/c/Users/guido/ghq/projects/rustdom/dist/rustdom.node)
==2443640==    by 0x22E3A8DF: _RNvMs2_NtNtCs4QMHp0v7l6B_4napi9js_values15object_propertyNtB5_8Property14with_utf8_name (in /mnt/c/Users/guido/ghq/projects/rustdom/dist/rustdom.node)
==2443640==    by 0x22DF748B: _RNvNvNvNvNtNtNtCs45HKutVyWu4_7rustdom3dom19web_storage_binding39___napi_impl_helper_NativeStorageArea_1843___napi_register__NativeStorageArea_impl_4331__18___CTOR_PRIVATE_REF14___ctor_private (in /mnt/c/Users/guido/ghq/projects/rustdom/dist/rustdom.node)
==2443640==    by 0x681447D: call_init.part.0 (dl-init.c:70)
==2443640==    by 0x6814567: call_init (dl-init.c:33)
==2443640==    by 0x6814567: _dl_init (dl-init.c:117)
==2443640==    by 0x7522BB4: _dl_catch_exception (dl-error-skeleton.c:182)
==2443640==    by 0x681BFF5: dl_open_worker (dl-open.c:808)
==2443640==    by 0x681BFF5: dl_open_worker (dl-open.c:771)
==2443640==    by 0x7522B57: _dl_catch_exception (dl-error-skeleton.c:208)
==2443640==    by 0x681C34D: _dl_open (dl-open.c:883)
==2443640==    by 0x743E5FB: dlopen_doit (dlopen.c:56)
==2443640==    by 0x7522B57: _dl_catch_exception (dl-error-skeleton.c:208)
==2443640== 
==2443640== 6 bytes in 1 blocks are possibly lost in loss record 26 of 377
==2443640==    at 0x7056899: malloc (in /mnt/c/Users/guido/ghq/projects/rustdom/.tools/valgrind/usr/libexec/valgrind/vgpreload_memcheck-amd64-linux.so)
==2443640==    by 0x22E8FC22: _RNvXs0_NvMs_NtNtCs6i54tJFfzR_5alloc3ffi5c_strNtBa_7CString3newReNtB5_11SpecNewImpl13spec_new_impl (in /mnt/c/Users/guido/ghq/projects/rustdom/dist/rustdom.node)
==2443640==    by 0x22E3A8DF: _RNvMs2_NtNtCs4QMHp0v7l6B_4napi9js_values15object_propertyNtB5_8Property14with_utf8_name (in /mnt/c/Users/guido/ghq/projects/rustdom/dist/rustdom.node)
==2443640==    by 0x22DF7E6D: _RNvNvNvNvNtNtNtCs45HKutVyWu4_7rustdom3dom19web_storage_binding39___napi_impl_helper_NativeStorageArea_1843___napi_register__NativeStorageArea_impl_4331__18___CTOR_PRIVATE_REF14___ctor_private (in /mnt/c/Users/guido/ghq/projects/rustdom/dist/rustdom.node)
==2443640==    by 0x681447D: call_init.part.0 (dl-init.c:70)
==2443640==    by 0x6814567: call_init (dl-init.c:33)
==2443640==    by 0x6814567: _dl_init (dl-init.c:117)
==2443640==    by 0x7522BB4: _dl_catch_exception (dl-error-skeleton.c:182)
==2443640==    by 0x681BFF5: dl_open_worker (dl-open.c:808)
==2443640==    by 0x681BFF5: dl_open_worker (dl-open.c:771)
==2443640==    by 0x7522B57: _dl_catch_exception (dl-error-skeleton.c:208)
==2443640==    by 0x681C34D: _dl_open (dl-open.c:883)
==2443640==    by 0x743E5FB: dlopen_doit (dlopen.c:56)
==2443640==    by 0x7522B57: _dl_catch_exception (dl-error-skeleton.c:208)
==2443640== 
==2443640== 6 bytes in 1 blocks are possibly lost in loss record 27 of 377
==2443640==    at 0x7056899: malloc (in /mnt/c/Users/guido/ghq/projects/rustdom/.tools/valgrind/usr/libexec/valgrind/vgpreload_memcheck-amd64-linux.so)
==2443640==    by 0x22E8FC22: _RNvXs0_NvMs_NtNtCs6i54tJFfzR_5alloc3ffi5c_strNtBa_7CString3newReNtB5_11SpecNewImpl13spec_new_impl (in /mnt/c/Users/guido/ghq/projects/rustdom/dist/rustdom.node)
==2443640==    by 0x22E3A8DF: _RNvMs2_NtNtCs4QMHp0v7l6B_4napi9js_values15object_propertyNtB5_8Property14with_utf8_name (in /mnt/c/Users/guido/ghq/projects/rustdom/dist/rustdom.node)
==2443640==    by 0x22DDB33B: _RNvNvNtNtNtCs45HKutVyWu4_7rustdom3dom4tree32___napi_impl_helper_NativeTree_1536___napi_register__NativeTree_impl_40020___ctor_private_inner (in /mnt/c/Users/guido/ghq/projects/rustdom/dist/rustdom.node)
==2443640==    by 0x22DFFF35: _RNvNvNvNvNtNtNtCs45HKutVyWu4_7rustdom3dom4tree32___napi_impl_helper_NativeTree_1536___napi_register__NativeTree_impl_4001__18___CTOR_PRIVATE_REF14___ctor_private (in /mnt/c/Users/guido/ghq/projects/rustdom/dist/rustdom.node)
==2443640==    by 0x681447D: call_init.part.0 (dl-init.c:70)
==2443640==    by 0x6814567: call_init (dl-init.c:33)
==2443640==    by 0x6814567: _dl_init (dl-init.c:117)
==2443640==    by 0x7522BB4: _dl_catch_exception (dl-error-skeleton.c:182)
==2443640==    by 0x681BFF5: dl_open_worker (dl-open.c:808)
==2443640==    by 0x681BFF5: dl_open_worker (dl-open.c:771)
==2443640==    by 0x7522B57: _dl_catch_exception (dl-error-skeleton.c:208)
==2443640==    by 0x681C34D: _dl_open (dl-open.c:883)
==2443640==    by 0x743E5FB: dlopen_doit (dlopen.c:56)
==2443640== 
==2443640== 6 bytes in 1 blocks are possibly lost in loss record 28 of 377
==2443640==    at 0x7056899: malloc (in /mnt/c/Users/guido/ghq/projects/rustdom/.tools/valgrind/usr/libexec/valgrind/vgpreload_memcheck-amd64-linux.so)
==2443640==    by 0x22E8FC22: _RNvXs0_NvMs_NtNtCs6i54tJFfzR_5alloc3ffi5c_strNtBa_7CString3newReNtB5_11SpecNewImpl13spec_new_impl (in /mnt/c/Users/guido/ghq/projects/rustdom/dist/rustdom.node)
==2443640==    by 0x22E3A8DF: _RNvMs2_NtNtCs4QMHp0v7l6B_4napi9js_values15object_propertyNtB5_8Property14with_utf8_name (in /mnt/c/Users/guido/ghq/projects/rustdom/dist/rustdom.node)
==2443640==    by 0x22E0016B: _RNvNvNvNvNtNtNtCs45HKutVyWu4_7rustdom3xml7binding37___napi_impl_helper_NativeXmlParser_2041___napi_register__NativeXmlParser_impl_4511__18___CTOR_PRIVATE_REF14___ctor_private (in /mnt/c/Users/guido/ghq/projects/rustdom/dist/rustdom.node)
==2443640==    by 0x681447D: call_init.part.0 (dl-init.c:70)
==2443640==    by 0x6814567: call_init (dl-init.c:33)
==2443640==    by 0x6814567: _dl_init (dl-init.c:117)
==2443640==    by 0x7522BB4: _dl_catch_exception (dl-error-skeleton.c:182)
==2443640==    by 0x681BFF5: dl_open_worker (dl-open.c:808)
==2443640==    by 0x681BFF5: dl_open_worker (dl-open.c:771)
==2443640==    by 0x7522B57: _dl_catch_exception (dl-error-skeleton.c:208)
==2443640==    by 0x681C34D: _dl_open (dl-open.c:883)
==2443640==    by 0x743E5FB: dlopen_doit (dlopen.c:56)
==2443640==    by 0x7522B57: _dl_catch_exception (dl-error-skeleton.c:208)
==2443640== 
==2443640== 7 bytes in 1 blocks are possibly lost in loss record 29 of 377
==2443640==    at 0x7056899: malloc (in /mnt/c/Users/guido/ghq/projects/rustdom/.tools/valgrind/usr/libexec/valgrind/vgpreload_memcheck-amd64-linux.so)
==2443640==    by 0x22E8FC22: _RNvXs0_NvMs_NtNtCs6i54tJFfzR_5alloc3ffi5c_strNtBa_7CString3newReNtB5_11SpecNewImpl13spec_new_impl (in /mnt/c/Users/guido/ghq/projects/rustdom/dist/rustdom.node)
==2443640==    by 0x22E3A8DF: _RNvMs2_NtNtCs4QMHp0v7l6B_4napi9js_values15object_propertyNtB5_8Property14with_utf8_name (in /mnt/c/Users/guido/ghq/projects/rustdom/dist/rustdom.node)
==2443640==    by 0x22DEAA6B: _RNvNvNvNvNtNtNtCs45HKutVyWu4_7rustdom3dom16dom_rect_binding34___napi_impl_helper_NativeDomRect_238___napi_register__NativeDomRect_impl_501__18___CTOR_PRIVATE_REF14___ctor_private (in /mnt/c/Users/guido/ghq/projects/rustdom/dist/rustdom.node)
==2443640==    by 0x681447D: call_init.part.0 (dl-init.c:70)
==2443640==    by 0x6814567: call_init (dl-init.c:33)
==2443640==    by 0x6814567: _dl_init (dl-init.c:117)
==2443640==    by 0x7522BB4: _dl_catch_exception (dl-error-skeleton.c:182)
==2443640==    by 0x681BFF5: dl_open_worker (dl-open.c:808)
==2443640==    by 0x681BFF5: dl_open_worker (dl-open.c:771)
==2443640==    by 0x7522B57: _dl_catch_exception (dl-error-skeleton.c:208)
==2443640==    by 0x681C34D: _dl_open (dl-open.c:883)
==2443640==    by 0x743E5FB: dlopen_doit (dlopen.c:56)
==2443640==    by 0x7522B57: _dl_catch_exception (dl-error-skeleton.c:208)
==2443640== 
==2443640== 7 bytes in 1 blocks are possibly lost in loss record 30 of 377
==2443640==    at 0x7056899: malloc (in /mnt/c/Users/guido/ghq/projects/rustdom/.tools/valgrind/usr/libexec/valgrind/vgpreload_memcheck-amd64-linux.so)
==2443640==    by 0x22E8FC22: _RNvXs0_NvMs_NtNtCs6i54tJFfzR_5alloc3ffi5c_strNtBa_7CString3newReNtB5_11SpecNewImpl13spec_new_impl (in /mnt/c/Users/guido/ghq/projects/rustdom/dist/rustdom.node)
==2443640==    by 0x22E3A8DF: _RNvMs2_NtNtCs4QMHp0v7l6B_4napi9js_values15object_propertyNtB5_8Property14with_utf8_name (in /mnt/c/Users/guido/ghq/projects/rustdom/dist/rustdom.node)
==2443640==    by 0x22DEAC5C: _RNvNvNvNvNtNtNtCs45HKutVyWu4_7rustdom3dom16dom_rect_binding34___napi_impl_helper_NativeDomRect_238___napi_register__NativeDomRect_impl_501__18___CTOR_PRIVATE_REF14___ctor_private (in /mnt/c/Users/guido/ghq/projects/rustdom/dist/rustdom.node)
==2443640==    by 0x681447D: call_init.part.0 (dl-init.c:70)
==2443640==    by 0x6814567: call_init (dl-init.c:33)
==2443640==    by 0x6814567: _dl_init (dl-init.c:117)
==2443640==    by 0x7522BB4: _dl_catch_exception (dl-error-skeleton.c:182)
==2443640==    by 0x681BFF5: dl_open_worker (dl-open.c:808)
==2443640==    by 0x681BFF5: dl_open_worker (dl-open.c:771)
==2443640==    by 0x7522B57: _dl_catch_exception (dl-error-skeleton.c:208)
==2443640==    by 0x681C34D: _dl_open (dl-open.c:883)
==2443640==    by 0x743E5FB: dlopen_doit (dlopen.c:56)
==2443640==    by 0x7522B57: _dl_catch_exception (dl-error-skeleton.c:208)
==2443640== 
==2443640== 7 bytes in 1 blocks are possibly lost in loss record 31 of 377
==2443640==    at 0x7056899: malloc (in /mnt/c/Users/guido/ghq/projects/rustdom/.tools/valgrind/usr/libexec/valgrind/vgpreload_memcheck-amd64-linux.so)
==2443640==    by 0x22E8FC22: _RNvXs0_NvMs_NtNtCs6i54tJFfzR_5alloc3ffi5c_strNtBa_7CString3newReNtB5_11SpecNewImpl13spec_new_impl (in /mnt/c/Users/guido/ghq/projects/rustdom/dist/rustdom.node)
==2443640==    by 0x22E3A8DF: _RNvMs2_NtNtCs4QMHp0v7l6B_4napi9js_values15object_propertyNtB5_8Property14with_utf8_name (in /mnt/c/Users/guido/ghq/projects/rustdom/dist/rustdom.node)
==2443640==    by 0x22DF24C6: _RNvNvNvNvNtNtNtCs45HKutVyWu4_7rustdom3dom19file_reader_binding42___napi_impl_helper_NativeFileReaderState_547___napi_register__NativeFileReaderState_impl_1121__18___CTOR_PRIVATE_REF14___ctor_private (in /mnt/c/Users/guido/ghq/projects/rustdom/dist/rustdom.node)
==2443640==    by 0x681447D: call_init.part.0 (dl-init.c:70)
==2443640==    by 0x6814567: call_init (dl-init.c:33)
==2443640==    by 0x6814567: _dl_init (dl-init.c:117)
==2443640==    by 0x7522BB4: _dl_catch_exception (dl-error-skeleton.c:182)
==2443640==    by 0x681BFF5: dl_open_worker (dl-open.c:808)
==2443640==    by 0x681BFF5: dl_open_worker (dl-open.c:771)
==2443640==    by 0x7522B57: _dl_catch_exception (dl-error-skeleton.c:208)
==2443640==    by 0x681C34D: _dl_open (dl-open.c:883)
==2443640==    by 0x743E5FB: dlopen_doit (dlopen.c:56)
==2443640==    by 0x7522B57: _dl_catch_exception (dl-error-skeleton.c:208)
==2443640== 
==2443640== 7 bytes in 1 blocks are possibly lost in loss record 32 of 377
==2443640==    at 0x7056899: malloc (in /mnt/c/Users/guido/ghq/projects/rustdom/.tools/valgrind/usr/libexec/valgrind/vgpreload_memcheck-amd64-linux.so)
==2443640==    by 0x22E8FC22: _RNvXs0_NvMs_NtNtCs6i54tJFfzR_5alloc3ffi5c_strNtBa_7CString3newReNtB5_11SpecNewImpl13spec_new_impl (in /mnt/c/Users/guido/ghq/projects/rustdom/dist/rustdom.node)
==2443640==    by 0x22E3A8DF: _RNvMs2_NtNtCs4QMHp0v7l6B_4napi9js_values15object_propertyNtB5_8Property14with_utf8_name (in /mnt/c/Users/guido/ghq/projects/rustdom/dist/rustdom.node)
==2443640==    by 0x22DF2FFB: _RNvNvNvNvNtNtNtCs45HKutVyWu4_7rustdom3dom19range_clone_binding37___napi_impl_helper_NativeRangeClone_842___napi_register__NativeRangeClone_impl_1581__18___CTOR_PRIVATE_REF14___ctor_private (in /mnt/c/Users/guido/ghq/projects/rustdom/dist/rustdom.node)
==2443640==    by 0x681447D: call_init.part.0 (dl-init.c:70)
==2443640==    by 0x6814567: call_init (dl-init.c:33)
==2443640==    by 0x6814567: _dl_init (dl-init.c:117)
==2443640==    by 0x7522BB4: _dl_catch_exception (dl-error-skeleton.c:182)
==2443640==    by 0x681BFF5: dl_open_worker (dl-open.c:808)
==2443640==    by 0x681BFF5: dl_open_worker (dl-open.c:771)
==2443640==    by 0x7522B57: _dl_catch_exception (dl-error-skeleton.c:208)
==2443640==    by 0x681C34D: _dl_open (dl-open.c:883)
==2443640==    by 0x743E5FB: dlopen_doit (dlopen.c:56)
==2443640==    by 0x7522B57: _dl_catch_exception (dl-error-skeleton.c:208)
==2443640== 
==2443640== 7 bytes in 1 blocks are possibly lost in loss record 33 of 377
==2443640==    at 0x7056899: malloc (in /mnt/c/Users/guido/ghq/projects/rustdom/.tools/valgrind/usr/libexec/valgrind/vgpreload_memcheck-amd64-linux.so)
==2443640==    by 0x22E8FC22: _RNvXs0_NvMs_NtNtCs6i54tJFfzR_5alloc3ffi5c_strNtBa_7CString3newReNtB5_11SpecNewImpl13spec_new_impl (in /mnt/c/Users/guido/ghq/projects/rustdom/dist/rustdom.node)
==2443640==    by 0x22E3A8DF: _RNvMs2_NtNtCs4QMHp0v7l6B_4napi9js_values15object_propertyNtB5_8Property14with_utf8_name (in /mnt/c/Users/guido/ghq/projects/rustdom/dist/rustdom.node)
==2443640==    by 0x22DF470A: _RNvNvNvNvNtNtNtCs45HKutVyWu4_7rustdom3dom19range_state_binding33___napi_impl_helper_NativeRange_1037___napi_register__NativeRange_impl_1951__18___CTOR_PRIVATE_REF14___ctor_private (in /mnt/c/Users/guido/ghq/projects/rustdom/dist/rustdom.node)
==2443640==    by 0x681447D: call_init.part.0 (dl-init.c:70)
==2443640==    by 0x6814567: call_init (dl-init.c:33)
==2443640==    by 0x6814567: _dl_init (dl-init.c:117)
==2443640==    by 0x7522BB4: _dl_catch_exception (dl-error-skeleton.c:182)
==2443640==    by 0x681BFF5: dl_open_worker (dl-open.c:808)
==2443640==    by 0x681BFF5: dl_open_worker (dl-open.c:771)
==2443640==    by 0x7522B57: _dl_catch_exception (dl-error-skeleton.c:208)
==2443640==    by 0x681C34D: _dl_open (dl-open.c:883)
==2443640==    by 0x743E5FB: dlopen_doit (dlopen.c:56)
==2443640==    by 0x7522B57: _dl_catch_exception (dl-error-skeleton.c:208)
==2443640== 
==2443640== 7 bytes in 1 blocks are possibly lost in loss record 34 of 377
==2443640==    at 0x7056899: malloc (in /mnt/c/Users/guido/ghq/projects/rustdom/.tools/valgrind/usr/libexec/valgrind/vgpreload_memcheck-amd64-linux.so)
==2443640==    by 0x22E8FC22: _RNvXs0_NvMs_NtNtCs6i54tJFfzR_5alloc3ffi5c_strNtBa_7CString3newReNtB5_11SpecNewImpl13spec_new_impl (in /mnt/c/Users/guido/ghq/projects/rustdom/dist/rustdom.node)
==2443640==    by 0x22E3A8DF: _RNvMs2_NtNtCs4QMHp0v7l6B_4napi9js_values15object_propertyNtB5_8Property14with_utf8_name (in /mnt/c/Users/guido/ghq/projects/rustdom/dist/rustdom.node)
==2443640==    by 0x22DF663B: _RNvNvNvNvNtNtNtCs45HKutVyWu4_7rustdom3dom19tree_cursor_binding37___napi_impl_helper_NativeTraversal_1641___napi_register__NativeTraversal_impl_4141__18___CTOR_PRIVATE_REF14___ctor_private (in /mnt/c/Users/guido/ghq/projects/rustdom/dist/rustdom.node)
==2443640==    by 0x681447D: call_init.part.0 (dl-init.c:70)
==2443640==    by 0x6814567: call_init (dl-init.c:33)
==2443640==    by 0x6814567: _dl_init (dl-init.c:117)
==2443640==    by 0x7522BB4: _dl_catch_exception (dl-error-skeleton.c:182)
==2443640==    by 0x681BFF5: dl_open_worker (dl-open.c:808)
==2443640==    by 0x681BFF5: dl_open_worker (dl-open.c:771)
==2443640==    by 0x7522B57: _dl_catch_exception (dl-error-skeleton.c:208)
==2443640==    by 0x681C34D: _dl_open (dl-open.c:883)
==2443640==    by 0x743E5FB: dlopen_doit (dlopen.c:56)
==2443640==    by 0x7522B57: _dl_catch_exception (dl-error-skeleton.c:208)
==2443640== 
==2443640== 7 bytes in 1 blocks are possibly lost in loss record 35 of 377
==2443640==    at 0x7056899: malloc (in /mnt/c/Users/guido/ghq/projects/rustdom/.tools/valgrind/usr/libexec/valgrind/vgpreload_memcheck-amd64-linux.so)
==2443640==    by 0x22E8FC22: _RNvXs0_NvMs_NtNtCs6i54tJFfzR_5alloc3ffi5c_strNtBa_7CString3newReNtB5_11SpecNewImpl13spec_new_impl (in /mnt/c/Users/guido/ghq/projects/rustdom/dist/rustdom.node)
==2443640==    by 0x22E3A8DF: _RNvMs2_NtNtCs4QMHp0v7l6B_4napi9js_values15object_propertyNtB5_8Property14with_utf8_name (in /mnt/c/Users/guido/ghq/projects/rustdom/dist/rustdom.node)
==2443640==    by 0x22DF671A: _RNvNvNvNvNtNtNtCs45HKutVyWu4_7rustdom3dom19tree_cursor_binding37___napi_impl_helper_NativeTraversal_1641___napi_register__NativeTraversal_impl_4141__18___CTOR_PRIVATE_REF14___ctor_private (in /mnt/c/Users/guido/ghq/projects/rustdom/dist/rustdom.node)
==2443640==    by 0x681447D: call_init.part.0 (dl-init.c:70)
==2443640==    by 0x6814567: call_init (dl-init.c:33)
==2443640==    by 0x6814567: _dl_init (dl-init.c:117)
==2443640==    by 0x7522BB4: _dl_catch_exception (dl-error-skeleton.c:182)
==2443640==    by 0x681BFF5: dl_open_worker (dl-open.c:808)
==2443640==    by 0x681BFF5: dl_open_worker (dl-open.c:771)
==2443640==    by 0x7522B57: _dl_catch_exception (dl-error-skeleton.c:208)
==2443640==    by 0x681C34D: _dl_open (dl-open.c:883)
==2443640==    by 0x743E5FB: dlopen_doit (dlopen.c:56)
==2443640==    by 0x7522B57: _dl_catch_exception (dl-error-skeleton.c:208)
==2443640== 
==2443640== 7 bytes in 1 blocks are possibly lost in loss record 36 of 377
==2443640==    at 0x7056899: malloc (in /mnt/c/Users/guido/ghq/projects/rustdom/.tools/valgrind/usr/libexec/valgrind/vgpreload_memcheck-amd64-linux.so)
==2443640==    by 0x22E8FC22: _RNvXs0_NvMs_NtNtCs6i54tJFfzR_5alloc3ffi5c_strNtBa_7CString3newReNtB5_11SpecNewImpl13spec_new_impl (in /mnt/c/Users/guido/ghq/projects/rustdom/dist/rustdom.node)
==2443640==    by 0x22E3A8DF: _RNvMs2_NtNtCs4QMHp0v7l6B_4napi9js_values15object_propertyNtB5_8Property14with_utf8_name (in /mnt/c/Users/guido/ghq/projects/rustdom/dist/rustdom.node)
==2443640==    by 0x22DF709A: _RNvNvNvNvNtNtNtCs45HKutVyWu4_7rustdom3dom19tree_cursor_binding46___napi_impl_helper_NativeTraversalOperation_1750___napi_register__NativeTraversalOperation_impl_4161__18___CTOR_PRIVATE_REF14___ctor_private (in /mnt/c/Users/guido/ghq/projects/rustdom/dist/rustdom.node)
==2443640==    by 0x681447D: call_init.part.0 (dl-init.c:70)
==2443640==    by 0x6814567: call_init (dl-init.c:33)
==2443640==    by 0x6814567: _dl_init (dl-init.c:117)
==2443640==    by 0x7522BB4: _dl_catch_exception (dl-error-skeleton.c:182)
==2443640==    by 0x681BFF5: dl_open_worker (dl-open.c:808)
==2443640==    by 0x681BFF5: dl_open_worker (dl-open.c:771)
==2443640==    by 0x7522B57: _dl_catch_exception (dl-error-skeleton.c:208)
==2443640==    by 0x681C34D: _dl_open (dl-open.c:883)
==2443640==    by 0x743E5FB: dlopen_doit (dlopen.c:56)
==2443640==    by 0x7522B57: _dl_catch_exception (dl-error-skeleton.c:208)
==2443640== 
==2443640== 7 bytes in 1 blocks are possibly lost in loss record 37 of 377
==2443640==    at 0x7056899: malloc (in /mnt/c/Users/guido/ghq/projects/rustdom/.tools/valgrind/usr/libexec/valgrind/vgpreload_memcheck-amd64-linux.so)
==2443640==    by 0x22E8FC22: _RNvXs0_NvMs_NtNtCs6i54tJFfzR_5alloc3ffi5c_strNtBa_7CString3newReNtB5_11SpecNewImpl13spec_new_impl (in /mnt/c/Users/guido/ghq/projects/rustdom/dist/rustdom.node)
==2443640==    by 0x22E3A8DF: _RNvMs2_NtNtCs4QMHp0v7l6B_4napi9js_values15object_propertyNtB5_8Property14with_utf8_name (in /mnt/c/Users/guido/ghq/projects/rustdom/dist/rustdom.node)
==2443640==    by 0x22DF7698: _RNvNvNvNvNtNtNtCs45HKutVyWu4_7rustdom3dom19web_storage_binding39___napi_impl_helper_NativeStorageArea_1843___napi_register__NativeStorageArea_impl_4331__18___CTOR_PRIVATE_REF14___ctor_private (in /mnt/c/Users/guido/ghq/projects/rustdom/dist/rustdom.node)
==2443640==    by 0x681447D: call_init.part.0 (dl-init.c:70)
==2443640==    by 0x6814567: call_init (dl-init.c:33)
==2443640==    by 0x6814567: _dl_init (dl-init.c:117)
==2443640==    by 0x7522BB4: _dl_catch_exception (dl-error-skeleton.c:182)
==2443640==    by 0x681BFF5: dl_open_worker (dl-open.c:808)
==2443640==    by 0x681BFF5: dl_open_worker (dl-open.c:771)
==2443640==    by 0x7522B57: _dl_catch_exception (dl-error-skeleton.c:208)
==2443640==    by 0x681C34D: _dl_open (dl-open.c:883)
==2443640==    by 0x743E5FB: dlopen_doit (dlopen.c:56)
==2443640==    by 0x7522B57: _dl_catch_exception (dl-error-skeleton.c:208)
==2443640== 
==2443640== 7 bytes in 1 blocks are possibly lost in loss record 38 of 377
==2443640==    at 0x7056899: malloc (in /mnt/c/Users/guido/ghq/projects/rustdom/.tools/valgrind/usr/libexec/valgrind/vgpreload_memcheck-amd64-linux.so)
==2443640==    by 0x22E8FC22: _RNvXs0_NvMs_NtNtCs6i54tJFfzR_5alloc3ffi5c_strNtBa_7CString3newReNtB5_11SpecNewImpl13spec_new_impl (in /mnt/c/Users/guido/ghq/projects/rustdom/dist/rustdom.node)
==2443640==    by 0x22E3A8DF: _RNvMs2_NtNtCs4QMHp0v7l6B_4napi9js_values15object_propertyNtB5_8Property14with_utf8_name (in /mnt/c/Users/guido/ghq/projects/rustdom/dist/rustdom.node)
==2443640==    by 0x22DF8F8B: _RNvNvNvNvNtNtNtCs45HKutVyWu4_7rustdom3dom21range_extract_binding39___napi_impl_helper_NativeRangeExtract_944___napi_register__NativeRangeExtract_impl_1661__18___CTOR_PRIVATE_REF14___ctor_private (in /mnt/c/Users/guido/ghq/projects/rustdom/dist/rustdom.node)
==2443640==    by 0x681447D: call_init.part.0 (dl-init.c:70)
==2443640==    by 0x6814567: call_init (dl-init.c:33)
==2443640==    by 0x6814567: _dl_init (dl-init.c:117)
==2443640==    by 0x7522BB4: _dl_catch_exception (dl-error-skeleton.c:182)
==2443640==    by 0x681BFF5: dl_open_worker (dl-open.c:808)
==2443640==    by 0x681BFF5: dl_open_worker (dl-open.c:771)
==2443640==    by 0x7522B57: _dl_catch_exception (dl-error-skeleton.c:208)
==2443640==    by 0x681C34D: _dl_open (dl-open.c:883)
==2443640==    by 0x743E5FB: dlopen_doit (dlopen.c:56)
==2443640==    by 0x7522B57: _dl_catch_exception (dl-error-skeleton.c:208)
==2443640== 
==2443640== 7 bytes in 1 blocks are possibly lost in loss record 39 of 377
==2443640==    at 0x7056899: malloc (in /mnt/c/Users/guido/ghq/projects/rustdom/.tools/valgrind/usr/libexec/valgrind/vgpreload_memcheck-amd64-linux.so)
==2443640==    by 0x22E8FC22: _RNvXs0_NvMs_NtNtCs6i54tJFfzR_5alloc3ffi5c_strNtBa_7CString3newReNtB5_11SpecNewImpl13spec_new_impl (in /mnt/c/Users/guido/ghq/projects/rustdom/dist/rustdom.node)
==2443640==    by 0x22E3A8DF: _RNvMs2_NtNtCs4QMHp0v7l6B_4napi9js_values15object_propertyNtB5_8Property14with_utf8_name (in /mnt/c/Users/guido/ghq/projects/rustdom/dist/rustdom.node)
==2443640==    by 0x22DF9D5E: _RNvNvNvNvNtNtNtCs45HKutVyWu4_7rustdom3dom23event_listeners_binding43___napi_impl_helper_NativeListenerRegistry_347___napi_register__NativeListenerRegistry_impl_661__18___CTOR_PRIVATE_REF14___ctor_private (in /mnt/c/Users/guido/ghq/projects/rustdom/dist/rustdom.node)
==2443640==    by 0x681447D: call_init.part.0 (dl-init.c:70)
==2443640==    by 0x6814567: call_init (dl-init.c:33)
==2443640==    by 0x6814567: _dl_init (dl-init.c:117)
==2443640==    by 0x7522BB4: _dl_catch_exception (dl-error-skeleton.c:182)
==2443640==    by 0x681BFF5: dl_open_worker (dl-open.c:808)
==2443640==    by 0x681BFF5: dl_open_worker (dl-open.c:771)
==2443640==    by 0x7522B57: _dl_catch_exception (dl-error-skeleton.c:208)
==2443640==    by 0x681C34D: _dl_open (dl-open.c:883)
==2443640==    by 0x743E5FB: dlopen_doit (dlopen.c:56)
==2443640==    by 0x7522B57: _dl_catch_exception (dl-error-skeleton.c:208)
==2443640== 
==2443640== 7 bytes in 1 blocks are possibly lost in loss record 40 of 377
==2443640==    at 0x7056899: malloc (in /mnt/c/Users/guido/ghq/projects/rustdom/.tools/valgrind/usr/libexec/valgrind/vgpreload_memcheck-amd64-linux.so)
==2443640==    by 0x22E8FC22: _RNvXs0_NvMs_NtNtCs6i54tJFfzR_5alloc3ffi5c_strNtBa_7CString3newReNtB5_11SpecNewImpl13spec_new_impl (in /mnt/c/Users/guido/ghq/projects/rustdom/dist/rustdom.node)
==2443640==    by 0x22E3A8DF: _RNvMs2_NtNtCs4QMHp0v7l6B_4napi9js_values15object_propertyNtB5_8Property14with_utf8_name (in /mnt/c/Users/guido/ghq/projects/rustdom/dist/rustdom.node)
==2443640==    by 0x22DFB7D5: _RNvNvNvNvNtNtNtCs45HKutVyWu4_7rustdom3dom23mutation_record_binding41___napi_impl_helper_NativeMutationRecord_646___napi_register__NativeMutationRecord_impl_1321__18___CTOR_PRIVATE_REF14___ctor_private (in /mnt/c/Users/guido/ghq/projects/rustdom/dist/rustdom.node)
==2443640==    by 0x681447D: call_init.part.0 (dl-init.c:70)
==2443640==    by 0x6814567: call_init (dl-init.c:33)
==2443640==    by 0x6814567: _dl_init (dl-init.c:117)
==2443640==    by 0x7522BB4: _dl_catch_exception (dl-error-skeleton.c:182)
==2443640==    by 0x681BFF5: dl_open_worker (dl-open.c:808)
==2443640==    by 0x681BFF5: dl_open_worker (dl-open.c:771)
==2443640==    by 0x7522B57: _dl_catch_exception (dl-error-skeleton.c:208)
==2443640==    by 0x681C34D: _dl_open (dl-open.c:883)
==2443640==    by 0x743E5FB: dlopen_doit (dlopen.c:56)
==2443640==    by 0x7522B57: _dl_catch_exception (dl-error-skeleton.c:208)
==2443640== 
==2443640== 7 bytes in 1 blocks are possibly lost in loss record 41 of 377
==2443640==    at 0x7056899: malloc (in /mnt/c/Users/guido/ghq/projects/rustdom/.tools/valgrind/usr/libexec/valgrind/vgpreload_memcheck-amd64-linux.so)
==2443640==    by 0x22E8FC22: _RNvXs0_NvMs_NtNtCs6i54tJFfzR_5alloc3ffi5c_strNtBa_7CString3newReNtB5_11SpecNewImpl13spec_new_impl (in /mnt/c/Users/guido/ghq/projects/rustdom/dist/rustdom.node)
==2443640==    by 0x22E3A8DF: _RNvMs2_NtNtCs4QMHp0v7l6B_4napi9js_values15object_propertyNtB5_8Property14with_utf8_name (in /mnt/c/Users/guido/ghq/projects/rustdom/dist/rustdom.node)
==2443640==    by 0x22DFC5CB: _RNvNvNvNvNtNtNtCs45HKutVyWu4_7rustdom3dom23slot_assignment_binding48___napi_impl_helper_NativeSlotAssignmentDriver_1152___napi_register__NativeSlotAssignmentDriver_impl_2041__18___CTOR_PRIVATE_REF14___ctor_private (in /mnt/c/Users/guido/ghq/projects/rustdom/dist/rustdom.node)
==2443640==    by 0x681447D: call_init.part.0 (dl-init.c:70)
==2443640==    by 0x6814567: call_init (dl-init.c:33)
==2443640==    by 0x6814567: _dl_init (dl-init.c:117)
==2443640==    by 0x7522BB4: _dl_catch_exception (dl-error-skeleton.c:182)
==2443640==    by 0x681BFF5: dl_open_worker (dl-open.c:808)
==2443640==    by 0x681BFF5: dl_open_worker (dl-open.c:771)
==2443640==    by 0x7522B57: _dl_catch_exception (dl-error-skeleton.c:208)
==2443640==    by 0x681C34D: _dl_open (dl-open.c:883)
==2443640==    by 0x743E5FB: dlopen_doit (dlopen.c:56)
==2443640==    by 0x7522B57: _dl_catch_exception (dl-error-skeleton.c:208)
==2443640== 
==2443640== 7 bytes in 1 blocks are possibly lost in loss record 42 of 377
==2443640==    at 0x7056899: malloc (in /mnt/c/Users/guido/ghq/projects/rustdom/.tools/valgrind/usr/libexec/valgrind/vgpreload_memcheck-amd64-linux.so)
==2443640==    by 0x22E8FC22: _RNvXs0_NvMs_NtNtCs6i54tJFfzR_5alloc3ffi5c_strNtBa_7CString3newReNtB5_11SpecNewImpl13spec_new_impl (in /mnt/c/Users/guido/ghq/projects/rustdom/dist/rustdom.node)
==2443640==    by 0x22E3A8DF: _RNvMs2_NtNtCs4QMHp0v7l6B_4napi9js_values15object_propertyNtB5_8Property14with_utf8_name (in /mnt/c/Users/guido/ghq/projects/rustdom/dist/rustdom.node)
==2443640==    by 0x22DFCE9B: _RNvNvNvNvNtNtNtCs45HKutVyWu4_7rustdom3dom25observer_delivery_binding43___napi_impl_helper_NativeObserverDelivery_748___napi_register__NativeObserverDelivery_impl_1451__18___CTOR_PRIVATE_REF14___ctor_private (in /mnt/c/Users/guido/ghq/projects/rustdom/dist/rustdom.node)
==2443640==    by 0x681447D: call_init.part.0 (dl-init.c:70)
==2443640==    by 0x6814567: call_init (dl-init.c:33)
==2443640==    by 0x6814567: _dl_init (dl-init.c:117)
==2443640==    by 0x7522BB4: _dl_catch_exception (dl-error-skeleton.c:182)
==2443640==    by 0x681BFF5: dl_open_worker (dl-open.c:808)
==2443640==    by 0x681BFF5: dl_open_worker (dl-open.c:771)
==2443640==    by 0x7522B57: _dl_catch_exception (dl-error-skeleton.c:208)
==2443640==    by 0x681C34D: _dl_open (dl-open.c:883)
==2443640==    by 0x743E5FB: dlopen_doit (dlopen.c:56)
==2443640==    by 0x7522B57: _dl_catch_exception (dl-error-skeleton.c:208)
==2443640== 
==2443640== 7 bytes in 1 blocks are possibly lost in loss record 43 of 377
==2443640==    at 0x7056899: malloc (in /mnt/c/Users/guido/ghq/projects/rustdom/.tools/valgrind/usr/libexec/valgrind/vgpreload_memcheck-amd64-linux.so)
==2443640==    by 0x22E8FC22: _RNvXs0_NvMs_NtNtCs6i54tJFfzR_5alloc3ffi5c_strNtBa_7CString3newReNtB5_11SpecNewImpl13spec_new_impl (in /mnt/c/Users/guido/ghq/projects/rustdom/dist/rustdom.node)
==2443640==    by 0x22E3A8DF: _RNvMs2_NtNtCs4QMHp0v7l6B_4napi9js_values15object_propertyNtB5_8Property14with_utf8_name (in /mnt/c/Users/guido/ghq/projects/rustdom/dist/rustdom.node)
==2443640==    by 0x22DD6F9E: _RNvNvNtNtNtCs45HKutVyWu4_7rustdom3dom4tree32___napi_impl_helper_NativeTree_1536___napi_register__NativeTree_impl_40020___ctor_private_inner (in /mnt/c/Users/guido/ghq/projects/rustdom/dist/rustdom.node)
==2443640==    by 0x22DFFF35: _RNvNvNvNvNtNtNtCs45HKutVyWu4_7rustdom3dom4tree32___napi_impl_helper_NativeTree_1536___napi_register__NativeTree_impl_4001__18___CTOR_PRIVATE_REF14___ctor_private (in /mnt/c/Users/guido/ghq/projects/rustdom/dist/rustdom.node)
==2443640==    by 0x681447D: call_init.part.0 (dl-init.c:70)
==2443640==    by 0x6814567: call_init (dl-init.c:33)
==2443640==    by 0x6814567: _dl_init (dl-init.c:117)
==2443640==    by 0x7522BB4: _dl_catch_exception (dl-error-skeleton.c:182)
==2443640==    by 0x681BFF5: dl_open_worker (dl-open.c:808)
==2443640==    by 0x681BFF5: dl_open_worker (dl-open.c:771)
==2443640==    by 0x7522B57: _dl_catch_exception (dl-error-skeleton.c:208)
==2443640==    by 0x681C34D: _dl_open (dl-open.c:883)
==2443640==    by 0x743E5FB: dlopen_doit (dlopen.c:56)
==2443640== 
==2443640== 7 bytes in 1 blocks are possibly lost in loss record 44 of 377
==2443640==    at 0x7056899: malloc (in /mnt/c/Users/guido/ghq/projects/rustdom/.tools/valgrind/usr/libexec/valgrind/vgpreload_memcheck-amd64-linux.so)
==2443640==    by 0x22E8FC22: _RNvXs0_NvMs_NtNtCs6i54tJFfzR_5alloc3ffi5c_strNtBa_7CString3newReNtB5_11SpecNewImpl13spec_new_impl (in /mnt/c/Users/guido/ghq/projects/rustdom/dist/rustdom.node)
==2443640==    by 0x22E3A8DF: _RNvMs2_NtNtCs4QMHp0v7l6B_4napi9js_values15object_propertyNtB5_8Property14with_utf8_name (in /mnt/c/Users/guido/ghq/projects/rustdom/dist/rustdom.node)
==2443640==    by 0x22DDC8B9: _RNvNvNtNtNtCs45HKutVyWu4_7rustdom3dom4tree32___napi_impl_helper_NativeTree_1536___napi_register__NativeTree_impl_40020___ctor_private_inner (in /mnt/c/Users/guido/ghq/projects/rustdom/dist/rustdom.node)
==2443640==    by 0x22DFFF35: _RNvNvNvNvNtNtNtCs45HKutVyWu4_7rustdom3dom4tree32___napi_impl_helper_NativeTree_1536___napi_register__NativeTree_impl_4001__18___CTOR_PRIVATE_REF14___ctor_private (in /mnt/c/Users/guido/ghq/projects/rustdom/dist/rustdom.node)
==2443640==    by 0x681447D: call_init.part.0 (dl-init.c:70)
==2443640==    by 0x6814567: call_init (dl-init.c:33)
==2443640==    by 0x6814567: _dl_init (dl-init.c:117)
==2443640==    by 0x7522BB4: _dl_catch_exception (dl-error-skeleton.c:182)
==2443640==    by 0x681BFF5: dl_open_worker (dl-open.c:808)
==2443640==    by 0x681BFF5: dl_open_worker (dl-open.c:771)
==2443640==    by 0x7522B57: _dl_catch_exception (dl-error-skeleton.c:208)
==2443640==    by 0x681C34D: _dl_open (dl-open.c:883)
==2443640==    by 0x743E5FB: dlopen_doit (dlopen.c:56)
==2443640== 
==2443640== 8 bytes in 1 blocks are still reachable in loss record 45 of 377
==2443640==    at 0x7057013: operator new(unsigned long) (in /mnt/c/Users/guido/ghq/projects/rustdom/.tools/valgrind/usr/libexec/valgrind/vgpreload_memcheck-amd64-linux.so)
==2443640==    by 0xCA93C7: v8::internal::ThreadIsolation::Initialize(v8::ThreadIsolatedAllocator*) (in /mnt/c/Users/guido/ghq/projects/rustdom/.tools/node/bin/node)
==2443640==    by 0xF72136: v8::internal::V8::Initialize() (in /mnt/c/Users/guido/ghq/projects/rustdom/.tools/node/bin/node)
==2443640==    by 0xBC8A1D: v8::V8::Initialize(int) (in /mnt/c/Users/guido/ghq/projects/rustdom/.tools/node/bin/node)
==2443640==    by 0x84B0A0: node::InitializeOncePerProcessInternal(std::vector<std::__cxx11::basic_string<char, std::char_traits<char>, std::allocator<char> >, std::allocator<std::__cxx11::basic_string<char, std::char_traits<char>, std::allocator<char> > > > const&, node::ProcessInitializationFlags::Flags) (in /mnt/c/Users/guido/ghq/projects/rustdom/.tools/node/bin/node)
==2443640==    by 0x84CAEB: node::Start(int, char**) (in /mnt/c/Users/guido/ghq/projects/rustdom/.tools/node/bin/node)
==2443640==    by 0x73D7D8F: (below main) (libc_start_call_main.h:58)
==2443640== 
==2443640== 8 bytes in 1 blocks are still reachable in loss record 46 of 377
==2443640==    at 0x7057013: operator new(unsigned long) (in /mnt/c/Users/guido/ghq/projects/rustdom/.tools/valgrind/usr/libexec/valgrind/vgpreload_memcheck-amd64-linux.so)
==2443640==    by 0x1912B8A: cppgc::internal::HeapRegistry::RegisterHeap(cppgc::internal::HeapBase&) (in /mnt/c/Users/guido/ghq/projects/rustdom/.tools/node/bin/node)
==2443640==    by 0x18FB450: cppgc::internal::HeapBase::HeapBase(std::shared_ptr<cppgc::Platform>, std::vector<std::unique_ptr<cppgc::CustomSpaceBase, std::default_delete<cppgc::CustomSpaceBase> >, std::allocator<std::unique_ptr<cppgc::CustomSpaceBase, std::default_delete<cppgc::CustomSpaceBase> > > > const&, cppgc::Heap::StackSupport, cppgc::Heap::MarkingType, cppgc::Heap::SweepingType, cppgc::internal::GarbageCollector&) (in /mnt/c/Users/guido/ghq/projects/rustdom/.tools/node/bin/node)
==2443640==    by 0xDD5EBA: v8::CppHeap::Create(v8::Platform*, v8::CppHeapCreateParams const&) (in /mnt/c/Users/guido/ghq/projects/rustdom/.tools/node/bin/node)
==2443640==    by 0x78D7FA: node::NewIsolate(v8::Isolate::CreateParams*, uv_loop_s*, node::MultiIsolatePlatform*, node::SnapshotData const*, node::IsolateSettings const&) (in /mnt/c/Users/guido/ghq/projects/rustdom/.tools/node/bin/node)
==2443640==    by 0x90ED28: node::NodeMainInstance::NodeMainInstance(node::SnapshotData const*, uv_loop_s*, node::MultiIsolatePlatform*, std::vector<std::__cxx11::basic_string<char, std::char_traits<char>, std::allocator<char> >, std::allocator<std::__cxx11::basic_string<char, std::char_traits<char>, std::allocator<char> > > > const&, std::vector<std::__cxx11::basic_string<char, std::char_traits<char>, std::allocator<char> >, std::allocator<std::__cxx11::basic_string<char, std::char_traits<char>, std::allocator<char> > > > const&) (in /mnt/c/Users/guido/ghq/projects/rustdom/.tools/node/bin/node)
==2443640==    by 0x84CE55: node::Start(int, char**) (in /mnt/c/Users/guido/ghq/projects/rustdom/.tools/node/bin/node)
==2443640==    by 0x73D7D8F: (below main) (libc_start_call_main.h:58)
==2443640== 
==2443640== 8 bytes in 1 blocks are possibly lost in loss record 47 of 377
==2443640==    at 0x7056899: malloc (in /mnt/c/Users/guido/ghq/projects/rustdom/.tools/valgrind/usr/libexec/valgrind/vgpreload_memcheck-amd64-linux.so)
==2443640==    by 0x22E8FC22: _RNvXs0_NvMs_NtNtCs6i54tJFfzR_5alloc3ffi5c_strNtBa_7CString3newReNtB5_11SpecNewImpl13spec_new_impl (in /mnt/c/Users/guido/ghq/projects/rustdom/dist/rustdom.node)
==2443640==    by 0x22E3A8DF: _RNvMs2_NtNtCs4QMHp0v7l6B_4napi9js_values15object_propertyNtB5_8Property14with_utf8_name (in /mnt/c/Users/guido/ghq/projects/rustdom/dist/rustdom.node)
==2443640==    by 0x22DEA147: _RNvNvNvNvNtNtNtCs45HKutVyWu4_7rustdom3dom12blob_binding39___napi_impl_helper_NativeBlobMetadata_143___napi_register__NativeBlobMetadata_impl_281__18___CTOR_PRIVATE_REF14___ctor_private (in /mnt/c/Users/guido/ghq/projects/rustdom/dist/rustdom.node)
==2443640==    by 0x681447D: call_init.part.0 (dl-init.c:70)
==2443640==    by 0x6814567: call_init (dl-init.c:33)
==2443640==    by 0x6814567: _dl_init (dl-init.c:117)
==2443640==    by 0x7522BB4: _dl_catch_exception (dl-error-skeleton.c:182)
==2443640==    by 0x681BFF5: dl_open_worker (dl-open.c:808)
==2443640==    by 0x681BFF5: dl_open_worker (dl-open.c:771)
==2443640==    by 0x7522B57: _dl_catch_exception (dl-error-skeleton.c:208)
==2443640==    by 0x681C34D: _dl_open (dl-open.c:883)
==2443640==    by 0x743E5FB: dlopen_doit (dlopen.c:56)
==2443640==    by 0x7522B57: _dl_catch_exception (dl-error-skeleton.c:208)
==2443640== 
==2443640== 8 bytes in 1 blocks are possibly lost in loss record 48 of 377
==2443640==    at 0x7056899: malloc (in /mnt/c/Users/guido/ghq/projects/rustdom/.tools/valgrind/usr/libexec/valgrind/vgpreload_memcheck-amd64-linux.so)
==2443640==    by 0x22E8FC22: _RNvXs0_NvMs_NtNtCs6i54tJFfzR_5alloc3ffi5c_strNtBa_7CString3newReNtB5_11SpecNewImpl13spec_new_impl (in /mnt/c/Users/guido/ghq/projects/rustdom/dist/rustdom.node)
==2443640==    by 0x22E3A8DF: _RNvMs2_NtNtCs4QMHp0v7l6B_4napi9js_values15object_propertyNtB5_8Property14with_utf8_name (in /mnt/c/Users/guido/ghq/projects/rustdom/dist/rustdom.node)
==2443640==    by 0x22DEC4BC: _RNvNvNvNvNtNtNtCs45HKutVyWu4_7rustdom3dom18token_list_binding36___napi_impl_helper_NativeTokenSet_1340___napi_register__NativeTokenSet_impl_2231__18___CTOR_PRIVATE_REF14___ctor_private (in /mnt/c/Users/guido/ghq/projects/rustdom/dist/rustdom.node)
==2443640==    by 0x681447D: call_init.part.0 (dl-init.c:70)
==2443640==    by 0x6814567: call_init (dl-init.c:33)
==2443640==    by 0x6814567: _dl_init (dl-init.c:117)
==2443640==    by 0x7522BB4: _dl_catch_exception (dl-error-skeleton.c:182)
==2443640==    by 0x681BFF5: dl_open_worker (dl-open.c:808)
==2443640==    by 0x681BFF5: dl_open_worker (dl-open.c:771)
==2443640==    by 0x7522B57: _dl_catch_exception (dl-error-skeleton.c:208)
==2443640==    by 0x681C34D: _dl_open (dl-open.c:883)
==2443640==    by 0x743E5FB: dlopen_doit (dlopen.c:56)
==2443640==    by 0x7522B57: _dl_catch_exception (dl-error-skeleton.c:208)
==2443640== 
==2443640== 8 bytes in 1 blocks are possibly lost in loss record 49 of 377
==2443640==    at 0x7056899: malloc (in /mnt/c/Users/guido/ghq/projects/rustdom/.tools/valgrind/usr/libexec/valgrind/vgpreload_memcheck-amd64-linux.so)
==2443640==    by 0x22E8FC22: _RNvXs0_NvMs_NtNtCs6i54tJFfzR_5alloc3ffi5c_strNtBa_7CString3newReNtB5_11SpecNewImpl13spec_new_impl (in /mnt/c/Users/guido/ghq/projects/rustdom/dist/rustdom.node)
==2443640==    by 0x22E3A8DF: _RNvMs2_NtNtCs4QMHp0v7l6B_4napi9js_values15object_propertyNtB5_8Property14with_utf8_name (in /mnt/c/Users/guido/ghq/projects/rustdom/dist/rustdom.node)
==2443640==    by 0x22DED11B: _RNvNvNvNvNtNtNtCs45HKutVyWu4_7rustdom3dom19abort_state_binding37___napi_impl_helper_NativeAbortState_041___napi_register__NativeAbortState_impl_181__18___CTOR_PRIVATE_REF14___ctor_private (in /mnt/c/Users/guido/ghq/projects/rustdom/dist/rustdom.node)
==2443640==    by 0x681447D: call_init.part.0 (dl-init.c:70)
==2443640==    by 0x6814567: call_init (dl-init.c:33)
==2443640==    by 0x6814567: _dl_init (dl-init.c:117)
==2443640==    by 0x7522BB4: _dl_catch_exception (dl-error-skeleton.c:182)
==2443640==    by 0x681BFF5: dl_open_worker (dl-open.c:808)
==2443640==    by 0x681BFF5: dl_open_worker (dl-open.c:771)
==2443640==    by 0x7522B57: _dl_catch_exception (dl-error-skeleton.c:208)
==2443640==    by 0x681C34D: _dl_open (dl-open.c:883)
==2443640==    by 0x743E5FB: dlopen_doit (dlopen.c:56)
==2443640==    by 0x7522B57: _dl_catch_exception (dl-error-skeleton.c:208)
==2443640== 
==2443640== 8 bytes in 1 blocks are possibly lost in loss record 50 of 377
==2443640==    at 0x7056899: malloc (in /mnt/c/Users/guido/ghq/projects/rustdom/.tools/valgrind/usr/libexec/valgrind/vgpreload_memcheck-amd64-linux.so)
==2443640==    by 0x22E8FC22: _RNvXs0_NvMs_NtNtCs6i54tJFfzR_5alloc3ffi5c_strNtBa_7CString3newReNtB5_11SpecNewImpl13spec_new_impl (in /mnt/c/Users/guido/ghq/projects/rustdom/dist/rustdom.node)
==2443640==    by 0x22E3A8DF: _RNvMs2_NtNtCs4QMHp0v7l6B_4napi9js_values15object_propertyNtB5_8Property14with_utf8_name (in /mnt/c/Users/guido/ghq/projects/rustdom/dist/rustdom.node)
==2443640==    by 0x22DEFD22: _RNvNvNvNvNtNtNtCs45HKutVyWu4_7rustdom3dom19event_state_binding37___napi_impl_helper_NativeEventState_442___napi_register__NativeEventState_impl_1011__18___CTOR_PRIVATE_REF14___ctor_private (in /mnt/c/Users/guido/ghq/projects/rustdom/dist/rustdom.node)
==2443640==    by 0x681447D: call_init.part.0 (dl-init.c:70)
==2443640==    by 0x6814567: call_init (dl-init.c:33)
==2443640==    by 0x6814567: _dl_init (dl-init.c:117)
==2443640==    by 0x7522BB4: _dl_catch_exception (dl-error-skeleton.c:182)
==2443640==    by 0x681BFF5: dl_open_worker (dl-open.c:808)
==2443640==    by 0x681BFF5: dl_open_worker (dl-open.c:771)
==2443640==    by 0x7522B57: _dl_catch_exception (dl-error-skeleton.c:208)
==2443640==    by 0x681C34D: _dl_open (dl-open.c:883)
==2443640==    by 0x743E5FB: dlopen_doit (dlopen.c:56)
==2443640==    by 0x7522B57: _dl_catch_exception (dl-error-skeleton.c:208)
==2443640== 
==2443640== 8 bytes in 1 blocks are possibly lost in loss record 51 of 377
==2443640==    at 0x7056899: malloc (in /mnt/c/Users/guido/ghq/projects/rustdom/.tools/valgrind/usr/libexec/valgrind/vgpreload_memcheck-amd64-linux.so)
==2443640==    by 0x22E8FC22: _RNvXs0_NvMs_NtNtCs6i54tJFfzR_5alloc3ffi5c_strNtBa_7CString3newReNtB5_11SpecNewImpl13spec_new_impl (in /mnt/c/Users/guido/ghq/projects/rustdom/dist/rustdom.node)
==2443640==    by 0x22E3A8DF: _RNvMs2_NtNtCs4QMHp0v7l6B_4napi9js_values15object_propertyNtB5_8Property14with_utf8_name (in /mnt/c/Users/guido/ghq/projects/rustdom/dist/rustdom.node)
==2443640==    by 0x22DF6810: _RNvNvNvNvNtNtNtCs45HKutVyWu4_7rustdom3dom19tree_cursor_binding37___napi_impl_helper_NativeTraversal_1641___napi_register__NativeTraversal_impl_4141__18___CTOR_PRIVATE_REF14___ctor_private (in /mnt/c/Users/guido/ghq/projects/rustdom/dist/rustdom.node)
==2443640==    by 0x681447D: call_init.part.0 (dl-init.c:70)
==2443640==    by 0x6814567: call_init (dl-init.c:33)
==2443640==    by 0x6814567: _dl_init (dl-init.c:117)
==2443640==    by 0x7522BB4: _dl_catch_exception (dl-error-skeleton.c:182)
==2443640==    by 0x681BFF5: dl_open_worker (dl-open.c:808)
==2443640==    by 0x681BFF5: dl_open_worker (dl-open.c:771)
==2443640==    by 0x7522B57: _dl_catch_exception (dl-error-skeleton.c:208)
==2443640==    by 0x681C34D: _dl_open (dl-open.c:883)
==2443640==    by 0x743E5FB: dlopen_doit (dlopen.c:56)
==2443640==    by 0x7522B57: _dl_catch_exception (dl-error-skeleton.c:208)
==2443640== 
==2443640== 8 bytes in 1 blocks are possibly lost in loss record 52 of 377
==2443640==    at 0x7056899: malloc (in /mnt/c/Users/guido/ghq/projects/rustdom/.tools/valgrind/usr/libexec/valgrind/vgpreload_memcheck-amd64-linux.so)
==2443640==    by 0x22E8FC22: _RNvXs0_NvMs_NtNtCs6i54tJFfzR_5alloc3ffi5c_strNtBa_7CString3newReNtB5_11SpecNewImpl13spec_new_impl (in /mnt/c/Users/guido/ghq/projects/rustdom/dist/rustdom.node)
==2443640==    by 0x22E3A8DF: _RNvMs2_NtNtCs4QMHp0v7l6B_4napi9js_values15object_propertyNtB5_8Property14with_utf8_name (in /mnt/c/Users/guido/ghq/projects/rustdom/dist/rustdom.node)
==2443640==    by 0x22DF7AB0: _RNvNvNvNvNtNtNtCs45HKutVyWu4_7rustdom3dom19web_storage_binding39___napi_impl_helper_NativeStorageArea_1843___napi_register__NativeStorageArea_impl_4331__18___CTOR_PRIVATE_REF14___ctor_private (in /mnt/c/Users/guido/ghq/projects/rustdom/dist/rustdom.node)
==2443640==    by 0x681447D: call_init.part.0 (dl-init.c:70)
==2443640==    by 0x6814567: call_init (dl-init.c:33)
==2443640==    by 0x6814567: _dl_init (dl-init.c:117)
==2443640==    by 0x7522BB4: _dl_catch_exception (dl-error-skeleton.c:182)
==2443640==    by 0x681BFF5: dl_open_worker (dl-open.c:808)
==2443640==    by 0x681BFF5: dl_open_worker (dl-open.c:771)
==2443640==    by 0x7522B57: _dl_catch_exception (dl-error-skeleton.c:208)
==2443640==    by 0x681C34D: _dl_open (dl-open.c:883)
==2443640==    by 0x743E5FB: dlopen_doit (dlopen.c:56)
==2443640==    by 0x7522B57: _dl_catch_exception (dl-error-skeleton.c:208)
==2443640== 
==2443640== 8 bytes in 1 blocks are possibly lost in loss record 53 of 377
==2443640==    at 0x7056899: malloc (in /mnt/c/Users/guido/ghq/projects/rustdom/.tools/valgrind/usr/libexec/valgrind/vgpreload_memcheck-amd64-linux.so)
==2443640==    by 0x22E8FC22: _RNvXs0_NvMs_NtNtCs6i54tJFfzR_5alloc3ffi5c_strNtBa_7CString3newReNtB5_11SpecNewImpl13spec_new_impl (in /mnt/c/Users/guido/ghq/projects/rustdom/dist/rustdom.node)
==2443640==    by 0x22E3A8DF: _RNvMs2_NtNtCs4QMHp0v7l6B_4napi9js_values15object_propertyNtB5_8Property14with_utf8_name (in /mnt/c/Users/guido/ghq/projects/rustdom/dist/rustdom.node)
==2443640==    by 0x22DDB12F: _RNvNvNtNtNtCs45HKutVyWu4_7rustdom3dom4tree32___napi_impl_helper_NativeTree_1536___napi_register__NativeTree_impl_40020___ctor_private_inner (in /mnt/c/Users/guido/ghq/projects/rustdom/dist/rustdom.node)
==2443640==    by 0x22DFFF35: _RNvNvNvNvNtNtNtCs45HKutVyWu4_7rustdom3dom4tree32___napi_impl_helper_NativeTree_1536___napi_register__NativeTree_impl_4001__18___CTOR_PRIVATE_REF14___ctor_private (in /mnt/c/Users/guido/ghq/projects/rustdom/dist/rustdom.node)
==2443640==    by 0x681447D: call_init.part.0 (dl-init.c:70)
==2443640==    by 0x6814567: call_init (dl-init.c:33)
==2443640==    by 0x6814567: _dl_init (dl-init.c:117)
==2443640==    by 0x7522BB4: _dl_catch_exception (dl-error-skeleton.c:182)
==2443640==    by 0x681BFF5: dl_open_worker (dl-open.c:808)
==2443640==    by 0x681BFF5: dl_open_worker (dl-open.c:771)
==2443640==    by 0x7522B57: _dl_catch_exception (dl-error-skeleton.c:208)
==2443640==    by 0x681C34D: _dl_open (dl-open.c:883)
==2443640==    by 0x743E5FB: dlopen_doit (dlopen.c:56)
==2443640== 
==2443640== 8 bytes in 1 blocks are possibly lost in loss record 54 of 377
==2443640==    at 0x7056899: malloc (in /mnt/c/Users/guido/ghq/projects/rustdom/.tools/valgrind/usr/libexec/valgrind/vgpreload_memcheck-amd64-linux.so)
==2443640==    by 0x22E8FC22: _RNvXs0_NvMs_NtNtCs6i54tJFfzR_5alloc3ffi5c_strNtBa_7CString3newReNtB5_11SpecNewImpl13spec_new_impl (in /mnt/c/Users/guido/ghq/projects/rustdom/dist/rustdom.node)
==2443640==    by 0x22E3A8DF: _RNvMs2_NtNtCs4QMHp0v7l6B_4napi9js_values15object_propertyNtB5_8Property14with_utf8_name (in /mnt/c/Users/guido/ghq/projects/rustdom/dist/rustdom.node)
==2443640==    by 0x22DDC6AD: _RNvNvNtNtNtCs45HKutVyWu4_7rustdom3dom4tree32___napi_impl_helper_NativeTree_1536___napi_register__NativeTree_impl_40020___ctor_private_inner (in /mnt/c/Users/guido/ghq/projects/rustdom/dist/rustdom.node)
==2443640==    by 0x22DFFF35: _RNvNvNvNvNtNtNtCs45HKutVyWu4_7rustdom3dom4tree32___napi_impl_helper_NativeTree_1536___napi_register__NativeTree_impl_4001__18___CTOR_PRIVATE_REF14___ctor_private (in /mnt/c/Users/guido/ghq/projects/rustdom/dist/rustdom.node)
==2443640==    by 0x681447D: call_init.part.0 (dl-init.c:70)
==2443640==    by 0x6814567: call_init (dl-init.c:33)
==2443640==    by 0x6814567: _dl_init (dl-init.c:117)
==2443640==    by 0x7522BB4: _dl_catch_exception (dl-error-skeleton.c:182)
==2443640==    by 0x681BFF5: dl_open_worker (dl-open.c:808)
==2443640==    by 0x681BFF5: dl_open_worker (dl-open.c:771)
==2443640==    by 0x7522B57: _dl_catch_exception (dl-error-skeleton.c:208)
==2443640==    by 0x681C34D: _dl_open (dl-open.c:883)
==2443640==    by 0x743E5FB: dlopen_doit (dlopen.c:56)
==2443640== 
==2443640== 8 bytes in 1 blocks are possibly lost in loss record 55 of 377
==2443640==    at 0x7056899: malloc (in /mnt/c/Users/guido/ghq/projects/rustdom/.tools/valgrind/usr/libexec/valgrind/vgpreload_memcheck-amd64-linux.so)
==2443640==    by 0x22E8FC22: _RNvXs0_NvMs_NtNtCs6i54tJFfzR_5alloc3ffi5c_strNtBa_7CString3newReNtB5_11SpecNewImpl13spec_new_impl (in /mnt/c/Users/guido/ghq/projects/rustdom/dist/rustdom.node)
==2443640==    by 0x22E3A8DF: _RNvMs2_NtNtCs4QMHp0v7l6B_4napi9js_values15object_propertyNtB5_8Property14with_utf8_name (in /mnt/c/Users/guido/ghq/projects/rustdom/dist/rustdom.node)
==2443640==    by 0x22DDD607: _RNvNvNtNtNtCs45HKutVyWu4_7rustdom3dom4tree32___napi_impl_helper_NativeTree_1536___napi_register__NativeTree_impl_40020___ctor_private_inner (in /mnt/c/Users/guido/ghq/projects/rustdom/dist/rustdom.node)
==2443640==    by 0x22DFFF35: _RNvNvNvNvNtNtNtCs45HKutVyWu4_7rustdom3dom4tree32___napi_impl_helper_NativeTree_1536___napi_register__NativeTree_impl_4001__18___CTOR_PRIVATE_REF14___ctor_private (in /mnt/c/Users/guido/ghq/projects/rustdom/dist/rustdom.node)
==2443640==    by 0x681447D: call_init.part.0 (dl-init.c:70)
==2443640==    by 0x6814567: call_init (dl-init.c:33)
==2443640==    by 0x6814567: _dl_init (dl-init.c:117)
==2443640==    by 0x7522BB4: _dl_catch_exception (dl-error-skeleton.c:182)
==2443640==    by 0x681BFF5: dl_open_worker (dl-open.c:808)
==2443640==    by 0x681BFF5: dl_open_worker (dl-open.c:771)
==2443640==    by 0x7522B57: _dl_catch_exception (dl-error-skeleton.c:208)
==2443640==    by 0x681C34D: _dl_open (dl-open.c:883)
==2443640==    by 0x743E5FB: dlopen_doit (dlopen.c:56)
==2443640== 
==2443640== 9 bytes in 1 blocks are possibly lost in loss record 56 of 377
==2443640==    at 0x7056899: malloc (in /mnt/c/Users/guido/ghq/projects/rustdom/.tools/valgrind/usr/libexec/valgrind/vgpreload_memcheck-amd64-linux.so)
==2443640==    by 0x22E8FC22: _RNvXs0_NvMs_NtNtCs6i54tJFfzR_5alloc3ffi5c_strNtBa_7CString3newReNtB5_11SpecNewImpl13spec_new_impl (in /mnt/c/Users/guido/ghq/projects/rustdom/dist/rustdom.node)
==2443640==    by 0x22E3A8DF: _RNvMs2_NtNtCs4QMHp0v7l6B_4napi9js_values15object_propertyNtB5_8Property14with_utf8_name (in /mnt/c/Users/guido/ghq/projects/rustdom/dist/rustdom.node)
==2443640==    by 0x22DE9E4C: _RNvNvNvNvNtNtNtCs45HKutVyWu4_7rustdom3dom12blob_binding39___napi_impl_helper_NativeBlobMetadata_143___napi_register__NativeBlobMetadata_impl_281__18___CTOR_PRIVATE_REF14___ctor_private (in /mnt/c/Users/guido/ghq/projects/rustdom/dist/rustdom.node)
==2443640==    by 0x681447D: call_init.part.0 (dl-init.c:70)
==2443640==    by 0x6814567: call_init (dl-init.c:33)
==2443640==    by 0x6814567: _dl_init (dl-init.c:117)
==2443640==    by 0x7522BB4: _dl_catch_exception (dl-error-skeleton.c:182)
==2443640==    by 0x681BFF5: dl_open_worker (dl-open.c:808)
==2443640==    by 0x681BFF5: dl_open_worker (dl-open.c:771)
==2443640==    by 0x7522B57: _dl_catch_exception (dl-error-skeleton.c:208)
==2443640==    by 0x681C34D: _dl_open (dl-open.c:883)
==2443640==    by 0x743E5FB: dlopen_doit (dlopen.c:56)
==2443640==    by 0x7522B57: _dl_catch_exception (dl-error-skeleton.c:208)
==2443640== 
==2443640== 9 bytes in 1 blocks are possibly lost in loss record 57 of 377
==2443640==    at 0x7056899: malloc (in /mnt/c/Users/guido/ghq/projects/rustdom/.tools/valgrind/usr/libexec/valgrind/vgpreload_memcheck-amd64-linux.so)
==2443640==    by 0x22E8FC22: _RNvXs0_NvMs_NtNtCs6i54tJFfzR_5alloc3ffi5c_strNtBa_7CString3newReNtB5_11SpecNewImpl13spec_new_impl (in /mnt/c/Users/guido/ghq/projects/rustdom/dist/rustdom.node)
==2443640==    by 0x22E3A8DF: _RNvMs2_NtNtCs4QMHp0v7l6B_4napi9js_values15object_propertyNtB5_8Property14with_utf8_name (in /mnt/c/Users/guido/ghq/projects/rustdom/dist/rustdom.node)
==2443640==    by 0x22DEA042: _RNvNvNvNvNtNtNtCs45HKutVyWu4_7rustdom3dom12blob_binding39___napi_impl_helper_NativeBlobMetadata_143___napi_register__NativeBlobMetadata_impl_281__18___CTOR_PRIVATE_REF14___ctor_private (in /mnt/c/Users/guido/ghq/projects/rustdom/dist/rustdom.node)
==2443640==    by 0x681447D: call_init.part.0 (dl-init.c:70)
==2443640==    by 0x6814567: call_init (dl-init.c:33)
==2443640==    by 0x6814567: _dl_init (dl-init.c:117)
==2443640==    by 0x7522BB4: _dl_catch_exception (dl-error-skeleton.c:182)
==2443640==    by 0x681BFF5: dl_open_worker (dl-open.c:808)
==2443640==    by 0x681BFF5: dl_open_worker (dl-open.c:771)
==2443640==    by 0x7522B57: _dl_catch_exception (dl-error-skeleton.c:208)
==2443640==    by 0x681C34D: _dl_open (dl-open.c:883)
==2443640==    by 0x743E5FB: dlopen_doit (dlopen.c:56)
==2443640==    by 0x7522B57: _dl_catch_exception (dl-error-skeleton.c:208)
==2443640== 
==2443640== 9 bytes in 1 blocks are possibly lost in loss record 58 of 377
==2443640==    at 0x7056899: malloc (in /mnt/c/Users/guido/ghq/projects/rustdom/.tools/valgrind/usr/libexec/valgrind/vgpreload_memcheck-amd64-linux.so)
==2443640==    by 0x22E8FC22: _RNvXs0_NvMs_NtNtCs6i54tJFfzR_5alloc3ffi5c_strNtBa_7CString3newReNtB5_11SpecNewImpl13spec_new_impl (in /mnt/c/Users/guido/ghq/projects/rustdom/dist/rustdom.node)
==2443640==    by 0x22E3A8DF: _RNvMs2_NtNtCs4QMHp0v7l6B_4napi9js_values15object_propertyNtB5_8Property14with_utf8_name (in /mnt/c/Users/guido/ghq/projects/rustdom/dist/rustdom.node)
==2443640==    by 0x22DEAF5E: _RNvNvNvNvNtNtNtCs45HKutVyWu4_7rustdom3dom16dom_rect_binding34___napi_impl_helper_NativeDomRect_238___napi_register__NativeDomRect_impl_501__18___CTOR_PRIVATE_REF14___ctor_private (in /mnt/c/Users/guido/ghq/projects/rustdom/dist/rustdom.node)
==2443640==    by 0x681447D: call_init.part.0 (dl-init.c:70)
==2443640==    by 0x6814567: call_init (dl-init.c:33)
==2443640==    by 0x6814567: _dl_init (dl-init.c:117)
==2443640==    by 0x7522BB4: _dl_catch_exception (dl-error-skeleton.c:182)
==2443640==    by 0x681BFF5: dl_open_worker (dl-open.c:808)
==2443640==    by 0x681BFF5: dl_open_worker (dl-open.c:771)
==2443640==    by 0x7522B57: _dl_catch_exception (dl-error-skeleton.c:208)
==2443640==    by 0x681C34D: _dl_open (dl-open.c:883)
==2443640==    by 0x743E5FB: dlopen_doit (dlopen.c:56)
==2443640==    by 0x7522B57: _dl_catch_exception (dl-error-skeleton.c:208)
==2443640== 
==2443640== 9 bytes in 1 blocks are possibly lost in loss record 59 of 377
==2443640==    at 0x7056899: malloc (in /mnt/c/Users/guido/ghq/projects/rustdom/.tools/valgrind/usr/libexec/valgrind/vgpreload_memcheck-amd64-linux.so)
==2443640==    by 0x22E8FC22: _RNvXs0_NvMs_NtNtCs6i54tJFfzR_5alloc3ffi5c_strNtBa_7CString3newReNtB5_11SpecNewImpl13spec_new_impl (in /mnt/c/Users/guido/ghq/projects/rustdom/dist/rustdom.node)
==2443640==    by 0x22E3A8DF: _RNvMs2_NtNtCs4QMHp0v7l6B_4napi9js_values15object_propertyNtB5_8Property14with_utf8_name (in /mnt/c/Users/guido/ghq/projects/rustdom/dist/rustdom.node)
==2443640==    by 0x22DEC22B: _RNvNvNvNvNtNtNtCs45HKutVyWu4_7rustdom3dom18token_list_binding36___napi_impl_helper_NativeTokenSet_1340___napi_register__NativeTokenSet_impl_2231__18___CTOR_PRIVATE_REF14___ctor_private (in /mnt/c/Users/guido/ghq/projects/rustdom/dist/rustdom.node)
==2443640==    by 0x681447D: call_init.part.0 (dl-init.c:70)
==2443640==    by 0x6814567: call_init (dl-init.c:33)
==2443640==    by 0x6814567: _dl_init (dl-init.c:117)
==2443640==    by 0x7522BB4: _dl_catch_exception (dl-error-skeleton.c:182)
==2443640==    by 0x681BFF5: dl_open_worker (dl-open.c:808)
==2443640==    by 0x681BFF5: dl_open_worker (dl-open.c:771)
==2443640==    by 0x7522B57: _dl_catch_exception (dl-error-skeleton.c:208)
==2443640==    by 0x681C34D: _dl_open (dl-open.c:883)
==2443640==    by 0x743E5FB: dlopen_doit (dlopen.c:56)
==2443640==    by 0x7522B57: _dl_catch_exception (dl-error-skeleton.c:208)
==2443640== 
==2443640== 9 bytes in 1 blocks are possibly lost in loss record 60 of 377
==2443640==    at 0x7056899: malloc (in /mnt/c/Users/guido/ghq/projects/rustdom/.tools/valgrind/usr/libexec/valgrind/vgpreload_memcheck-amd64-linux.so)
==2443640==    by 0x22E8FC22: _RNvXs0_NvMs_NtNtCs6i54tJFfzR_5alloc3ffi5c_strNtBa_7CString3newReNtB5_11SpecNewImpl13spec_new_impl (in /mnt/c/Users/guido/ghq/projects/rustdom/dist/rustdom.node)
==2443640==    by 0x22E3A8DF: _RNvMs2_NtNtCs4QMHp0v7l6B_4napi9js_values15object_propertyNtB5_8Property14with_utf8_name (in /mnt/c/Users/guido/ghq/projects/rustdom/dist/rustdom.node)
==2443640==    by 0x22DECC27: _RNvNvNvNvNtNtNtCs45HKutVyWu4_7rustdom3dom18token_list_binding37___napi_impl_helper_NativeTokenList_1241___napi_register__NativeTokenList_impl_2181__18___CTOR_PRIVATE_REF14___ctor_private (in /mnt/c/Users/guido/ghq/projects/rustdom/dist/rustdom.node)
==2443640==    by 0x681447D: call_init.part.0 (dl-init.c:70)
==2443640==    by 0x6814567: call_init (dl-init.c:33)
==2443640==    by 0x6814567: _dl_init (dl-init.c:117)
==2443640==    by 0x7522BB4: _dl_catch_exception (dl-error-skeleton.c:182)
==2443640==    by 0x681BFF5: dl_open_worker (dl-open.c:808)
==2443640==    by 0x681BFF5: dl_open_worker (dl-open.c:771)
==2443640==    by 0x7522B57: _dl_catch_exception (dl-error-skeleton.c:208)
==2443640==    by 0x681C34D: _dl_open (dl-open.c:883)
==2443640==    by 0x743E5FB: dlopen_doit (dlopen.c:56)
==2443640==    by 0x7522B57: _dl_catch_exception (dl-error-skeleton.c:208)
==2443640== 
==2443640== 9 bytes in 1 blocks are possibly lost in loss record 61 of 377
==2443640==    at 0x7056899: malloc (in /mnt/c/Users/guido/ghq/projects/rustdom/.tools/valgrind/usr/libexec/valgrind/vgpreload_memcheck-amd64-linux.so)
==2443640==    by 0x22E8FC22: _RNvXs0_NvMs_NtNtCs6i54tJFfzR_5alloc3ffi5c_strNtBa_7CString3newReNtB5_11SpecNewImpl13spec_new_impl (in /mnt/c/Users/guido/ghq/projects/rustdom/dist/rustdom.node)
==2443640==    by 0x22E3A8DF: _RNvMs2_NtNtCs4QMHp0v7l6B_4napi9js_values15object_propertyNtB5_8Property14with_utf8_name (in /mnt/c/Users/guido/ghq/projects/rustdom/dist/rustdom.node)
==2443640==    by 0x22DF30EA: _RNvNvNvNvNtNtNtCs45HKutVyWu4_7rustdom3dom19range_clone_binding37___napi_impl_helper_NativeRangeClone_842___napi_register__NativeRangeClone_impl_1581__18___CTOR_PRIVATE_REF14___ctor_private (in /mnt/c/Users/guido/ghq/projects/rustdom/dist/rustdom.node)
==2443640==    by 0x681447D: call_init.part.0 (dl-init.c:70)
==2443640==    by 0x6814567: call_init (dl-init.c:33)
==2443640==    by 0x6814567: _dl_init (dl-init.c:117)
==2443640==    by 0x7522BB4: _dl_catch_exception (dl-error-skeleton.c:182)
==2443640==    by 0x681BFF5: dl_open_worker (dl-open.c:808)
==2443640==    by 0x681BFF5: dl_open_worker (dl-open.c:771)
==2443640==    by 0x7522B57: _dl_catch_exception (dl-error-skeleton.c:208)
==2443640==    by 0x681C34D: _dl_open (dl-open.c:883)
==2443640==    by 0x743E5FB: dlopen_doit (dlopen.c:56)
==2443640==    by 0x7522B57: _dl_catch_exception (dl-error-skeleton.c:208)
==2443640== 
==2443640== 9 bytes in 1 blocks are possibly lost in loss record 62 of 377
==2443640==    at 0x7056899: malloc (in /mnt/c/Users/guido/ghq/projects/rustdom/.tools/valgrind/usr/libexec/valgrind/vgpreload_memcheck-amd64-linux.so)
==2443640==    by 0x22E8FC22: _RNvXs0_NvMs_NtNtCs6i54tJFfzR_5alloc3ffi5c_strNtBa_7CString3newReNtB5_11SpecNewImpl13spec_new_impl (in /mnt/c/Users/guido/ghq/projects/rustdom/dist/rustdom.node)
==2443640==    by 0x22E3A8DF: _RNvMs2_NtNtCs4QMHp0v7l6B_4napi9js_values15object_propertyNtB5_8Property14with_utf8_name (in /mnt/c/Users/guido/ghq/projects/rustdom/dist/rustdom.node)
==2443640==    by 0x22DF4810: _RNvNvNvNvNtNtNtCs45HKutVyWu4_7rustdom3dom19range_state_binding33___napi_impl_helper_NativeRange_1037___napi_register__NativeRange_impl_1951__18___CTOR_PRIVATE_REF14___ctor_private (in /mnt/c/Users/guido/ghq/projects/rustdom/dist/rustdom.node)
==2443640==    by 0x681447D: call_init.part.0 (dl-init.c:70)
==2443640==    by 0x6814567: call_init (dl-init.c:33)
==2443640==    by 0x6814567: _dl_init (dl-init.c:117)
==2443640==    by 0x7522BB4: _dl_catch_exception (dl-error-skeleton.c:182)
==2443640==    by 0x681BFF5: dl_open_worker (dl-open.c:808)
==2443640==    by 0x681BFF5: dl_open_worker (dl-open.c:771)
==2443640==    by 0x7522B57: _dl_catch_exception (dl-error-skeleton.c:208)
==2443640==    by 0x681C34D: _dl_open (dl-open.c:883)
==2443640==    by 0x743E5FB: dlopen_doit (dlopen.c:56)
==2443640==    by 0x7522B57: _dl_catch_exception (dl-error-skeleton.c:208)
==2443640== 
==2443640== 9 bytes in 1 blocks are possibly lost in loss record 63 of 377
==2443640==    at 0x7056899: malloc (in /mnt/c/Users/guido/ghq/projects/rustdom/.tools/valgrind/usr/libexec/valgrind/vgpreload_memcheck-amd64-linux.so)
==2443640==    by 0x22E8FC22: _RNvXs0_NvMs_NtNtCs6i54tJFfzR_5alloc3ffi5c_strNtBa_7CString3newReNtB5_11SpecNewImpl13spec_new_impl (in /mnt/c/Users/guido/ghq/projects/rustdom/dist/rustdom.node)
==2443640==    by 0x22E3A8DF: _RNvMs2_NtNtCs4QMHp0v7l6B_4napi9js_values15object_propertyNtB5_8Property14with_utf8_name (in /mnt/c/Users/guido/ghq/projects/rustdom/dist/rustdom.node)
==2443640==    by 0x22DF739B: _RNvNvNvNvNtNtNtCs45HKutVyWu4_7rustdom3dom19web_storage_binding39___napi_impl_helper_NativeStorageArea_1843___napi_register__NativeStorageArea_impl_4331__18___CTOR_PRIVATE_REF14___ctor_private (in /mnt/c/Users/guido/ghq/projects/rustdom/dist/rustdom.node)
==2443640==    by 0x681447D: call_init.part.0 (dl-init.c:70)
==2443640==    by 0x6814567: call_init (dl-init.c:33)
==2443640==    by 0x6814567: _dl_init (dl-init.c:117)
==2443640==    by 0x7522BB4: _dl_catch_exception (dl-error-skeleton.c:182)
==2443640==    by 0x681BFF5: dl_open_worker (dl-open.c:808)
==2443640==    by 0x681BFF5: dl_open_worker (dl-open.c:771)
==2443640==    by 0x7522B57: _dl_catch_exception (dl-error-skeleton.c:208)
==2443640==    by 0x681C34D: _dl_open (dl-open.c:883)
==2443640==    by 0x743E5FB: dlopen_doit (dlopen.c:56)
==2443640==    by 0x7522B57: _dl_catch_exception (dl-error-skeleton.c:208)
==2443640== 
==2443640== 9 bytes in 1 blocks are possibly lost in loss record 64 of 377
==2443640==    at 0x7056899: malloc (in /mnt/c/Users/guido/ghq/projects/rustdom/.tools/valgrind/usr/libexec/valgrind/vgpreload_memcheck-amd64-linux.so)
==2443640==    by 0x22E8FC22: _RNvXs0_NvMs_NtNtCs6i54tJFfzR_5alloc3ffi5c_strNtBa_7CString3newReNtB5_11SpecNewImpl13spec_new_impl (in /mnt/c/Users/guido/ghq/projects/rustdom/dist/rustdom.node)
==2443640==    by 0x22E3A8DF: _RNvMs2_NtNtCs4QMHp0v7l6B_4napi9js_values15object_propertyNtB5_8Property14with_utf8_name (in /mnt/c/Users/guido/ghq/projects/rustdom/dist/rustdom.node)
==2443640==    by 0x22DF907A: _RNvNvNvNvNtNtNtCs45HKutVyWu4_7rustdom3dom21range_extract_binding39___napi_impl_helper_NativeRangeExtract_944___napi_register__NativeRangeExtract_impl_1661__18___CTOR_PRIVATE_REF14___ctor_private (in /mnt/c/Users/guido/ghq/projects/rustdom/dist/rustdom.node)
==2443640==    by 0x681447D: call_init.part.0 (dl-init.c:70)
==2443640==    by 0x6814567: call_init (dl-init.c:33)
==2443640==    by 0x6814567: _dl_init (dl-init.c:117)
==2443640==    by 0x7522BB4: _dl_catch_exception (dl-error-skeleton.c:182)
==2443640==    by 0x681BFF5: dl_open_worker (dl-open.c:808)
==2443640==    by 0x681BFF5: dl_open_worker (dl-open.c:771)
==2443640==    by 0x7522B57: _dl_catch_exception (dl-error-skeleton.c:208)
==2443640==    by 0x681C34D: _dl_open (dl-open.c:883)
==2443640==    by 0x743E5FB: dlopen_doit (dlopen.c:56)
==2443640==    by 0x7522B57: _dl_catch_exception (dl-error-skeleton.c:208)
==2443640== 
==2443640== 9 bytes in 1 blocks are possibly lost in loss record 65 of 377
==2443640==    at 0x7056899: malloc (in /mnt/c/Users/guido/ghq/projects/rustdom/.tools/valgrind/usr/libexec/valgrind/vgpreload_memcheck-amd64-linux.so)
==2443640==    by 0x22E8FC22: _RNvXs0_NvMs_NtNtCs6i54tJFfzR_5alloc3ffi5c_strNtBa_7CString3newReNtB5_11SpecNewImpl13spec_new_impl (in /mnt/c/Users/guido/ghq/projects/rustdom/dist/rustdom.node)
==2443640==    by 0x22E3A8DF: _RNvMs2_NtNtCs4QMHp0v7l6B_4napi9js_values15object_propertyNtB5_8Property14with_utf8_name (in /mnt/c/Users/guido/ghq/projects/rustdom/dist/rustdom.node)
==2443640==    by 0x22DF9E64: _RNvNvNvNvNtNtNtCs45HKutVyWu4_7rustdom3dom23event_listeners_binding43___napi_impl_helper_NativeListenerRegistry_347___napi_register__NativeListenerRegistry_impl_661__18___CTOR_PRIVATE_REF14___ctor_private (in /mnt/c/Users/guido/ghq/projects/rustdom/dist/rustdom.node)
==2443640==    by 0x681447D: call_init.part.0 (dl-init.c:70)
==2443640==    by 0x6814567: call_init (dl-init.c:33)
==2443640==    by 0x6814567: _dl_init (dl-init.c:117)
==2443640==    by 0x7522BB4: _dl_catch_exception (dl-error-skeleton.c:182)
==2443640==    by 0x681BFF5: dl_open_worker (dl-open.c:808)
==2443640==    by 0x681BFF5: dl_open_worker (dl-open.c:771)
==2443640==    by 0x7522B57: _dl_catch_exception (dl-error-skeleton.c:208)
==2443640==    by 0x681C34D: _dl_open (dl-open.c:883)
==2443640==    by 0x743E5FB: dlopen_doit (dlopen.c:56)
==2443640==    by 0x7522B57: _dl_catch_exception (dl-error-skeleton.c:208)
==2443640== 
==2443640== 9 bytes in 1 blocks are possibly lost in loss record 66 of 377
==2443640==    at 0x7056899: malloc (in /mnt/c/Users/guido/ghq/projects/rustdom/.tools/valgrind/usr/libexec/valgrind/vgpreload_memcheck-amd64-linux.so)
==2443640==    by 0x22E8FC22: _RNvXs0_NvMs_NtNtCs6i54tJFfzR_5alloc3ffi5c_strNtBa_7CString3newReNtB5_11SpecNewImpl13spec_new_impl (in /mnt/c/Users/guido/ghq/projects/rustdom/dist/rustdom.node)
==2443640==    by 0x22E3A8DF: _RNvMs2_NtNtCs4QMHp0v7l6B_4napi9js_values15object_propertyNtB5_8Property14with_utf8_name (in /mnt/c/Users/guido/ghq/projects/rustdom/dist/rustdom.node)
==2443640==    by 0x22DFB418: _RNvNvNvNvNtNtNtCs45HKutVyWu4_7rustdom3dom23mutation_record_binding41___napi_impl_helper_NativeMutationRecord_646___napi_register__NativeMutationRecord_impl_1321__18___CTOR_PRIVATE_REF14___ctor_private (in /mnt/c/Users/guido/ghq/projects/rustdom/dist/rustdom.node)
==2443640==    by 0x681447D: call_init.part.0 (dl-init.c:70)
==2443640==    by 0x6814567: call_init (dl-init.c:33)
==2443640==    by 0x6814567: _dl_init (dl-init.c:117)
==2443640==    by 0x7522BB4: _dl_catch_exception (dl-error-skeleton.c:182)
==2443640==    by 0x681BFF5: dl_open_worker (dl-open.c:808)
==2443640==    by 0x681BFF5: dl_open_worker (dl-open.c:771)
==2443640==    by 0x7522B57: _dl_catch_exception (dl-error-skeleton.c:208)
==2443640==    by 0x681C34D: _dl_open (dl-open.c:883)
==2443640==    by 0x743E5FB: dlopen_doit (dlopen.c:56)
==2443640==    by 0x7522B57: _dl_catch_exception (dl-error-skeleton.c:208)
==2443640== 
==2443640== 9 bytes in 1 blocks are possibly lost in loss record 67 of 377
==2443640==    at 0x7056899: malloc (in /mnt/c/Users/guido/ghq/projects/rustdom/.tools/valgrind/usr/libexec/valgrind/vgpreload_memcheck-amd64-linux.so)
==2443640==    by 0x22E8FC22: _RNvXs0_NvMs_NtNtCs6i54tJFfzR_5alloc3ffi5c_strNtBa_7CString3newReNtB5_11SpecNewImpl13spec_new_impl (in /mnt/c/Users/guido/ghq/projects/rustdom/dist/rustdom.node)
==2443640==    by 0x22E3A8DF: _RNvMs2_NtNtCs4QMHp0v7l6B_4napi9js_values15object_propertyNtB5_8Property14with_utf8_name (in /mnt/c/Users/guido/ghq/projects/rustdom/dist/rustdom.node)
==2443640==    by 0x22DFC6BA: _RNvNvNvNvNtNtNtCs45HKutVyWu4_7rustdom3dom23slot_assignment_binding48___napi_impl_helper_NativeSlotAssignmentDriver_1152___napi_register__NativeSlotAssignmentDriver_impl_2041__18___CTOR_PRIVATE_REF14___ctor_private (in /mnt/c/Users/guido/ghq/projects/rustdom/dist/rustdom.node)
==2443640==    by 0x681447D: call_init.part.0 (dl-init.c:70)
==2443640==    by 0x6814567: call_init (dl-init.c:33)
==2443640==    by 0x6814567: _dl_init (dl-init.c:117)
==2443640==    by 0x7522BB4: _dl_catch_exception (dl-error-skeleton.c:182)
==2443640==    by 0x681BFF5: dl_open_worker (dl-open.c:808)
==2443640==    by 0x681BFF5: dl_open_worker (dl-open.c:771)
==2443640==    by 0x7522B57: _dl_catch_exception (dl-error-skeleton.c:208)
==2443640==    by 0x681C34D: _dl_open (dl-open.c:883)
==2443640==    by 0x743E5FB: dlopen_doit (dlopen.c:56)
==2443640==    by 0x7522B57: _dl_catch_exception (dl-error-skeleton.c:208)
==2443640== 
==2443640== 9 bytes in 1 blocks are possibly lost in loss record 68 of 377
==2443640==    at 0x7056899: malloc (in /mnt/c/Users/guido/ghq/projects/rustdom/.tools/valgrind/usr/libexec/valgrind/vgpreload_memcheck-amd64-linux.so)
==2443640==    by 0x22E8FC22: _RNvXs0_NvMs_NtNtCs6i54tJFfzR_5alloc3ffi5c_strNtBa_7CString3newReNtB5_11SpecNewImpl13spec_new_impl (in /mnt/c/Users/guido/ghq/projects/rustdom/dist/rustdom.node)
==2443640==    by 0x22E3A8DF: _RNvMs2_NtNtCs4QMHp0v7l6B_4napi9js_values15object_propertyNtB5_8Property14with_utf8_name (in /mnt/c/Users/guido/ghq/projects/rustdom/dist/rustdom.node)
==2443640==    by 0x22DFCF8B: _RNvNvNvNvNtNtNtCs45HKutVyWu4_7rustdom3dom25observer_delivery_binding43___napi_impl_helper_NativeObserverDelivery_748___napi_register__NativeObserverDelivery_impl_1451__18___CTOR_PRIVATE_REF14___ctor_private (in /mnt/c/Users/guido/ghq/projects/rustdom/dist/rustdom.node)
==2443640==    by 0x681447D: call_init.part.0 (dl-init.c:70)
==2443640==    by 0x6814567: call_init (dl-init.c:33)
==2443640==    by 0x6814567: _dl_init (dl-init.c:117)
==2443640==    by 0x7522BB4: _dl_catch_exception (dl-error-skeleton.c:182)
==2443640==    by 0x681BFF5: dl_open_worker (dl-open.c:808)
==2443640==    by 0x681BFF5: dl_open_worker (dl-open.c:771)
==2443640==    by 0x7522B57: _dl_catch_exception (dl-error-skeleton.c:208)
==2443640==    by 0x681C34D: _dl_open (dl-open.c:883)
==2443640==    by 0x743E5FB: dlopen_doit (dlopen.c:56)
==2443640==    by 0x7522B57: _dl_catch_exception (dl-error-skeleton.c:208)
==2443640== 
==2443640== 9 bytes in 1 blocks are possibly lost in loss record 69 of 377
==2443640==    at 0x7056899: malloc (in /mnt/c/Users/guido/ghq/projects/rustdom/.tools/valgrind/usr/libexec/valgrind/vgpreload_memcheck-amd64-linux.so)
==2443640==    by 0x22E8FC22: _RNvXs0_NvMs_NtNtCs6i54tJFfzR_5alloc3ffi5c_strNtBa_7CString3newReNtB5_11SpecNewImpl13spec_new_impl (in /mnt/c/Users/guido/ghq/projects/rustdom/dist/rustdom.node)
==2443640==    by 0x22E3A8DF: _RNvMs2_NtNtCs4QMHp0v7l6B_4napi9js_values15object_propertyNtB5_8Property14with_utf8_name (in /mnt/c/Users/guido/ghq/projects/rustdom/dist/rustdom.node)
==2443640==    by 0x22DD6DB8: _RNvNvNtNtNtCs45HKutVyWu4_7rustdom3dom4tree32___napi_impl_helper_NativeTree_1536___napi_register__NativeTree_impl_40020___ctor_private_inner (in /mnt/c/Users/guido/ghq/projects/rustdom/dist/rustdom.node)
==2443640==    by 0x22DFFF35: _RNvNvNvNvNtNtNtCs45HKutVyWu4_7rustdom3dom4tree32___napi_impl_helper_NativeTree_1536___napi_register__NativeTree_impl_4001__18___CTOR_PRIVATE_REF14___ctor_private (in /mnt/c/Users/guido/ghq/projects/rustdom/dist/rustdom.node)
==2443640==    by 0x681447D: call_init.part.0 (dl-init.c:70)
==2443640==    by 0x6814567: call_init (dl-init.c:33)
==2443640==    by 0x6814567: _dl_init (dl-init.c:117)
==2443640==    by 0x7522BB4: _dl_catch_exception (dl-error-skeleton.c:182)
==2443640==    by 0x681BFF5: dl_open_worker (dl-open.c:808)
==2443640==    by 0x681BFF5: dl_open_worker (dl-open.c:771)
==2443640==    by 0x7522B57: _dl_catch_exception (dl-error-skeleton.c:208)
==2443640==    by 0x681C34D: _dl_open (dl-open.c:883)
==2443640==    by 0x743E5FB: dlopen_doit (dlopen.c:56)
==2443640== 
==2443640== 9 bytes in 1 blocks are possibly lost in loss record 70 of 377
==2443640==    at 0x7056899: malloc (in /mnt/c/Users/guido/ghq/projects/rustdom/.tools/valgrind/usr/libexec/valgrind/vgpreload_memcheck-amd64-linux.so)
==2443640==    by 0x22E8FC22: _RNvXs0_NvMs_NtNtCs6i54tJFfzR_5alloc3ffi5c_strNtBa_7CString3newReNtB5_11SpecNewImpl13spec_new_impl (in /mnt/c/Users/guido/ghq/projects/rustdom/dist/rustdom.node)
==2443640==    by 0x22E3A8DF: _RNvMs2_NtNtCs4QMHp0v7l6B_4napi9js_values15object_propertyNtB5_8Property14with_utf8_name (in /mnt/c/Users/guido/ghq/projects/rustdom/dist/rustdom.node)
==2443640==    by 0x22DD8D5D: _RNvNvNtNtNtCs45HKutVyWu4_7rustdom3dom4tree32___napi_impl_helper_NativeTree_1536___napi_register__NativeTree_impl_40020___ctor_private_inner (in /mnt/c/Users/guido/ghq/projects/rustdom/dist/rustdom.node)
==2443640==    by 0x22DFFF35: _RNvNvNvNvNtNtNtCs45HKutVyWu4_7rustdom3dom4tree32___napi_impl_helper_NativeTree_1536___napi_register__NativeTree_impl_4001__18___CTOR_PRIVATE_REF14___ctor_private (in /mnt/c/Users/guido/ghq/projects/rustdom/dist/rustdom.node)
==2443640==    by 0x681447D: call_init.part.0 (dl-init.c:70)
==2443640==    by 0x6814567: call_init (dl-init.c:33)
==2443640==    by 0x6814567: _dl_init (dl-init.c:117)
==2443640==    by 0x7522BB4: _dl_catch_exception (dl-error-skeleton.c:182)
==2443640==    by 0x681BFF5: dl_open_worker (dl-open.c:808)
==2443640==    by 0x681BFF5: dl_open_worker (dl-open.c:771)
==2443640==    by 0x7522B57: _dl_catch_exception (dl-error-skeleton.c:208)
==2443640==    by 0x681C34D: _dl_open (dl-open.c:883)
==2443640==    by 0x743E5FB: dlopen_doit (dlopen.c:56)
==2443640== 
==2443640== 9 bytes in 1 blocks are possibly lost in loss record 71 of 377
==2443640==    at 0x7056899: malloc (in /mnt/c/Users/guido/ghq/projects/rustdom/.tools/valgrind/usr/libexec/valgrind/vgpreload_memcheck-amd64-linux.so)
==2443640==    by 0x22E8FC22: _RNvXs0_NvMs_NtNtCs6i54tJFfzR_5alloc3ffi5c_strNtBa_7CString3newReNtB5_11SpecNewImpl13spec_new_impl (in /mnt/c/Users/guido/ghq/projects/rustdom/dist/rustdom.node)
==2443640==    by 0x22E3A8DF: _RNvMs2_NtNtCs4QMHp0v7l6B_4napi9js_values15object_propertyNtB5_8Property14with_utf8_name (in /mnt/c/Users/guido/ghq/projects/rustdom/dist/rustdom.node)
==2443640==    by 0x22DD9175: _RNvNvNtNtNtCs45HKutVyWu4_7rustdom3dom4tree32___napi_impl_helper_NativeTree_1536___napi_register__NativeTree_impl_40020___ctor_private_inner (in /mnt/c/Users/guido/ghq/projects/rustdom/dist/rustdom.node)
==2443640==    by 0x22DFFF35: _RNvNvNvNvNtNtNtCs45HKutVyWu4_7rustdom3dom4tree32___napi_impl_helper_NativeTree_1536___napi_register__NativeTree_impl_4001__18___CTOR_PRIVATE_REF14___ctor_private (in /mnt/c/Users/guido/ghq/projects/rustdom/dist/rustdom.node)
==2443640==    by 0x681447D: call_init.part.0 (dl-init.c:70)
==2443640==    by 0x6814567: call_init (dl-init.c:33)
==2443640==    by 0x6814567: _dl_init (dl-init.c:117)
==2443640==    by 0x7522BB4: _dl_catch_exception (dl-error-skeleton.c:182)
==2443640==    by 0x681BFF5: dl_open_worker (dl-open.c:808)
==2443640==    by 0x681BFF5: dl_open_worker (dl-open.c:771)
==2443640==    by 0x7522B57: _dl_catch_exception (dl-error-skeleton.c:208)
==2443640==    by 0x681C34D: _dl_open (dl-open.c:883)
==2443640==    by 0x743E5FB: dlopen_doit (dlopen.c:56)
==2443640== 
==2443640== 9 bytes in 1 blocks are possibly lost in loss record 72 of 377
==2443640==    at 0x7056899: malloc (in /mnt/c/Users/guido/ghq/projects/rustdom/.tools/valgrind/usr/libexec/valgrind/vgpreload_memcheck-amd64-linux.so)
==2443640==    by 0x22E8FC22: _RNvXs0_NvMs_NtNtCs6i54tJFfzR_5alloc3ffi5c_strNtBa_7CString3newReNtB5_11SpecNewImpl13spec_new_impl (in /mnt/c/Users/guido/ghq/projects/rustdom/dist/rustdom.node)
==2443640==    by 0x22E3A8DF: _RNvMs2_NtNtCs4QMHp0v7l6B_4napi9js_values15object_propertyNtB5_8Property14with_utf8_name (in /mnt/c/Users/guido/ghq/projects/rustdom/dist/rustdom.node)
==2443640==    by 0x22DDA5ED: _RNvNvNtNtNtCs45HKutVyWu4_7rustdom3dom4tree32___napi_impl_helper_NativeTree_1536___napi_register__NativeTree_impl_40020___ctor_private_inner (in /mnt/c/Users/guido/ghq/projects/rustdom/dist/rustdom.node)
==2443640==    by 0x22DFFF35: _RNvNvNvNvNtNtNtCs45HKutVyWu4_7rustdom3dom4tree32___napi_impl_helper_NativeTree_1536___napi_register__NativeTree_impl_4001__18___CTOR_PRIVATE_REF14___ctor_private (in /mnt/c/Users/guido/ghq/projects/rustdom/dist/rustdom.node)
==2443640==    by 0x681447D: call_init.part.0 (dl-init.c:70)
==2443640==    by 0x6814567: call_init (dl-init.c:33)
==2443640==    by 0x6814567: _dl_init (dl-init.c:117)
==2443640==    by 0x7522BB4: _dl_catch_exception (dl-error-skeleton.c:182)
==2443640==    by 0x681BFF5: dl_open_worker (dl-open.c:808)
==2443640==    by 0x681BFF5: dl_open_worker (dl-open.c:771)
==2443640==    by 0x7522B57: _dl_catch_exception (dl-error-skeleton.c:208)
==2443640==    by 0x681C34D: _dl_open (dl-open.c:883)
==2443640==    by 0x743E5FB: dlopen_doit (dlopen.c:56)
==2443640== 
==2443640== 9 bytes in 1 blocks are possibly lost in loss record 73 of 377
==2443640==    at 0x7056899: malloc (in /mnt/c/Users/guido/ghq/projects/rustdom/.tools/valgrind/usr/libexec/valgrind/vgpreload_memcheck-amd64-linux.so)
==2443640==    by 0x22E8FC22: _RNvXs0_NvMs_NtNtCs6i54tJFfzR_5alloc3ffi5c_strNtBa_7CString3newReNtB5_11SpecNewImpl13spec_new_impl (in /mnt/c/Users/guido/ghq/projects/rustdom/dist/rustdom.node)
==2443640==    by 0x22E3A8DF: _RNvMs2_NtNtCs4QMHp0v7l6B_4napi9js_values15object_propertyNtB5_8Property14with_utf8_name (in /mnt/c/Users/guido/ghq/projects/rustdom/dist/rustdom.node)
==2443640==    by 0x22DDCEDD: _RNvNvNtNtNtCs45HKutVyWu4_7rustdom3dom4tree32___napi_impl_helper_NativeTree_1536___napi_register__NativeTree_impl_40020___ctor_private_inner (in /mnt/c/Users/guido/ghq/projects/rustdom/dist/rustdom.node)
==2443640==    by 0x22DFFF35: _RNvNvNvNvNtNtNtCs45HKutVyWu4_7rustdom3dom4tree32___napi_impl_helper_NativeTree_1536___napi_register__NativeTree_impl_4001__18___CTOR_PRIVATE_REF14___ctor_private (in /mnt/c/Users/guido/ghq/projects/rustdom/dist/rustdom.node)
==2443640==    by 0x681447D: call_init.part.0 (dl-init.c:70)
==2443640==    by 0x6814567: call_init (dl-init.c:33)
==2443640==    by 0x6814567: _dl_init (dl-init.c:117)
==2443640==    by 0x7522BB4: _dl_catch_exception (dl-error-skeleton.c:182)
==2443640==    by 0x681BFF5: dl_open_worker (dl-open.c:808)
==2443640==    by 0x681BFF5: dl_open_worker (dl-open.c:771)
==2443640==    by 0x7522B57: _dl_catch_exception (dl-error-skeleton.c:208)
==2443640==    by 0x681C34D: _dl_open (dl-open.c:883)
==2443640==    by 0x743E5FB: dlopen_doit (dlopen.c:56)
==2443640== 
==2443640== 9 bytes in 1 blocks are possibly lost in loss record 74 of 377
==2443640==    at 0x7056899: malloc (in /mnt/c/Users/guido/ghq/projects/rustdom/.tools/valgrind/usr/libexec/valgrind/vgpreload_memcheck-amd64-linux.so)
==2443640==    by 0x22E8FC22: _RNvXs0_NvMs_NtNtCs6i54tJFfzR_5alloc3ffi5c_strNtBa_7CString3newReNtB5_11SpecNewImpl13spec_new_impl (in /mnt/c/Users/guido/ghq/projects/rustdom/dist/rustdom.node)
==2443640==    by 0x22E3A8DF: _RNvMs2_NtNtCs4QMHp0v7l6B_4napi9js_values15object_propertyNtB5_8Property14with_utf8_name (in /mnt/c/Users/guido/ghq/projects/rustdom/dist/rustdom.node)
==2443640==    by 0x22DDCFE3: _RNvNvNtNtNtCs45HKutVyWu4_7rustdom3dom4tree32___napi_impl_helper_NativeTree_1536___napi_register__NativeTree_impl_40020___ctor_private_inner (in /mnt/c/Users/guido/ghq/projects/rustdom/dist/rustdom.node)
==2443640==    by 0x22DFFF35: _RNvNvNvNvNtNtNtCs45HKutVyWu4_7rustdom3dom4tree32___napi_impl_helper_NativeTree_1536___napi_register__NativeTree_impl_4001__18___CTOR_PRIVATE_REF14___ctor_private (in /mnt/c/Users/guido/ghq/projects/rustdom/dist/rustdom.node)
==2443640==    by 0x681447D: call_init.part.0 (dl-init.c:70)
==2443640==    by 0x6814567: call_init (dl-init.c:33)
==2443640==    by 0x6814567: _dl_init (dl-init.c:117)
==2443640==    by 0x7522BB4: _dl_catch_exception (dl-error-skeleton.c:182)
==2443640==    by 0x681BFF5: dl_open_worker (dl-open.c:808)
==2443640==    by 0x681BFF5: dl_open_worker (dl-open.c:771)
==2443640==    by 0x7522B57: _dl_catch_exception (dl-error-skeleton.c:208)
==2443640==    by 0x681C34D: _dl_open (dl-open.c:883)
==2443640==    by 0x743E5FB: dlopen_doit (dlopen.c:56)
==2443640== 
==2443640== 10 bytes in 1 blocks are possibly lost in loss record 75 of 377
==2443640==    at 0x7056899: malloc (in /mnt/c/Users/guido/ghq/projects/rustdom/.tools/valgrind/usr/libexec/valgrind/vgpreload_memcheck-amd64-linux.so)
==2443640==    by 0x22E8FC22: _RNvXs0_NvMs_NtNtCs6i54tJFfzR_5alloc3ffi5c_strNtBa_7CString3newReNtB5_11SpecNewImpl13spec_new_impl (in /mnt/c/Users/guido/ghq/projects/rustdom/dist/rustdom.node)
==2443640==    by 0x22E3A8DF: _RNvMs2_NtNtCs4QMHp0v7l6B_4napi9js_values15object_propertyNtB5_8Property14with_utf8_name (in /mnt/c/Users/guido/ghq/projects/rustdom/dist/rustdom.node)
==2443640==    by 0x22DED50E: _RNvNvNvNvNtNtNtCs45HKutVyWu4_7rustdom3dom19abort_state_binding37___napi_impl_helper_NativeAbortState_041___napi_register__NativeAbortState_impl_181__18___CTOR_PRIVATE_REF14___ctor_private (in /mnt/c/Users/guido/ghq/projects/rustdom/dist/rustdom.node)
==2443640==    by 0x681447D: call_init.part.0 (dl-init.c:70)
==2443640==    by 0x6814567: call_init (dl-init.c:33)
==2443640==    by 0x6814567: _dl_init (dl-init.c:117)
==2443640==    by 0x7522BB4: _dl_catch_exception (dl-error-skeleton.c:182)
==2443640==    by 0x681BFF5: dl_open_worker (dl-open.c:808)
==2443640==    by 0x681BFF5: dl_open_worker (dl-open.c:771)
==2443640==    by 0x7522B57: _dl_catch_exception (dl-error-skeleton.c:208)
==2443640==    by 0x681C34D: _dl_open (dl-open.c:883)
==2443640==    by 0x743E5FB: dlopen_doit (dlopen.c:56)
==2443640==    by 0x7522B57: _dl_catch_exception (dl-error-skeleton.c:208)
==2443640== 
==2443640== 10 bytes in 1 blocks are possibly lost in loss record 76 of 377
==2443640==    at 0x7056899: malloc (in /mnt/c/Users/guido/ghq/projects/rustdom/.tools/valgrind/usr/libexec/valgrind/vgpreload_memcheck-amd64-linux.so)
==2443640==    by 0x22E8FC22: _RNvXs0_NvMs_NtNtCs6i54tJFfzR_5alloc3ffi5c_strNtBa_7CString3newReNtB5_11SpecNewImpl13spec_new_impl (in /mnt/c/Users/guido/ghq/projects/rustdom/dist/rustdom.node)
==2443640==    by 0x22E3A8DF: _RNvMs2_NtNtCs4QMHp0v7l6B_4napi9js_values15object_propertyNtB5_8Property14with_utf8_name (in /mnt/c/Users/guido/ghq/projects/rustdom/dist/rustdom.node)
==2443640==    by 0x22DEEFE4: _RNvNvNvNvNtNtNtCs45HKutVyWu4_7rustdom3dom19event_state_binding37___napi_impl_helper_NativeEventState_442___napi_register__NativeEventState_impl_1011__18___CTOR_PRIVATE_REF14___ctor_private (in /mnt/c/Users/guido/ghq/projects/rustdom/dist/rustdom.node)
==2443640==    by 0x681447D: call_init.part.0 (dl-init.c:70)
==2443640==    by 0x6814567: call_init (dl-init.c:33)
==2443640==    by 0x6814567: _dl_init (dl-init.c:117)
==2443640==    by 0x7522BB4: _dl_catch_exception (dl-error-skeleton.c:182)
==2443640==    by 0x681BFF5: dl_open_worker (dl-open.c:808)
==2443640==    by 0x681BFF5: dl_open_worker (dl-open.c:771)
==2443640==    by 0x7522B57: _dl_catch_exception (dl-error-skeleton.c:208)
==2443640==    by 0x681C34D: _dl_open (dl-open.c:883)
==2443640==    by 0x743E5FB: dlopen_doit (dlopen.c:56)
==2443640==    by 0x7522B57: _dl_catch_exception (dl-error-skeleton.c:208)
==2443640== 
==2443640== 10 bytes in 1 blocks are possibly lost in loss record 77 of 377
==2443640==    at 0x7056899: malloc (in /mnt/c/Users/guido/ghq/projects/rustdom/.tools/valgrind/usr/libexec/valgrind/vgpreload_memcheck-amd64-linux.so)
==2443640==    by 0x22E8FC22: _RNvXs0_NvMs_NtNtCs6i54tJFfzR_5alloc3ffi5c_strNtBa_7CString3newReNtB5_11SpecNewImpl13spec_new_impl (in /mnt/c/Users/guido/ghq/projects/rustdom/dist/rustdom.node)
==2443640==    by 0x22E3A8DF: _RNvMs2_NtNtCs4QMHp0v7l6B_4napi9js_values15object_propertyNtB5_8Property14with_utf8_name (in /mnt/c/Users/guido/ghq/projects/rustdom/dist/rustdom.node)
==2443640==    by 0x22DF0240: _RNvNvNvNvNtNtNtCs45HKutVyWu4_7rustdom3dom19event_state_binding37___napi_impl_helper_NativeEventState_442___napi_register__NativeEventState_impl_1011__18___CTOR_PRIVATE_REF14___ctor_private (in /mnt/c/Users/guido/ghq/projects/rustdom/dist/rustdom.node)
==2443640==    by 0x681447D: call_init.part.0 (dl-init.c:70)
==2443640==    by 0x6814567: call_init (dl-init.c:33)
==2443640==    by 0x6814567: _dl_init (dl-init.c:117)
==2443640==    by 0x7522BB4: _dl_catch_exception (dl-error-skeleton.c:182)
==2443640==    by 0x681BFF5: dl_open_worker (dl-open.c:808)
==2443640==    by 0x681BFF5: dl_open_worker (dl-open.c:771)
==2443640==    by 0x7522B57: _dl_catch_exception (dl-error-skeleton.c:208)
==2443640==    by 0x681C34D: _dl_open (dl-open.c:883)
==2443640==    by 0x743E5FB: dlopen_doit (dlopen.c:56)
==2443640==    by 0x7522B57: _dl_catch_exception (dl-error-skeleton.c:208)
==2443640== 
==2443640== 10 bytes in 1 blocks are possibly lost in loss record 78 of 377
==2443640==    at 0x7056899: malloc (in /mnt/c/Users/guido/ghq/projects/rustdom/.tools/valgrind/usr/libexec/valgrind/vgpreload_memcheck-amd64-linux.so)
==2443640==    by 0x22E8FC22: _RNvXs0_NvMs_NtNtCs6i54tJFfzR_5alloc3ffi5c_strNtBa_7CString3newReNtB5_11SpecNewImpl13spec_new_impl (in /mnt/c/Users/guido/ghq/projects/rustdom/dist/rustdom.node)
==2443640==    by 0x22E3A8DF: _RNvMs2_NtNtCs4QMHp0v7l6B_4napi9js_values15object_propertyNtB5_8Property14with_utf8_name (in /mnt/c/Users/guido/ghq/projects/rustdom/dist/rustdom.node)
==2443640==    by 0x22DF3CBD: _RNvNvNvNvNtNtNtCs45HKutVyWu4_7rustdom3dom19range_state_binding33___napi_impl_helper_NativeRange_1037___napi_register__NativeRange_impl_1951__18___CTOR_PRIVATE_REF14___ctor_private (in /mnt/c/Users/guido/ghq/projects/rustdom/dist/rustdom.node)
==2443640==    by 0x681447D: call_init.part.0 (dl-init.c:70)
==2443640==    by 0x6814567: call_init (dl-init.c:33)
==2443640==    by 0x6814567: _dl_init (dl-init.c:117)
==2443640==    by 0x7522BB4: _dl_catch_exception (dl-error-skeleton.c:182)
==2443640==    by 0x681BFF5: dl_open_worker (dl-open.c:808)
==2443640==    by 0x681BFF5: dl_open_worker (dl-open.c:771)
==2443640==    by 0x7522B57: _dl_catch_exception (dl-error-skeleton.c:208)
==2443640==    by 0x681C34D: _dl_open (dl-open.c:883)
==2443640==    by 0x743E5FB: dlopen_doit (dlopen.c:56)
==2443640==    by 0x7522B57: _dl_catch_exception (dl-error-skeleton.c:208)
==2443640== 
==2443640== 10 bytes in 1 blocks are possibly lost in loss record 79 of 377
==2443640==    at 0x7056899: malloc (in /mnt/c/Users/guido/ghq/projects/rustdom/.tools/valgrind/usr/libexec/valgrind/vgpreload_memcheck-amd64-linux.so)
==2443640==    by 0x22E8FC22: _RNvXs0_NvMs_NtNtCs6i54tJFfzR_5alloc3ffi5c_strNtBa_7CString3newReNtB5_11SpecNewImpl13spec_new_impl (in /mnt/c/Users/guido/ghq/projects/rustdom/dist/rustdom.node)
==2443640==    by 0x22E3A8DF: _RNvMs2_NtNtCs4QMHp0v7l6B_4napi9js_values15object_propertyNtB5_8Property14with_utf8_name (in /mnt/c/Users/guido/ghq/projects/rustdom/dist/rustdom.node)
==2443640==    by 0x22DF40E6: _RNvNvNvNvNtNtNtCs45HKutVyWu4_7rustdom3dom19range_state_binding33___napi_impl_helper_NativeRange_1037___napi_register__NativeRange_impl_1951__18___CTOR_PRIVATE_REF14___ctor_private (in /mnt/c/Users/guido/ghq/projects/rustdom/dist/rustdom.node)
==2443640==    by 0x681447D: call_init.part.0 (dl-init.c:70)
==2443640==    by 0x6814567: call_init (dl-init.c:33)
==2443640==    by 0x6814567: _dl_init (dl-init.c:117)
==2443640==    by 0x7522BB4: _dl_catch_exception (dl-error-skeleton.c:182)
==2443640==    by 0x681BFF5: dl_open_worker (dl-open.c:808)
==2443640==    by 0x681BFF5: dl_open_worker (dl-open.c:771)
==2443640==    by 0x7522B57: _dl_catch_exception (dl-error-skeleton.c:208)
==2443640==    by 0x681C34D: _dl_open (dl-open.c:883)
==2443640==    by 0x743E5FB: dlopen_doit (dlopen.c:56)
==2443640==    by 0x7522B57: _dl_catch_exception (dl-error-skeleton.c:208)
==2443640== 
==2443640== 10 bytes in 1 blocks are possibly lost in loss record 80 of 377
==2443640==    at 0x7056899: malloc (in /mnt/c/Users/guido/ghq/projects/rustdom/.tools/valgrind/usr/libexec/valgrind/vgpreload_memcheck-amd64-linux.so)
==2443640==    by 0x22E8FC22: _RNvXs0_NvMs_NtNtCs6i54tJFfzR_5alloc3ffi5c_strNtBa_7CString3newReNtB5_11SpecNewImpl13spec_new_impl (in /mnt/c/Users/guido/ghq/projects/rustdom/dist/rustdom.node)
==2443640==    by 0x22E3A8DF: _RNvMs2_NtNtCs4QMHp0v7l6B_4napi9js_values15object_propertyNtB5_8Property14with_utf8_name (in /mnt/c/Users/guido/ghq/projects/rustdom/dist/rustdom.node)
==2443640==    by 0x22DF79AA: _RNvNvNvNvNtNtNtCs45HKutVyWu4_7rustdom3dom19web_storage_binding39___napi_impl_helper_NativeStorageArea_1843___napi_register__NativeStorageArea_impl_4331__18___CTOR_PRIVATE_REF14___ctor_private (in /mnt/c/Users/guido/ghq/projects/rustdom/dist/rustdom.node)
==2443640==    by 0x681447D: call_init.part.0 (dl-init.c:70)
==2443640==    by 0x6814567: call_init (dl-init.c:33)
==2443640==    by 0x6814567: _dl_init (dl-init.c:117)
==2443640==    by 0x7522BB4: _dl_catch_exception (dl-error-skeleton.c:182)
==2443640==    by 0x681BFF5: dl_open_worker (dl-open.c:808)
==2443640==    by 0x681BFF5: dl_open_worker (dl-open.c:771)
==2443640==    by 0x7522B57: _dl_catch_exception (dl-error-skeleton.c:208)
==2443640==    by 0x681C34D: _dl_open (dl-open.c:883)
==2443640==    by 0x743E5FB: dlopen_doit (dlopen.c:56)
==2443640==    by 0x7522B57: _dl_catch_exception (dl-error-skeleton.c:208)
==2443640== 
==2443640== 10 bytes in 1 blocks are possibly lost in loss record 81 of 377
==2443640==    at 0x7056899: malloc (in /mnt/c/Users/guido/ghq/projects/rustdom/.tools/valgrind/usr/libexec/valgrind/vgpreload_memcheck-amd64-linux.so)
==2443640==    by 0x22E8FC22: _RNvXs0_NvMs_NtNtCs6i54tJFfzR_5alloc3ffi5c_strNtBa_7CString3newReNtB5_11SpecNewImpl13spec_new_impl (in /mnt/c/Users/guido/ghq/projects/rustdom/dist/rustdom.node)
==2443640==    by 0x22E3A8DF: _RNvMs2_NtNtCs4QMHp0v7l6B_4napi9js_values15object_propertyNtB5_8Property14with_utf8_name (in /mnt/c/Users/guido/ghq/projects/rustdom/dist/rustdom.node)
==2443640==    by 0x22DD8A4B: _RNvNvNtNtNtCs45HKutVyWu4_7rustdom3dom4tree32___napi_impl_helper_NativeTree_1536___napi_register__NativeTree_impl_40020___ctor_private_inner (in /mnt/c/Users/guido/ghq/projects/rustdom/dist/rustdom.node)
==2443640==    by 0x22DFFF35: _RNvNvNvNvNtNtNtCs45HKutVyWu4_7rustdom3dom4tree32___napi_impl_helper_NativeTree_1536___napi_register__NativeTree_impl_4001__18___CTOR_PRIVATE_REF14___ctor_private (in /mnt/c/Users/guido/ghq/projects/rustdom/dist/rustdom.node)
==2443640==    by 0x681447D: call_init.part.0 (dl-init.c:70)
==2443640==    by 0x6814567: call_init (dl-init.c:33)
==2443640==    by 0x6814567: _dl_init (dl-init.c:117)
==2443640==    by 0x7522BB4: _dl_catch_exception (dl-error-skeleton.c:182)
==2443640==    by 0x681BFF5: dl_open_worker (dl-open.c:808)
==2443640==    by 0x681BFF5: dl_open_worker (dl-open.c:771)
==2443640==    by 0x7522B57: _dl_catch_exception (dl-error-skeleton.c:208)
==2443640==    by 0x681C34D: _dl_open (dl-open.c:883)
==2443640==    by 0x743E5FB: dlopen_doit (dlopen.c:56)
==2443640== 
==2443640== 10 bytes in 1 blocks are possibly lost in loss record 82 of 377
==2443640==    at 0x7056899: malloc (in /mnt/c/Users/guido/ghq/projects/rustdom/.tools/valgrind/usr/libexec/valgrind/vgpreload_memcheck-amd64-linux.so)
==2443640==    by 0x22E8FC22: _RNvXs0_NvMs_NtNtCs6i54tJFfzR_5alloc3ffi5c_strNtBa_7CString3newReNtB5_11SpecNewImpl13spec_new_impl (in /mnt/c/Users/guido/ghq/projects/rustdom/dist/rustdom.node)
==2443640==    by 0x22E3A8DF: _RNvMs2_NtNtCs4QMHp0v7l6B_4napi9js_values15object_propertyNtB5_8Property14with_utf8_name (in /mnt/c/Users/guido/ghq/projects/rustdom/dist/rustdom.node)
==2443640==    by 0x22DDA6F3: _RNvNvNtNtNtCs45HKutVyWu4_7rustdom3dom4tree32___napi_impl_helper_NativeTree_1536___napi_register__NativeTree_impl_40020___ctor_private_inner (in /mnt/c/Users/guido/ghq/projects/rustdom/dist/rustdom.node)
==2443640==    by 0x22DFFF35: _RNvNvNvNvNtNtNtCs45HKutVyWu4_7rustdom3dom4tree32___napi_impl_helper_NativeTree_1536___napi_register__NativeTree_impl_4001__18___CTOR_PRIVATE_REF14___ctor_private (in /mnt/c/Users/guido/ghq/projects/rustdom/dist/rustdom.node)
==2443640==    by 0x681447D: call_init.part.0 (dl-init.c:70)
==2443640==    by 0x6814567: call_init (dl-init.c:33)
==2443640==    by 0x6814567: _dl_init (dl-init.c:117)
==2443640==    by 0x7522BB4: _dl_catch_exception (dl-error-skeleton.c:182)
==2443640==    by 0x681BFF5: dl_open_worker (dl-open.c:808)
==2443640==    by 0x681BFF5: dl_open_worker (dl-open.c:771)
==2443640==    by 0x7522B57: _dl_catch_exception (dl-error-skeleton.c:208)
==2443640==    by 0x681C34D: _dl_open (dl-open.c:883)
==2443640==    by 0x743E5FB: dlopen_doit (dlopen.c:56)
==2443640== 
==2443640== 10 bytes in 1 blocks are possibly lost in loss record 83 of 377
==2443640==    at 0x7056899: malloc (in /mnt/c/Users/guido/ghq/projects/rustdom/.tools/valgrind/usr/libexec/valgrind/vgpreload_memcheck-amd64-linux.so)
==2443640==    by 0x22E8FC22: _RNvXs0_NvMs_NtNtCs6i54tJFfzR_5alloc3ffi5c_strNtBa_7CString3newReNtB5_11SpecNewImpl13spec_new_impl (in /mnt/c/Users/guido/ghq/projects/rustdom/dist/rustdom.node)
==2443640==    by 0x22E3A8DF: _RNvMs2_NtNtCs4QMHp0v7l6B_4napi9js_values15object_propertyNtB5_8Property14with_utf8_name (in /mnt/c/Users/guido/ghq/projects/rustdom/dist/rustdom.node)
==2443640==    by 0x22DDC4A1: _RNvNvNtNtNtCs45HKutVyWu4_7rustdom3dom4tree32___napi_impl_helper_NativeTree_1536___napi_register__NativeTree_impl_40020___ctor_private_inner (in /mnt/c/Users/guido/ghq/projects/rustdom/dist/rustdom.node)
==2443640==    by 0x22DFFF35: _RNvNvNvNvNtNtNtCs45HKutVyWu4_7rustdom3dom4tree32___napi_impl_helper_NativeTree_1536___napi_register__NativeTree_impl_4001__18___CTOR_PRIVATE_REF14___ctor_private (in /mnt/c/Users/guido/ghq/projects/rustdom/dist/rustdom.node)
==2443640==    by 0x681447D: call_init.part.0 (dl-init.c:70)
==2443640==    by 0x6814567: call_init (dl-init.c:33)
==2443640==    by 0x6814567: _dl_init (dl-init.c:117)
==2443640==    by 0x7522BB4: _dl_catch_exception (dl-error-skeleton.c:182)
==2443640==    by 0x681BFF5: dl_open_worker (dl-open.c:808)
==2443640==    by 0x681BFF5: dl_open_worker (dl-open.c:771)
==2443640==    by 0x7522B57: _dl_catch_exception (dl-error-skeleton.c:208)
==2443640==    by 0x681C34D: _dl_open (dl-open.c:883)
==2443640==    by 0x743E5FB: dlopen_doit (dlopen.c:56)
==2443640== 
==2443640== 10 bytes in 1 blocks are possibly lost in loss record 84 of 377
==2443640==    at 0x7056899: malloc (in /mnt/c/Users/guido/ghq/projects/rustdom/.tools/valgrind/usr/libexec/valgrind/vgpreload_memcheck-amd64-linux.so)
==2443640==    by 0x22E8FC22: _RNvXs0_NvMs_NtNtCs6i54tJFfzR_5alloc3ffi5c_strNtBa_7CString3newReNtB5_11SpecNewImpl13spec_new_impl (in /mnt/c/Users/guido/ghq/projects/rustdom/dist/rustdom.node)
==2443640==    by 0x22E3A8DF: _RNvMs2_NtNtCs4QMHp0v7l6B_4napi9js_values15object_propertyNtB5_8Property14with_utf8_name (in /mnt/c/Users/guido/ghq/projects/rustdom/dist/rustdom.node)
==2443640==    by 0x22DDF35A: _RNvNvNtNtNtCs45HKutVyWu4_7rustdom3dom4tree32___napi_impl_helper_NativeTree_1536___napi_register__NativeTree_impl_40020___ctor_private_inner (in /mnt/c/Users/guido/ghq/projects/rustdom/dist/rustdom.node)
==2443640==    by 0x22DFFF35: _RNvNvNvNvNtNtNtCs45HKutVyWu4_7rustdom3dom4tree32___napi_impl_helper_NativeTree_1536___napi_register__NativeTree_impl_4001__18___CTOR_PRIVATE_REF14___ctor_private (in /mnt/c/Users/guido/ghq/projects/rustdom/dist/rustdom.node)
==2443640==    by 0x681447D: call_init.part.0 (dl-init.c:70)
==2443640==    by 0x6814567: call_init (dl-init.c:33)
==2443640==    by 0x6814567: _dl_init (dl-init.c:117)
==2443640==    by 0x7522BB4: _dl_catch_exception (dl-error-skeleton.c:182)
==2443640==    by 0x681BFF5: dl_open_worker (dl-open.c:808)
==2443640==    by 0x681BFF5: dl_open_worker (dl-open.c:771)
==2443640==    by 0x7522B57: _dl_catch_exception (dl-error-skeleton.c:208)
==2443640==    by 0x681C34D: _dl_open (dl-open.c:883)
==2443640==    by 0x743E5FB: dlopen_doit (dlopen.c:56)
==2443640== 
==2443640== 10 bytes in 1 blocks are possibly lost in loss record 85 of 377
==2443640==    at 0x7056899: malloc (in /mnt/c/Users/guido/ghq/projects/rustdom/.tools/valgrind/usr/libexec/valgrind/vgpreload_memcheck-amd64-linux.so)
==2443640==    by 0x22E8FC22: _RNvXs0_NvMs_NtNtCs6i54tJFfzR_5alloc3ffi5c_strNtBa_7CString3newReNtB5_11SpecNewImpl13spec_new_impl (in /mnt/c/Users/guido/ghq/projects/rustdom/dist/rustdom.node)
==2443640==    by 0x22E3A8DF: _RNvMs2_NtNtCs4QMHp0v7l6B_4napi9js_values15object_propertyNtB5_8Property14with_utf8_name (in /mnt/c/Users/guido/ghq/projects/rustdom/dist/rustdom.node)
==2443640==    by 0x22E00684: _RNvNvNvNvNtNtNtCs45HKutVyWu4_7rustdom3xml7binding37___napi_impl_helper_NativeXmlParser_2041___napi_register__NativeXmlParser_impl_4511__18___CTOR_PRIVATE_REF14___ctor_private (in /mnt/c/Users/guido/ghq/projects/rustdom/dist/rustdom.node)
==2443640==    by 0x681447D: call_init.part.0 (dl-init.c:70)
==2443640==    by 0x6814567: call_init (dl-init.c:33)
==2443640==    by 0x6814567: _dl_init (dl-init.c:117)
==2443640==    by 0x7522BB4: _dl_catch_exception (dl-error-skeleton.c:182)
==2443640==    by 0x681BFF5: dl_open_worker (dl-open.c:808)
==2443640==    by 0x681BFF5: dl_open_worker (dl-open.c:771)
==2443640==    by 0x7522B57: _dl_catch_exception (dl-error-skeleton.c:208)
==2443640==    by 0x681C34D: _dl_open (dl-open.c:883)
==2443640==    by 0x743E5FB: dlopen_doit (dlopen.c:56)
==2443640==    by 0x7522B57: _dl_catch_exception (dl-error-skeleton.c:208)
==2443640== 
==2443640== 11 bytes in 1 blocks are still reachable in loss record 86 of 377
==2443640==    at 0x7056899: malloc (in /mnt/c/Users/guido/ghq/projects/rustdom/.tools/valgrind/usr/libexec/valgrind/vgpreload_memcheck-amd64-linux.so)
==2443640==    by 0x25F45D7: init_entry(char const*, char const*, UErrorCode*) (in /mnt/c/Users/guido/ghq/projects/rustdom/.tools/node/bin/node)
==2443640==    by 0x25F540A: ures_openDirectFillIn_78 (in /mnt/c/Users/guido/ghq/projects/rustdom/.tools/node/bin/node)
==2443640==    by 0x1FDF640: icu_78::TimeZone::getTZDataVersion(UErrorCode&) (in /mnt/c/Users/guido/ghq/projects/rustdom/.tools/node/bin/node)
==2443640==    by 0x91DD43: node::Metadata::Versions::InitializeIntlVersions() (in /mnt/c/Users/guido/ghq/projects/rustdom/.tools/node/bin/node)
==2443640==    by 0x849289: node::InitializeNodeWithArgsInternal(std::vector<std::__cxx11::basic_string<char, std::char_traits<char>, std::allocator<char> >, std::allocator<std::__cxx11::basic_string<char, std::char_traits<char>, std::allocator<char> > > >*, std::vector<std::__cxx11::basic_string<char, std::char_traits<char>, std::allocator<char> >, std::allocator<std::__cxx11::basic_string<char, std::char_traits<char>, std::allocator<char> > > >*, std::vector<std::__cxx11::basic_string<char, std::char_traits<char>, std::allocator<char> >, std::allocator<std::__cxx11::basic_string<char, std::char_traits<char>, std::allocator<char> > > >*, node::ProcessInitializationFlags::Flags) (in /mnt/c/Users/guido/ghq/projects/rustdom/.tools/node/bin/node)
==2443640==    by 0x84A57E: node::InitializeOncePerProcessInternal(std::vector<std::__cxx11::basic_string<char, std::char_traits<char>, std::allocator<char> >, std::allocator<std::__cxx11::basic_string<char, std::char_traits<char>, std::allocator<char> > > > const&, node::ProcessInitializationFlags::Flags) (in /mnt/c/Users/guido/ghq/projects/rustdom/.tools/node/bin/node)
==2443640==    by 0x84CAEB: node::Start(int, char**) (in /mnt/c/Users/guido/ghq/projects/rustdom/.tools/node/bin/node)
==2443640==    by 0x73D7D8F: (below main) (libc_start_call_main.h:58)
==2443640== 
==2443640== 11 bytes in 1 blocks are possibly lost in loss record 87 of 377
==2443640==    at 0x7056899: malloc (in /mnt/c/Users/guido/ghq/projects/rustdom/.tools/valgrind/usr/libexec/valgrind/vgpreload_memcheck-amd64-linux.so)
==2443640==    by 0x22E8FC22: _RNvXs0_NvMs_NtNtCs6i54tJFfzR_5alloc3ffi5c_strNtBa_7CString3newReNtB5_11SpecNewImpl13spec_new_impl (in /mnt/c/Users/guido/ghq/projects/rustdom/dist/rustdom.node)
==2443640==    by 0x22E3A8DF: _RNvMs2_NtNtCs4QMHp0v7l6B_4napi9js_values15object_propertyNtB5_8Property14with_utf8_name (in /mnt/c/Users/guido/ghq/projects/rustdom/dist/rustdom.node)
==2443640==    by 0x22DEA1F4: _RNvNvNvNvNtNtNtCs45HKutVyWu4_7rustdom3dom12blob_binding39___napi_impl_helper_NativeBlobMetadata_143___napi_register__NativeBlobMetadata_impl_281__18___CTOR_PRIVATE_REF14___ctor_private (in /mnt/c/Users/guido/ghq/projects/rustdom/dist/rustdom.node)
==2443640==    by 0x681447D: call_init.part.0 (dl-init.c:70)
==2443640==    by 0x6814567: call_init (dl-init.c:33)
==2443640==    by 0x6814567: _dl_init (dl-init.c:117)
==2443640==    by 0x7522BB4: _dl_catch_exception (dl-error-skeleton.c:182)
==2443640==    by 0x681BFF5: dl_open_worker (dl-open.c:808)
==2443640==    by 0x681BFF5: dl_open_worker (dl-open.c:771)
==2443640==    by 0x7522B57: _dl_catch_exception (dl-error-skeleton.c:208)
==2443640==    by 0x681C34D: _dl_open (dl-open.c:883)
==2443640==    by 0x743E5FB: dlopen_doit (dlopen.c:56)
==2443640==    by 0x7522B57: _dl_catch_exception (dl-error-skeleton.c:208)
==2443640== 
==2443640== 11 bytes in 1 blocks are possibly lost in loss record 88 of 377
==2443640==    at 0x7056899: malloc (in /mnt/c/Users/guido/ghq/projects/rustdom/.tools/valgrind/usr/libexec/valgrind/vgpreload_memcheck-amd64-linux.so)
==2443640==    by 0x22E8FC22: _RNvXs0_NvMs_NtNtCs6i54tJFfzR_5alloc3ffi5c_strNtBa_7CString3newReNtB5_11SpecNewImpl13spec_new_impl (in /mnt/c/Users/guido/ghq/projects/rustdom/dist/rustdom.node)
==2443640==    by 0x22E3A8DF: _RNvMs2_NtNtCs4QMHp0v7l6B_4napi9js_values15object_propertyNtB5_8Property14with_utf8_name (in /mnt/c/Users/guido/ghq/projects/rustdom/dist/rustdom.node)
==2443640==    by 0x22DEB064: _RNvNvNvNvNtNtNtCs45HKutVyWu4_7rustdom3dom16dom_rect_binding34___napi_impl_helper_NativeDomRect_238___napi_register__NativeDomRect_impl_501__18___CTOR_PRIVATE_REF14___ctor_private (in /mnt/c/Users/guido/ghq/projects/rustdom/dist/rustdom.node)
==2443640==    by 0x681447D: call_init.part.0 (dl-init.c:70)
==2443640==    by 0x6814567: call_init (dl-init.c:33)
==2443640==    by 0x6814567: _dl_init (dl-init.c:117)
==2443640==    by 0x7522BB4: _dl_catch_exception (dl-error-skeleton.c:182)
==2443640==    by 0x681BFF5: dl_open_worker (dl-open.c:808)
==2443640==    by 0x681BFF5: dl_open_worker (dl-open.c:771)
==2443640==    by 0x7522B57: _dl_catch_exception (dl-error-skeleton.c:208)
==2443640==    by 0x681C34D: _dl_open (dl-open.c:883)
==2443640==    by 0x743E5FB: dlopen_doit (dlopen.c:56)
==2443640==    by 0x7522B57: _dl_catch_exception (dl-error-skeleton.c:208)
==2443640== 
==2443640== 11 bytes in 1 blocks are possibly lost in loss record 89 of 377
==2443640==    at 0x7056899: malloc (in /mnt/c/Users/guido/ghq/projects/rustdom/.tools/valgrind/usr/libexec/valgrind/vgpreload_memcheck-amd64-linux.so)
==2443640==    by 0x22E8FC22: _RNvXs0_NvMs_NtNtCs6i54tJFfzR_5alloc3ffi5c_strNtBa_7CString3newReNtB5_11SpecNewImpl13spec_new_impl (in /mnt/c/Users/guido/ghq/projects/rustdom/dist/rustdom.node)
==2443640==    by 0x22E3A8DF: _RNvMs2_NtNtCs4QMHp0v7l6B_4napi9js_values15object_propertyNtB5_8Property14with_utf8_name (in /mnt/c/Users/guido/ghq/projects/rustdom/dist/rustdom.node)
==2443640==    by 0x22DECA9B: _RNvNvNvNvNtNtNtCs45HKutVyWu4_7rustdom3dom18token_list_binding37___napi_impl_helper_NativeTokenList_1241___napi_register__NativeTokenList_impl_2181__18___CTOR_PRIVATE_REF14___ctor_private (in /mnt/c/Users/guido/ghq/projects/rustdom/dist/rustdom.node)
==2443640==    by 0x681447D: call_init.part.0 (dl-init.c:70)
==2443640==    by 0x6814567: call_init (dl-init.c:33)
==2443640==    by 0x6814567: _dl_init (dl-init.c:117)
==2443640==    by 0x7522BB4: _dl_catch_exception (dl-error-skeleton.c:182)
==2443640==    by 0x681BFF5: dl_open_worker (dl-open.c:808)
==2443640==    by 0x681BFF5: dl_open_worker (dl-open.c:771)
==2443640==    by 0x7522B57: _dl_catch_exception (dl-error-skeleton.c:208)
==2443640==    by 0x681C34D: _dl_open (dl-open.c:883)
==2443640==    by 0x743E5FB: dlopen_doit (dlopen.c:56)
==2443640==    by 0x7522B57: _dl_catch_exception (dl-error-skeleton.c:208)
==2443640== 
==2443640== 11 bytes in 1 blocks are possibly lost in loss record 90 of 377
==2443640==    at 0x7056899: malloc (in /mnt/c/Users/guido/ghq/projects/rustdom/.tools/valgrind/usr/libexec/valgrind/vgpreload_memcheck-amd64-linux.so)
==2443640==    by 0x22E8FC22: _RNvXs0_NvMs_NtNtCs6i54tJFfzR_5alloc3ffi5c_strNtBa_7CString3newReNtB5_11SpecNewImpl13spec_new_impl (in /mnt/c/Users/guido/ghq/projects/rustdom/dist/rustdom.node)
==2443640==    by 0x22E3A8DF: _RNvMs2_NtNtCs4QMHp0v7l6B_4napi9js_values15object_propertyNtB5_8Property14with_utf8_name (in /mnt/c/Users/guido/ghq/projects/rustdom/dist/rustdom.node)
==2443640==    by 0x22DECB8F: _RNvNvNvNvNtNtNtCs45HKutVyWu4_7rustdom3dom18token_list_binding37___napi_impl_helper_NativeTokenList_1241___napi_register__NativeTokenList_impl_2181__18___CTOR_PRIVATE_REF14___ctor_private (in /mnt/c/Users/guido/ghq/projects/rustdom/dist/rustdom.node)
==2443640==    by 0x681447D: call_init.part.0 (dl-init.c:70)
==2443640==    by 0x6814567: call_init (dl-init.c:33)
==2443640==    by 0x6814567: _dl_init (dl-init.c:117)
==2443640==    by 0x7522BB4: _dl_catch_exception (dl-error-skeleton.c:182)
==2443640==    by 0x681BFF5: dl_open_worker (dl-open.c:808)
==2443640==    by 0x681BFF5: dl_open_worker (dl-open.c:771)
==2443640==    by 0x7522B57: _dl_catch_exception (dl-error-skeleton.c:208)
==2443640==    by 0x681C34D: _dl_open (dl-open.c:883)
==2443640==    by 0x743E5FB: dlopen_doit (dlopen.c:56)
==2443640==    by 0x7522B57: _dl_catch_exception (dl-error-skeleton.c:208)
==2443640== 
==2443640== 11 bytes in 1 blocks are possibly lost in loss record 91 of 377
==2443640==    at 0x7056899: malloc (in /mnt/c/Users/guido/ghq/projects/rustdom/.tools/valgrind/usr/libexec/valgrind/vgpreload_memcheck-amd64-linux.so)
==2443640==    by 0x22E8FC22: _RNvXs0_NvMs_NtNtCs6i54tJFfzR_5alloc3ffi5c_strNtBa_7CString3newReNtB5_11SpecNewImpl13spec_new_impl (in /mnt/c/Users/guido/ghq/projects/rustdom/dist/rustdom.node)
==2443640==    by 0x22E3A8DF: _RNvMs2_NtNtCs4QMHp0v7l6B_4napi9js_values15object_propertyNtB5_8Property14with_utf8_name (in /mnt/c/Users/guido/ghq/projects/rustdom/dist/rustdom.node)
==2443640==    by 0x22DEDBCD: _RNvNvNvNvNtNtNtCs45HKutVyWu4_7rustdom3dom19abort_state_binding37___napi_impl_helper_NativeAbortState_041___napi_register__NativeAbortState_impl_181__18___CTOR_PRIVATE_REF14___ctor_private (in /mnt/c/Users/guido/ghq/projects/rustdom/dist/rustdom.node)
==2443640==    by 0x681447D: call_init.part.0 (dl-init.c:70)
==2443640==    by 0x6814567: call_init (dl-init.c:33)
==2443640==    by 0x6814567: _dl_init (dl-init.c:117)
==2443640==    by 0x7522BB4: _dl_catch_exception (dl-error-skeleton.c:182)
==2443640==    by 0x681BFF5: dl_open_worker (dl-open.c:808)
==2443640==    by 0x681BFF5: dl_open_worker (dl-open.c:771)
==2443640==    by 0x7522B57: _dl_catch_exception (dl-error-skeleton.c:208)
==2443640==    by 0x681C34D: _dl_open (dl-open.c:883)
==2443640==    by 0x743E5FB: dlopen_doit (dlopen.c:56)
==2443640==    by 0x7522B57: _dl_catch_exception (dl-error-skeleton.c:208)
==2443640== 
==2443640== 11 bytes in 1 blocks are possibly lost in loss record 92 of 377
==2443640==    at 0x7056899: malloc (in /mnt/c/Users/guido/ghq/projects/rustdom/.tools/valgrind/usr/libexec/valgrind/vgpreload_memcheck-amd64-linux.so)
==2443640==    by 0x22E8FC22: _RNvXs0_NvMs_NtNtCs6i54tJFfzR_5alloc3ffi5c_strNtBa_7CString3newReNtB5_11SpecNewImpl13spec_new_impl (in /mnt/c/Users/guido/ghq/projects/rustdom/dist/rustdom.node)
==2443640==    by 0x22E3A8DF: _RNvMs2_NtNtCs4QMHp0v7l6B_4napi9js_values15object_propertyNtB5_8Property14with_utf8_name (in /mnt/c/Users/guido/ghq/projects/rustdom/dist/rustdom.node)
==2443640==    by 0x22DEEBDB: _RNvNvNvNvNtNtNtCs45HKutVyWu4_7rustdom3dom19event_state_binding37___napi_impl_helper_NativeEventState_442___napi_register__NativeEventState_impl_1011__18___CTOR_PRIVATE_REF14___ctor_private (in /mnt/c/Users/guido/ghq/projects/rustdom/dist/rustdom.node)
==2443640==    by 0x681447D: call_init.part.0 (dl-init.c:70)
==2443640==    by 0x6814567: call_init (dl-init.c:33)
==2443640==    by 0x6814567: _dl_init (dl-init.c:117)
==2443640==    by 0x7522BB4: _dl_catch_exception (dl-error-skeleton.c:182)
==2443640==    by 0x681BFF5: dl_open_worker (dl-open.c:808)
==2443640==    by 0x681BFF5: dl_open_worker (dl-open.c:771)
==2443640==    by 0x7522B57: _dl_catch_exception (dl-error-skeleton.c:208)
==2443640==    by 0x681C34D: _dl_open (dl-open.c:883)
==2443640==    by 0x743E5FB: dlopen_doit (dlopen.c:56)
==2443640==    by 0x7522B57: _dl_catch_exception (dl-error-skeleton.c:208)
==2443640== 
==2443640== 11 bytes in 1 blocks are possibly lost in loss record 93 of 377
==2443640==    at 0x7056899: malloc (in /mnt/c/Users/guido/ghq/projects/rustdom/.tools/valgrind/usr/libexec/valgrind/vgpreload_memcheck-amd64-linux.so)
==2443640==    by 0x22E8FC22: _RNvXs0_NvMs_NtNtCs6i54tJFfzR_5alloc3ffi5c_strNtBa_7CString3newReNtB5_11SpecNewImpl13spec_new_impl (in /mnt/c/Users/guido/ghq/projects/rustdom/dist/rustdom.node)
==2443640==    by 0x22E3A8DF: _RNvMs2_NtNtCs4QMHp0v7l6B_4napi9js_values15object_propertyNtB5_8Property14with_utf8_name (in /mnt/c/Users/guido/ghq/projects/rustdom/dist/rustdom.node)
==2443640==    by 0x22DEEEEE: _RNvNvNvNvNtNtNtCs45HKutVyWu4_7rustdom3dom19event_state_binding37___napi_impl_helper_NativeEventState_442___napi_register__NativeEventState_impl_1011__18___CTOR_PRIVATE_REF14___ctor_private (in /mnt/c/Users/guido/ghq/projects/rustdom/dist/rustdom.node)
==2443640==    by 0x681447D: call_init.part.0 (dl-init.c:70)
==2443640==    by 0x6814567: call_init (dl-init.c:33)
==2443640==    by 0x6814567: _dl_init (dl-init.c:117)
==2443640==    by 0x7522BB4: _dl_catch_exception (dl-error-skeleton.c:182)
==2443640==    by 0x681BFF5: dl_open_worker (dl-open.c:808)
==2443640==    by 0x681BFF5: dl_open_worker (dl-open.c:771)
==2443640==    by 0x7522B57: _dl_catch_exception (dl-error-skeleton.c:208)
==2443640==    by 0x681C34D: _dl_open (dl-open.c:883)
==2443640==    by 0x743E5FB: dlopen_doit (dlopen.c:56)
==2443640==    by 0x7522B57: _dl_catch_exception (dl-error-skeleton.c:208)
==2443640== 
==2443640== 11 bytes in 1 blocks are possibly lost in loss record 94 of 377
==2443640==    at 0x7056899: malloc (in /mnt/c/Users/guido/ghq/projects/rustdom/.tools/valgrind/usr/libexec/valgrind/vgpreload_memcheck-amd64-linux.so)
==2443640==    by 0x22E8FC22: _RNvXs0_NvMs_NtNtCs6i54tJFfzR_5alloc3ffi5c_strNtBa_7CString3newReNtB5_11SpecNewImpl13spec_new_impl (in /mnt/c/Users/guido/ghq/projects/rustdom/dist/rustdom.node)
==2443640==    by 0x22E3A8DF: _RNvMs2_NtNtCs4QMHp0v7l6B_4napi9js_values15object_propertyNtB5_8Property14with_utf8_name (in /mnt/c/Users/guido/ghq/projects/rustdom/dist/rustdom.node)
==2443640==    by 0x22DEF3EC: _RNvNvNvNvNtNtNtCs45HKutVyWu4_7rustdom3dom19event_state_binding37___napi_impl_helper_NativeEventState_442___napi_register__NativeEventState_impl_1011__18___CTOR_PRIVATE_REF14___ctor_private (in /mnt/c/Users/guido/ghq/projects/rustdom/dist/rustdom.node)
==2443640==    by 0x681447D: call_init.part.0 (dl-init.c:70)
==2443640==    by 0x6814567: call_init (dl-init.c:33)
==2443640==    by 0x6814567: _dl_init (dl-init.c:117)
==2443640==    by 0x7522BB4: _dl_catch_exception (dl-error-skeleton.c:182)
==2443640==    by 0x681BFF5: dl_open_worker (dl-open.c:808)
==2443640==    by 0x681BFF5: dl_open_worker (dl-open.c:771)
==2443640==    by 0x7522B57: _dl_catch_exception (dl-error-skeleton.c:208)
==2443640==    by 0x681C34D: _dl_open (dl-open.c:883)
==2443640==    by 0x743E5FB: dlopen_doit (dlopen.c:56)
==2443640==    by 0x7522B57: _dl_catch_exception (dl-error-skeleton.c:208)
==2443640== 
==2443640== 11 bytes in 1 blocks are possibly lost in loss record 95 of 377
==2443640==    at 0x7056899: malloc (in /mnt/c/Users/guido/ghq/projects/rustdom/.tools/valgrind/usr/libexec/valgrind/vgpreload_memcheck-amd64-linux.so)
==2443640==    by 0x22E8FC22: _RNvXs0_NvMs_NtNtCs6i54tJFfzR_5alloc3ffi5c_strNtBa_7CString3newReNtB5_11SpecNewImpl13spec_new_impl (in /mnt/c/Users/guido/ghq/projects/rustdom/dist/rustdom.node)
==2443640==    by 0x22E3A8DF: _RNvMs2_NtNtCs4QMHp0v7l6B_4napi9js_values15object_propertyNtB5_8Property14with_utf8_name (in /mnt/c/Users/guido/ghq/projects/rustdom/dist/rustdom.node)
==2443640==    by 0x22DEF804: _RNvNvNvNvNtNtNtCs45HKutVyWu4_7rustdom3dom19event_state_binding37___napi_impl_helper_NativeEventState_442___napi_register__NativeEventState_impl_1011__18___CTOR_PRIVATE_REF14___ctor_private (in /mnt/c/Users/guido/ghq/projects/rustdom/dist/rustdom.node)
==2443640==    by 0x681447D: call_init.part.0 (dl-init.c:70)
==2443640==    by 0x6814567: call_init (dl-init.c:33)
==2443640==    by 0x6814567: _dl_init (dl-init.c:117)
==2443640==    by 0x7522BB4: _dl_catch_exception (dl-error-skeleton.c:182)
==2443640==    by 0x681BFF5: dl_open_worker (dl-open.c:808)
==2443640==    by 0x681BFF5: dl_open_worker (dl-open.c:771)
==2443640==    by 0x7522B57: _dl_catch_exception (dl-error-skeleton.c:208)
==2443640==    by 0x681C34D: _dl_open (dl-open.c:883)
==2443640==    by 0x743E5FB: dlopen_doit (dlopen.c:56)
==2443640==    by 0x7522B57: _dl_catch_exception (dl-error-skeleton.c:208)
==2443640== 
==2443640== 11 bytes in 1 blocks are possibly lost in loss record 96 of 377
==2443640==    at 0x7056899: malloc (in /mnt/c/Users/guido/ghq/projects/rustdom/.tools/valgrind/usr/libexec/valgrind/vgpreload_memcheck-amd64-linux.so)
==2443640==    by 0x22E8FC22: _RNvXs0_NvMs_NtNtCs6i54tJFfzR_5alloc3ffi5c_strNtBa_7CString3newReNtB5_11SpecNewImpl13spec_new_impl (in /mnt/c/Users/guido/ghq/projects/rustdom/dist/rustdom.node)
==2443640==    by 0x22E3A8DF: _RNvMs2_NtNtCs4QMHp0v7l6B_4napi9js_values15object_propertyNtB5_8Property14with_utf8_name (in /mnt/c/Users/guido/ghq/projects/rustdom/dist/rustdom.node)
==2443640==    by 0x22DEFF2E: _RNvNvNvNvNtNtNtCs45HKutVyWu4_7rustdom3dom19event_state_binding37___napi_impl_helper_NativeEventState_442___napi_register__NativeEventState_impl_1011__18___CTOR_PRIVATE_REF14___ctor_private (in /mnt/c/Users/guido/ghq/projects/rustdom/dist/rustdom.node)
==2443640==    by 0x681447D: call_init.part.0 (dl-init.c:70)
==2443640==    by 0x6814567: call_init (dl-init.c:33)
==2443640==    by 0x6814567: _dl_init (dl-init.c:117)
==2443640==    by 0x7522BB4: _dl_catch_exception (dl-error-skeleton.c:182)
==2443640==    by 0x681BFF5: dl_open_worker (dl-open.c:808)
==2443640==    by 0x681BFF5: dl_open_worker (dl-open.c:771)
==2443640==    by 0x7522B57: _dl_catch_exception (dl-error-skeleton.c:208)
==2443640==    by 0x681C34D: _dl_open (dl-open.c:883)
==2443640==    by 0x743E5FB: dlopen_doit (dlopen.c:56)
==2443640==    by 0x7522B57: _dl_catch_exception (dl-error-skeleton.c:208)
==2443640== 
==2443640== 11 bytes in 1 blocks are possibly lost in loss record 97 of 377
==2443640==    at 0x7056899: malloc (in /mnt/c/Users/guido/ghq/projects/rustdom/.tools/valgrind/usr/libexec/valgrind/vgpreload_memcheck-amd64-linux.so)
==2443640==    by 0x22E8FC22: _RNvXs0_NvMs_NtNtCs6i54tJFfzR_5alloc3ffi5c_strNtBa_7CString3newReNtB5_11SpecNewImpl13spec_new_impl (in /mnt/c/Users/guido/ghq/projects/rustdom/dist/rustdom.node)
==2443640==    by 0x22E3A8DF: _RNvMs2_NtNtCs4QMHp0v7l6B_4napi9js_values15object_propertyNtB5_8Property14with_utf8_name (in /mnt/c/Users/guido/ghq/projects/rustdom/dist/rustdom.node)
==2443640==    by 0x22DF23C0: _RNvNvNvNvNtNtNtCs45HKutVyWu4_7rustdom3dom19file_reader_binding42___napi_impl_helper_NativeFileReaderState_547___napi_register__NativeFileReaderState_impl_1121__18___CTOR_PRIVATE_REF14___ctor_private (in /mnt/c/Users/guido/ghq/projects/rustdom/dist/rustdom.node)
==2443640==    by 0x681447D: call_init.part.0 (dl-init.c:70)
==2443640==    by 0x6814567: call_init (dl-init.c:33)
==2443640==    by 0x6814567: _dl_init (dl-init.c:117)
==2443640==    by 0x7522BB4: _dl_catch_exception (dl-error-skeleton.c:182)
==2443640==    by 0x681BFF5: dl_open_worker (dl-open.c:808)
==2443640==    by 0x681BFF5: dl_open_worker (dl-open.c:771)
==2443640==    by 0x7522B57: _dl_catch_exception (dl-error-skeleton.c:208)
==2443640==    by 0x681C34D: _dl_open (dl-open.c:883)
==2443640==    by 0x743E5FB: dlopen_doit (dlopen.c:56)
==2443640==    by 0x7522B57: _dl_catch_exception (dl-error-skeleton.c:208)
==2443640== 
==2443640== 11 bytes in 1 blocks are possibly lost in loss record 98 of 377
==2443640==    at 0x7056899: malloc (in /mnt/c/Users/guido/ghq/projects/rustdom/.tools/valgrind/usr/libexec/valgrind/vgpreload_memcheck-amd64-linux.so)
==2443640==    by 0x22E8FC22: _RNvXs0_NvMs_NtNtCs6i54tJFfzR_5alloc3ffi5c_strNtBa_7CString3newReNtB5_11SpecNewImpl13spec_new_impl (in /mnt/c/Users/guido/ghq/projects/rustdom/dist/rustdom.node)
==2443640==    by 0x22E3A8DF: _RNvMs2_NtNtCs4QMHp0v7l6B_4napi9js_values15object_propertyNtB5_8Property14with_utf8_name (in /mnt/c/Users/guido/ghq/projects/rustdom/dist/rustdom.node)
==2443640==    by 0x22DF25CC: _RNvNvNvNvNtNtNtCs45HKutVyWu4_7rustdom3dom19file_reader_binding42___napi_impl_helper_NativeFileReaderState_547___napi_register__NativeFileReaderState_impl_1121__18___CTOR_PRIVATE_REF14___ctor_private (in /mnt/c/Users/guido/ghq/projects/rustdom/dist/rustdom.node)
==2443640==    by 0x681447D: call_init.part.0 (dl-init.c:70)
==2443640==    by 0x6814567: call_init (dl-init.c:33)
==2443640==    by 0x6814567: _dl_init (dl-init.c:117)
==2443640==    by 0x7522BB4: _dl_catch_exception (dl-error-skeleton.c:182)
==2443640==    by 0x681BFF5: dl_open_worker (dl-open.c:808)
==2443640==    by 0x681BFF5: dl_open_worker (dl-open.c:771)
==2443640==    by 0x7522B57: _dl_catch_exception (dl-error-skeleton.c:208)
==2443640==    by 0x681C34D: _dl_open (dl-open.c:883)
==2443640==    by 0x743E5FB: dlopen_doit (dlopen.c:56)
==2443640==    by 0x7522B57: _dl_catch_exception (dl-error-skeleton.c:208)
==2443640== 
==2443640== 11 bytes in 1 blocks are possibly lost in loss record 99 of 377
==2443640==    at 0x7056899: malloc (in /mnt/c/Users/guido/ghq/projects/rustdom/.tools/valgrind/usr/libexec/valgrind/vgpreload_memcheck-amd64-linux.so)
==2443640==    by 0x22E8FC22: _RNvXs0_NvMs_NtNtCs6i54tJFfzR_5alloc3ffi5c_strNtBa_7CString3newReNtB5_11SpecNewImpl13spec_new_impl (in /mnt/c/Users/guido/ghq/projects/rustdom/dist/rustdom.node)
==2443640==    by 0x22E3A8DF: _RNvMs2_NtNtCs4QMHp0v7l6B_4napi9js_values15object_propertyNtB5_8Property14with_utf8_name (in /mnt/c/Users/guido/ghq/projects/rustdom/dist/rustdom.node)
==2443640==    by 0x22DF2677: _RNvNvNvNvNtNtNtCs45HKutVyWu4_7rustdom3dom19file_reader_binding42___napi_impl_helper_NativeFileReaderState_547___napi_register__NativeFileReaderState_impl_1121__18___CTOR_PRIVATE_REF14___ctor_private (in /mnt/c/Users/guido/ghq/projects/rustdom/dist/rustdom.node)
==2443640==    by 0x681447D: call_init.part.0 (dl-init.c:70)
==2443640==    by 0x6814567: call_init (dl-init.c:33)
==2443640==    by 0x6814567: _dl_init (dl-init.c:117)
==2443640==    by 0x7522BB4: _dl_catch_exception (dl-error-skeleton.c:182)
==2443640==    by 0x681BFF5: dl_open_worker (dl-open.c:808)
==2443640==    by 0x681BFF5: dl_open_worker (dl-open.c:771)
==2443640==    by 0x7522B57: _dl_catch_exception (dl-error-skeleton.c:208)
==2443640==    by 0x681C34D: _dl_open (dl-open.c:883)
==2443640==    by 0x743E5FB: dlopen_doit (dlopen.c:56)
==2443640==    by 0x7522B57: _dl_catch_exception (dl-error-skeleton.c:208)
==2443640== 
==2443640== 11 bytes in 1 blocks are possibly lost in loss record 100 of 377
==2443640==    at 0x7056899: malloc (in /mnt/c/Users/guido/ghq/projects/rustdom/.tools/valgrind/usr/libexec/valgrind/vgpreload_memcheck-amd64-linux.so)
==2443640==    by 0x22E8FC22: _RNvXs0_NvMs_NtNtCs6i54tJFfzR_5alloc3ffi5c_strNtBa_7CString3newReNtB5_11SpecNewImpl13spec_new_impl (in /mnt/c/Users/guido/ghq/projects/rustdom/dist/rustdom.node)
==2443640==    by 0x22E3A8DF: _RNvMs2_NtNtCs4QMHp0v7l6B_4napi9js_values15object_propertyNtB5_8Property14with_utf8_name (in /mnt/c/Users/guido/ghq/projects/rustdom/dist/rustdom.node)
==2443640==    by 0x22DF329B: _RNvNvNvNvNtNtNtCs45HKutVyWu4_7rustdom3dom19range_clone_binding37___napi_impl_helper_NativeRangeClone_842___napi_register__NativeRangeClone_impl_1581__18___CTOR_PRIVATE_REF14___ctor_private (in /mnt/c/Users/guido/ghq/projects/rustdom/dist/rustdom.node)
==2443640==    by 0x681447D: call_init.part.0 (dl-init.c:70)
==2443640==    by 0x6814567: call_init (dl-init.c:33)
==2443640==    by 0x6814567: _dl_init (dl-init.c:117)
==2443640==    by 0x7522BB4: _dl_catch_exception (dl-error-skeleton.c:182)
==2443640==    by 0x681BFF5: dl_open_worker (dl-open.c:808)
==2443640==    by 0x681BFF5: dl_open_worker (dl-open.c:771)
==2443640==    by 0x7522B57: _dl_catch_exception (dl-error-skeleton.c:208)
==2443640==    by 0x681C34D: _dl_open (dl-open.c:883)
==2443640==    by 0x743E5FB: dlopen_doit (dlopen.c:56)
==2443640==    by 0x7522B57: _dl_catch_exception (dl-error-skeleton.c:208)
==2443640== 
==2443640== 11 bytes in 1 blocks are possibly lost in loss record 101 of 377
==2443640==    at 0x7056899: malloc (in /mnt/c/Users/guido/ghq/projects/rustdom/.tools/valgrind/usr/libexec/valgrind/vgpreload_memcheck-amd64-linux.so)
==2443640==    by 0x22E8FC22: _RNvXs0_NvMs_NtNtCs6i54tJFfzR_5alloc3ffi5c_strNtBa_7CString3newReNtB5_11SpecNewImpl13spec_new_impl (in /mnt/c/Users/guido/ghq/projects/rustdom/dist/rustdom.node)
==2443640==    by 0x22E3A8DF: _RNvMs2_NtNtCs4QMHp0v7l6B_4napi9js_values15object_propertyNtB5_8Property14with_utf8_name (in /mnt/c/Users/guido/ghq/projects/rustdom/dist/rustdom.node)
==2443640==    by 0x22DF41EC: _RNvNvNvNvNtNtNtCs45HKutVyWu4_7rustdom3dom19range_state_binding33___napi_impl_helper_NativeRange_1037___napi_register__NativeRange_impl_1951__18___CTOR_PRIVATE_REF14___ctor_private (in /mnt/c/Users/guido/ghq/projects/rustdom/dist/rustdom.node)
==2443640==    by 0x681447D: call_init.part.0 (dl-init.c:70)
==2443640==    by 0x6814567: call_init (dl-init.c:33)
==2443640==    by 0x6814567: _dl_init (dl-init.c:117)
==2443640==    by 0x7522BB4: _dl_catch_exception (dl-error-skeleton.c:182)
==2443640==    by 0x681BFF5: dl_open_worker (dl-open.c:808)
==2443640==    by 0x681BFF5: dl_open_worker (dl-open.c:771)
==2443640==    by 0x7522B57: _dl_catch_exception (dl-error-skeleton.c:208)
==2443640==    by 0x681C34D: _dl_open (dl-open.c:883)
==2443640==    by 0x743E5FB: dlopen_doit (dlopen.c:56)
==2443640==    by 0x7522B57: _dl_catch_exception (dl-error-skeleton.c:208)
==2443640== 
==2443640== 11 bytes in 1 blocks are possibly lost in loss record 102 of 377
==2443640==    at 0x7056899: malloc (in /mnt/c/Users/guido/ghq/projects/rustdom/.tools/valgrind/usr/libexec/valgrind/vgpreload_memcheck-amd64-linux.so)
==2443640==    by 0x22E8FC22: _RNvXs0_NvMs_NtNtCs6i54tJFfzR_5alloc3ffi5c_strNtBa_7CString3newReNtB5_11SpecNewImpl13spec_new_impl (in /mnt/c/Users/guido/ghq/projects/rustdom/dist/rustdom.node)
==2443640==    by 0x22E3A8DF: _RNvMs2_NtNtCs4QMHp0v7l6B_4napi9js_values15object_propertyNtB5_8Property14with_utf8_name (in /mnt/c/Users/guido/ghq/projects/rustdom/dist/rustdom.node)
==2443640==    by 0x22DF4CD3: _RNvNvNvNvNtNtNtCs45HKutVyWu4_7rustdom3dom19range_state_binding33___napi_impl_helper_NativeRange_1037___napi_register__NativeRange_impl_1951__18___CTOR_PRIVATE_REF14___ctor_private (in /mnt/c/Users/guido/ghq/projects/rustdom/dist/rustdom.node)
==2443640==    by 0x681447D: call_init.part.0 (dl-init.c:70)
==2443640==    by 0x6814567: call_init (dl-init.c:33)
==2443640==    by 0x6814567: _dl_init (dl-init.c:117)
==2443640==    by 0x7522BB4: _dl_catch_exception (dl-error-skeleton.c:182)
==2443640==    by 0x681BFF5: dl_open_worker (dl-open.c:808)
==2443640==    by 0x681BFF5: dl_open_worker (dl-open.c:771)
==2443640==    by 0x7522B57: _dl_catch_exception (dl-error-skeleton.c:208)
==2443640==    by 0x681C34D: _dl_open (dl-open.c:883)
==2443640==    by 0x743E5FB: dlopen_doit (dlopen.c:56)
==2443640==    by 0x7522B57: _dl_catch_exception (dl-error-skeleton.c:208)
==2443640== 
==2443640== 11 bytes in 1 blocks are possibly lost in loss record 103 of 377
==2443640==    at 0x7056899: malloc (in /mnt/c/Users/guido/ghq/projects/rustdom/.tools/valgrind/usr/libexec/valgrind/vgpreload_memcheck-amd64-linux.so)
==2443640==    by 0x22E8FC22: _RNvXs0_NvMs_NtNtCs6i54tJFfzR_5alloc3ffi5c_strNtBa_7CString3newReNtB5_11SpecNewImpl13spec_new_impl (in /mnt/c/Users/guido/ghq/projects/rustdom/dist/rustdom.node)
==2443640==    by 0x22E3A8DF: _RNvMs2_NtNtCs4QMHp0v7l6B_4napi9js_values15object_propertyNtB5_8Property14with_utf8_name (in /mnt/c/Users/guido/ghq/projects/rustdom/dist/rustdom.node)
==2443640==    by 0x22DF69B1: _RNvNvNvNvNtNtNtCs45HKutVyWu4_7rustdom3dom19tree_cursor_binding37___napi_impl_helper_NativeTraversal_1641___napi_register__NativeTraversal_impl_4141__18___CTOR_PRIVATE_REF14___ctor_private (in /mnt/c/Users/guido/ghq/projects/rustdom/dist/rustdom.node)
==2443640==    by 0x681447D: call_init.part.0 (dl-init.c:70)
==2443640==    by 0x6814567: call_init (dl-init.c:33)
==2443640==    by 0x6814567: _dl_init (dl-init.c:117)
==2443640==    by 0x7522BB4: _dl_catch_exception (dl-error-skeleton.c:182)
==2443640==    by 0x681BFF5: dl_open_worker (dl-open.c:808)
==2443640==    by 0x681BFF5: dl_open_worker (dl-open.c:771)
==2443640==    by 0x7522B57: _dl_catch_exception (dl-error-skeleton.c:208)
==2443640==    by 0x681C34D: _dl_open (dl-open.c:883)
==2443640==    by 0x743E5FB: dlopen_doit (dlopen.c:56)
==2443640==    by 0x7522B57: _dl_catch_exception (dl-error-skeleton.c:208)
==2443640== 
==2443640== 11 bytes in 1 blocks are possibly lost in loss record 104 of 377
==2443640==    at 0x7056899: malloc (in /mnt/c/Users/guido/ghq/projects/rustdom/.tools/valgrind/usr/libexec/valgrind/vgpreload_memcheck-amd64-linux.so)
==2443640==    by 0x22E8FC22: _RNvXs0_NvMs_NtNtCs6i54tJFfzR_5alloc3ffi5c_strNtBa_7CString3newReNtB5_11SpecNewImpl13spec_new_impl (in /mnt/c/Users/guido/ghq/projects/rustdom/dist/rustdom.node)
==2443640==    by 0x22E3A8DF: _RNvMs2_NtNtCs4QMHp0v7l6B_4napi9js_values15object_propertyNtB5_8Property14with_utf8_name (in /mnt/c/Users/guido/ghq/projects/rustdom/dist/rustdom.node)
==2443640==    by 0x22DF7DC2: _RNvNvNvNvNtNtNtCs45HKutVyWu4_7rustdom3dom19web_storage_binding39___napi_impl_helper_NativeStorageArea_1843___napi_register__NativeStorageArea_impl_4331__18___CTOR_PRIVATE_REF14___ctor_private (in /mnt/c/Users/guido/ghq/projects/rustdom/dist/rustdom.node)
==2443640==    by 0x681447D: call_init.part.0 (dl-init.c:70)
==2443640==    by 0x6814567: call_init (dl-init.c:33)
==2443640==    by 0x6814567: _dl_init (dl-init.c:117)
==2443640==    by 0x7522BB4: _dl_catch_exception (dl-error-skeleton.c:182)
==2443640==    by 0x681BFF5: dl_open_worker (dl-open.c:808)
==2443640==    by 0x681BFF5: dl_open_worker (dl-open.c:771)
==2443640==    by 0x7522B57: _dl_catch_exception (dl-error-skeleton.c:208)
==2443640==    by 0x681C34D: _dl_open (dl-open.c:883)
==2443640==    by 0x743E5FB: dlopen_doit (dlopen.c:56)
==2443640==    by 0x7522B57: _dl_catch_exception (dl-error-skeleton.c:208)
==2443640== 
==2443640== 11 bytes in 1 blocks are possibly lost in loss record 105 of 377
==2443640==    at 0x7056899: malloc (in /mnt/c/Users/guido/ghq/projects/rustdom/.tools/valgrind/usr/libexec/valgrind/vgpreload_memcheck-amd64-linux.so)
==2443640==    by 0x22E8FC22: _RNvXs0_NvMs_NtNtCs6i54tJFfzR_5alloc3ffi5c_strNtBa_7CString3newReNtB5_11SpecNewImpl13spec_new_impl (in /mnt/c/Users/guido/ghq/projects/rustdom/dist/rustdom.node)
==2443640==    by 0x22E3A8DF: _RNvMs2_NtNtCs4QMHp0v7l6B_4napi9js_values15object_propertyNtB5_8Property14with_utf8_name (in /mnt/c/Users/guido/ghq/projects/rustdom/dist/rustdom.node)
==2443640==    by 0x22DF922B: _RNvNvNvNvNtNtNtCs45HKutVyWu4_7rustdom3dom21range_extract_binding39___napi_impl_helper_NativeRangeExtract_944___napi_register__NativeRangeExtract_impl_1661__18___CTOR_PRIVATE_REF14___ctor_private (in /mnt/c/Users/guido/ghq/projects/rustdom/dist/rustdom.node)
==2443640==    by 0x681447D: call_init.part.0 (dl-init.c:70)
==2443640==    by 0x6814567: call_init (dl-init.c:33)
==2443640==    by 0x6814567: _dl_init (dl-init.c:117)
==2443640==    by 0x7522BB4: _dl_catch_exception (dl-error-skeleton.c:182)
==2443640==    by 0x681BFF5: dl_open_worker (dl-open.c:808)
==2443640==    by 0x681BFF5: dl_open_worker (dl-open.c:771)
==2443640==    by 0x7522B57: _dl_catch_exception (dl-error-skeleton.c:208)
==2443640==    by 0x681C34D: _dl_open (dl-open.c:883)
==2443640==    by 0x743E5FB: dlopen_doit (dlopen.c:56)
==2443640==    by 0x7522B57: _dl_catch_exception (dl-error-skeleton.c:208)
==2443640== 
==2443640== 11 bytes in 1 blocks are possibly lost in loss record 106 of 377
==2443640==    at 0x7056899: malloc (in /mnt/c/Users/guido/ghq/projects/rustdom/.tools/valgrind/usr/libexec/valgrind/vgpreload_memcheck-amd64-linux.so)
==2443640==    by 0x22E8FC22: _RNvXs0_NvMs_NtNtCs6i54tJFfzR_5alloc3ffi5c_strNtBa_7CString3newReNtB5_11SpecNewImpl13spec_new_impl (in /mnt/c/Users/guido/ghq/projects/rustdom/dist/rustdom.node)
==2443640==    by 0x22E3A8DF: _RNvMs2_NtNtCs4QMHp0v7l6B_4napi9js_values15object_propertyNtB5_8Property14with_utf8_name (in /mnt/c/Users/guido/ghq/projects/rustdom/dist/rustdom.node)
==2443640==    by 0x22DFA070: _RNvNvNvNvNtNtNtCs45HKutVyWu4_7rustdom3dom23event_listeners_binding43___napi_impl_helper_NativeListenerRegistry_347___napi_register__NativeListenerRegistry_impl_661__18___CTOR_PRIVATE_REF14___ctor_private (in /mnt/c/Users/guido/ghq/projects/rustdom/dist/rustdom.node)
==2443640==    by 0x681447D: call_init.part.0 (dl-init.c:70)
==2443640==    by 0x6814567: call_init (dl-init.c:33)
==2443640==    by 0x6814567: _dl_init (dl-init.c:117)
==2443640==    by 0x7522BB4: _dl_catch_exception (dl-error-skeleton.c:182)
==2443640==    by 0x681BFF5: dl_open_worker (dl-open.c:808)
==2443640==    by 0x681BFF5: dl_open_worker (dl-open.c:771)
==2443640==    by 0x7522B57: _dl_catch_exception (dl-error-skeleton.c:208)
==2443640==    by 0x681C34D: _dl_open (dl-open.c:883)
==2443640==    by 0x743E5FB: dlopen_doit (dlopen.c:56)
==2443640==    by 0x7522B57: _dl_catch_exception (dl-error-skeleton.c:208)
==2443640== 
==2443640== 11 bytes in 1 blocks are possibly lost in loss record 107 of 377
==2443640==    at 0x7056899: malloc (in /mnt/c/Users/guido/ghq/projects/rustdom/.tools/valgrind/usr/libexec/valgrind/vgpreload_memcheck-amd64-linux.so)
==2443640==    by 0x22E8FC22: _RNvXs0_NvMs_NtNtCs6i54tJFfzR_5alloc3ffi5c_strNtBa_7CString3newReNtB5_11SpecNewImpl13spec_new_impl (in /mnt/c/Users/guido/ghq/projects/rustdom/dist/rustdom.node)
==2443640==    by 0x22E3A8DF: _RNvMs2_NtNtCs4QMHp0v7l6B_4napi9js_values15object_propertyNtB5_8Property14with_utf8_name (in /mnt/c/Users/guido/ghq/projects/rustdom/dist/rustdom.node)
==2443640==    by 0x22DFAE0B: _RNvNvNvNvNtNtNtCs45HKutVyWu4_7rustdom3dom23mutation_record_binding41___napi_impl_helper_NativeMutationRecord_646___napi_register__NativeMutationRecord_impl_1321__18___CTOR_PRIVATE_REF14___ctor_private (in /mnt/c/Users/guido/ghq/projects/rustdom/dist/rustdom.node)
==2443640==    by 0x681447D: call_init.part.0 (dl-init.c:70)
==2443640==    by 0x6814567: call_init (dl-init.c:33)
==2443640==    by 0x6814567: _dl_init (dl-init.c:117)
==2443640==    by 0x7522BB4: _dl_catch_exception (dl-error-skeleton.c:182)
==2443640==    by 0x681BFF5: dl_open_worker (dl-open.c:808)
==2443640==    by 0x681BFF5: dl_open_worker (dl-open.c:771)
==2443640==    by 0x7522B57: _dl_catch_exception (dl-error-skeleton.c:208)
==2443640==    by 0x681C34D: _dl_open (dl-open.c:883)
==2443640==    by 0x743E5FB: dlopen_doit (dlopen.c:56)
==2443640==    by 0x7522B57: _dl_catch_exception (dl-error-skeleton.c:208)
==2443640== 
==2443640== 11 bytes in 1 blocks are possibly lost in loss record 108 of 377
==2443640==    at 0x7056899: malloc (in /mnt/c/Users/guido/ghq/projects/rustdom/.tools/valgrind/usr/libexec/valgrind/vgpreload_memcheck-amd64-linux.so)
==2443640==    by 0x22E8FC22: _RNvXs0_NvMs_NtNtCs6i54tJFfzR_5alloc3ffi5c_strNtBa_7CString3newReNtB5_11SpecNewImpl13spec_new_impl (in /mnt/c/Users/guido/ghq/projects/rustdom/dist/rustdom.node)
==2443640==    by 0x22E3A8DF: _RNvMs2_NtNtCs4QMHp0v7l6B_4napi9js_values15object_propertyNtB5_8Property14with_utf8_name (in /mnt/c/Users/guido/ghq/projects/rustdom/dist/rustdom.node)
==2443640==    by 0x22DFB72A: _RNvNvNvNvNtNtNtCs45HKutVyWu4_7rustdom3dom23mutation_record_binding41___napi_impl_helper_NativeMutationRecord_646___napi_register__NativeMutationRecord_impl_1321__18___CTOR_PRIVATE_REF14___ctor_private (in /mnt/c/Users/guido/ghq/projects/rustdom/dist/rustdom.node)
==2443640==    by 0x681447D: call_init.part.0 (dl-init.c:70)
==2443640==    by 0x6814567: call_init (dl-init.c:33)
==2443640==    by 0x6814567: _dl_init (dl-init.c:117)
==2443640==    by 0x7522BB4: _dl_catch_exception (dl-error-skeleton.c:182)
==2443640==    by 0x681BFF5: dl_open_worker (dl-open.c:808)
==2443640==    by 0x681BFF5: dl_open_worker (dl-open.c:771)
==2443640==    by 0x7522B57: _dl_catch_exception (dl-error-skeleton.c:208)
==2443640==    by 0x681C34D: _dl_open (dl-open.c:883)
==2443640==    by 0x743E5FB: dlopen_doit (dlopen.c:56)
==2443640==    by 0x7522B57: _dl_catch_exception (dl-error-skeleton.c:208)
==2443640== 
==2443640== 11 bytes in 1 blocks are possibly lost in loss record 109 of 377
==2443640==    at 0x7056899: malloc (in /mnt/c/Users/guido/ghq/projects/rustdom/.tools/valgrind/usr/libexec/valgrind/vgpreload_memcheck-amd64-linux.so)
==2443640==    by 0x22E8FC22: _RNvXs0_NvMs_NtNtCs6i54tJFfzR_5alloc3ffi5c_strNtBa_7CString3newReNtB5_11SpecNewImpl13spec_new_impl (in /mnt/c/Users/guido/ghq/projects/rustdom/dist/rustdom.node)
==2443640==    by 0x22E3A8DF: _RNvMs2_NtNtCs4QMHp0v7l6B_4napi9js_values15object_propertyNtB5_8Property14with_utf8_name (in /mnt/c/Users/guido/ghq/projects/rustdom/dist/rustdom.node)
==2443640==    by 0x22DFC86B: _RNvNvNvNvNtNtNtCs45HKutVyWu4_7rustdom3dom23slot_assignment_binding48___napi_impl_helper_NativeSlotAssignmentDriver_1152___napi_register__NativeSlotAssignmentDriver_impl_2041__18___CTOR_PRIVATE_REF14___ctor_private (in /mnt/c/Users/guido/ghq/projects/rustdom/dist/rustdom.node)
==2443640==    by 0x681447D: call_init.part.0 (dl-init.c:70)
==2443640==    by 0x6814567: call_init (dl-init.c:33)
==2443640==    by 0x6814567: _dl_init (dl-init.c:117)
==2443640==    by 0x7522BB4: _dl_catch_exception (dl-error-skeleton.c:182)
==2443640==    by 0x681BFF5: dl_open_worker (dl-open.c:808)
==2443640==    by 0x681BFF5: dl_open_worker (dl-open.c:771)
==2443640==    by 0x7522B57: _dl_catch_exception (dl-error-skeleton.c:208)
==2443640==    by 0x681C34D: _dl_open (dl-open.c:883)
==2443640==    by 0x743E5FB: dlopen_doit (dlopen.c:56)
==2443640==    by 0x7522B57: _dl_catch_exception (dl-error-skeleton.c:208)
==2443640== 
==2443640== 11 bytes in 1 blocks are possibly lost in loss record 110 of 377
==2443640==    at 0x7056899: malloc (in /mnt/c/Users/guido/ghq/projects/rustdom/.tools/valgrind/usr/libexec/valgrind/vgpreload_memcheck-amd64-linux.so)
==2443640==    by 0x22E8FC22: _RNvXs0_NvMs_NtNtCs6i54tJFfzR_5alloc3ffi5c_strNtBa_7CString3newReNtB5_11SpecNewImpl13spec_new_impl (in /mnt/c/Users/guido/ghq/projects/rustdom/dist/rustdom.node)
==2443640==    by 0x22E3A8DF: _RNvMs2_NtNtCs4QMHp0v7l6B_4napi9js_values15object_propertyNtB5_8Property14with_utf8_name (in /mnt/c/Users/guido/ghq/projects/rustdom/dist/rustdom.node)
==2443640==    by 0x22DFD344: _RNvNvNvNvNtNtNtCs45HKutVyWu4_7rustdom3dom25observer_delivery_binding43___napi_impl_helper_NativeObserverDelivery_748___napi_register__NativeObserverDelivery_impl_1451__18___CTOR_PRIVATE_REF14___ctor_private (in /mnt/c/Users/guido/ghq/projects/rustdom/dist/rustdom.node)
==2443640==    by 0x681447D: call_init.part.0 (dl-init.c:70)
==2443640==    by 0x6814567: call_init (dl-init.c:33)
==2443640==    by 0x6814567: _dl_init (dl-init.c:117)
==2443640==    by 0x7522BB4: _dl_catch_exception (dl-error-skeleton.c:182)
==2443640==    by 0x681BFF5: dl_open_worker (dl-open.c:808)
==2443640==    by 0x681BFF5: dl_open_worker (dl-open.c:771)
==2443640==    by 0x7522B57: _dl_catch_exception (dl-error-skeleton.c:208)
==2443640==    by 0x681C34D: _dl_open (dl-open.c:883)
==2443640==    by 0x743E5FB: dlopen_doit (dlopen.c:56)
==2443640==    by 0x7522B57: _dl_catch_exception (dl-error-skeleton.c:208)
==2443640== 
==2443640== 11 bytes in 1 blocks are possibly lost in loss record 111 of 377
==2443640==    at 0x7056899: malloc (in /mnt/c/Users/guido/ghq/projects/rustdom/.tools/valgrind/usr/libexec/valgrind/vgpreload_memcheck-amd64-linux.so)
==2443640==    by 0x22E8FC22: _RNvXs0_NvMs_NtNtCs6i54tJFfzR_5alloc3ffi5c_strNtBa_7CString3newReNtB5_11SpecNewImpl13spec_new_impl (in /mnt/c/Users/guido/ghq/projects/rustdom/dist/rustdom.node)
==2443640==    by 0x22E3A8DF: _RNvMs2_NtNtCs4QMHp0v7l6B_4napi9js_values15object_propertyNtB5_8Property14with_utf8_name (in /mnt/c/Users/guido/ghq/projects/rustdom/dist/rustdom.node)
==2443640==    by 0x22DDA4E7: _RNvNvNtNtNtCs45HKutVyWu4_7rustdom3dom4tree32___napi_impl_helper_NativeTree_1536___napi_register__NativeTree_impl_40020___ctor_private_inner (in /mnt/c/Users/guido/ghq/projects/rustdom/dist/rustdom.node)
==2443640==    by 0x22DFFF35: _RNvNvNvNvNtNtNtCs45HKutVyWu4_7rustdom3dom4tree32___napi_impl_helper_NativeTree_1536___napi_register__NativeTree_impl_4001__18___CTOR_PRIVATE_REF14___ctor_private (in /mnt/c/Users/guido/ghq/projects/rustdom/dist/rustdom.node)
==2443640==    by 0x681447D: call_init.part.0 (dl-init.c:70)
==2443640==    by 0x6814567: call_init (dl-init.c:33)
==2443640==    by 0x6814567: _dl_init (dl-init.c:117)
==2443640==    by 0x7522BB4: _dl_catch_exception (dl-error-skeleton.c:182)
==2443640==    by 0x681BFF5: dl_open_worker (dl-open.c:808)
==2443640==    by 0x681BFF5: dl_open_worker (dl-open.c:771)
==2443640==    by 0x7522B57: _dl_catch_exception (dl-error-skeleton.c:208)
==2443640==    by 0x681C34D: _dl_open (dl-open.c:883)
==2443640==    by 0x743E5FB: dlopen_doit (dlopen.c:56)
==2443640== 
==2443640== 11 bytes in 1 blocks are possibly lost in loss record 112 of 377
==2443640==    at 0x7056899: malloc (in /mnt/c/Users/guido/ghq/projects/rustdom/.tools/valgrind/usr/libexec/valgrind/vgpreload_memcheck-amd64-linux.so)
==2443640==    by 0x22E8FC22: _RNvXs0_NvMs_NtNtCs6i54tJFfzR_5alloc3ffi5c_strNtBa_7CString3newReNtB5_11SpecNewImpl13spec_new_impl (in /mnt/c/Users/guido/ghq/projects/rustdom/dist/rustdom.node)
==2443640==    by 0x22E3A8DF: _RNvMs2_NtNtCs4QMHp0v7l6B_4napi9js_values15object_propertyNtB5_8Property14with_utf8_name (in /mnt/c/Users/guido/ghq/projects/rustdom/dist/rustdom.node)
==2443640==    by 0x22DDEC8B: _RNvNvNtNtNtCs45HKutVyWu4_7rustdom3dom4tree32___napi_impl_helper_NativeTree_1536___napi_register__NativeTree_impl_40020___ctor_private_inner (in /mnt/c/Users/guido/ghq/projects/rustdom/dist/rustdom.node)
==2443640==    by 0x22DFFF35: _RNvNvNvNvNtNtNtCs45HKutVyWu4_7rustdom3dom4tree32___napi_impl_helper_NativeTree_1536___napi_register__NativeTree_impl_4001__18___CTOR_PRIVATE_REF14___ctor_private (in /mnt/c/Users/guido/ghq/projects/rustdom/dist/rustdom.node)
==2443640==    by 0x681447D: call_init.part.0 (dl-init.c:70)
==2443640==    by 0x6814567: call_init (dl-init.c:33)
==2443640==    by 0x6814567: _dl_init (dl-init.c:117)
==2443640==    by 0x7522BB4: _dl_catch_exception (dl-error-skeleton.c:182)
==2443640==    by 0x681BFF5: dl_open_worker (dl-open.c:808)
==2443640==    by 0x681BFF5: dl_open_worker (dl-open.c:771)
==2443640==    by 0x7522B57: _dl_catch_exception (dl-error-skeleton.c:208)
==2443640==    by 0x681C34D: _dl_open (dl-open.c:883)
==2443640==    by 0x743E5FB: dlopen_doit (dlopen.c:56)
==2443640== 
==2443640== 11 bytes in 1 blocks are possibly lost in loss record 113 of 377
==2443640==    at 0x7056899: malloc (in /mnt/c/Users/guido/ghq/projects/rustdom/.tools/valgrind/usr/libexec/valgrind/vgpreload_memcheck-amd64-linux.so)
==2443640==    by 0x22E8FC22: _RNvXs0_NvMs_NtNtCs6i54tJFfzR_5alloc3ffi5c_strNtBa_7CString3newReNtB5_11SpecNewImpl13spec_new_impl (in /mnt/c/Users/guido/ghq/projects/rustdom/dist/rustdom.node)
==2443640==    by 0x22E3A8DF: _RNvMs2_NtNtCs4QMHp0v7l6B_4napi9js_values15object_propertyNtB5_8Property14with_utf8_name (in /mnt/c/Users/guido/ghq/projects/rustdom/dist/rustdom.node)
==2443640==    by 0x22E0072F: _RNvNvNvNvNtNtNtCs45HKutVyWu4_7rustdom3xml7binding37___napi_impl_helper_NativeXmlParser_2041___napi_register__NativeXmlParser_impl_4511__18___CTOR_PRIVATE_REF14___ctor_private (in /mnt/c/Users/guido/ghq/projects/rustdom/dist/rustdom.node)
==2443640==    by 0x681447D: call_init.part.0 (dl-init.c:70)
==2443640==    by 0x6814567: call_init (dl-init.c:33)
==2443640==    by 0x6814567: _dl_init (dl-init.c:117)
==2443640==    by 0x7522BB4: _dl_catch_exception (dl-error-skeleton.c:182)
==2443640==    by 0x681BFF5: dl_open_worker (dl-open.c:808)
==2443640==    by 0x681BFF5: dl_open_worker (dl-open.c:771)
==2443640==    by 0x7522B57: _dl_catch_exception (dl-error-skeleton.c:208)
==2443640==    by 0x681C34D: _dl_open (dl-open.c:883)
==2443640==    by 0x743E5FB: dlopen_doit (dlopen.c:56)
==2443640==    by 0x7522B57: _dl_catch_exception (dl-error-skeleton.c:208)
==2443640== 
==2443640== 12 bytes in 1 blocks are possibly lost in loss record 114 of 377
==2443640==    at 0x7056899: malloc (in /mnt/c/Users/guido/ghq/projects/rustdom/.tools/valgrind/usr/libexec/valgrind/vgpreload_memcheck-amd64-linux.so)
==2443640==    by 0x22E8FC22: _RNvXs0_NvMs_NtNtCs6i54tJFfzR_5alloc3ffi5c_strNtBa_7CString3newReNtB5_11SpecNewImpl13spec_new_impl (in /mnt/c/Users/guido/ghq/projects/rustdom/dist/rustdom.node)
==2443640==    by 0x22E3A8DF: _RNvMs2_NtNtCs4QMHp0v7l6B_4napi9js_values15object_propertyNtB5_8Property14with_utf8_name (in /mnt/c/Users/guido/ghq/projects/rustdom/dist/rustdom.node)
==2443640==    by 0x22DE9D4B: _RNvNvNvNvNtNtNtCs45HKutVyWu4_7rustdom3dom12blob_binding39___napi_impl_helper_NativeBlobMetadata_143___napi_register__NativeBlobMetadata_impl_281__18___CTOR_PRIVATE_REF14___ctor_private (in /mnt/c/Users/guido/ghq/projects/rustdom/dist/rustdom.node)
==2443640==    by 0x681447D: call_init.part.0 (dl-init.c:70)
==2443640==    by 0x6814567: call_init (dl-init.c:33)
==2443640==    by 0x6814567: _dl_init (dl-init.c:117)
==2443640==    by 0x7522BB4: _dl_catch_exception (dl-error-skeleton.c:182)
==2443640==    by 0x681BFF5: dl_open_worker (dl-open.c:808)
==2443640==    by 0x681BFF5: dl_open_worker (dl-open.c:771)
==2443640==    by 0x7522B57: _dl_catch_exception (dl-error-skeleton.c:208)
==2443640==    by 0x681C34D: _dl_open (dl-open.c:883)
==2443640==    by 0x743E5FB: dlopen_doit (dlopen.c:56)
==2443640==    by 0x7522B57: _dl_catch_exception (dl-error-skeleton.c:208)
==2443640== 
==2443640== 12 bytes in 1 blocks are possibly lost in loss record 115 of 377
==2443640==    at 0x7056899: malloc (in /mnt/c/Users/guido/ghq/projects/rustdom/.tools/valgrind/usr/libexec/valgrind/vgpreload_memcheck-amd64-linux.so)
==2443640==    by 0x22E8FC22: _RNvXs0_NvMs_NtNtCs6i54tJFfzR_5alloc3ffi5c_strNtBa_7CString3newReNtB5_11SpecNewImpl13spec_new_impl (in /mnt/c/Users/guido/ghq/projects/rustdom/dist/rustdom.node)
==2443640==    by 0x22E3A8DF: _RNvMs2_NtNtCs4QMHp0v7l6B_4napi9js_values15object_propertyNtB5_8Property14with_utf8_name (in /mnt/c/Users/guido/ghq/projects/rustdom/dist/rustdom.node)
==2443640==    by 0x22DEAB5B: _RNvNvNvNvNtNtNtCs45HKutVyWu4_7rustdom3dom16dom_rect_binding34___napi_impl_helper_NativeDomRect_238___napi_register__NativeDomRect_impl_501__18___CTOR_PRIVATE_REF14___ctor_private (in /mnt/c/Users/guido/ghq/projects/rustdom/dist/rustdom.node)
==2443640==    by 0x681447D: call_init.part.0 (dl-init.c:70)
==2443640==    by 0x6814567: call_init (dl-init.c:33)
==2443640==    by 0x6814567: _dl_init (dl-init.c:117)
==2443640==    by 0x7522BB4: _dl_catch_exception (dl-error-skeleton.c:182)
==2443640==    by 0x681BFF5: dl_open_worker (dl-open.c:808)
==2443640==    by 0x681BFF5: dl_open_worker (dl-open.c:771)
==2443640==    by 0x7522B57: _dl_catch_exception (dl-error-skeleton.c:208)
==2443640==    by 0x681C34D: _dl_open (dl-open.c:883)
==2443640==    by 0x743E5FB: dlopen_doit (dlopen.c:56)
==2443640==    by 0x7522B57: _dl_catch_exception (dl-error-skeleton.c:208)
==2443640== 
==2443640== 12 bytes in 1 blocks are possibly lost in loss record 116 of 377
==2443640==    at 0x7056899: malloc (in /mnt/c/Users/guido/ghq/projects/rustdom/.tools/valgrind/usr/libexec/valgrind/vgpreload_memcheck-amd64-linux.so)
==2443640==    by 0x22E8FC22: _RNvXs0_NvMs_NtNtCs6i54tJFfzR_5alloc3ffi5c_strNtBa_7CString3newReNtB5_11SpecNewImpl13spec_new_impl (in /mnt/c/Users/guido/ghq/projects/rustdom/dist/rustdom.node)
==2443640==    by 0x22E3A8DF: _RNvMs2_NtNtCs4QMHp0v7l6B_4napi9js_values15object_propertyNtB5_8Property14with_utf8_name (in /mnt/c/Users/guido/ghq/projects/rustdom/dist/rustdom.node)
==2443640==    by 0x22DED3F7: _RNvNvNvNvNtNtNtCs45HKutVyWu4_7rustdom3dom19abort_state_binding37___napi_impl_helper_NativeAbortState_041___napi_register__NativeAbortState_impl_181__18___CTOR_PRIVATE_REF14___ctor_private (in /mnt/c/Users/guido/ghq/projects/rustdom/dist/rustdom.node)
==2443640==    by 0x681447D: call_init.part.0 (dl-init.c:70)
==2443640==    by 0x6814567: call_init (dl-init.c:33)
==2443640==    by 0x6814567: _dl_init (dl-init.c:117)
==2443640==    by 0x7522BB4: _dl_catch_exception (dl-error-skeleton.c:182)
==2443640==    by 0x681BFF5: dl_open_worker (dl-open.c:808)
==2443640==    by 0x681BFF5: dl_open_worker (dl-open.c:771)
==2443640==    by 0x7522B57: _dl_catch_exception (dl-error-skeleton.c:208)
==2443640==    by 0x681C34D: _dl_open (dl-open.c:883)
==2443640==    by 0x743E5FB: dlopen_doit (dlopen.c:56)
==2443640==    by 0x7522B57: _dl_catch_exception (dl-error-skeleton.c:208)
==2443640== 
==2443640== 12 bytes in 1 blocks are possibly lost in loss record 117 of 377
==2443640==    at 0x7056899: malloc (in /mnt/c/Users/guido/ghq/projects/rustdom/.tools/valgrind/usr/libexec/valgrind/vgpreload_memcheck-amd64-linux.so)
==2443640==    by 0x22E8FC22: _RNvXs0_NvMs_NtNtCs6i54tJFfzR_5alloc3ffi5c_strNtBa_7CString3newReNtB5_11SpecNewImpl13spec_new_impl (in /mnt/c/Users/guido/ghq/projects/rustdom/dist/rustdom.node)
==2443640==    by 0x22E3A8DF: _RNvMs2_NtNtCs4QMHp0v7l6B_4napi9js_values15object_propertyNtB5_8Property14with_utf8_name (in /mnt/c/Users/guido/ghq/projects/rustdom/dist/rustdom.node)
==2443640==    by 0x22DEEDD7: _RNvNvNvNvNtNtNtCs45HKutVyWu4_7rustdom3dom19event_state_binding37___napi_impl_helper_NativeEventState_442___napi_register__NativeEventState_impl_1011__18___CTOR_PRIVATE_REF14___ctor_private (in /mnt/c/Users/guido/ghq/projects/rustdom/dist/rustdom.node)
==2443640==    by 0x681447D: call_init.part.0 (dl-init.c:70)
==2443640==    by 0x6814567: call_init (dl-init.c:33)
==2443640==    by 0x6814567: _dl_init (dl-init.c:117)
==2443640==    by 0x7522BB4: _dl_catch_exception (dl-error-skeleton.c:182)
==2443640==    by 0x681BFF5: dl_open_worker (dl-open.c:808)
==2443640==    by 0x681BFF5: dl_open_worker (dl-open.c:771)
==2443640==    by 0x7522B57: _dl_catch_exception (dl-error-skeleton.c:208)
==2443640==    by 0x681C34D: _dl_open (dl-open.c:883)
==2443640==    by 0x743E5FB: dlopen_doit (dlopen.c:56)
==2443640==    by 0x7522B57: _dl_catch_exception (dl-error-skeleton.c:208)
==2443640== 
==2443640== 12 bytes in 1 blocks are possibly lost in loss record 118 of 377
==2443640==    at 0x7056899: malloc (in /mnt/c/Users/guido/ghq/projects/rustdom/.tools/valgrind/usr/libexec/valgrind/vgpreload_memcheck-amd64-linux.so)
==2443640==    by 0x22E8FC22: _RNvXs0_NvMs_NtNtCs6i54tJFfzR_5alloc3ffi5c_strNtBa_7CString3newReNtB5_11SpecNewImpl13spec_new_impl (in /mnt/c/Users/guido/ghq/projects/rustdom/dist/rustdom.node)
==2443640==    by 0x22E3A8DF: _RNvMs2_NtNtCs4QMHp0v7l6B_4napi9js_values15object_propertyNtB5_8Property14with_utf8_name (in /mnt/c/Users/guido/ghq/projects/rustdom/dist/rustdom.node)
==2443640==    by 0x22DEFB16: _RNvNvNvNvNtNtNtCs45HKutVyWu4_7rustdom3dom19event_state_binding37___napi_impl_helper_NativeEventState_442___napi_register__NativeEventState_impl_1011__18___CTOR_PRIVATE_REF14___ctor_private (in /mnt/c/Users/guido/ghq/projects/rustdom/dist/rustdom.node)
==2443640==    by 0x681447D: call_init.part.0 (dl-init.c:70)
==2443640==    by 0x6814567: call_init (dl-init.c:33)
==2443640==    by 0x6814567: _dl_init (dl-init.c:117)
==2443640==    by 0x7522BB4: _dl_catch_exception (dl-error-skeleton.c:182)
==2443640==    by 0x681BFF5: dl_open_worker (dl-open.c:808)
==2443640==    by 0x681BFF5: dl_open_worker (dl-open.c:771)
==2443640==    by 0x7522B57: _dl_catch_exception (dl-error-skeleton.c:208)
==2443640==    by 0x681C34D: _dl_open (dl-open.c:883)
==2443640==    by 0x743E5FB: dlopen_doit (dlopen.c:56)
==2443640==    by 0x7522B57: _dl_catch_exception (dl-error-skeleton.c:208)
==2443640== 
==2443640== 12 bytes in 1 blocks are possibly lost in loss record 119 of 377
==2443640==    at 0x7056899: malloc (in /mnt/c/Users/guido/ghq/projects/rustdom/.tools/valgrind/usr/libexec/valgrind/vgpreload_memcheck-amd64-linux.so)
==2443640==    by 0x22E8FC22: _RNvXs0_NvMs_NtNtCs6i54tJFfzR_5alloc3ffi5c_strNtBa_7CString3newReNtB5_11SpecNewImpl13spec_new_impl (in /mnt/c/Users/guido/ghq/projects/rustdom/dist/rustdom.node)
==2443640==    by 0x22E3A8DF: _RNvMs2_NtNtCs4QMHp0v7l6B_4napi9js_values15object_propertyNtB5_8Property14with_utf8_name (in /mnt/c/Users/guido/ghq/projects/rustdom/dist/rustdom.node)
==2443640==    by 0x22DF22B0: _RNvNvNvNvNtNtNtCs45HKutVyWu4_7rustdom3dom19file_reader_binding42___napi_impl_helper_NativeFileReaderState_547___napi_register__NativeFileReaderState_impl_1121__18___CTOR_PRIVATE_REF14___ctor_private (in /mnt/c/Users/guido/ghq/projects/rustdom/dist/rustdom.node)
==2443640==    by 0x681447D: call_init.part.0 (dl-init.c:70)
==2443640==    by 0x6814567: call_init (dl-init.c:33)
==2443640==    by 0x6814567: _dl_init (dl-init.c:117)
==2443640==    by 0x7522BB4: _dl_catch_exception (dl-error-skeleton.c:182)
==2443640==    by 0x681BFF5: dl_open_worker (dl-open.c:808)
==2443640==    by 0x681BFF5: dl_open_worker (dl-open.c:771)
==2443640==    by 0x7522B57: _dl_catch_exception (dl-error-skeleton.c:208)
==2443640==    by 0x681C34D: _dl_open (dl-open.c:883)
==2443640==    by 0x743E5FB: dlopen_doit (dlopen.c:56)
==2443640==    by 0x7522B57: _dl_catch_exception (dl-error-skeleton.c:208)
==2443640== 
==2443640== 12 bytes in 1 blocks are possibly lost in loss record 120 of 377
==2443640==    at 0x7056899: malloc (in /mnt/c/Users/guido/ghq/projects/rustdom/.tools/valgrind/usr/libexec/valgrind/vgpreload_memcheck-amd64-linux.so)
==2443640==    by 0x22E8FC22: _RNvXs0_NvMs_NtNtCs6i54tJFfzR_5alloc3ffi5c_strNtBa_7CString3newReNtB5_11SpecNewImpl13spec_new_impl (in /mnt/c/Users/guido/ghq/projects/rustdom/dist/rustdom.node)
==2443640==    by 0x22E3A8DF: _RNvMs2_NtNtCs4QMHp0v7l6B_4napi9js_values15object_propertyNtB5_8Property14with_utf8_name (in /mnt/c/Users/guido/ghq/projects/rustdom/dist/rustdom.node)
==2443640==    by 0x22DF31F2: _RNvNvNvNvNtNtNtCs45HKutVyWu4_7rustdom3dom19range_clone_binding37___napi_impl_helper_NativeRangeClone_842___napi_register__NativeRangeClone_impl_1581__18___CTOR_PRIVATE_REF14___ctor_private (in /mnt/c/Users/guido/ghq/projects/rustdom/dist/rustdom.node)
==2443640==    by 0x681447D: call_init.part.0 (dl-init.c:70)
==2443640==    by 0x6814567: call_init (dl-init.c:33)
==2443640==    by 0x6814567: _dl_init (dl-init.c:117)
==2443640==    by 0x7522BB4: _dl_catch_exception (dl-error-skeleton.c:182)
==2443640==    by 0x681BFF5: dl_open_worker (dl-open.c:808)
==2443640==    by 0x681BFF5: dl_open_worker (dl-open.c:771)
==2443640==    by 0x7522B57: _dl_catch_exception (dl-error-skeleton.c:208)
==2443640==    by 0x681C34D: _dl_open (dl-open.c:883)
==2443640==    by 0x743E5FB: dlopen_doit (dlopen.c:56)
==2443640==    by 0x7522B57: _dl_catch_exception (dl-error-skeleton.c:208)
==2443640== 
==2443640== 12 bytes in 1 blocks are possibly lost in loss record 121 of 377
==2443640==    at 0x7056899: malloc (in /mnt/c/Users/guido/ghq/projects/rustdom/.tools/valgrind/usr/libexec/valgrind/vgpreload_memcheck-amd64-linux.so)
==2443640==    by 0x22E8FC22: _RNvXs0_NvMs_NtNtCs6i54tJFfzR_5alloc3ffi5c_strNtBa_7CString3newReNtB5_11SpecNewImpl13spec_new_impl (in /mnt/c/Users/guido/ghq/projects/rustdom/dist/rustdom.node)
==2443640==    by 0x22E3A8DF: _RNvMs2_NtNtCs4QMHp0v7l6B_4napi9js_values15object_propertyNtB5_8Property14with_utf8_name (in /mnt/c/Users/guido/ghq/projects/rustdom/dist/rustdom.node)
==2443640==    by 0x22DF3DC3: _RNvNvNvNvNtNtNtCs45HKutVyWu4_7rustdom3dom19range_state_binding33___napi_impl_helper_NativeRange_1037___napi_register__NativeRange_impl_1951__18___CTOR_PRIVATE_REF14___ctor_private (in /mnt/c/Users/guido/ghq/projects/rustdom/dist/rustdom.node)
==2443640==    by 0x681447D: call_init.part.0 (dl-init.c:70)
==2443640==    by 0x6814567: call_init (dl-init.c:33)
==2443640==    by 0x6814567: _dl_init (dl-init.c:117)
==2443640==    by 0x7522BB4: _dl_catch_exception (dl-error-skeleton.c:182)
==2443640==    by 0x681BFF5: dl_open_worker (dl-open.c:808)
==2443640==    by 0x681BFF5: dl_open_worker (dl-open.c:771)
==2443640==    by 0x7522B57: _dl_catch_exception (dl-error-skeleton.c:208)
==2443640==    by 0x681C34D: _dl_open (dl-open.c:883)
==2443640==    by 0x743E5FB: dlopen_doit (dlopen.c:56)
==2443640==    by 0x7522B57: _dl_catch_exception (dl-error-skeleton.c:208)
==2443640== 
==2443640== 12 bytes in 1 blocks are possibly lost in loss record 122 of 377
==2443640==    at 0x7056899: malloc (in /mnt/c/Users/guido/ghq/projects/rustdom/.tools/valgrind/usr/libexec/valgrind/vgpreload_memcheck-amd64-linux.so)
==2443640==    by 0x22E8FC22: _RNvXs0_NvMs_NtNtCs6i54tJFfzR_5alloc3ffi5c_strNtBa_7CString3newReNtB5_11SpecNewImpl13spec_new_impl (in /mnt/c/Users/guido/ghq/projects/rustdom/dist/rustdom.node)
==2443640==    by 0x22E3A8DF: _RNvMs2_NtNtCs4QMHp0v7l6B_4napi9js_values15object_propertyNtB5_8Property14with_utf8_name (in /mnt/c/Users/guido/ghq/projects/rustdom/dist/rustdom.node)
==2443640==    by 0x22DF4C28: _RNvNvNvNvNtNtNtCs45HKutVyWu4_7rustdom3dom19range_state_binding33___napi_impl_helper_NativeRange_1037___napi_register__NativeRange_impl_1951__18___CTOR_PRIVATE_REF14___ctor_private (in /mnt/c/Users/guido/ghq/projects/rustdom/dist/rustdom.node)
==2443640==    by 0x681447D: call_init.part.0 (dl-init.c:70)
==2443640==    by 0x6814567: call_init (dl-init.c:33)
==2443640==    by 0x6814567: _dl_init (dl-init.c:117)
==2443640==    by 0x7522BB4: _dl_catch_exception (dl-error-skeleton.c:182)
==2443640==    by 0x681BFF5: dl_open_worker (dl-open.c:808)
==2443640==    by 0x681BFF5: dl_open_worker (dl-open.c:771)
==2443640==    by 0x7522B57: _dl_catch_exception (dl-error-skeleton.c:208)
==2443640==    by 0x681C34D: _dl_open (dl-open.c:883)
==2443640==    by 0x743E5FB: dlopen_doit (dlopen.c:56)
==2443640==    by 0x7522B57: _dl_catch_exception (dl-error-skeleton.c:208)
==2443640== 
==2443640== 12 bytes in 1 blocks are possibly lost in loss record 123 of 377
==2443640==    at 0x7056899: malloc (in /mnt/c/Users/guido/ghq/projects/rustdom/.tools/valgrind/usr/libexec/valgrind/vgpreload_memcheck-amd64-linux.so)
==2443640==    by 0x22E8FC22: _RNvXs0_NvMs_NtNtCs6i54tJFfzR_5alloc3ffi5c_strNtBa_7CString3newReNtB5_11SpecNewImpl13spec_new_impl (in /mnt/c/Users/guido/ghq/projects/rustdom/dist/rustdom.node)
==2443640==    by 0x22E3A8DF: _RNvMs2_NtNtCs4QMHp0v7l6B_4napi9js_values15object_propertyNtB5_8Property14with_utf8_name (in /mnt/c/Users/guido/ghq/projects/rustdom/dist/rustdom.node)
==2443640==    by 0x22DF7581: _RNvNvNvNvNtNtNtCs45HKutVyWu4_7rustdom3dom19web_storage_binding39___napi_impl_helper_NativeStorageArea_1843___napi_register__NativeStorageArea_impl_4331__18___CTOR_PRIVATE_REF14___ctor_private (in /mnt/c/Users/guido/ghq/projects/rustdom/dist/rustdom.node)
==2443640==    by 0x681447D: call_init.part.0 (dl-init.c:70)
==2443640==    by 0x6814567: call_init (dl-init.c:33)
==2443640==    by 0x6814567: _dl_init (dl-init.c:117)
==2443640==    by 0x7522BB4: _dl_catch_exception (dl-error-skeleton.c:182)
==2443640==    by 0x681BFF5: dl_open_worker (dl-open.c:808)
==2443640==    by 0x681BFF5: dl_open_worker (dl-open.c:771)
==2443640==    by 0x7522B57: _dl_catch_exception (dl-error-skeleton.c:208)
==2443640==    by 0x681C34D: _dl_open (dl-open.c:883)
==2443640==    by 0x743E5FB: dlopen_doit (dlopen.c:56)
==2443640==    by 0x7522B57: _dl_catch_exception (dl-error-skeleton.c:208)
==2443640== 
==2443640== 12 bytes in 1 blocks are possibly lost in loss record 124 of 377
==2443640==    at 0x7056899: malloc (in /mnt/c/Users/guido/ghq/projects/rustdom/.tools/valgrind/usr/libexec/valgrind/vgpreload_memcheck-amd64-linux.so)
==2443640==    by 0x22E8FC22: _RNvXs0_NvMs_NtNtCs6i54tJFfzR_5alloc3ffi5c_strNtBa_7CString3newReNtB5_11SpecNewImpl13spec_new_impl (in /mnt/c/Users/guido/ghq/projects/rustdom/dist/rustdom.node)
==2443640==    by 0x22E3A8DF: _RNvMs2_NtNtCs4QMHp0v7l6B_4napi9js_values15object_propertyNtB5_8Property14with_utf8_name (in /mnt/c/Users/guido/ghq/projects/rustdom/dist/rustdom.node)
==2443640==    by 0x22DF9182: _RNvNvNvNvNtNtNtCs45HKutVyWu4_7rustdom3dom21range_extract_binding39___napi_impl_helper_NativeRangeExtract_944___napi_register__NativeRangeExtract_impl_1661__18___CTOR_PRIVATE_REF14___ctor_private (in /mnt/c/Users/guido/ghq/projects/rustdom/dist/rustdom.node)
==2443640==    by 0x681447D: call_init.part.0 (dl-init.c:70)
==2443640==    by 0x6814567: call_init (dl-init.c:33)
==2443640==    by 0x6814567: _dl_init (dl-init.c:117)
==2443640==    by 0x7522BB4: _dl_catch_exception (dl-error-skeleton.c:182)
==2443640==    by 0x681BFF5: dl_open_worker (dl-open.c:808)
==2443640==    by 0x681BFF5: dl_open_worker (dl-open.c:771)
==2443640==    by 0x7522B57: _dl_catch_exception (dl-error-skeleton.c:208)
==2443640==    by 0x681C34D: _dl_open (dl-open.c:883)
==2443640==    by 0x743E5FB: dlopen_doit (dlopen.c:56)
==2443640==    by 0x7522B57: _dl_catch_exception (dl-error-skeleton.c:208)
==2443640== 
==2443640== 12 bytes in 1 blocks are possibly lost in loss record 125 of 377
==2443640==    at 0x7056899: malloc (in /mnt/c/Users/guido/ghq/projects/rustdom/.tools/valgrind/usr/libexec/valgrind/vgpreload_memcheck-amd64-linux.so)
==2443640==    by 0x22E8FC22: _RNvXs0_NvMs_NtNtCs6i54tJFfzR_5alloc3ffi5c_strNtBa_7CString3newReNtB5_11SpecNewImpl13spec_new_impl (in /mnt/c/Users/guido/ghq/projects/rustdom/dist/rustdom.node)
==2443640==    by 0x22E3A8DF: _RNvMs2_NtNtCs4QMHp0v7l6B_4napi9js_values15object_propertyNtB5_8Property14with_utf8_name (in /mnt/c/Users/guido/ghq/projects/rustdom/dist/rustdom.node)
==2443640==    by 0x22DF994B: _RNvNvNvNvNtNtNtCs45HKutVyWu4_7rustdom3dom23event_listeners_binding43___napi_impl_helper_NativeListenerRegistry_347___napi_register__NativeListenerRegistry_impl_661__18___CTOR_PRIVATE_REF14___ctor_private (in /mnt/c/Users/guido/ghq/projects/rustdom/dist/rustdom.node)
==2443640==    by 0x681447D: call_init.part.0 (dl-init.c:70)
==2443640==    by 0x6814567: call_init (dl-init.c:33)
==2443640==    by 0x6814567: _dl_init (dl-init.c:117)
==2443640==    by 0x7522BB4: _dl_catch_exception (dl-error-skeleton.c:182)
==2443640==    by 0x681BFF5: dl_open_worker (dl-open.c:808)
==2443640==    by 0x681BFF5: dl_open_worker (dl-open.c:771)
==2443640==    by 0x7522B57: _dl_catch_exception (dl-error-skeleton.c:208)
==2443640==    by 0x681C34D: _dl_open (dl-open.c:883)
==2443640==    by 0x743E5FB: dlopen_doit (dlopen.c:56)
==2443640==    by 0x7522B57: _dl_catch_exception (dl-error-skeleton.c:208)
==2443640== 
==2443640== 12 bytes in 1 blocks are possibly lost in loss record 126 of 377
==2443640==    at 0x7056899: malloc (in /mnt/c/Users/guido/ghq/projects/rustdom/.tools/valgrind/usr/libexec/valgrind/vgpreload_memcheck-amd64-linux.so)
==2443640==    by 0x22E8FC22: _RNvXs0_NvMs_NtNtCs6i54tJFfzR_5alloc3ffi5c_strNtBa_7CString3newReNtB5_11SpecNewImpl13spec_new_impl (in /mnt/c/Users/guido/ghq/projects/rustdom/dist/rustdom.node)
==2443640==    by 0x22E3A8DF: _RNvMs2_NtNtCs4QMHp0v7l6B_4napi9js_values15object_propertyNtB5_8Property14with_utf8_name (in /mnt/c/Users/guido/ghq/projects/rustdom/dist/rustdom.node)
==2443640==    by 0x22DF9A4C: _RNvNvNvNvNtNtNtCs45HKutVyWu4_7rustdom3dom23event_listeners_binding43___napi_impl_helper_NativeListenerRegistry_347___napi_register__NativeListenerRegistry_impl_661__18___CTOR_PRIVATE_REF14___ctor_private (in /mnt/c/Users/guido/ghq/projects/rustdom/dist/rustdom.node)
==2443640==    by 0x681447D: call_init.part.0 (dl-init.c:70)
==2443640==    by 0x6814567: call_init (dl-init.c:33)
==2443640==    by 0x6814567: _dl_init (dl-init.c:117)
==2443640==    by 0x7522BB4: _dl_catch_exception (dl-error-skeleton.c:182)
==2443640==    by 0x681BFF5: dl_open_worker (dl-open.c:808)
==2443640==    by 0x681BFF5: dl_open_worker (dl-open.c:771)
==2443640==    by 0x7522B57: _dl_catch_exception (dl-error-skeleton.c:208)
==2443640==    by 0x681C34D: _dl_open (dl-open.c:883)
==2443640==    by 0x743E5FB: dlopen_doit (dlopen.c:56)
==2443640==    by 0x7522B57: _dl_catch_exception (dl-error-skeleton.c:208)
==2443640== 
==2443640== 12 bytes in 1 blocks are possibly lost in loss record 127 of 377
==2443640==    at 0x7056899: malloc (in /mnt/c/Users/guido/ghq/projects/rustdom/.tools/valgrind/usr/libexec/valgrind/vgpreload_memcheck-amd64-linux.so)
==2443640==    by 0x22E8FC22: _RNvXs0_NvMs_NtNtCs6i54tJFfzR_5alloc3ffi5c_strNtBa_7CString3newReNtB5_11SpecNewImpl13spec_new_impl (in /mnt/c/Users/guido/ghq/projects/rustdom/dist/rustdom.node)
==2443640==    by 0x22E3A8DF: _RNvMs2_NtNtCs4QMHp0v7l6B_4napi9js_values15object_propertyNtB5_8Property14with_utf8_name (in /mnt/c/Users/guido/ghq/projects/rustdom/dist/rustdom.node)
==2443640==    by 0x22DFB0F5: _RNvNvNvNvNtNtNtCs45HKutVyWu4_7rustdom3dom23mutation_record_binding41___napi_impl_helper_NativeMutationRecord_646___napi_register__NativeMutationRecord_impl_1321__18___CTOR_PRIVATE_REF14___ctor_private (in /mnt/c/Users/guido/ghq/projects/rustdom/dist/rustdom.node)
==2443640==    by 0x681447D: call_init.part.0 (dl-init.c:70)
==2443640==    by 0x6814567: call_init (dl-init.c:33)
==2443640==    by 0x6814567: _dl_init (dl-init.c:117)
==2443640==    by 0x7522BB4: _dl_catch_exception (dl-error-skeleton.c:182)
==2443640==    by 0x681BFF5: dl_open_worker (dl-open.c:808)
==2443640==    by 0x681BFF5: dl_open_worker (dl-open.c:771)
==2443640==    by 0x7522B57: _dl_catch_exception (dl-error-skeleton.c:208)
==2443640==    by 0x681C34D: _dl_open (dl-open.c:883)
==2443640==    by 0x743E5FB: dlopen_doit (dlopen.c:56)
==2443640==    by 0x7522B57: _dl_catch_exception (dl-error-skeleton.c:208)
==2443640== 
==2443640== 12 bytes in 1 blocks are possibly lost in loss record 128 of 377
==2443640==    at 0x7056899: malloc (in /mnt/c/Users/guido/ghq/projects/rustdom/.tools/valgrind/usr/libexec/valgrind/vgpreload_memcheck-amd64-linux.so)
==2443640==    by 0x22E8FC22: _RNvXs0_NvMs_NtNtCs6i54tJFfzR_5alloc3ffi5c_strNtBa_7CString3newReNtB5_11SpecNewImpl13spec_new_impl (in /mnt/c/Users/guido/ghq/projects/rustdom/dist/rustdom.node)
==2443640==    by 0x22E3A8DF: _RNvMs2_NtNtCs4QMHp0v7l6B_4napi9js_values15object_propertyNtB5_8Property14with_utf8_name (in /mnt/c/Users/guido/ghq/projects/rustdom/dist/rustdom.node)
==2443640==    by 0x22DFB312: _RNvNvNvNvNtNtNtCs45HKutVyWu4_7rustdom3dom23mutation_record_binding41___napi_impl_helper_NativeMutationRecord_646___napi_register__NativeMutationRecord_impl_1321__18___CTOR_PRIVATE_REF14___ctor_private (in /mnt/c/Users/guido/ghq/projects/rustdom/dist/rustdom.node)
==2443640==    by 0x681447D: call_init.part.0 (dl-init.c:70)
==2443640==    by 0x6814567: call_init (dl-init.c:33)
==2443640==    by 0x6814567: _dl_init (dl-init.c:117)
==2443640==    by 0x7522BB4: _dl_catch_exception (dl-error-skeleton.c:182)
==2443640==    by 0x681BFF5: dl_open_worker (dl-open.c:808)
==2443640==    by 0x681BFF5: dl_open_worker (dl-open.c:771)
==2443640==    by 0x7522B57: _dl_catch_exception (dl-error-skeleton.c:208)
==2443640==    by 0x681C34D: _dl_open (dl-open.c:883)
==2443640==    by 0x743E5FB: dlopen_doit (dlopen.c:56)
==2443640==    by 0x7522B57: _dl_catch_exception (dl-error-skeleton.c:208)
==2443640== 
==2443640== 12 bytes in 1 blocks are possibly lost in loss record 129 of 377
==2443640==    at 0x7056899: malloc (in /mnt/c/Users/guido/ghq/projects/rustdom/.tools/valgrind/usr/libexec/valgrind/vgpreload_memcheck-amd64-linux.so)
==2443640==    by 0x22E8FC22: _RNvXs0_NvMs_NtNtCs6i54tJFfzR_5alloc3ffi5c_strNtBa_7CString3newReNtB5_11SpecNewImpl13spec_new_impl (in /mnt/c/Users/guido/ghq/projects/rustdom/dist/rustdom.node)
==2443640==    by 0x22E3A8DF: _RNvMs2_NtNtCs4QMHp0v7l6B_4napi9js_values15object_propertyNtB5_8Property14with_utf8_name (in /mnt/c/Users/guido/ghq/projects/rustdom/dist/rustdom.node)
==2443640==    by 0x22DFC7C2: _RNvNvNvNvNtNtNtCs45HKutVyWu4_7rustdom3dom23slot_assignment_binding48___napi_impl_helper_NativeSlotAssignmentDriver_1152___napi_register__NativeSlotAssignmentDriver_impl_2041__18___CTOR_PRIVATE_REF14___ctor_private (in /mnt/c/Users/guido/ghq/projects/rustdom/dist/rustdom.node)
==2443640==    by 0x681447D: call_init.part.0 (dl-init.c:70)
==2443640==    by 0x6814567: call_init (dl-init.c:33)
==2443640==    by 0x6814567: _dl_init (dl-init.c:117)
==2443640==    by 0x7522BB4: _dl_catch_exception (dl-error-skeleton.c:182)
==2443640==    by 0x681BFF5: dl_open_worker (dl-open.c:808)
==2443640==    by 0x681BFF5: dl_open_worker (dl-open.c:771)
==2443640==    by 0x7522B57: _dl_catch_exception (dl-error-skeleton.c:208)
==2443640==    by 0x681C34D: _dl_open (dl-open.c:883)
==2443640==    by 0x743E5FB: dlopen_doit (dlopen.c:56)
==2443640==    by 0x7522B57: _dl_catch_exception (dl-error-skeleton.c:208)
==2443640== 
==2443640== 12 bytes in 1 blocks are possibly lost in loss record 130 of 377
==2443640==    at 0x7056899: malloc (in /mnt/c/Users/guido/ghq/projects/rustdom/.tools/valgrind/usr/libexec/valgrind/vgpreload_memcheck-amd64-linux.so)
==2443640==    by 0x22E8FC22: _RNvXs0_NvMs_NtNtCs6i54tJFfzR_5alloc3ffi5c_strNtBa_7CString3newReNtB5_11SpecNewImpl13spec_new_impl (in /mnt/c/Users/guido/ghq/projects/rustdom/dist/rustdom.node)
==2443640==    by 0x22E3A8DF: _RNvMs2_NtNtCs4QMHp0v7l6B_4napi9js_values15object_propertyNtB5_8Property14with_utf8_name (in /mnt/c/Users/guido/ghq/projects/rustdom/dist/rustdom.node)
==2443640==    by 0x22DFD081: _RNvNvNvNvNtNtNtCs45HKutVyWu4_7rustdom3dom25observer_delivery_binding43___napi_impl_helper_NativeObserverDelivery_748___napi_register__NativeObserverDelivery_impl_1451__18___CTOR_PRIVATE_REF14___ctor_private (in /mnt/c/Users/guido/ghq/projects/rustdom/dist/rustdom.node)
==2443640==    by 0x681447D: call_init.part.0 (dl-init.c:70)
==2443640==    by 0x6814567: call_init (dl-init.c:33)
==2443640==    by 0x6814567: _dl_init (dl-init.c:117)
==2443640==    by 0x7522BB4: _dl_catch_exception (dl-error-skeleton.c:182)
==2443640==    by 0x681BFF5: dl_open_worker (dl-open.c:808)
==2443640==    by 0x681BFF5: dl_open_worker (dl-open.c:771)
==2443640==    by 0x7522B57: _dl_catch_exception (dl-error-skeleton.c:208)
==2443640==    by 0x681C34D: _dl_open (dl-open.c:883)
==2443640==    by 0x743E5FB: dlopen_doit (dlopen.c:56)
==2443640==    by 0x7522B57: _dl_catch_exception (dl-error-skeleton.c:208)
==2443640== 
==2443640== 12 bytes in 1 blocks are possibly lost in loss record 131 of 377
==2443640==    at 0x7056899: malloc (in /mnt/c/Users/guido/ghq/projects/rustdom/.tools/valgrind/usr/libexec/valgrind/vgpreload_memcheck-amd64-linux.so)
==2443640==    by 0x22E8FC22: _RNvXs0_NvMs_NtNtCs6i54tJFfzR_5alloc3ffi5c_strNtBa_7CString3newReNtB5_11SpecNewImpl13spec_new_impl (in /mnt/c/Users/guido/ghq/projects/rustdom/dist/rustdom.node)
==2443640==    by 0x22E3A8DF: _RNvMs2_NtNtCs4QMHp0v7l6B_4napi9js_values15object_propertyNtB5_8Property14with_utf8_name (in /mnt/c/Users/guido/ghq/projects/rustdom/dist/rustdom.node)
==2443640==    by 0x22DD72B0: _RNvNvNtNtNtCs45HKutVyWu4_7rustdom3dom4tree32___napi_impl_helper_NativeTree_1536___napi_register__NativeTree_impl_40020___ctor_private_inner (in /mnt/c/Users/guido/ghq/projects/rustdom/dist/rustdom.node)
==2443640==    by 0x22DFFF35: _RNvNvNvNvNtNtNtCs45HKutVyWu4_7rustdom3dom4tree32___napi_impl_helper_NativeTree_1536___napi_register__NativeTree_impl_4001__18___CTOR_PRIVATE_REF14___ctor_private (in /mnt/c/Users/guido/ghq/projects/rustdom/dist/rustdom.node)
==2443640==    by 0x681447D: call_init.part.0 (dl-init.c:70)
==2443640==    by 0x6814567: call_init (dl-init.c:33)
==2443640==    by 0x6814567: _dl_init (dl-init.c:117)
==2443640==    by 0x7522BB4: _dl_catch_exception (dl-error-skeleton.c:182)
==2443640==    by 0x681BFF5: dl_open_worker (dl-open.c:808)
==2443640==    by 0x681BFF5: dl_open_worker (dl-open.c:771)
==2443640==    by 0x7522B57: _dl_catch_exception (dl-error-skeleton.c:208)
==2443640==    by 0x681C34D: _dl_open (dl-open.c:883)
==2443640==    by 0x743E5FB: dlopen_doit (dlopen.c:56)
==2443640== 
==2443640== 12 bytes in 1 blocks are possibly lost in loss record 132 of 377
==2443640==    at 0x7056899: malloc (in /mnt/c/Users/guido/ghq/projects/rustdom/.tools/valgrind/usr/libexec/valgrind/vgpreload_memcheck-amd64-linux.so)
==2443640==    by 0x22E8FC22: _RNvXs0_NvMs_NtNtCs6i54tJFfzR_5alloc3ffi5c_strNtBa_7CString3newReNtB5_11SpecNewImpl13spec_new_impl (in /mnt/c/Users/guido/ghq/projects/rustdom/dist/rustdom.node)
==2443640==    by 0x22E3A8DF: _RNvMs2_NtNtCs4QMHp0v7l6B_4napi9js_values15object_propertyNtB5_8Property14with_utf8_name (in /mnt/c/Users/guido/ghq/projects/rustdom/dist/rustdom.node)
==2443640==    by 0x22DD8310: _RNvNvNtNtNtCs45HKutVyWu4_7rustdom3dom4tree32___napi_impl_helper_NativeTree_1536___napi_register__NativeTree_impl_40020___ctor_private_inner (in /mnt/c/Users/guido/ghq/projects/rustdom/dist/rustdom.node)
==2443640==    by 0x22DFFF35: _RNvNvNvNvNtNtNtCs45HKutVyWu4_7rustdom3dom4tree32___napi_impl_helper_NativeTree_1536___napi_register__NativeTree_impl_4001__18___CTOR_PRIVATE_REF14___ctor_private (in /mnt/c/Users/guido/ghq/projects/rustdom/dist/rustdom.node)
==2443640==    by 0x681447D: call_init.part.0 (dl-init.c:70)
==2443640==    by 0x6814567: call_init (dl-init.c:33)
==2443640==    by 0x6814567: _dl_init (dl-init.c:117)
==2443640==    by 0x7522BB4: _dl_catch_exception (dl-error-skeleton.c:182)
==2443640==    by 0x681BFF5: dl_open_worker (dl-open.c:808)
==2443640==    by 0x681BFF5: dl_open_worker (dl-open.c:771)
==2443640==    by 0x7522B57: _dl_catch_exception (dl-error-skeleton.c:208)
==2443640==    by 0x681C34D: _dl_open (dl-open.c:883)
==2443640==    by 0x743E5FB: dlopen_doit (dlopen.c:56)
==2443640== 
==2443640== 12 bytes in 1 blocks are possibly lost in loss record 133 of 377
==2443640==    at 0x7056899: malloc (in /mnt/c/Users/guido/ghq/projects/rustdom/.tools/valgrind/usr/libexec/valgrind/vgpreload_memcheck-amd64-linux.so)
==2443640==    by 0x22E8FC22: _RNvXs0_NvMs_NtNtCs6i54tJFfzR_5alloc3ffi5c_strNtBa_7CString3newReNtB5_11SpecNewImpl13spec_new_impl (in /mnt/c/Users/guido/ghq/projects/rustdom/dist/rustdom.node)
==2443640==    by 0x22E3A8DF: _RNvMs2_NtNtCs4QMHp0v7l6B_4napi9js_values15object_propertyNtB5_8Property14with_utf8_name (in /mnt/c/Users/guido/ghq/projects/rustdom/dist/rustdom.node)
==2443640==    by 0x22DD8633: _RNvNvNtNtNtCs45HKutVyWu4_7rustdom3dom4tree32___napi_impl_helper_NativeTree_1536___napi_register__NativeTree_impl_40020___ctor_private_inner (in /mnt/c/Users/guido/ghq/projects/rustdom/dist/rustdom.node)
==2443640==    by 0x22DFFF35: _RNvNvNvNvNtNtNtCs45HKutVyWu4_7rustdom3dom4tree32___napi_impl_helper_NativeTree_1536___napi_register__NativeTree_impl_4001__18___CTOR_PRIVATE_REF14___ctor_private (in /mnt/c/Users/guido/ghq/projects/rustdom/dist/rustdom.node)
==2443640==    by 0x681447D: call_init.part.0 (dl-init.c:70)
==2443640==    by 0x6814567: call_init (dl-init.c:33)
==2443640==    by 0x6814567: _dl_init (dl-init.c:117)
==2443640==    by 0x7522BB4: _dl_catch_exception (dl-error-skeleton.c:182)
==2443640==    by 0x681BFF5: dl_open_worker (dl-open.c:808)
==2443640==    by 0x681BFF5: dl_open_worker (dl-open.c:771)
==2443640==    by 0x7522B57: _dl_catch_exception (dl-error-skeleton.c:208)
==2443640==    by 0x681C34D: _dl_open (dl-open.c:883)
==2443640==    by 0x743E5FB: dlopen_doit (dlopen.c:56)
==2443640== 
==2443640== 12 bytes in 1 blocks are possibly lost in loss record 134 of 377
==2443640==    at 0x7056899: malloc (in /mnt/c/Users/guido/ghq/projects/rustdom/.tools/valgrind/usr/libexec/valgrind/vgpreload_memcheck-amd64-linux.so)
==2443640==    by 0x22E8FC22: _RNvXs0_NvMs_NtNtCs6i54tJFfzR_5alloc3ffi5c_strNtBa_7CString3newReNtB5_11SpecNewImpl13spec_new_impl (in /mnt/c/Users/guido/ghq/projects/rustdom/dist/rustdom.node)
==2443640==    by 0x22E3A8DF: _RNvMs2_NtNtCs4QMHp0v7l6B_4napi9js_values15object_propertyNtB5_8Property14with_utf8_name (in /mnt/c/Users/guido/ghq/projects/rustdom/dist/rustdom.node)
==2443640==    by 0x22DD8B51: _RNvNvNtNtNtCs45HKutVyWu4_7rustdom3dom4tree32___napi_impl_helper_NativeTree_1536___napi_register__NativeTree_impl_40020___ctor_private_inner (in /mnt/c/Users/guido/ghq/projects/rustdom/dist/rustdom.node)
==2443640==    by 0x22DFFF35: _RNvNvNvNvNtNtNtCs45HKutVyWu4_7rustdom3dom4tree32___napi_impl_helper_NativeTree_1536___napi_register__NativeTree_impl_4001__18___CTOR_PRIVATE_REF14___ctor_private (in /mnt/c/Users/guido/ghq/projects/rustdom/dist/rustdom.node)
==2443640==    by 0x681447D: call_init.part.0 (dl-init.c:70)
==2443640==    by 0x6814567: call_init (dl-init.c:33)
==2443640==    by 0x6814567: _dl_init (dl-init.c:117)
==2443640==    by 0x7522BB4: _dl_catch_exception (dl-error-skeleton.c:182)
==2443640==    by 0x681BFF5: dl_open_worker (dl-open.c:808)
==2443640==    by 0x681BFF5: dl_open_worker (dl-open.c:771)
==2443640==    by 0x7522B57: _dl_catch_exception (dl-error-skeleton.c:208)
==2443640==    by 0x681C34D: _dl_open (dl-open.c:883)
==2443640==    by 0x743E5FB: dlopen_doit (dlopen.c:56)
==2443640== 
==2443640== 12 bytes in 1 blocks are possibly lost in loss record 135 of 377
==2443640==    at 0x7056899: malloc (in /mnt/c/Users/guido/ghq/projects/rustdom/.tools/valgrind/usr/libexec/valgrind/vgpreload_memcheck-amd64-linux.so)
==2443640==    by 0x22E8FC22: _RNvXs0_NvMs_NtNtCs6i54tJFfzR_5alloc3ffi5c_strNtBa_7CString3newReNtB5_11SpecNewImpl13spec_new_impl (in /mnt/c/Users/guido/ghq/projects/rustdom/dist/rustdom.node)
==2443640==    by 0x22E3A8DF: _RNvMs2_NtNtCs4QMHp0v7l6B_4napi9js_values15object_propertyNtB5_8Property14with_utf8_name (in /mnt/c/Users/guido/ghq/projects/rustdom/dist/rustdom.node)
==2443640==    by 0x22DD8E63: _RNvNvNtNtNtCs45HKutVyWu4_7rustdom3dom4tree32___napi_impl_helper_NativeTree_1536___napi_register__NativeTree_impl_40020___ctor_private_inner (in /mnt/c/Users/guido/ghq/projects/rustdom/dist/rustdom.node)
==2443640==    by 0x22DFFF35: _RNvNvNvNvNtNtNtCs45HKutVyWu4_7rustdom3dom4tree32___napi_impl_helper_NativeTree_1536___napi_register__NativeTree_impl_4001__18___CTOR_PRIVATE_REF14___ctor_private (in /mnt/c/Users/guido/ghq/projects/rustdom/dist/rustdom.node)
==2443640==    by 0x681447D: call_init.part.0 (dl-init.c:70)
==2443640==    by 0x6814567: call_init (dl-init.c:33)
==2443640==    by 0x6814567: _dl_init (dl-init.c:117)
==2443640==    by 0x7522BB4: _dl_catch_exception (dl-error-skeleton.c:182)
==2443640==    by 0x681BFF5: dl_open_worker (dl-open.c:808)
==2443640==    by 0x681BFF5: dl_open_worker (dl-open.c:771)
==2443640==    by 0x7522B57: _dl_catch_exception (dl-error-skeleton.c:208)
==2443640==    by 0x681C34D: _dl_open (dl-open.c:883)
==2443640==    by 0x743E5FB: dlopen_doit (dlopen.c:56)
==2443640== 
==2443640== 12 bytes in 1 blocks are possibly lost in loss record 136 of 377
==2443640==    at 0x7056899: malloc (in /mnt/c/Users/guido/ghq/projects/rustdom/.tools/valgrind/usr/libexec/valgrind/vgpreload_memcheck-amd64-linux.so)
==2443640==    by 0x22E8FC22: _RNvXs0_NvMs_NtNtCs6i54tJFfzR_5alloc3ffi5c_strNtBa_7CString3newReNtB5_11SpecNewImpl13spec_new_impl (in /mnt/c/Users/guido/ghq/projects/rustdom/dist/rustdom.node)
==2443640==    by 0x22E3A8DF: _RNvMs2_NtNtCs4QMHp0v7l6B_4napi9js_values15object_propertyNtB5_8Property14with_utf8_name (in /mnt/c/Users/guido/ghq/projects/rustdom/dist/rustdom.node)
==2443640==    by 0x22DD9AAB: _RNvNvNtNtNtCs45HKutVyWu4_7rustdom3dom4tree32___napi_impl_helper_NativeTree_1536___napi_register__NativeTree_impl_40020___ctor_private_inner (in /mnt/c/Users/guido/ghq/projects/rustdom/dist/rustdom.node)
==2443640==    by 0x22DFFF35: _RNvNvNvNvNtNtNtCs45HKutVyWu4_7rustdom3dom4tree32___napi_impl_helper_NativeTree_1536___napi_register__NativeTree_impl_4001__18___CTOR_PRIVATE_REF14___ctor_private (in /mnt/c/Users/guido/ghq/projects/rustdom/dist/rustdom.node)
==2443640==    by 0x681447D: call_init.part.0 (dl-init.c:70)
==2443640==    by 0x6814567: call_init (dl-init.c:33)
==2443640==    by 0x6814567: _dl_init (dl-init.c:117)
==2443640==    by 0x7522BB4: _dl_catch_exception (dl-error-skeleton.c:182)
==2443640==    by 0x681BFF5: dl_open_worker (dl-open.c:808)
==2443640==    by 0x681BFF5: dl_open_worker (dl-open.c:771)
==2443640==    by 0x7522B57: _dl_catch_exception (dl-error-skeleton.c:208)
==2443640==    by 0x681C34D: _dl_open (dl-open.c:883)
==2443640==    by 0x743E5FB: dlopen_doit (dlopen.c:56)
==2443640== 
==2443640== 12 bytes in 1 blocks are possibly lost in loss record 137 of 377
==2443640==    at 0x7056899: malloc (in /mnt/c/Users/guido/ghq/projects/rustdom/.tools/valgrind/usr/libexec/valgrind/vgpreload_memcheck-amd64-linux.so)
==2443640==    by 0x22E8FC22: _RNvXs0_NvMs_NtNtCs6i54tJFfzR_5alloc3ffi5c_strNtBa_7CString3newReNtB5_11SpecNewImpl13spec_new_impl (in /mnt/c/Users/guido/ghq/projects/rustdom/dist/rustdom.node)
==2443640==    by 0x22E3A8DF: _RNvMs2_NtNtCs4QMHp0v7l6B_4napi9js_values15object_propertyNtB5_8Property14with_utf8_name (in /mnt/c/Users/guido/ghq/projects/rustdom/dist/rustdom.node)
==2443640==    by 0x22DD9EC3: _RNvNvNtNtNtCs45HKutVyWu4_7rustdom3dom4tree32___napi_impl_helper_NativeTree_1536___napi_register__NativeTree_impl_40020___ctor_private_inner (in /mnt/c/Users/guido/ghq/projects/rustdom/dist/rustdom.node)
==2443640==    by 0x22DFFF35: _RNvNvNvNvNtNtNtCs45HKutVyWu4_7rustdom3dom4tree32___napi_impl_helper_NativeTree_1536___napi_register__NativeTree_impl_4001__18___CTOR_PRIVATE_REF14___ctor_private (in /mnt/c/Users/guido/ghq/projects/rustdom/dist/rustdom.node)
==2443640==    by 0x681447D: call_init.part.0 (dl-init.c:70)
==2443640==    by 0x6814567: call_init (dl-init.c:33)
==2443640==    by 0x6814567: _dl_init (dl-init.c:117)
==2443640==    by 0x7522BB4: _dl_catch_exception (dl-error-skeleton.c:182)
==2443640==    by 0x681BFF5: dl_open_worker (dl-open.c:808)
==2443640==    by 0x681BFF5: dl_open_worker (dl-open.c:771)
==2443640==    by 0x7522B57: _dl_catch_exception (dl-error-skeleton.c:208)
==2443640==    by 0x681C34D: _dl_open (dl-open.c:883)
==2443640==    by 0x743E5FB: dlopen_doit (dlopen.c:56)
==2443640== 
==2443640== 12 bytes in 1 blocks are possibly lost in loss record 138 of 377
==2443640==    at 0x7056899: malloc (in /mnt/c/Users/guido/ghq/projects/rustdom/.tools/valgrind/usr/libexec/valgrind/vgpreload_memcheck-amd64-linux.so)
==2443640==    by 0x22E8FC22: _RNvXs0_NvMs_NtNtCs6i54tJFfzR_5alloc3ffi5c_strNtBa_7CString3newReNtB5_11SpecNewImpl13spec_new_impl (in /mnt/c/Users/guido/ghq/projects/rustdom/dist/rustdom.node)
==2443640==    by 0x22E3A8DF: _RNvMs2_NtNtCs4QMHp0v7l6B_4napi9js_values15object_propertyNtB5_8Property14with_utf8_name (in /mnt/c/Users/guido/ghq/projects/rustdom/dist/rustdom.node)
==2443640==    by 0x22DDDD31: _RNvNvNtNtNtCs45HKutVyWu4_7rustdom3dom4tree32___napi_impl_helper_NativeTree_1536___napi_register__NativeTree_impl_40020___ctor_private_inner (in /mnt/c/Users/guido/ghq/projects/rustdom/dist/rustdom.node)
==2443640==    by 0x22DFFF35: _RNvNvNvNvNtNtNtCs45HKutVyWu4_7rustdom3dom4tree32___napi_impl_helper_NativeTree_1536___napi_register__NativeTree_impl_4001__18___CTOR_PRIVATE_REF14___ctor_private (in /mnt/c/Users/guido/ghq/projects/rustdom/dist/rustdom.node)
==2443640==    by 0x681447D: call_init.part.0 (dl-init.c:70)
==2443640==    by 0x6814567: call_init (dl-init.c:33)
==2443640==    by 0x6814567: _dl_init (dl-init.c:117)
==2443640==    by 0x7522BB4: _dl_catch_exception (dl-error-skeleton.c:182)
==2443640==    by 0x681BFF5: dl_open_worker (dl-open.c:808)
==2443640==    by 0x681BFF5: dl_open_worker (dl-open.c:771)
==2443640==    by 0x7522B57: _dl_catch_exception (dl-error-skeleton.c:208)
==2443640==    by 0x681C34D: _dl_open (dl-open.c:883)
==2443640==    by 0x743E5FB: dlopen_doit (dlopen.c:56)
==2443640== 
==2443640== 12 bytes in 1 blocks are possibly lost in loss record 139 of 377
==2443640==    at 0x7056899: malloc (in /mnt/c/Users/guido/ghq/projects/rustdom/.tools/valgrind/usr/libexec/valgrind/vgpreload_memcheck-amd64-linux.so)
==2443640==    by 0x22E8FC22: _RNvXs0_NvMs_NtNtCs6i54tJFfzR_5alloc3ffi5c_strNtBa_7CString3newReNtB5_11SpecNewImpl13spec_new_impl (in /mnt/c/Users/guido/ghq/projects/rustdom/dist/rustdom.node)
==2443640==    by 0x22E3A8DF: _RNvMs2_NtNtCs4QMHp0v7l6B_4napi9js_values15object_propertyNtB5_8Property14with_utf8_name (in /mnt/c/Users/guido/ghq/projects/rustdom/dist/rustdom.node)
==2443640==    by 0x22DDF0A3: _RNvNvNtNtNtCs45HKutVyWu4_7rustdom3dom4tree32___napi_impl_helper_NativeTree_1536___napi_register__NativeTree_impl_40020___ctor_private_inner (in /mnt/c/Users/guido/ghq/projects/rustdom/dist/rustdom.node)
==2443640==    by 0x22DFFF35: _RNvNvNvNvNtNtNtCs45HKutVyWu4_7rustdom3dom4tree32___napi_impl_helper_NativeTree_1536___napi_register__NativeTree_impl_4001__18___CTOR_PRIVATE_REF14___ctor_private (in /mnt/c/Users/guido/ghq/projects/rustdom/dist/rustdom.node)
==2443640==    by 0x681447D: call_init.part.0 (dl-init.c:70)
==2443640==    by 0x6814567: call_init (dl-init.c:33)
==2443640==    by 0x6814567: _dl_init (dl-init.c:117)
==2443640==    by 0x7522BB4: _dl_catch_exception (dl-error-skeleton.c:182)
==2443640==    by 0x681BFF5: dl_open_worker (dl-open.c:808)
==2443640==    by 0x681BFF5: dl_open_worker (dl-open.c:771)
==2443640==    by 0x7522B57: _dl_catch_exception (dl-error-skeleton.c:208)
==2443640==    by 0x681C34D: _dl_open (dl-open.c:883)
==2443640==    by 0x743E5FB: dlopen_doit (dlopen.c:56)
==2443640== 
==2443640== 12 bytes in 1 blocks are possibly lost in loss record 140 of 377
==2443640==    at 0x7056899: malloc (in /mnt/c/Users/guido/ghq/projects/rustdom/.tools/valgrind/usr/libexec/valgrind/vgpreload_memcheck-amd64-linux.so)
==2443640==    by 0x22E8FC22: _RNvXs0_NvMs_NtNtCs6i54tJFfzR_5alloc3ffi5c_strNtBa_7CString3newReNtB5_11SpecNewImpl13spec_new_impl (in /mnt/c/Users/guido/ghq/projects/rustdom/dist/rustdom.node)
==2443640==    by 0x22E3A8DF: _RNvMs2_NtNtCs4QMHp0v7l6B_4napi9js_values15object_propertyNtB5_8Property14with_utf8_name (in /mnt/c/Users/guido/ghq/projects/rustdom/dist/rustdom.node)
==2443640==    by 0x22E00261: _RNvNvNvNvNtNtNtCs45HKutVyWu4_7rustdom3xml7binding37___napi_impl_helper_NativeXmlParser_2041___napi_register__NativeXmlParser_impl_4511__18___CTOR_PRIVATE_REF14___ctor_private (in /mnt/c/Users/guido/ghq/projects/rustdom/dist/rustdom.node)
==2443640==    by 0x681447D: call_init.part.0 (dl-init.c:70)
==2443640==    by 0x6814567: call_init (dl-init.c:33)
==2443640==    by 0x6814567: _dl_init (dl-init.c:117)
==2443640==    by 0x7522BB4: _dl_catch_exception (dl-error-skeleton.c:182)
==2443640==    by 0x681BFF5: dl_open_worker (dl-open.c:808)
==2443640==    by 0x681BFF5: dl_open_worker (dl-open.c:771)
==2443640==    by 0x7522B57: _dl_catch_exception (dl-error-skeleton.c:208)
==2443640==    by 0x681C34D: _dl_open (dl-open.c:883)
==2443640==    by 0x743E5FB: dlopen_doit (dlopen.c:56)
==2443640==    by 0x7522B57: _dl_catch_exception (dl-error-skeleton.c:208)
==2443640== 
==2443640== 13 bytes in 1 blocks are possibly lost in loss record 141 of 377
==2443640==    at 0x7056899: malloc (in /mnt/c/Users/guido/ghq/projects/rustdom/.tools/valgrind/usr/libexec/valgrind/vgpreload_memcheck-amd64-linux.so)
==2443640==    by 0x22E8FC22: _RNvXs0_NvMs_NtNtCs6i54tJFfzR_5alloc3ffi5c_strNtBa_7CString3newReNtB5_11SpecNewImpl13spec_new_impl (in /mnt/c/Users/guido/ghq/projects/rustdom/dist/rustdom.node)
==2443640==    by 0x22E3A8DF: _RNvMs2_NtNtCs4QMHp0v7l6B_4napi9js_values15object_propertyNtB5_8Property14with_utf8_name (in /mnt/c/Users/guido/ghq/projects/rustdom/dist/rustdom.node)
==2443640==    by 0x22DE9F3C: _RNvNvNvNvNtNtNtCs45HKutVyWu4_7rustdom3dom12blob_binding39___napi_impl_helper_NativeBlobMetadata_143___napi_register__NativeBlobMetadata_impl_281__18___CTOR_PRIVATE_REF14___ctor_private (in /mnt/c/Users/guido/ghq/projects/rustdom/dist/rustdom.node)
==2443640==    by 0x681447D: call_init.part.0 (dl-init.c:70)
==2443640==    by 0x6814567: call_init (dl-init.c:33)
==2443640==    by 0x6814567: _dl_init (dl-init.c:117)
==2443640==    by 0x7522BB4: _dl_catch_exception (dl-error-skeleton.c:182)
==2443640==    by 0x681BFF5: dl_open_worker (dl-open.c:808)
==2443640==    by 0x681BFF5: dl_open_worker (dl-open.c:771)
==2443640==    by 0x7522B57: _dl_catch_exception (dl-error-skeleton.c:208)
==2443640==    by 0x681C34D: _dl_open (dl-open.c:883)
==2443640==    by 0x743E5FB: dlopen_doit (dlopen.c:56)
==2443640==    by 0x7522B57: _dl_catch_exception (dl-error-skeleton.c:208)
==2443640== 
==2443640== 13 bytes in 1 blocks are possibly lost in loss record 142 of 377
==2443640==    at 0x7056899: malloc (in /mnt/c/Users/guido/ghq/projects/rustdom/.tools/valgrind/usr/libexec/valgrind/vgpreload_memcheck-amd64-linux.so)
==2443640==    by 0x22E8FC22: _RNvXs0_NvMs_NtNtCs6i54tJFfzR_5alloc3ffi5c_strNtBa_7CString3newReNtB5_11SpecNewImpl13spec_new_impl (in /mnt/c/Users/guido/ghq/projects/rustdom/dist/rustdom.node)
==2443640==    by 0x22E3A8DF: _RNvMs2_NtNtCs4QMHp0v7l6B_4napi9js_values15object_propertyNtB5_8Property14with_utf8_name (in /mnt/c/Users/guido/ghq/projects/rustdom/dist/rustdom.node)
==2443640==    by 0x22DED1FB: _RNvNvNvNvNtNtNtCs45HKutVyWu4_7rustdom3dom19abort_state_binding37___napi_impl_helper_NativeAbortState_041___napi_register__NativeAbortState_impl_181__18___CTOR_PRIVATE_REF14___ctor_private (in /mnt/c/Users/guido/ghq/projects/rustdom/dist/rustdom.node)
==2443640==    by 0x681447D: call_init.part.0 (dl-init.c:70)
==2443640==    by 0x6814567: call_init (dl-init.c:33)
==2443640==    by 0x6814567: _dl_init (dl-init.c:117)
==2443640==    by 0x7522BB4: _dl_catch_exception (dl-error-skeleton.c:182)
==2443640==    by 0x681BFF5: dl_open_worker (dl-open.c:808)
==2443640==    by 0x681BFF5: dl_open_worker (dl-open.c:771)
==2443640==    by 0x7522B57: _dl_catch_exception (dl-error-skeleton.c:208)
==2443640==    by 0x681C34D: _dl_open (dl-open.c:883)
==2443640==    by 0x743E5FB: dlopen_doit (dlopen.c:56)
==2443640==    by 0x7522B57: _dl_catch_exception (dl-error-skeleton.c:208)
==2443640== 
==2443640== 13 bytes in 1 blocks are possibly lost in loss record 143 of 377
==2443640==    at 0x7056899: malloc (in /mnt/c/Users/guido/ghq/projects/rustdom/.tools/valgrind/usr/libexec/valgrind/vgpreload_memcheck-amd64-linux.so)
==2443640==    by 0x22E8FC22: _RNvXs0_NvMs_NtNtCs6i54tJFfzR_5alloc3ffi5c_strNtBa_7CString3newReNtB5_11SpecNewImpl13spec_new_impl (in /mnt/c/Users/guido/ghq/projects/rustdom/dist/rustdom.node)
==2443640==    by 0x22E3A8DF: _RNvMs2_NtNtCs4QMHp0v7l6B_4napi9js_values15object_propertyNtB5_8Property14with_utf8_name (in /mnt/c/Users/guido/ghq/projects/rustdom/dist/rustdom.node)
==2443640==    by 0x22DEF6FE: _RNvNvNvNvNtNtNtCs45HKutVyWu4_7rustdom3dom19event_state_binding37___napi_impl_helper_NativeEventState_442___napi_register__NativeEventState_impl_1011__18___CTOR_PRIVATE_REF14___ctor_private (in /mnt/c/Users/guido/ghq/projects/rustdom/dist/rustdom.node)
==2443640==    by 0x681447D: call_init.part.0 (dl-init.c:70)
==2443640==    by 0x6814567: call_init (dl-init.c:33)
==2443640==    by 0x6814567: _dl_init (dl-init.c:117)
==2443640==    by 0x7522BB4: _dl_catch_exception (dl-error-skeleton.c:182)
==2443640==    by 0x681BFF5: dl_open_worker (dl-open.c:808)
==2443640==    by 0x681BFF5: dl_open_worker (dl-open.c:771)
==2443640==    by 0x7522B57: _dl_catch_exception (dl-error-skeleton.c:208)
==2443640==    by 0x681C34D: _dl_open (dl-open.c:883)
==2443640==    by 0x743E5FB: dlopen_doit (dlopen.c:56)
==2443640==    by 0x7522B57: _dl_catch_exception (dl-error-skeleton.c:208)
==2443640== 
==2443640== 13 bytes in 1 blocks are possibly lost in loss record 144 of 377
==2443640==    at 0x7056899: malloc (in /mnt/c/Users/guido/ghq/projects/rustdom/.tools/valgrind/usr/libexec/valgrind/vgpreload_memcheck-amd64-linux.so)
==2443640==    by 0x22E8FC22: _RNvXs0_NvMs_NtNtCs6i54tJFfzR_5alloc3ffi5c_strNtBa_7CString3newReNtB5_11SpecNewImpl13spec_new_impl (in /mnt/c/Users/guido/ghq/projects/rustdom/dist/rustdom.node)
==2443640==    by 0x22E3A8DF: _RNvMs2_NtNtCs4QMHp0v7l6B_4napi9js_values15object_propertyNtB5_8Property14with_utf8_name (in /mnt/c/Users/guido/ghq/projects/rustdom/dist/rustdom.node)
==2443640==    by 0x22DF3BB7: _RNvNvNvNvNtNtNtCs45HKutVyWu4_7rustdom3dom19range_state_binding33___napi_impl_helper_NativeRange_1037___napi_register__NativeRange_impl_1951__18___CTOR_PRIVATE_REF14___ctor_private (in /mnt/c/Users/guido/ghq/projects/rustdom/dist/rustdom.node)
==2443640==    by 0x681447D: call_init.part.0 (dl-init.c:70)
==2443640==    by 0x6814567: call_init (dl-init.c:33)
==2443640==    by 0x6814567: _dl_init (dl-init.c:117)
==2443640==    by 0x7522BB4: _dl_catch_exception (dl-error-skeleton.c:182)
==2443640==    by 0x681BFF5: dl_open_worker (dl-open.c:808)
==2443640==    by 0x681BFF5: dl_open_worker (dl-open.c:771)
==2443640==    by 0x7522B57: _dl_catch_exception (dl-error-skeleton.c:208)
==2443640==    by 0x681C34D: _dl_open (dl-open.c:883)
==2443640==    by 0x743E5FB: dlopen_doit (dlopen.c:56)
==2443640==    by 0x7522B57: _dl_catch_exception (dl-error-skeleton.c:208)
==2443640== 
==2443640== 13 bytes in 1 blocks are possibly lost in loss record 145 of 377
==2443640==    at 0x7056899: malloc (in /mnt/c/Users/guido/ghq/projects/rustdom/.tools/valgrind/usr/libexec/valgrind/vgpreload_memcheck-amd64-linux.so)
==2443640==    by 0x22E8FC22: _RNvXs0_NvMs_NtNtCs6i54tJFfzR_5alloc3ffi5c_strNtBa_7CString3newReNtB5_11SpecNewImpl13spec_new_impl (in /mnt/c/Users/guido/ghq/projects/rustdom/dist/rustdom.node)
==2443640==    by 0x22E3A8DF: _RNvMs2_NtNtCs4QMHp0v7l6B_4napi9js_values15object_propertyNtB5_8Property14with_utf8_name (in /mnt/c/Users/guido/ghq/projects/rustdom/dist/rustdom.node)
==2443640==    by 0x22DFB624: _RNvNvNvNvNtNtNtCs45HKutVyWu4_7rustdom3dom23mutation_record_binding41___napi_impl_helper_NativeMutationRecord_646___napi_register__NativeMutationRecord_impl_1321__18___CTOR_PRIVATE_REF14___ctor_private (in /mnt/c/Users/guido/ghq/projects/rustdom/dist/rustdom.node)
==2443640==    by 0x681447D: call_init.part.0 (dl-init.c:70)
==2443640==    by 0x6814567: call_init (dl-init.c:33)
==2443640==    by 0x6814567: _dl_init (dl-init.c:117)
==2443640==    by 0x7522BB4: _dl_catch_exception (dl-error-skeleton.c:182)
==2443640==    by 0x681BFF5: dl_open_worker (dl-open.c:808)
==2443640==    by 0x681BFF5: dl_open_worker (dl-open.c:771)
==2443640==    by 0x7522B57: _dl_catch_exception (dl-error-skeleton.c:208)
==2443640==    by 0x681C34D: _dl_open (dl-open.c:883)
==2443640==    by 0x743E5FB: dlopen_doit (dlopen.c:56)
==2443640==    by 0x7522B57: _dl_catch_exception (dl-error-skeleton.c:208)
==2443640== 
==2443640== 13 bytes in 1 blocks are possibly lost in loss record 146 of 377
==2443640==    at 0x7056899: malloc (in /mnt/c/Users/guido/ghq/projects/rustdom/.tools/valgrind/usr/libexec/valgrind/vgpreload_memcheck-amd64-linux.so)
==2443640==    by 0x22E8FC22: _RNvXs0_NvMs_NtNtCs6i54tJFfzR_5alloc3ffi5c_strNtBa_7CString3newReNtB5_11SpecNewImpl13spec_new_impl (in /mnt/c/Users/guido/ghq/projects/rustdom/dist/rustdom.node)
==2443640==    by 0x22E3A8DF: _RNvMs2_NtNtCs4QMHp0v7l6B_4napi9js_values15object_propertyNtB5_8Property14with_utf8_name (in /mnt/c/Users/guido/ghq/projects/rustdom/dist/rustdom.node)
==2443640==    by 0x22DFDEA7: _RNvNvNvNvNtNtNtCs45HKutVyWu4_7rustdom3dom4tree32___napi_impl_helper_NativeTree_1436___napi_register__NativeTree_impl_2671__18___CTOR_PRIVATE_REF14___ctor_private (in /mnt/c/Users/guido/ghq/projects/rustdom/dist/rustdom.node)
==2443640==    by 0x681447D: call_init.part.0 (dl-init.c:70)
==2443640==    by 0x6814567: call_init (dl-init.c:33)
==2443640==    by 0x6814567: _dl_init (dl-init.c:117)
==2443640==    by 0x7522BB4: _dl_catch_exception (dl-error-skeleton.c:182)
==2443640==    by 0x681BFF5: dl_open_worker (dl-open.c:808)
==2443640==    by 0x681BFF5: dl_open_worker (dl-open.c:771)
==2443640==    by 0x7522B57: _dl_catch_exception (dl-error-skeleton.c:208)
==2443640==    by 0x681C34D: _dl_open (dl-open.c:883)
==2443640==    by 0x743E5FB: dlopen_doit (dlopen.c:56)
==2443640==    by 0x7522B57: _dl_catch_exception (dl-error-skeleton.c:208)
==2443640== 
==2443640== 13 bytes in 1 blocks are possibly lost in loss record 147 of 377
==2443640==    at 0x7056899: malloc (in /mnt/c/Users/guido/ghq/projects/rustdom/.tools/valgrind/usr/libexec/valgrind/vgpreload_memcheck-amd64-linux.so)
==2443640==    by 0x22E8FC22: _RNvXs0_NvMs_NtNtCs6i54tJFfzR_5alloc3ffi5c_strNtBa_7CString3newReNtB5_11SpecNewImpl13spec_new_impl (in /mnt/c/Users/guido/ghq/projects/rustdom/dist/rustdom.node)
==2443640==    by 0x22E3A8DF: _RNvMs2_NtNtCs4QMHp0v7l6B_4napi9js_values15object_propertyNtB5_8Property14with_utf8_name (in /mnt/c/Users/guido/ghq/projects/rustdom/dist/rustdom.node)
==2443640==    by 0x22DFE0B3: _RNvNvNvNvNtNtNtCs45HKutVyWu4_7rustdom3dom4tree32___napi_impl_helper_NativeTree_1436___napi_register__NativeTree_impl_2671__18___CTOR_PRIVATE_REF14___ctor_private (in /mnt/c/Users/guido/ghq/projects/rustdom/dist/rustdom.node)
==2443640==    by 0x681447D: call_init.part.0 (dl-init.c:70)
==2443640==    by 0x6814567: call_init (dl-init.c:33)
==2443640==    by 0x6814567: _dl_init (dl-init.c:117)
==2443640==    by 0x7522BB4: _dl_catch_exception (dl-error-skeleton.c:182)
==2443640==    by 0x681BFF5: dl_open_worker (dl-open.c:808)
==2443640==    by 0x681BFF5: dl_open_worker (dl-open.c:771)
==2443640==    by 0x7522B57: _dl_catch_exception (dl-error-skeleton.c:208)
==2443640==    by 0x681C34D: _dl_open (dl-open.c:883)
==2443640==    by 0x743E5FB: dlopen_doit (dlopen.c:56)
==2443640==    by 0x7522B57: _dl_catch_exception (dl-error-skeleton.c:208)
==2443640== 
==2443640== 13 bytes in 1 blocks are possibly lost in loss record 148 of 377
==2443640==    at 0x7056899: malloc (in /mnt/c/Users/guido/ghq/projects/rustdom/.tools/valgrind/usr/libexec/valgrind/vgpreload_memcheck-amd64-linux.so)
==2443640==    by 0x22E8FC22: _RNvXs0_NvMs_NtNtCs6i54tJFfzR_5alloc3ffi5c_strNtBa_7CString3newReNtB5_11SpecNewImpl13spec_new_impl (in /mnt/c/Users/guido/ghq/projects/rustdom/dist/rustdom.node)
==2443640==    by 0x22E3A8DF: _RNvMs2_NtNtCs4QMHp0v7l6B_4napi9js_values15object_propertyNtB5_8Property14with_utf8_name (in /mnt/c/Users/guido/ghq/projects/rustdom/dist/rustdom.node)
==2443640==    by 0x22DFE5D1: _RNvNvNvNvNtNtNtCs45HKutVyWu4_7rustdom3dom4tree32___napi_impl_helper_NativeTree_1436___napi_register__NativeTree_impl_2671__18___CTOR_PRIVATE_REF14___ctor_private (in /mnt/c/Users/guido/ghq/projects/rustdom/dist/rustdom.node)
==2443640==    by 0x681447D: call_init.part.0 (dl-init.c:70)
==2443640==    by 0x6814567: call_init (dl-init.c:33)
==2443640==    by 0x6814567: _dl_init (dl-init.c:117)
==2443640==    by 0x7522BB4: _dl_catch_exception (dl-error-skeleton.c:182)
==2443640==    by 0x681BFF5: dl_open_worker (dl-open.c:808)
==2443640==    by 0x681BFF5: dl_open_worker (dl-open.c:771)
==2443640==    by 0x7522B57: _dl_catch_exception (dl-error-skeleton.c:208)
==2443640==    by 0x681C34D: _dl_open (dl-open.c:883)
==2443640==    by 0x743E5FB: dlopen_doit (dlopen.c:56)
==2443640==    by 0x7522B57: _dl_catch_exception (dl-error-skeleton.c:208)
==2443640== 
==2443640== 13 bytes in 1 blocks are possibly lost in loss record 149 of 377
==2443640==    at 0x7056899: malloc (in /mnt/c/Users/guido/ghq/projects/rustdom/.tools/valgrind/usr/libexec/valgrind/vgpreload_memcheck-amd64-linux.so)
==2443640==    by 0x22E8FC22: _RNvXs0_NvMs_NtNtCs6i54tJFfzR_5alloc3ffi5c_strNtBa_7CString3newReNtB5_11SpecNewImpl13spec_new_impl (in /mnt/c/Users/guido/ghq/projects/rustdom/dist/rustdom.node)
==2443640==    by 0x22E3A8DF: _RNvMs2_NtNtCs4QMHp0v7l6B_4napi9js_values15object_propertyNtB5_8Property14with_utf8_name (in /mnt/c/Users/guido/ghq/projects/rustdom/dist/rustdom.node)
==2443640==    by 0x22DD77CE: _RNvNvNtNtNtCs45HKutVyWu4_7rustdom3dom4tree32___napi_impl_helper_NativeTree_1536___napi_register__NativeTree_impl_40020___ctor_private_inner (in /mnt/c/Users/guido/ghq/projects/rustdom/dist/rustdom.node)
==2443640==    by 0x22DFFF35: _RNvNvNvNvNtNtNtCs45HKutVyWu4_7rustdom3dom4tree32___napi_impl_helper_NativeTree_1536___napi_register__NativeTree_impl_4001__18___CTOR_PRIVATE_REF14___ctor_private (in /mnt/c/Users/guido/ghq/projects/rustdom/dist/rustdom.node)
==2443640==    by 0x681447D: call_init.part.0 (dl-init.c:70)
==2443640==    by 0x6814567: call_init (dl-init.c:33)
==2443640==    by 0x6814567: _dl_init (dl-init.c:117)
==2443640==    by 0x7522BB4: _dl_catch_exception (dl-error-skeleton.c:182)
==2443640==    by 0x681BFF5: dl_open_worker (dl-open.c:808)
==2443640==    by 0x681BFF5: dl_open_worker (dl-open.c:771)
==2443640==    by 0x7522B57: _dl_catch_exception (dl-error-skeleton.c:208)
==2443640==    by 0x681C34D: _dl_open (dl-open.c:883)
==2443640==    by 0x743E5FB: dlopen_doit (dlopen.c:56)
==2443640== 
==2443640== 13 bytes in 1 blocks are possibly lost in loss record 150 of 377
==2443640==    at 0x7056899: malloc (in /mnt/c/Users/guido/ghq/projects/rustdom/.tools/valgrind/usr/libexec/valgrind/vgpreload_memcheck-amd64-linux.so)
==2443640==    by 0x22E8FC22: _RNvXs0_NvMs_NtNtCs6i54tJFfzR_5alloc3ffi5c_strNtBa_7CString3newReNtB5_11SpecNewImpl13spec_new_impl (in /mnt/c/Users/guido/ghq/projects/rustdom/dist/rustdom.node)
==2443640==    by 0x22E3A8DF: _RNvMs2_NtNtCs4QMHp0v7l6B_4napi9js_values15object_propertyNtB5_8Property14with_utf8_name (in /mnt/c/Users/guido/ghq/projects/rustdom/dist/rustdom.node)
==2443640==    by 0x22DD852D: _RNvNvNtNtNtCs45HKutVyWu4_7rustdom3dom4tree32___napi_impl_helper_NativeTree_1536___napi_register__NativeTree_impl_40020___ctor_private_inner (in /mnt/c/Users/guido/ghq/projects/rustdom/dist/rustdom.node)
==2443640==    by 0x22DFFF35: _RNvNvNvNvNtNtNtCs45HKutVyWu4_7rustdom3dom4tree32___napi_impl_helper_NativeTree_1536___napi_register__NativeTree_impl_4001__18___CTOR_PRIVATE_REF14___ctor_private (in /mnt/c/Users/guido/ghq/projects/rustdom/dist/rustdom.node)
==2443640==    by 0x681447D: call_init.part.0 (dl-init.c:70)
==2443640==    by 0x6814567: call_init (dl-init.c:33)
==2443640==    by 0x6814567: _dl_init (dl-init.c:117)
==2443640==    by 0x7522BB4: _dl_catch_exception (dl-error-skeleton.c:182)
==2443640==    by 0x681BFF5: dl_open_worker (dl-open.c:808)
==2443640==    by 0x681BFF5: dl_open_worker (dl-open.c:771)
==2443640==    by 0x7522B57: _dl_catch_exception (dl-error-skeleton.c:208)
==2443640==    by 0x681C34D: _dl_open (dl-open.c:883)
==2443640==    by 0x743E5FB: dlopen_doit (dlopen.c:56)
==2443640== 
==2443640== 13 bytes in 1 blocks are possibly lost in loss record 151 of 377
==2443640==    at 0x7056899: malloc (in /mnt/c/Users/guido/ghq/projects/rustdom/.tools/valgrind/usr/libexec/valgrind/vgpreload_memcheck-amd64-linux.so)
==2443640==    by 0x22E8FC22: _RNvXs0_NvMs_NtNtCs6i54tJFfzR_5alloc3ffi5c_strNtBa_7CString3newReNtB5_11SpecNewImpl13spec_new_impl (in /mnt/c/Users/guido/ghq/projects/rustdom/dist/rustdom.node)
==2443640==    by 0x22E3A8DF: _RNvMs2_NtNtCs4QMHp0v7l6B_4napi9js_values15object_propertyNtB5_8Property14with_utf8_name (in /mnt/c/Users/guido/ghq/projects/rustdom/dist/rustdom.node)
==2443640==    by 0x22DD9BB1: _RNvNvNtNtNtCs45HKutVyWu4_7rustdom3dom4tree32___napi_impl_helper_NativeTree_1536___napi_register__NativeTree_impl_40020___ctor_private_inner (in /mnt/c/Users/guido/ghq/projects/rustdom/dist/rustdom.node)
==2443640==    by 0x22DFFF35: _RNvNvNvNvNtNtNtCs45HKutVyWu4_7rustdom3dom4tree32___napi_impl_helper_NativeTree_1536___napi_register__NativeTree_impl_4001__18___CTOR_PRIVATE_REF14___ctor_private (in /mnt/c/Users/guido/ghq/projects/rustdom/dist/rustdom.node)
==2443640==    by 0x681447D: call_init.part.0 (dl-init.c:70)
==2443640==    by 0x6814567: call_init (dl-init.c:33)
==2443640==    by 0x6814567: _dl_init (dl-init.c:117)
==2443640==    by 0x7522BB4: _dl_catch_exception (dl-error-skeleton.c:182)
==2443640==    by 0x681BFF5: dl_open_worker (dl-open.c:808)
==2443640==    by 0x681BFF5: dl_open_worker (dl-open.c:771)
==2443640==    by 0x7522B57: _dl_catch_exception (dl-error-skeleton.c:208)
==2443640==    by 0x681C34D: _dl_open (dl-open.c:883)
==2443640==    by 0x743E5FB: dlopen_doit (dlopen.c:56)
==2443640== 
==2443640== 13 bytes in 1 blocks are possibly lost in loss record 152 of 377
==2443640==    at 0x7056899: malloc (in /mnt/c/Users/guido/ghq/projects/rustdom/.tools/valgrind/usr/libexec/valgrind/vgpreload_memcheck-amd64-linux.so)
==2443640==    by 0x22E8FC22: _RNvXs0_NvMs_NtNtCs6i54tJFfzR_5alloc3ffi5c_strNtBa_7CString3newReNtB5_11SpecNewImpl13spec_new_impl (in /mnt/c/Users/guido/ghq/projects/rustdom/dist/rustdom.node)
==2443640==    by 0x22E3A8DF: _RNvMs2_NtNtCs4QMHp0v7l6B_4napi9js_values15object_propertyNtB5_8Property14with_utf8_name (in /mnt/c/Users/guido/ghq/projects/rustdom/dist/rustdom.node)
==2443640==    by 0x22DDA2DB: _RNvNvNtNtNtCs45HKutVyWu4_7rustdom3dom4tree32___napi_impl_helper_NativeTree_1536___napi_register__NativeTree_impl_40020___ctor_private_inner (in /mnt/c/Users/guido/ghq/projects/rustdom/dist/rustdom.node)
==2443640==    by 0x22DFFF35: _RNvNvNvNvNtNtNtCs45HKutVyWu4_7rustdom3dom4tree32___napi_impl_helper_NativeTree_1536___napi_register__NativeTree_impl_4001__18___CTOR_PRIVATE_REF14___ctor_private (in /mnt/c/Users/guido/ghq/projects/rustdom/dist/rustdom.node)
==2443640==    by 0x681447D: call_init.part.0 (dl-init.c:70)
==2443640==    by 0x6814567: call_init (dl-init.c:33)
==2443640==    by 0x6814567: _dl_init (dl-init.c:117)
==2443640==    by 0x7522BB4: _dl_catch_exception (dl-error-skeleton.c:182)
==2443640==    by 0x681BFF5: dl_open_worker (dl-open.c:808)
==2443640==    by 0x681BFF5: dl_open_worker (dl-open.c:771)
==2443640==    by 0x7522B57: _dl_catch_exception (dl-error-skeleton.c:208)
==2443640==    by 0x681C34D: _dl_open (dl-open.c:883)
==2443640==    by 0x743E5FB: dlopen_doit (dlopen.c:56)
==2443640== 
==2443640== 13 bytes in 1 blocks are possibly lost in loss record 153 of 377
==2443640==    at 0x7056899: malloc (in /mnt/c/Users/guido/ghq/projects/rustdom/.tools/valgrind/usr/libexec/valgrind/vgpreload_memcheck-amd64-linux.so)
==2443640==    by 0x22E8FC22: _RNvXs0_NvMs_NtNtCs6i54tJFfzR_5alloc3ffi5c_strNtBa_7CString3newReNtB5_11SpecNewImpl13spec_new_impl (in /mnt/c/Users/guido/ghq/projects/rustdom/dist/rustdom.node)
==2443640==    by 0x22E3A8DF: _RNvMs2_NtNtCs4QMHp0v7l6B_4napi9js_values15object_propertyNtB5_8Property14with_utf8_name (in /mnt/c/Users/guido/ghq/projects/rustdom/dist/rustdom.node)
==2443640==    by 0x22DDD2F5: _RNvNvNtNtNtCs45HKutVyWu4_7rustdom3dom4tree32___napi_impl_helper_NativeTree_1536___napi_register__NativeTree_impl_40020___ctor_private_inner (in /mnt/c/Users/guido/ghq/projects/rustdom/dist/rustdom.node)
==2443640==    by 0x22DFFF35: _RNvNvNvNvNtNtNtCs45HKutVyWu4_7rustdom3dom4tree32___napi_impl_helper_NativeTree_1536___napi_register__NativeTree_impl_4001__18___CTOR_PRIVATE_REF14___ctor_private (in /mnt/c/Users/guido/ghq/projects/rustdom/dist/rustdom.node)
==2443640==    by 0x681447D: call_init.part.0 (dl-init.c:70)
==2443640==    by 0x6814567: call_init (dl-init.c:33)
==2443640==    by 0x6814567: _dl_init (dl-init.c:117)
==2443640==    by 0x7522BB4: _dl_catch_exception (dl-error-skeleton.c:182)
==2443640==    by 0x681BFF5: dl_open_worker (dl-open.c:808)
==2443640==    by 0x681BFF5: dl_open_worker (dl-open.c:771)
==2443640==    by 0x7522B57: _dl_catch_exception (dl-error-skeleton.c:208)
==2443640==    by 0x681C34D: _dl_open (dl-open.c:883)
==2443640==    by 0x743E5FB: dlopen_doit (dlopen.c:56)
==2443640== 
==2443640== 13 bytes in 1 blocks are possibly lost in loss record 154 of 377
==2443640==    at 0x7056899: malloc (in /mnt/c/Users/guido/ghq/projects/rustdom/.tools/valgrind/usr/libexec/valgrind/vgpreload_memcheck-amd64-linux.so)
==2443640==    by 0x22E8FC22: _RNvXs0_NvMs_NtNtCs6i54tJFfzR_5alloc3ffi5c_strNtBa_7CString3newReNtB5_11SpecNewImpl13spec_new_impl (in /mnt/c/Users/guido/ghq/projects/rustdom/dist/rustdom.node)
==2443640==    by 0x22E3A8DF: _RNvMs2_NtNtCs4QMHp0v7l6B_4napi9js_values15object_propertyNtB5_8Property14with_utf8_name (in /mnt/c/Users/guido/ghq/projects/rustdom/dist/rustdom.node)
==2443640==    by 0x22DDE76D: _RNvNvNtNtNtCs45HKutVyWu4_7rustdom3dom4tree32___napi_impl_helper_NativeTree_1536___napi_register__NativeTree_impl_40020___ctor_private_inner (in /mnt/c/Users/guido/ghq/projects/rustdom/dist/rustdom.node)
==2443640==    by 0x22DFFF35: _RNvNvNvNvNtNtNtCs45HKutVyWu4_7rustdom3dom4tree32___napi_impl_helper_NativeTree_1536___napi_register__NativeTree_impl_4001__18___CTOR_PRIVATE_REF14___ctor_private (in /mnt/c/Users/guido/ghq/projects/rustdom/dist/rustdom.node)
==2443640==    by 0x681447D: call_init.part.0 (dl-init.c:70)
==2443640==    by 0x6814567: call_init (dl-init.c:33)
==2443640==    by 0x6814567: _dl_init (dl-init.c:117)
==2443640==    by 0x7522BB4: _dl_catch_exception (dl-error-skeleton.c:182)
==2443640==    by 0x681BFF5: dl_open_worker (dl-open.c:808)
==2443640==    by 0x681BFF5: dl_open_worker (dl-open.c:771)
==2443640==    by 0x7522B57: _dl_catch_exception (dl-error-skeleton.c:208)
==2443640==    by 0x681C34D: _dl_open (dl-open.c:883)
==2443640==    by 0x743E5FB: dlopen_doit (dlopen.c:56)
==2443640== 
==2443640== 14 bytes in 1 blocks are possibly lost in loss record 155 of 377
==2443640==    at 0x7056899: malloc (in /mnt/c/Users/guido/ghq/projects/rustdom/.tools/valgrind/usr/libexec/valgrind/vgpreload_memcheck-amd64-linux.so)
==2443640==    by 0x22E8FC22: _RNvXs0_NvMs_NtNtCs6i54tJFfzR_5alloc3ffi5c_strNtBa_7CString3newReNtB5_11SpecNewImpl13spec_new_impl (in /mnt/c/Users/guido/ghq/projects/rustdom/dist/rustdom.node)
==2443640==    by 0x22E3A8DF: _RNvMs2_NtNtCs4QMHp0v7l6B_4napi9js_values15object_propertyNtB5_8Property14with_utf8_name (in /mnt/c/Users/guido/ghq/projects/rustdom/dist/rustdom.node)
==2443640==    by 0x22DED810: _RNvNvNvNvNtNtNtCs45HKutVyWu4_7rustdom3dom19abort_state_binding37___napi_impl_helper_NativeAbortState_041___napi_register__NativeAbortState_impl_181__18___CTOR_PRIVATE_REF14___ctor_private (in /mnt/c/Users/guido/ghq/projects/rustdom/dist/rustdom.node)
==2443640==    by 0x681447D: call_init.part.0 (dl-init.c:70)
==2443640==    by 0x6814567: call_init (dl-init.c:33)
==2443640==    by 0x6814567: _dl_init (dl-init.c:117)
==2443640==    by 0x7522BB4: _dl_catch_exception (dl-error-skeleton.c:182)
==2443640==    by 0x681BFF5: dl_open_worker (dl-open.c:808)
==2443640==    by 0x681BFF5: dl_open_worker (dl-open.c:771)
==2443640==    by 0x7522B57: _dl_catch_exception (dl-error-skeleton.c:208)
==2443640==    by 0x681C34D: _dl_open (dl-open.c:883)
==2443640==    by 0x743E5FB: dlopen_doit (dlopen.c:56)
==2443640==    by 0x7522B57: _dl_catch_exception (dl-error-skeleton.c:208)
==2443640== 
==2443640== 14 bytes in 1 blocks are possibly lost in loss record 156 of 377
==2443640==    at 0x7056899: malloc (in /mnt/c/Users/guido/ghq/projects/rustdom/.tools/valgrind/usr/libexec/valgrind/vgpreload_memcheck-amd64-linux.so)
==2443640==    by 0x22E8FC22: _RNvXs0_NvMs_NtNtCs6i54tJFfzR_5alloc3ffi5c_strNtBa_7CString3newReNtB5_11SpecNewImpl13spec_new_impl (in /mnt/c/Users/guido/ghq/projects/rustdom/dist/rustdom.node)
==2443640==    by 0x22E3A8DF: _RNvMs2_NtNtCs4QMHp0v7l6B_4napi9js_values15object_propertyNtB5_8Property14with_utf8_name (in /mnt/c/Users/guido/ghq/projects/rustdom/dist/rustdom.node)
==2443640==    by 0x22DEDA1C: _RNvNvNvNvNtNtNtCs45HKutVyWu4_7rustdom3dom19abort_state_binding37___napi_impl_helper_NativeAbortState_041___napi_register__NativeAbortState_impl_181__18___CTOR_PRIVATE_REF14___ctor_private (in /mnt/c/Users/guido/ghq/projects/rustdom/dist/rustdom.node)
==2443640==    by 0x681447D: call_init.part.0 (dl-init.c:70)
==2443640==    by 0x6814567: call_init (dl-init.c:33)
==2443640==    by 0x6814567: _dl_init (dl-init.c:117)
==2443640==    by 0x7522BB4: _dl_catch_exception (dl-error-skeleton.c:182)
==2443640==    by 0x681BFF5: dl_open_worker (dl-open.c:808)
==2443640==    by 0x681BFF5: dl_open_worker (dl-open.c:771)
==2443640==    by 0x7522B57: _dl_catch_exception (dl-error-skeleton.c:208)
==2443640==    by 0x681C34D: _dl_open (dl-open.c:883)
==2443640==    by 0x743E5FB: dlopen_doit (dlopen.c:56)
==2443640==    by 0x7522B57: _dl_catch_exception (dl-error-skeleton.c:208)
==2443640== 
==2443640== 14 bytes in 1 blocks are possibly lost in loss record 157 of 377
==2443640==    at 0x7056899: malloc (in /mnt/c/Users/guido/ghq/projects/rustdom/.tools/valgrind/usr/libexec/valgrind/vgpreload_memcheck-amd64-linux.so)
==2443640==    by 0x22E8FC22: _RNvXs0_NvMs_NtNtCs6i54tJFfzR_5alloc3ffi5c_strNtBa_7CString3newReNtB5_11SpecNewImpl13spec_new_impl (in /mnt/c/Users/guido/ghq/projects/rustdom/dist/rustdom.node)
==2443640==    by 0x22E3A8DF: _RNvMs2_NtNtCs4QMHp0v7l6B_4napi9js_values15object_propertyNtB5_8Property14with_utf8_name (in /mnt/c/Users/guido/ghq/projects/rustdom/dist/rustdom.node)
==2443640==    by 0x22DEECD1: _RNvNvNvNvNtNtNtCs45HKutVyWu4_7rustdom3dom19event_state_binding37___napi_impl_helper_NativeEventState_442___napi_register__NativeEventState_impl_1011__18___CTOR_PRIVATE_REF14___ctor_private (in /mnt/c/Users/guido/ghq/projects/rustdom/dist/rustdom.node)
==2443640==    by 0x681447D: call_init.part.0 (dl-init.c:70)
==2443640==    by 0x6814567: call_init (dl-init.c:33)
==2443640==    by 0x6814567: _dl_init (dl-init.c:117)
==2443640==    by 0x7522BB4: _dl_catch_exception (dl-error-skeleton.c:182)
==2443640==    by 0x681BFF5: dl_open_worker (dl-open.c:808)
==2443640==    by 0x681BFF5: dl_open_worker (dl-open.c:771)
==2443640==    by 0x7522B57: _dl_catch_exception (dl-error-skeleton.c:208)
==2443640==    by 0x681C34D: _dl_open (dl-open.c:883)
==2443640==    by 0x743E5FB: dlopen_doit (dlopen.c:56)
==2443640==    by 0x7522B57: _dl_catch_exception (dl-error-skeleton.c:208)
==2443640== 
==2443640== 14 bytes in 1 blocks are possibly lost in loss record 158 of 377
==2443640==    at 0x7056899: malloc (in /mnt/c/Users/guido/ghq/projects/rustdom/.tools/valgrind/usr/libexec/valgrind/vgpreload_memcheck-amd64-linux.so)
==2443640==    by 0x22E8FC22: _RNvXs0_NvMs_NtNtCs6i54tJFfzR_5alloc3ffi5c_strNtBa_7CString3newReNtB5_11SpecNewImpl13spec_new_impl (in /mnt/c/Users/guido/ghq/projects/rustdom/dist/rustdom.node)
==2443640==    by 0x22E3A8DF: _RNvMs2_NtNtCs4QMHp0v7l6B_4napi9js_values15object_propertyNtB5_8Property14with_utf8_name (in /mnt/c/Users/guido/ghq/projects/rustdom/dist/rustdom.node)
==2443640==    by 0x22DF4A1C: _RNvNvNvNvNtNtNtCs45HKutVyWu4_7rustdom3dom19range_state_binding33___napi_impl_helper_NativeRange_1037___napi_register__NativeRange_impl_1951__18___CTOR_PRIVATE_REF14___ctor_private (in /mnt/c/Users/guido/ghq/projects/rustdom/dist/rustdom.node)
==2443640==    by 0x681447D: call_init.part.0 (dl-init.c:70)
==2443640==    by 0x6814567: call_init (dl-init.c:33)
==2443640==    by 0x6814567: _dl_init (dl-init.c:117)
==2443640==    by 0x7522BB4: _dl_catch_exception (dl-error-skeleton.c:182)
==2443640==    by 0x681BFF5: dl_open_worker (dl-open.c:808)
==2443640==    by 0x681BFF5: dl_open_worker (dl-open.c:771)
==2443640==    by 0x7522B57: _dl_catch_exception (dl-error-skeleton.c:208)
==2443640==    by 0x681C34D: _dl_open (dl-open.c:883)
==2443640==    by 0x743E5FB: dlopen_doit (dlopen.c:56)
==2443640==    by 0x7522B57: _dl_catch_exception (dl-error-skeleton.c:208)
==2443640== 
==2443640== 14 bytes in 1 blocks are possibly lost in loss record 159 of 377
==2443640==    at 0x7056899: malloc (in /mnt/c/Users/guido/ghq/projects/rustdom/.tools/valgrind/usr/libexec/valgrind/vgpreload_memcheck-amd64-linux.so)
==2443640==    by 0x22E8FC22: _RNvXs0_NvMs_NtNtCs6i54tJFfzR_5alloc3ffi5c_strNtBa_7CString3newReNtB5_11SpecNewImpl13spec_new_impl (in /mnt/c/Users/guido/ghq/projects/rustdom/dist/rustdom.node)
==2443640==    by 0x22E3A8DF: _RNvMs2_NtNtCs4QMHp0v7l6B_4napi9js_values15object_propertyNtB5_8Property14with_utf8_name (in /mnt/c/Users/guido/ghq/projects/rustdom/dist/rustdom.node)
==2443640==    by 0x22DF9B52: _RNvNvNvNvNtNtNtCs45HKutVyWu4_7rustdom3dom23event_listeners_binding43___napi_impl_helper_NativeListenerRegistry_347___napi_register__NativeListenerRegistry_impl_661__18___CTOR_PRIVATE_REF14___ctor_private (in /mnt/c/Users/guido/ghq/projects/rustdom/dist/rustdom.node)
==2443640==    by 0x681447D: call_init.part.0 (dl-init.c:70)
==2443640==    by 0x6814567: call_init (dl-init.c:33)
==2443640==    by 0x6814567: _dl_init (dl-init.c:117)
==2443640==    by 0x7522BB4: _dl_catch_exception (dl-error-skeleton.c:182)
==2443640==    by 0x681BFF5: dl_open_worker (dl-open.c:808)
==2443640==    by 0x681BFF5: dl_open_worker (dl-open.c:771)
==2443640==    by 0x7522B57: _dl_catch_exception (dl-error-skeleton.c:208)
==2443640==    by 0x681C34D: _dl_open (dl-open.c:883)
==2443640==    by 0x743E5FB: dlopen_doit (dlopen.c:56)
==2443640==    by 0x7522B57: _dl_catch_exception (dl-error-skeleton.c:208)
==2443640== 
==2443640== 14 bytes in 1 blocks are possibly lost in loss record 160 of 377
==2443640==    at 0x7056899: malloc (in /mnt/c/Users/guido/ghq/projects/rustdom/.tools/valgrind/usr/libexec/valgrind/vgpreload_memcheck-amd64-linux.so)
==2443640==    by 0x22E8FC22: _RNvXs0_NvMs_NtNtCs6i54tJFfzR_5alloc3ffi5c_strNtBa_7CString3newReNtB5_11SpecNewImpl13spec_new_impl (in /mnt/c/Users/guido/ghq/projects/rustdom/dist/rustdom.node)
==2443640==    by 0x22E3A8DF: _RNvMs2_NtNtCs4QMHp0v7l6B_4napi9js_values15object_propertyNtB5_8Property14with_utf8_name (in /mnt/c/Users/guido/ghq/projects/rustdom/dist/rustdom.node)
==2443640==    by 0x22DFAEFA: _RNvNvNvNvNtNtNtCs45HKutVyWu4_7rustdom3dom23mutation_record_binding41___napi_impl_helper_NativeMutationRecord_646___napi_register__NativeMutationRecord_impl_1321__18___CTOR_PRIVATE_REF14___ctor_private (in /mnt/c/Users/guido/ghq/projects/rustdom/dist/rustdom.node)
==2443640==    by 0x681447D: call_init.part.0 (dl-init.c:70)
==2443640==    by 0x6814567: call_init (dl-init.c:33)
==2443640==    by 0x6814567: _dl_init (dl-init.c:117)
==2443640==    by 0x7522BB4: _dl_catch_exception (dl-error-skeleton.c:182)
==2443640==    by 0x681BFF5: dl_open_worker (dl-open.c:808)
==2443640==    by 0x681BFF5: dl_open_worker (dl-open.c:771)
==2443640==    by 0x7522B57: _dl_catch_exception (dl-error-skeleton.c:208)
==2443640==    by 0x681C34D: _dl_open (dl-open.c:883)
==2443640==    by 0x743E5FB: dlopen_doit (dlopen.c:56)
==2443640==    by 0x7522B57: _dl_catch_exception (dl-error-skeleton.c:208)
==2443640== 
==2443640== 14 bytes in 1 blocks are possibly lost in loss record 161 of 377
==2443640==    at 0x7056899: malloc (in /mnt/c/Users/guido/ghq/projects/rustdom/.tools/valgrind/usr/libexec/valgrind/vgpreload_memcheck-amd64-linux.so)
==2443640==    by 0x22E8FC22: _RNvXs0_NvMs_NtNtCs6i54tJFfzR_5alloc3ffi5c_strNtBa_7CString3newReNtB5_11SpecNewImpl13spec_new_impl (in /mnt/c/Users/guido/ghq/projects/rustdom/dist/rustdom.node)
==2443640==    by 0x22E3A8DF: _RNvMs2_NtNtCs4QMHp0v7l6B_4napi9js_values15object_propertyNtB5_8Property14with_utf8_name (in /mnt/c/Users/guido/ghq/projects/rustdom/dist/rustdom.node)
==2443640==    by 0x22DFE2BF: _RNvNvNvNvNtNtNtCs45HKutVyWu4_7rustdom3dom4tree32___napi_impl_helper_NativeTree_1436___napi_register__NativeTree_impl_2671__18___CTOR_PRIVATE_REF14___ctor_private (in /mnt/c/Users/guido/ghq/projects/rustdom/dist/rustdom.node)
==2443640==    by 0x681447D: call_init.part.0 (dl-init.c:70)
==2443640==    by 0x6814567: call_init (dl-init.c:33)
==2443640==    by 0x6814567: _dl_init (dl-init.c:117)
==2443640==    by 0x7522BB4: _dl_catch_exception (dl-error-skeleton.c:182)
==2443640==    by 0x681BFF5: dl_open_worker (dl-open.c:808)
==2443640==    by 0x681BFF5: dl_open_worker (dl-open.c:771)
==2443640==    by 0x7522B57: _dl_catch_exception (dl-error-skeleton.c:208)
==2443640==    by 0x681C34D: _dl_open (dl-open.c:883)
==2443640==    by 0x743E5FB: dlopen_doit (dlopen.c:56)
==2443640==    by 0x7522B57: _dl_catch_exception (dl-error-skeleton.c:208)
==2443640== 
==2443640== 14 bytes in 1 blocks are possibly lost in loss record 162 of 377
==2443640==    at 0x7056899: malloc (in /mnt/c/Users/guido/ghq/projects/rustdom/.tools/valgrind/usr/libexec/valgrind/vgpreload_memcheck-amd64-linux.so)
==2443640==    by 0x22E8FC22: _RNvXs0_NvMs_NtNtCs6i54tJFfzR_5alloc3ffi5c_strNtBa_7CString3newReNtB5_11SpecNewImpl13spec_new_impl (in /mnt/c/Users/guido/ghq/projects/rustdom/dist/rustdom.node)
==2443640==    by 0x22E3A8DF: _RNvMs2_NtNtCs4QMHp0v7l6B_4napi9js_values15object_propertyNtB5_8Property14with_utf8_name (in /mnt/c/Users/guido/ghq/projects/rustdom/dist/rustdom.node)
==2443640==    by 0x22DFE7DD: _RNvNvNvNvNtNtNtCs45HKutVyWu4_7rustdom3dom4tree32___napi_impl_helper_NativeTree_1436___napi_register__NativeTree_impl_2671__18___CTOR_PRIVATE_REF14___ctor_private (in /mnt/c/Users/guido/ghq/projects/rustdom/dist/rustdom.node)
==2443640==    by 0x681447D: call_init.part.0 (dl-init.c:70)
==2443640==    by 0x6814567: call_init (dl-init.c:33)
==2443640==    by 0x6814567: _dl_init (dl-init.c:117)
==2443640==    by 0x7522BB4: _dl_catch_exception (dl-error-skeleton.c:182)
==2443640==    by 0x681BFF5: dl_open_worker (dl-open.c:808)
==2443640==    by 0x681BFF5: dl_open_worker (dl-open.c:771)
==2443640==    by 0x7522B57: _dl_catch_exception (dl-error-skeleton.c:208)
==2443640==    by 0x681C34D: _dl_open (dl-open.c:883)
==2443640==    by 0x743E5FB: dlopen_doit (dlopen.c:56)
==2443640==    by 0x7522B57: _dl_catch_exception (dl-error-skeleton.c:208)
==2443640== 
==2443640== 14 bytes in 1 blocks are possibly lost in loss record 163 of 377
==2443640==    at 0x7056899: malloc (in /mnt/c/Users/guido/ghq/projects/rustdom/.tools/valgrind/usr/libexec/valgrind/vgpreload_memcheck-amd64-linux.so)
==2443640==    by 0x22E8FC22: _RNvXs0_NvMs_NtNtCs6i54tJFfzR_5alloc3ffi5c_strNtBa_7CString3newReNtB5_11SpecNewImpl13spec_new_impl (in /mnt/c/Users/guido/ghq/projects/rustdom/dist/rustdom.node)
==2443640==    by 0x22E3A8DF: _RNvMs2_NtNtCs4QMHp0v7l6B_4napi9js_values15object_propertyNtB5_8Property14with_utf8_name (in /mnt/c/Users/guido/ghq/projects/rustdom/dist/rustdom.node)
==2443640==    by 0x22DFEB9A: _RNvNvNvNvNtNtNtCs45HKutVyWu4_7rustdom3dom4tree32___napi_impl_helper_NativeTree_1436___napi_register__NativeTree_impl_2671__18___CTOR_PRIVATE_REF14___ctor_private (in /mnt/c/Users/guido/ghq/projects/rustdom/dist/rustdom.node)
==2443640==    by 0x681447D: call_init.part.0 (dl-init.c:70)
==2443640==    by 0x6814567: call_init (dl-init.c:33)
==2443640==    by 0x6814567: _dl_init (dl-init.c:117)
==2443640==    by 0x7522BB4: _dl_catch_exception (dl-error-skeleton.c:182)
==2443640==    by 0x681BFF5: dl_open_worker (dl-open.c:808)
==2443640==    by 0x681BFF5: dl_open_worker (dl-open.c:771)
==2443640==    by 0x7522B57: _dl_catch_exception (dl-error-skeleton.c:208)
==2443640==    by 0x681C34D: _dl_open (dl-open.c:883)
==2443640==    by 0x743E5FB: dlopen_doit (dlopen.c:56)
==2443640==    by 0x7522B57: _dl_catch_exception (dl-error-skeleton.c:208)
==2443640== 
==2443640== 14 bytes in 1 blocks are possibly lost in loss record 164 of 377
==2443640==    at 0x7056899: malloc (in /mnt/c/Users/guido/ghq/projects/rustdom/.tools/valgrind/usr/libexec/valgrind/vgpreload_memcheck-amd64-linux.so)
==2443640==    by 0x22E8FC22: _RNvXs0_NvMs_NtNtCs6i54tJFfzR_5alloc3ffi5c_strNtBa_7CString3newReNtB5_11SpecNewImpl13spec_new_impl (in /mnt/c/Users/guido/ghq/projects/rustdom/dist/rustdom.node)
==2443640==    by 0x22E3A8DF: _RNvMs2_NtNtCs4QMHp0v7l6B_4napi9js_values15object_propertyNtB5_8Property14with_utf8_name (in /mnt/c/Users/guido/ghq/projects/rustdom/dist/rustdom.node)
==2443640==    by 0x22DD8F69: _RNvNvNtNtNtCs45HKutVyWu4_7rustdom3dom4tree32___napi_impl_helper_NativeTree_1536___napi_register__NativeTree_impl_40020___ctor_private_inner (in /mnt/c/Users/guido/ghq/projects/rustdom/dist/rustdom.node)
==2443640==    by 0x22DFFF35: _RNvNvNvNvNtNtNtCs45HKutVyWu4_7rustdom3dom4tree32___napi_impl_helper_NativeTree_1536___napi_register__NativeTree_impl_4001__18___CTOR_PRIVATE_REF14___ctor_private (in /mnt/c/Users/guido/ghq/projects/rustdom/dist/rustdom.node)
==2443640==    by 0x681447D: call_init.part.0 (dl-init.c:70)
==2443640==    by 0x6814567: call_init (dl-init.c:33)
==2443640==    by 0x6814567: _dl_init (dl-init.c:117)
==2443640==    by 0x7522BB4: _dl_catch_exception (dl-error-skeleton.c:182)
==2443640==    by 0x681BFF5: dl_open_worker (dl-open.c:808)
==2443640==    by 0x681BFF5: dl_open_worker (dl-open.c:771)
==2443640==    by 0x7522B57: _dl_catch_exception (dl-error-skeleton.c:208)
==2443640==    by 0x681C34D: _dl_open (dl-open.c:883)
==2443640==    by 0x743E5FB: dlopen_doit (dlopen.c:56)
==2443640== 
==2443640== 14 bytes in 1 blocks are possibly lost in loss record 165 of 377
==2443640==    at 0x7056899: malloc (in /mnt/c/Users/guido/ghq/projects/rustdom/.tools/valgrind/usr/libexec/valgrind/vgpreload_memcheck-amd64-linux.so)
==2443640==    by 0x22E8FC22: _RNvXs0_NvMs_NtNtCs6i54tJFfzR_5alloc3ffi5c_strNtBa_7CString3newReNtB5_11SpecNewImpl13spec_new_impl (in /mnt/c/Users/guido/ghq/projects/rustdom/dist/rustdom.node)
==2443640==    by 0x22E3A8DF: _RNvMs2_NtNtCs4QMHp0v7l6B_4napi9js_values15object_propertyNtB5_8Property14with_utf8_name (in /mnt/c/Users/guido/ghq/projects/rustdom/dist/rustdom.node)
==2443640==    by 0x22DDD1EF: _RNvNvNtNtNtCs45HKutVyWu4_7rustdom3dom4tree32___napi_impl_helper_NativeTree_1536___napi_register__NativeTree_impl_40020___ctor_private_inner (in /mnt/c/Users/guido/ghq/projects/rustdom/dist/rustdom.node)
==2443640==    by 0x22DFFF35: _RNvNvNvNvNtNtNtCs45HKutVyWu4_7rustdom3dom4tree32___napi_impl_helper_NativeTree_1536___napi_register__NativeTree_impl_4001__18___CTOR_PRIVATE_REF14___ctor_private (in /mnt/c/Users/guido/ghq/projects/rustdom/dist/rustdom.node)
==2443640==    by 0x681447D: call_init.part.0 (dl-init.c:70)
==2443640==    by 0x6814567: call_init (dl-init.c:33)
==2443640==    by 0x6814567: _dl_init (dl-init.c:117)
==2443640==    by 0x7522BB4: _dl_catch_exception (dl-error-skeleton.c:182)
==2443640==    by 0x681BFF5: dl_open_worker (dl-open.c:808)
==2443640==    by 0x681BFF5: dl_open_worker (dl-open.c:771)
==2443640==    by 0x7522B57: _dl_catch_exception (dl-error-skeleton.c:208)
==2443640==    by 0x681C34D: _dl_open (dl-open.c:883)
==2443640==    by 0x743E5FB: dlopen_doit (dlopen.c:56)
==2443640== 
==2443640== 14 bytes in 1 blocks are possibly lost in loss record 166 of 377
==2443640==    at 0x7056899: malloc (in /mnt/c/Users/guido/ghq/projects/rustdom/.tools/valgrind/usr/libexec/valgrind/vgpreload_memcheck-amd64-linux.so)
==2443640==    by 0x22E8FC22: _RNvXs0_NvMs_NtNtCs6i54tJFfzR_5alloc3ffi5c_strNtBa_7CString3newReNtB5_11SpecNewImpl13spec_new_impl (in /mnt/c/Users/guido/ghq/projects/rustdom/dist/rustdom.node)
==2443640==    by 0x22E3A8DF: _RNvMs2_NtNtCs4QMHp0v7l6B_4napi9js_values15object_propertyNtB5_8Property14with_utf8_name (in /mnt/c/Users/guido/ghq/projects/rustdom/dist/rustdom.node)
==2443640==    by 0x22DDDE37: _RNvNvNtNtNtCs45HKutVyWu4_7rustdom3dom4tree32___napi_impl_helper_NativeTree_1536___napi_register__NativeTree_impl_40020___ctor_private_inner (in /mnt/c/Users/guido/ghq/projects/rustdom/dist/rustdom.node)
==2443640==    by 0x22DFFF35: _RNvNvNvNvNtNtNtCs45HKutVyWu4_7rustdom3dom4tree32___napi_impl_helper_NativeTree_1536___napi_register__NativeTree_impl_4001__18___CTOR_PRIVATE_REF14___ctor_private (in /mnt/c/Users/guido/ghq/projects/rustdom/dist/rustdom.node)
==2443640==    by 0x681447D: call_init.part.0 (dl-init.c:70)
==2443640==    by 0x6814567: call_init (dl-init.c:33)
==2443640==    by 0x6814567: _dl_init (dl-init.c:117)
==2443640==    by 0x7522BB4: _dl_catch_exception (dl-error-skeleton.c:182)
==2443640==    by 0x681BFF5: dl_open_worker (dl-open.c:808)
==2443640==    by 0x681BFF5: dl_open_worker (dl-open.c:771)
==2443640==    by 0x7522B57: _dl_catch_exception (dl-error-skeleton.c:208)
==2443640==    by 0x681C34D: _dl_open (dl-open.c:883)
==2443640==    by 0x743E5FB: dlopen_doit (dlopen.c:56)
==2443640== 
==2443640== 14 bytes in 1 blocks are possibly lost in loss record 167 of 377
==2443640==    at 0x7056899: malloc (in /mnt/c/Users/guido/ghq/projects/rustdom/.tools/valgrind/usr/libexec/valgrind/vgpreload_memcheck-amd64-linux.so)
==2443640==    by 0x22E8FC22: _RNvXs0_NvMs_NtNtCs6i54tJFfzR_5alloc3ffi5c_strNtBa_7CString3newReNtB5_11SpecNewImpl13spec_new_impl (in /mnt/c/Users/guido/ghq/projects/rustdom/dist/rustdom.node)
==2443640==    by 0x22E3A8DF: _RNvMs2_NtNtCs4QMHp0v7l6B_4napi9js_values15object_propertyNtB5_8Property14with_utf8_name (in /mnt/c/Users/guido/ghq/projects/rustdom/dist/rustdom.node)
==2443640==    by 0x22DDED91: _RNvNvNtNtNtCs45HKutVyWu4_7rustdom3dom4tree32___napi_impl_helper_NativeTree_1536___napi_register__NativeTree_impl_40020___ctor_private_inner (in /mnt/c/Users/guido/ghq/projects/rustdom/dist/rustdom.node)
==2443640==    by 0x22DFFF35: _RNvNvNvNvNtNtNtCs45HKutVyWu4_7rustdom3dom4tree32___napi_impl_helper_NativeTree_1536___napi_register__NativeTree_impl_4001__18___CTOR_PRIVATE_REF14___ctor_private (in /mnt/c/Users/guido/ghq/projects/rustdom/dist/rustdom.node)
==2443640==    by 0x681447D: call_init.part.0 (dl-init.c:70)
==2443640==    by 0x6814567: call_init (dl-init.c:33)
==2443640==    by 0x6814567: _dl_init (dl-init.c:117)
==2443640==    by 0x7522BB4: _dl_catch_exception (dl-error-skeleton.c:182)
==2443640==    by 0x681BFF5: dl_open_worker (dl-open.c:808)
==2443640==    by 0x681BFF5: dl_open_worker (dl-open.c:771)
==2443640==    by 0x7522B57: _dl_catch_exception (dl-error-skeleton.c:208)
==2443640==    by 0x681C34D: _dl_open (dl-open.c:883)
==2443640==    by 0x743E5FB: dlopen_doit (dlopen.c:56)
==2443640== 
==2443640== 14 bytes in 1 blocks are possibly lost in loss record 168 of 377
==2443640==    at 0x7056899: malloc (in /mnt/c/Users/guido/ghq/projects/rustdom/.tools/valgrind/usr/libexec/valgrind/vgpreload_memcheck-amd64-linux.so)
==2443640==    by 0x22E8FC22: _RNvXs0_NvMs_NtNtCs6i54tJFfzR_5alloc3ffi5c_strNtBa_7CString3newReNtB5_11SpecNewImpl13spec_new_impl (in /mnt/c/Users/guido/ghq/projects/rustdom/dist/rustdom.node)
==2443640==    by 0x22E3A8DF: _RNvMs2_NtNtCs4QMHp0v7l6B_4napi9js_values15object_propertyNtB5_8Property14with_utf8_name (in /mnt/c/Users/guido/ghq/projects/rustdom/dist/rustdom.node)
==2443640==    by 0x22E0057E: _RNvNvNvNvNtNtNtCs45HKutVyWu4_7rustdom3xml7binding37___napi_impl_helper_NativeXmlParser_2041___napi_register__NativeXmlParser_impl_4511__18___CTOR_PRIVATE_REF14___ctor_private (in /mnt/c/Users/guido/ghq/projects/rustdom/dist/rustdom.node)
==2443640==    by 0x681447D: call_init.part.0 (dl-init.c:70)
==2443640==    by 0x6814567: call_init (dl-init.c:33)
==2443640==    by 0x6814567: _dl_init (dl-init.c:117)
==2443640==    by 0x7522BB4: _dl_catch_exception (dl-error-skeleton.c:182)
==2443640==    by 0x681BFF5: dl_open_worker (dl-open.c:808)
==2443640==    by 0x681BFF5: dl_open_worker (dl-open.c:771)
==2443640==    by 0x7522B57: _dl_catch_exception (dl-error-skeleton.c:208)
==2443640==    by 0x681C34D: _dl_open (dl-open.c:883)
==2443640==    by 0x743E5FB: dlopen_doit (dlopen.c:56)
==2443640==    by 0x7522B57: _dl_catch_exception (dl-error-skeleton.c:208)
==2443640== 
==2443640== 15 bytes in 1 blocks are possibly lost in loss record 169 of 377
==2443640==    at 0x7056899: malloc (in /mnt/c/Users/guido/ghq/projects/rustdom/.tools/valgrind/usr/libexec/valgrind/vgpreload_memcheck-amd64-linux.so)
==2443640==    by 0x22E8FC22: _RNvXs0_NvMs_NtNtCs6i54tJFfzR_5alloc3ffi5c_strNtBa_7CString3newReNtB5_11SpecNewImpl13spec_new_impl (in /mnt/c/Users/guido/ghq/projects/rustdom/dist/rustdom.node)
==2443640==    by 0x22E3A8DF: _RNvMs2_NtNtCs4QMHp0v7l6B_4napi9js_values15object_propertyNtB5_8Property14with_utf8_name (in /mnt/c/Users/guido/ghq/projects/rustdom/dist/rustdom.node)
==2443640==    by 0x22DED916: _RNvNvNvNvNtNtNtCs45HKutVyWu4_7rustdom3dom19abort_state_binding37___napi_impl_helper_NativeAbortState_041___napi_register__NativeAbortState_impl_181__18___CTOR_PRIVATE_REF14___ctor_private (in /mnt/c/Users/guido/ghq/projects/rustdom/dist/rustdom.node)
==2443640==    by 0x681447D: call_init.part.0 (dl-init.c:70)
==2443640==    by 0x6814567: call_init (dl-init.c:33)
==2443640==    by 0x6814567: _dl_init (dl-init.c:117)
==2443640==    by 0x7522BB4: _dl_catch_exception (dl-error-skeleton.c:182)
==2443640==    by 0x681BFF5: dl_open_worker (dl-open.c:808)
==2443640==    by 0x681BFF5: dl_open_worker (dl-open.c:771)
==2443640==    by 0x7522B57: _dl_catch_exception (dl-error-skeleton.c:208)
==2443640==    by 0x681C34D: _dl_open (dl-open.c:883)
==2443640==    by 0x743E5FB: dlopen_doit (dlopen.c:56)
==2443640==    by 0x7522B57: _dl_catch_exception (dl-error-skeleton.c:208)
==2443640== 
==2443640== 15 bytes in 1 blocks are possibly lost in loss record 170 of 377
==2443640==    at 0x7056899: malloc (in /mnt/c/Users/guido/ghq/projects/rustdom/.tools/valgrind/usr/libexec/valgrind/vgpreload_memcheck-amd64-linux.so)
==2443640==    by 0x22E8FC22: _RNvXs0_NvMs_NtNtCs6i54tJFfzR_5alloc3ffi5c_strNtBa_7CString3newReNtB5_11SpecNewImpl13spec_new_impl (in /mnt/c/Users/guido/ghq/projects/rustdom/dist/rustdom.node)
==2443640==    by 0x22E3A8DF: _RNvMs2_NtNtCs4QMHp0v7l6B_4napi9js_values15object_propertyNtB5_8Property14with_utf8_name (in /mnt/c/Users/guido/ghq/projects/rustdom/dist/rustdom.node)
==2443640==    by 0x22DEF1E0: _RNvNvNvNvNtNtNtCs45HKutVyWu4_7rustdom3dom19event_state_binding37___napi_impl_helper_NativeEventState_442___napi_register__NativeEventState_impl_1011__18___CTOR_PRIVATE_REF14___ctor_private (in /mnt/c/Users/guido/ghq/projects/rustdom/dist/rustdom.node)
==2443640==    by 0x681447D: call_init.part.0 (dl-init.c:70)
==2443640==    by 0x6814567: call_init (dl-init.c:33)
==2443640==    by 0x6814567: _dl_init (dl-init.c:117)
==2443640==    by 0x7522BB4: _dl_catch_exception (dl-error-skeleton.c:182)
==2443640==    by 0x681BFF5: dl_open_worker (dl-open.c:808)
==2443640==    by 0x681BFF5: dl_open_worker (dl-open.c:771)
==2443640==    by 0x7522B57: _dl_catch_exception (dl-error-skeleton.c:208)
==2443640==    by 0x681C34D: _dl_open (dl-open.c:883)
==2443640==    by 0x743E5FB: dlopen_doit (dlopen.c:56)
==2443640==    by 0x7522B57: _dl_catch_exception (dl-error-skeleton.c:208)
==2443640== 
==2443640== 15 bytes in 1 blocks are possibly lost in loss record 171 of 377
==2443640==    at 0x7056899: malloc (in /mnt/c/Users/guido/ghq/projects/rustdom/.tools/valgrind/usr/libexec/valgrind/vgpreload_memcheck-amd64-linux.so)
==2443640==    by 0x22E8FC22: _RNvXs0_NvMs_NtNtCs6i54tJFfzR_5alloc3ffi5c_strNtBa_7CString3newReNtB5_11SpecNewImpl13spec_new_impl (in /mnt/c/Users/guido/ghq/projects/rustdom/dist/rustdom.node)
==2443640==    by 0x22E3A8DF: _RNvMs2_NtNtCs4QMHp0v7l6B_4napi9js_values15object_propertyNtB5_8Property14with_utf8_name (in /mnt/c/Users/guido/ghq/projects/rustdom/dist/rustdom.node)
==2443640==    by 0x22DEF5F8: _RNvNvNvNvNtNtNtCs45HKutVyWu4_7rustdom3dom19event_state_binding37___napi_impl_helper_NativeEventState_442___napi_register__NativeEventState_impl_1011__18___CTOR_PRIVATE_REF14___ctor_private (in /mnt/c/Users/guido/ghq/projects/rustdom/dist/rustdom.node)
==2443640==    by 0x681447D: call_init.part.0 (dl-init.c:70)
==2443640==    by 0x6814567: call_init (dl-init.c:33)
==2443640==    by 0x6814567: _dl_init (dl-init.c:117)
==2443640==    by 0x7522BB4: _dl_catch_exception (dl-error-skeleton.c:182)
==2443640==    by 0x681BFF5: dl_open_worker (dl-open.c:808)
==2443640==    by 0x681BFF5: dl_open_worker (dl-open.c:771)
==2443640==    by 0x7522B57: _dl_catch_exception (dl-error-skeleton.c:208)
==2443640==    by 0x681C34D: _dl_open (dl-open.c:883)
==2443640==    by 0x743E5FB: dlopen_doit (dlopen.c:56)
==2443640==    by 0x7522B57: _dl_catch_exception (dl-error-skeleton.c:208)
==2443640== 
==2443640== 15 bytes in 1 blocks are possibly lost in loss record 172 of 377
==2443640==    at 0x7056899: malloc (in /mnt/c/Users/guido/ghq/projects/rustdom/.tools/valgrind/usr/libexec/valgrind/vgpreload_memcheck-amd64-linux.so)
==2443640==    by 0x22E8FC22: _RNvXs0_NvMs_NtNtCs6i54tJFfzR_5alloc3ffi5c_strNtBa_7CString3newReNtB5_11SpecNewImpl13spec_new_impl (in /mnt/c/Users/guido/ghq/projects/rustdom/dist/rustdom.node)
==2443640==    by 0x22E3A8DF: _RNvMs2_NtNtCs4QMHp0v7l6B_4napi9js_values15object_propertyNtB5_8Property14with_utf8_name (in /mnt/c/Users/guido/ghq/projects/rustdom/dist/rustdom.node)
==2443640==    by 0x22DEFA10: _RNvNvNvNvNtNtNtCs45HKutVyWu4_7rustdom3dom19event_state_binding37___napi_impl_helper_NativeEventState_442___napi_register__NativeEventState_impl_1011__18___CTOR_PRIVATE_REF14___ctor_private (in /mnt/c/Users/guido/ghq/projects/rustdom/dist/rustdom.node)
==2443640==    by 0x681447D: call_init.part.0 (dl-init.c:70)
==2443640==    by 0x6814567: call_init (dl-init.c:33)
==2443640==    by 0x6814567: _dl_init (dl-init.c:117)
==2443640==    by 0x7522BB4: _dl_catch_exception (dl-error-skeleton.c:182)
==2443640==    by 0x681BFF5: dl_open_worker (dl-open.c:808)
==2443640==    by 0x681BFF5: dl_open_worker (dl-open.c:771)
==2443640==    by 0x7522B57: _dl_catch_exception (dl-error-skeleton.c:208)
==2443640==    by 0x681C34D: _dl_open (dl-open.c:883)
==2443640==    by 0x743E5FB: dlopen_doit (dlopen.c:56)
==2443640==    by 0x7522B57: _dl_catch_exception (dl-error-skeleton.c:208)
==2443640== 
==2443640== 15 bytes in 1 blocks are possibly lost in loss record 173 of 377
==2443640==    at 0x7056899: malloc (in /mnt/c/Users/guido/ghq/projects/rustdom/.tools/valgrind/usr/libexec/valgrind/vgpreload_memcheck-amd64-linux.so)
==2443640==    by 0x22E8FC22: _RNvXs0_NvMs_NtNtCs6i54tJFfzR_5alloc3ffi5c_strNtBa_7CString3newReNtB5_11SpecNewImpl13spec_new_impl (in /mnt/c/Users/guido/ghq/projects/rustdom/dist/rustdom.node)
==2443640==    by 0x22E3A8DF: _RNvMs2_NtNtCs4QMHp0v7l6B_4napi9js_values15object_propertyNtB5_8Property14with_utf8_name (in /mnt/c/Users/guido/ghq/projects/rustdom/dist/rustdom.node)
==2443640==    by 0x22DEFE28: _RNvNvNvNvNtNtNtCs45HKutVyWu4_7rustdom3dom19event_state_binding37___napi_impl_helper_NativeEventState_442___napi_register__NativeEventState_impl_1011__18___CTOR_PRIVATE_REF14___ctor_private (in /mnt/c/Users/guido/ghq/projects/rustdom/dist/rustdom.node)
==2443640==    by 0x681447D: call_init.part.0 (dl-init.c:70)
==2443640==    by 0x6814567: call_init (dl-init.c:33)
==2443640==    by 0x6814567: _dl_init (dl-init.c:117)
==2443640==    by 0x7522BB4: _dl_catch_exception (dl-error-skeleton.c:182)
==2443640==    by 0x681BFF5: dl_open_worker (dl-open.c:808)
==2443640==    by 0x681BFF5: dl_open_worker (dl-open.c:771)
==2443640==    by 0x7522B57: _dl_catch_exception (dl-error-skeleton.c:208)
==2443640==    by 0x681C34D: _dl_open (dl-open.c:883)
==2443640==    by 0x743E5FB: dlopen_doit (dlopen.c:56)
==2443640==    by 0x7522B57: _dl_catch_exception (dl-error-skeleton.c:208)
==2443640== 
==2443640== 15 bytes in 1 blocks are possibly lost in loss record 174 of 377
==2443640==    at 0x7056899: malloc (in /mnt/c/Users/guido/ghq/projects/rustdom/.tools/valgrind/usr/libexec/valgrind/vgpreload_memcheck-amd64-linux.so)
==2443640==    by 0x22E8FC22: _RNvXs0_NvMs_NtNtCs6i54tJFfzR_5alloc3ffi5c_strNtBa_7CString3newReNtB5_11SpecNewImpl13spec_new_impl (in /mnt/c/Users/guido/ghq/projects/rustdom/dist/rustdom.node)
==2443640==    by 0x22E3A8DF: _RNvMs2_NtNtCs4QMHp0v7l6B_4napi9js_values15object_propertyNtB5_8Property14with_utf8_name (in /mnt/c/Users/guido/ghq/projects/rustdom/dist/rustdom.node)
==2443640==    by 0x22DFD297: _RNvNvNvNvNtNtNtCs45HKutVyWu4_7rustdom3dom25observer_delivery_binding43___napi_impl_helper_NativeObserverDelivery_748___napi_register__NativeObserverDelivery_impl_1451__18___CTOR_PRIVATE_REF14___ctor_private (in /mnt/c/Users/guido/ghq/projects/rustdom/dist/rustdom.node)
==2443640==    by 0x681447D: call_init.part.0 (dl-init.c:70)
==2443640==    by 0x6814567: call_init (dl-init.c:33)
==2443640==    by 0x6814567: _dl_init (dl-init.c:117)
==2443640==    by 0x7522BB4: _dl_catch_exception (dl-error-skeleton.c:182)
==2443640==    by 0x681BFF5: dl_open_worker (dl-open.c:808)
==2443640==    by 0x681BFF5: dl_open_worker (dl-open.c:771)
==2443640==    by 0x7522B57: _dl_catch_exception (dl-error-skeleton.c:208)
==2443640==    by 0x681C34D: _dl_open (dl-open.c:883)
==2443640==    by 0x743E5FB: dlopen_doit (dlopen.c:56)
==2443640==    by 0x7522B57: _dl_catch_exception (dl-error-skeleton.c:208)
==2443640== 
==2443640== 15 bytes in 1 blocks are possibly lost in loss record 175 of 377
==2443640==    at 0x7056899: malloc (in /mnt/c/Users/guido/ghq/projects/rustdom/.tools/valgrind/usr/libexec/valgrind/vgpreload_memcheck-amd64-linux.so)
==2443640==    by 0x22E8FC22: _RNvXs0_NvMs_NtNtCs6i54tJFfzR_5alloc3ffi5c_strNtBa_7CString3newReNtB5_11SpecNewImpl13spec_new_impl (in /mnt/c/Users/guido/ghq/projects/rustdom/dist/rustdom.node)
==2443640==    by 0x22E3A8DF: _RNvMs2_NtNtCs4QMHp0v7l6B_4napi9js_values15object_propertyNtB5_8Property14with_utf8_name (in /mnt/c/Users/guido/ghq/projects/rustdom/dist/rustdom.node)
==2443640==    by 0x22DFE6D7: _RNvNvNvNvNtNtNtCs45HKutVyWu4_7rustdom3dom4tree32___napi_impl_helper_NativeTree_1436___napi_register__NativeTree_impl_2671__18___CTOR_PRIVATE_REF14___ctor_private (in /mnt/c/Users/guido/ghq/projects/rustdom/dist/rustdom.node)
==2443640==    by 0x681447D: call_init.part.0 (dl-init.c:70)
==2443640==    by 0x6814567: call_init (dl-init.c:33)
==2443640==    by 0x6814567: _dl_init (dl-init.c:117)
==2443640==    by 0x7522BB4: _dl_catch_exception (dl-error-skeleton.c:182)
==2443640==    by 0x681BFF5: dl_open_worker (dl-open.c:808)
==2443640==    by 0x681BFF5: dl_open_worker (dl-open.c:771)
==2443640==    by 0x7522B57: _dl_catch_exception (dl-error-skeleton.c:208)
==2443640==    by 0x681C34D: _dl_open (dl-open.c:883)
==2443640==    by 0x743E5FB: dlopen_doit (dlopen.c:56)
==2443640==    by 0x7522B57: _dl_catch_exception (dl-error-skeleton.c:208)
==2443640== 
==2443640== 15 bytes in 1 blocks are possibly lost in loss record 176 of 377
==2443640==    at 0x7056899: malloc (in /mnt/c/Users/guido/ghq/projects/rustdom/.tools/valgrind/usr/libexec/valgrind/vgpreload_memcheck-amd64-linux.so)
==2443640==    by 0x22E8FC22: _RNvXs0_NvMs_NtNtCs6i54tJFfzR_5alloc3ffi5c_strNtBa_7CString3newReNtB5_11SpecNewImpl13spec_new_impl (in /mnt/c/Users/guido/ghq/projects/rustdom/dist/rustdom.node)
==2443640==    by 0x22E3A8DF: _RNvMs2_NtNtCs4QMHp0v7l6B_4napi9js_values15object_propertyNtB5_8Property14with_utf8_name (in /mnt/c/Users/guido/ghq/projects/rustdom/dist/rustdom.node)
==2443640==    by 0x22DD75C2: _RNvNvNtNtNtCs45HKutVyWu4_7rustdom3dom4tree32___napi_impl_helper_NativeTree_1536___napi_register__NativeTree_impl_40020___ctor_private_inner (in /mnt/c/Users/guido/ghq/projects/rustdom/dist/rustdom.node)
==2443640==    by 0x22DFFF35: _RNvNvNvNvNtNtNtCs45HKutVyWu4_7rustdom3dom4tree32___napi_impl_helper_NativeTree_1536___napi_register__NativeTree_impl_4001__18___CTOR_PRIVATE_REF14___ctor_private (in /mnt/c/Users/guido/ghq/projects/rustdom/dist/rustdom.node)
==2443640==    by 0x681447D: call_init.part.0 (dl-init.c:70)
==2443640==    by 0x6814567: call_init (dl-init.c:33)
==2443640==    by 0x6814567: _dl_init (dl-init.c:117)
==2443640==    by 0x7522BB4: _dl_catch_exception (dl-error-skeleton.c:182)
==2443640==    by 0x681BFF5: dl_open_worker (dl-open.c:808)
==2443640==    by 0x681BFF5: dl_open_worker (dl-open.c:771)
==2443640==    by 0x7522B57: _dl_catch_exception (dl-error-skeleton.c:208)
==2443640==    by 0x681C34D: _dl_open (dl-open.c:883)
==2443640==    by 0x743E5FB: dlopen_doit (dlopen.c:56)
==2443640== 
==2443640== 15 bytes in 1 blocks are possibly lost in loss record 177 of 377
==2443640==    at 0x7056899: malloc (in /mnt/c/Users/guido/ghq/projects/rustdom/.tools/valgrind/usr/libexec/valgrind/vgpreload_memcheck-amd64-linux.so)
==2443640==    by 0x22E8FC22: _RNvXs0_NvMs_NtNtCs6i54tJFfzR_5alloc3ffi5c_strNtBa_7CString3newReNtB5_11SpecNewImpl13spec_new_impl (in /mnt/c/Users/guido/ghq/projects/rustdom/dist/rustdom.node)
==2443640==    by 0x22E3A8DF: _RNvMs2_NtNtCs4QMHp0v7l6B_4napi9js_values15object_propertyNtB5_8Property14with_utf8_name (in /mnt/c/Users/guido/ghq/projects/rustdom/dist/rustdom.node)
==2443640==    by 0x22DD76C8: _RNvNvNtNtNtCs45HKutVyWu4_7rustdom3dom4tree32___napi_impl_helper_NativeTree_1536___napi_register__NativeTree_impl_40020___ctor_private_inner (in /mnt/c/Users/guido/ghq/projects/rustdom/dist/rustdom.node)
==2443640==    by 0x22DFFF35: _RNvNvNvNvNtNtNtCs45HKutVyWu4_7rustdom3dom4tree32___napi_impl_helper_NativeTree_1536___napi_register__NativeTree_impl_4001__18___CTOR_PRIVATE_REF14___ctor_private (in /mnt/c/Users/guido/ghq/projects/rustdom/dist/rustdom.node)
==2443640==    by 0x681447D: call_init.part.0 (dl-init.c:70)
==2443640==    by 0x6814567: call_init (dl-init.c:33)
==2443640==    by 0x6814567: _dl_init (dl-init.c:117)
==2443640==    by 0x7522BB4: _dl_catch_exception (dl-error-skeleton.c:182)
==2443640==    by 0x681BFF5: dl_open_worker (dl-open.c:808)
==2443640==    by 0x681BFF5: dl_open_worker (dl-open.c:771)
==2443640==    by 0x7522B57: _dl_catch_exception (dl-error-skeleton.c:208)
==2443640==    by 0x681C34D: _dl_open (dl-open.c:883)
==2443640==    by 0x743E5FB: dlopen_doit (dlopen.c:56)
==2443640== 
==2443640== 15 bytes in 1 blocks are possibly lost in loss record 178 of 377
==2443640==    at 0x7056899: malloc (in /mnt/c/Users/guido/ghq/projects/rustdom/.tools/valgrind/usr/libexec/valgrind/vgpreload_memcheck-amd64-linux.so)
==2443640==    by 0x22E8FC22: _RNvXs0_NvMs_NtNtCs6i54tJFfzR_5alloc3ffi5c_strNtBa_7CString3newReNtB5_11SpecNewImpl13spec_new_impl (in /mnt/c/Users/guido/ghq/projects/rustdom/dist/rustdom.node)
==2443640==    by 0x22E3A8DF: _RNvMs2_NtNtCs4QMHp0v7l6B_4napi9js_values15object_propertyNtB5_8Property14with_utf8_name (in /mnt/c/Users/guido/ghq/projects/rustdom/dist/rustdom.node)
==2443640==    by 0x22DD78D4: _RNvNvNtNtNtCs45HKutVyWu4_7rustdom3dom4tree32___napi_impl_helper_NativeTree_1536___napi_register__NativeTree_impl_40020___ctor_private_inner (in /mnt/c/Users/guido/ghq/projects/rustdom/dist/rustdom.node)
==2443640==    by 0x22DFFF35: _RNvNvNvNvNtNtNtCs45HKutVyWu4_7rustdom3dom4tree32___napi_impl_helper_NativeTree_1536___napi_register__NativeTree_impl_4001__18___CTOR_PRIVATE_REF14___ctor_private (in /mnt/c/Users/guido/ghq/projects/rustdom/dist/rustdom.node)
==2443640==    by 0x681447D: call_init.part.0 (dl-init.c:70)
==2443640==    by 0x6814567: call_init (dl-init.c:33)
==2443640==    by 0x6814567: _dl_init (dl-init.c:117)
==2443640==    by 0x7522BB4: _dl_catch_exception (dl-error-skeleton.c:182)
==2443640==    by 0x681BFF5: dl_open_worker (dl-open.c:808)
==2443640==    by 0x681BFF5: dl_open_worker (dl-open.c:771)
==2443640==    by 0x7522B57: _dl_catch_exception (dl-error-skeleton.c:208)
==2443640==    by 0x681C34D: _dl_open (dl-open.c:883)
==2443640==    by 0x743E5FB: dlopen_doit (dlopen.c:56)
==2443640== 
==2443640== 15 bytes in 1 blocks are possibly lost in loss record 179 of 377
==2443640==    at 0x7056899: malloc (in /mnt/c/Users/guido/ghq/projects/rustdom/.tools/valgrind/usr/libexec/valgrind/vgpreload_memcheck-amd64-linux.so)
==2443640==    by 0x22E8FC22: _RNvXs0_NvMs_NtNtCs6i54tJFfzR_5alloc3ffi5c_strNtBa_7CString3newReNtB5_11SpecNewImpl13spec_new_impl (in /mnt/c/Users/guido/ghq/projects/rustdom/dist/rustdom.node)
==2443640==    by 0x22E3A8DF: _RNvMs2_NtNtCs4QMHp0v7l6B_4napi9js_values15object_propertyNtB5_8Property14with_utf8_name (in /mnt/c/Users/guido/ghq/projects/rustdom/dist/rustdom.node)
==2443640==    by 0x22DD79DA: _RNvNvNtNtNtCs45HKutVyWu4_7rustdom3dom4tree32___napi_impl_helper_NativeTree_1536___napi_register__NativeTree_impl_40020___ctor_private_inner (in /mnt/c/Users/guido/ghq/projects/rustdom/dist/rustdom.node)
==2443640==    by 0x22DFFF35: _RNvNvNvNvNtNtNtCs45HKutVyWu4_7rustdom3dom4tree32___napi_impl_helper_NativeTree_1536___napi_register__NativeTree_impl_4001__18___CTOR_PRIVATE_REF14___ctor_private (in /mnt/c/Users/guido/ghq/projects/rustdom/dist/rustdom.node)
==2443640==    by 0x681447D: call_init.part.0 (dl-init.c:70)
==2443640==    by 0x6814567: call_init (dl-init.c:33)
==2443640==    by 0x6814567: _dl_init (dl-init.c:117)
==2443640==    by 0x7522BB4: _dl_catch_exception (dl-error-skeleton.c:182)
==2443640==    by 0x681BFF5: dl_open_worker (dl-open.c:808)
==2443640==    by 0x681BFF5: dl_open_worker (dl-open.c:771)
==2443640==    by 0x7522B57: _dl_catch_exception (dl-error-skeleton.c:208)
==2443640==    by 0x681C34D: _dl_open (dl-open.c:883)
==2443640==    by 0x743E5FB: dlopen_doit (dlopen.c:56)
==2443640== 
==2443640== 15 bytes in 1 blocks are possibly lost in loss record 180 of 377
==2443640==    at 0x7056899: malloc (in /mnt/c/Users/guido/ghq/projects/rustdom/.tools/valgrind/usr/libexec/valgrind/vgpreload_memcheck-amd64-linux.so)
==2443640==    by 0x22E8FC22: _RNvXs0_NvMs_NtNtCs6i54tJFfzR_5alloc3ffi5c_strNtBa_7CString3newReNtB5_11SpecNewImpl13spec_new_impl (in /mnt/c/Users/guido/ghq/projects/rustdom/dist/rustdom.node)
==2443640==    by 0x22E3A8DF: _RNvMs2_NtNtCs4QMHp0v7l6B_4napi9js_values15object_propertyNtB5_8Property14with_utf8_name (in /mnt/c/Users/guido/ghq/projects/rustdom/dist/rustdom.node)
==2443640==    by 0x22DD7DF2: _RNvNvNtNtNtCs45HKutVyWu4_7rustdom3dom4tree32___napi_impl_helper_NativeTree_1536___napi_register__NativeTree_impl_40020___ctor_private_inner (in /mnt/c/Users/guido/ghq/projects/rustdom/dist/rustdom.node)
==2443640==    by 0x22DFFF35: _RNvNvNvNvNtNtNtCs45HKutVyWu4_7rustdom3dom4tree32___napi_impl_helper_NativeTree_1536___napi_register__NativeTree_impl_4001__18___CTOR_PRIVATE_REF14___ctor_private (in /mnt/c/Users/guido/ghq/projects/rustdom/dist/rustdom.node)
==2443640==    by 0x681447D: call_init.part.0 (dl-init.c:70)
==2443640==    by 0x6814567: call_init (dl-init.c:33)
==2443640==    by 0x6814567: _dl_init (dl-init.c:117)
==2443640==    by 0x7522BB4: _dl_catch_exception (dl-error-skeleton.c:182)
==2443640==    by 0x681BFF5: dl_open_worker (dl-open.c:808)
==2443640==    by 0x681BFF5: dl_open_worker (dl-open.c:771)
==2443640==    by 0x7522B57: _dl_catch_exception (dl-error-skeleton.c:208)
==2443640==    by 0x681C34D: _dl_open (dl-open.c:883)
==2443640==    by 0x743E5FB: dlopen_doit (dlopen.c:56)
==2443640== 
==2443640== 15 bytes in 1 blocks are possibly lost in loss record 181 of 377
==2443640==    at 0x7056899: malloc (in /mnt/c/Users/guido/ghq/projects/rustdom/.tools/valgrind/usr/libexec/valgrind/vgpreload_memcheck-amd64-linux.so)
==2443640==    by 0x22E8FC22: _RNvXs0_NvMs_NtNtCs6i54tJFfzR_5alloc3ffi5c_strNtBa_7CString3newReNtB5_11SpecNewImpl13spec_new_impl (in /mnt/c/Users/guido/ghq/projects/rustdom/dist/rustdom.node)
==2443640==    by 0x22E3A8DF: _RNvMs2_NtNtCs4QMHp0v7l6B_4napi9js_values15object_propertyNtB5_8Property14with_utf8_name (in /mnt/c/Users/guido/ghq/projects/rustdom/dist/rustdom.node)
==2443640==    by 0x22DDB859: _RNvNvNtNtNtCs45HKutVyWu4_7rustdom3dom4tree32___napi_impl_helper_NativeTree_1536___napi_register__NativeTree_impl_40020___ctor_private_inner (in /mnt/c/Users/guido/ghq/projects/rustdom/dist/rustdom.node)
==2443640==    by 0x22DFFF35: _RNvNvNvNvNtNtNtCs45HKutVyWu4_7rustdom3dom4tree32___napi_impl_helper_NativeTree_1536___napi_register__NativeTree_impl_4001__18___CTOR_PRIVATE_REF14___ctor_private (in /mnt/c/Users/guido/ghq/projects/rustdom/dist/rustdom.node)
==2443640==    by 0x681447D: call_init.part.0 (dl-init.c:70)
==2443640==    by 0x6814567: call_init (dl-init.c:33)
==2443640==    by 0x6814567: _dl_init (dl-init.c:117)
==2443640==    by 0x7522BB4: _dl_catch_exception (dl-error-skeleton.c:182)
==2443640==    by 0x681BFF5: dl_open_worker (dl-open.c:808)
==2443640==    by 0x681BFF5: dl_open_worker (dl-open.c:771)
==2443640==    by 0x7522B57: _dl_catch_exception (dl-error-skeleton.c:208)
==2443640==    by 0x681C34D: _dl_open (dl-open.c:883)
==2443640==    by 0x743E5FB: dlopen_doit (dlopen.c:56)
==2443640== 
==2443640== 15 bytes in 1 blocks are possibly lost in loss record 182 of 377
==2443640==    at 0x7056899: malloc (in /mnt/c/Users/guido/ghq/projects/rustdom/.tools/valgrind/usr/libexec/valgrind/vgpreload_memcheck-amd64-linux.so)
==2443640==    by 0x22E8FC22: _RNvXs0_NvMs_NtNtCs6i54tJFfzR_5alloc3ffi5c_strNtBa_7CString3newReNtB5_11SpecNewImpl13spec_new_impl (in /mnt/c/Users/guido/ghq/projects/rustdom/dist/rustdom.node)
==2443640==    by 0x22E3A8DF: _RNvMs2_NtNtCs4QMHp0v7l6B_4napi9js_values15object_propertyNtB5_8Property14with_utf8_name (in /mnt/c/Users/guido/ghq/projects/rustdom/dist/rustdom.node)
==2443640==    by 0x22DDCDD7: _RNvNvNtNtNtCs45HKutVyWu4_7rustdom3dom4tree32___napi_impl_helper_NativeTree_1536___napi_register__NativeTree_impl_40020___ctor_private_inner (in /mnt/c/Users/guido/ghq/projects/rustdom/dist/rustdom.node)
==2443640==    by 0x22DFFF35: _RNvNvNvNvNtNtNtCs45HKutVyWu4_7rustdom3dom4tree32___napi_impl_helper_NativeTree_1536___napi_register__NativeTree_impl_4001__18___CTOR_PRIVATE_REF14___ctor_private (in /mnt/c/Users/guido/ghq/projects/rustdom/dist/rustdom.node)
==2443640==    by 0x681447D: call_init.part.0 (dl-init.c:70)
==2443640==    by 0x6814567: call_init (dl-init.c:33)
==2443640==    by 0x6814567: _dl_init (dl-init.c:117)
==2443640==    by 0x7522BB4: _dl_catch_exception (dl-error-skeleton.c:182)
==2443640==    by 0x681BFF5: dl_open_worker (dl-open.c:808)
==2443640==    by 0x681BFF5: dl_open_worker (dl-open.c:771)
==2443640==    by 0x7522B57: _dl_catch_exception (dl-error-skeleton.c:208)
==2443640==    by 0x681C34D: _dl_open (dl-open.c:883)
==2443640==    by 0x743E5FB: dlopen_doit (dlopen.c:56)
==2443640== 
==2443640== 15 bytes in 1 blocks are possibly lost in loss record 183 of 377
==2443640==    at 0x7056899: malloc (in /mnt/c/Users/guido/ghq/projects/rustdom/.tools/valgrind/usr/libexec/valgrind/vgpreload_memcheck-amd64-linux.so)
==2443640==    by 0x22E8FC22: _RNvXs0_NvMs_NtNtCs6i54tJFfzR_5alloc3ffi5c_strNtBa_7CString3newReNtB5_11SpecNewImpl13spec_new_impl (in /mnt/c/Users/guido/ghq/projects/rustdom/dist/rustdom.node)
==2443640==    by 0x22E3A8DF: _RNvMs2_NtNtCs4QMHp0v7l6B_4napi9js_values15object_propertyNtB5_8Property14with_utf8_name (in /mnt/c/Users/guido/ghq/projects/rustdom/dist/rustdom.node)
==2443640==    by 0x22DDDA1F: _RNvNvNtNtNtCs45HKutVyWu4_7rustdom3dom4tree32___napi_impl_helper_NativeTree_1536___napi_register__NativeTree_impl_40020___ctor_private_inner (in /mnt/c/Users/guido/ghq/projects/rustdom/dist/rustdom.node)
==2443640==    by 0x22DFFF35: _RNvNvNvNvNtNtNtCs45HKutVyWu4_7rustdom3dom4tree32___napi_impl_helper_NativeTree_1536___napi_register__NativeTree_impl_4001__18___CTOR_PRIVATE_REF14___ctor_private (in /mnt/c/Users/guido/ghq/projects/rustdom/dist/rustdom.node)
==2443640==    by 0x681447D: call_init.part.0 (dl-init.c:70)
==2443640==    by 0x6814567: call_init (dl-init.c:33)
==2443640==    by 0x6814567: _dl_init (dl-init.c:117)
==2443640==    by 0x7522BB4: _dl_catch_exception (dl-error-skeleton.c:182)
==2443640==    by 0x681BFF5: dl_open_worker (dl-open.c:808)
==2443640==    by 0x681BFF5: dl_open_worker (dl-open.c:771)
==2443640==    by 0x7522B57: _dl_catch_exception (dl-error-skeleton.c:208)
==2443640==    by 0x681C34D: _dl_open (dl-open.c:883)
==2443640==    by 0x743E5FB: dlopen_doit (dlopen.c:56)
==2443640== 
==2443640== 16 bytes in 1 blocks are possibly lost in loss record 184 of 377
==2443640==    at 0x7056899: malloc (in /mnt/c/Users/guido/ghq/projects/rustdom/.tools/valgrind/usr/libexec/valgrind/vgpreload_memcheck-amd64-linux.so)
==2443640==    by 0x22E8FC22: _RNvXs0_NvMs_NtNtCs6i54tJFfzR_5alloc3ffi5c_strNtBa_7CString3newReNtB5_11SpecNewImpl13spec_new_impl (in /mnt/c/Users/guido/ghq/projects/rustdom/dist/rustdom.node)
==2443640==    by 0x22E3A8DF: _RNvMs2_NtNtCs4QMHp0v7l6B_4napi9js_values15object_propertyNtB5_8Property14with_utf8_name (in /mnt/c/Users/guido/ghq/projects/rustdom/dist/rustdom.node)
==2443640==    by 0x22DED2F1: _RNvNvNvNvNtNtNtCs45HKutVyWu4_7rustdom3dom19abort_state_binding37___napi_impl_helper_NativeAbortState_041___napi_register__NativeAbortState_impl_181__18___CTOR_PRIVATE_REF14___ctor_private (in /mnt/c/Users/guido/ghq/projects/rustdom/dist/rustdom.node)
==2443640==    by 0x681447D: call_init.part.0 (dl-init.c:70)
==2443640==    by 0x6814567: call_init (dl-init.c:33)
==2443640==    by 0x6814567: _dl_init (dl-init.c:117)
==2443640==    by 0x7522BB4: _dl_catch_exception (dl-error-skeleton.c:182)
==2443640==    by 0x681BFF5: dl_open_worker (dl-open.c:808)
==2443640==    by 0x681BFF5: dl_open_worker (dl-open.c:771)
==2443640==    by 0x7522B57: _dl_catch_exception (dl-error-skeleton.c:208)
==2443640==    by 0x681C34D: _dl_open (dl-open.c:883)
==2443640==    by 0x743E5FB: dlopen_doit (dlopen.c:56)
==2443640==    by 0x7522B57: _dl_catch_exception (dl-error-skeleton.c:208)
==2443640== 
==2443640== 16 bytes in 1 blocks are possibly lost in loss record 185 of 377
==2443640==    at 0x7056899: malloc (in /mnt/c/Users/guido/ghq/projects/rustdom/.tools/valgrind/usr/libexec/valgrind/vgpreload_memcheck-amd64-linux.so)
==2443640==    by 0x22E8FC22: _RNvXs0_NvMs_NtNtCs6i54tJFfzR_5alloc3ffi5c_strNtBa_7CString3newReNtB5_11SpecNewImpl13spec_new_impl (in /mnt/c/Users/guido/ghq/projects/rustdom/dist/rustdom.node)
==2443640==    by 0x22E3A8DF: _RNvMs2_NtNtCs4QMHp0v7l6B_4napi9js_values15object_propertyNtB5_8Property14with_utf8_name (in /mnt/c/Users/guido/ghq/projects/rustdom/dist/rustdom.node)
==2443640==    by 0x22DED604: _RNvNvNvNvNtNtNtCs45HKutVyWu4_7rustdom3dom19abort_state_binding37___napi_impl_helper_NativeAbortState_041___napi_register__NativeAbortState_impl_181__18___CTOR_PRIVATE_REF14___ctor_private (in /mnt/c/Users/guido/ghq/projects/rustdom/dist/rustdom.node)
==2443640==    by 0x681447D: call_init.part.0 (dl-init.c:70)
==2443640==    by 0x6814567: call_init (dl-init.c:33)
==2443640==    by 0x6814567: _dl_init (dl-init.c:117)
==2443640==    by 0x7522BB4: _dl_catch_exception (dl-error-skeleton.c:182)
==2443640==    by 0x681BFF5: dl_open_worker (dl-open.c:808)
==2443640==    by 0x681BFF5: dl_open_worker (dl-open.c:771)
==2443640==    by 0x7522B57: _dl_catch_exception (dl-error-skeleton.c:208)
==2443640==    by 0x681C34D: _dl_open (dl-open.c:883)
==2443640==    by 0x743E5FB: dlopen_doit (dlopen.c:56)
==2443640==    by 0x7522B57: _dl_catch_exception (dl-error-skeleton.c:208)
==2443640== 
==2443640== 16 bytes in 1 blocks are possibly lost in loss record 186 of 377
==2443640==    at 0x7056899: malloc (in /mnt/c/Users/guido/ghq/projects/rustdom/.tools/valgrind/usr/libexec/valgrind/vgpreload_memcheck-amd64-linux.so)
==2443640==    by 0x22E8FC22: _RNvXs0_NvMs_NtNtCs6i54tJFfzR_5alloc3ffi5c_strNtBa_7CString3newReNtB5_11SpecNewImpl13spec_new_impl (in /mnt/c/Users/guido/ghq/projects/rustdom/dist/rustdom.node)
==2443640==    by 0x22E3A8DF: _RNvMs2_NtNtCs4QMHp0v7l6B_4napi9js_values15object_propertyNtB5_8Property14with_utf8_name (in /mnt/c/Users/guido/ghq/projects/rustdom/dist/rustdom.node)
==2443640==    by 0x22DEDB22: _RNvNvNvNvNtNtNtCs45HKutVyWu4_7rustdom3dom19abort_state_binding37___napi_impl_helper_NativeAbortState_041___napi_register__NativeAbortState_impl_181__18___CTOR_PRIVATE_REF14___ctor_private (in /mnt/c/Users/guido/ghq/projects/rustdom/dist/rustdom.node)
==2443640==    by 0x681447D: call_init.part.0 (dl-init.c:70)
==2443640==    by 0x6814567: call_init (dl-init.c:33)
==2443640==    by 0x6814567: _dl_init (dl-init.c:117)
==2443640==    by 0x7522BB4: _dl_catch_exception (dl-error-skeleton.c:182)
==2443640==    by 0x681BFF5: dl_open_worker (dl-open.c:808)
==2443640==    by 0x681BFF5: dl_open_worker (dl-open.c:771)
==2443640==    by 0x7522B57: _dl_catch_exception (dl-error-skeleton.c:208)
==2443640==    by 0x681C34D: _dl_open (dl-open.c:883)
==2443640==    by 0x743E5FB: dlopen_doit (dlopen.c:56)
==2443640==    by 0x7522B57: _dl_catch_exception (dl-error-skeleton.c:208)
==2443640== 
==2443640== 16 bytes in 1 blocks are possibly lost in loss record 187 of 377
==2443640==    at 0x7056899: malloc (in /mnt/c/Users/guido/ghq/projects/rustdom/.tools/valgrind/usr/libexec/valgrind/vgpreload_memcheck-amd64-linux.so)
==2443640==    by 0x22E8FC22: _RNvXs0_NvMs_NtNtCs6i54tJFfzR_5alloc3ffi5c_strNtBa_7CString3newReNtB5_11SpecNewImpl13spec_new_impl (in /mnt/c/Users/guido/ghq/projects/rustdom/dist/rustdom.node)
==2443640==    by 0x22E3A8DF: _RNvMs2_NtNtCs4QMHp0v7l6B_4napi9js_values15object_propertyNtB5_8Property14with_utf8_name (in /mnt/c/Users/guido/ghq/projects/rustdom/dist/rustdom.node)
==2443640==    by 0x22DEF90A: _RNvNvNvNvNtNtNtCs45HKutVyWu4_7rustdom3dom19event_state_binding37___napi_impl_helper_NativeEventState_442___napi_register__NativeEventState_impl_1011__18___CTOR_PRIVATE_REF14___ctor_private (in /mnt/c/Users/guido/ghq/projects/rustdom/dist/rustdom.node)
==2443640==    by 0x681447D: call_init.part.0 (dl-init.c:70)
==2443640==    by 0x6814567: call_init (dl-init.c:33)
==2443640==    by 0x6814567: _dl_init (dl-init.c:117)
==2443640==    by 0x7522BB4: _dl_catch_exception (dl-error-skeleton.c:182)
==2443640==    by 0x681BFF5: dl_open_worker (dl-open.c:808)
==2443640==    by 0x681BFF5: dl_open_worker (dl-open.c:771)
==2443640==    by 0x7522B57: _dl_catch_exception (dl-error-skeleton.c:208)
==2443640==    by 0x681C34D: _dl_open (dl-open.c:883)
==2443640==    by 0x743E5FB: dlopen_doit (dlopen.c:56)
==2443640==    by 0x7522B57: _dl_catch_exception (dl-error-skeleton.c:208)
==2443640== 
==2443640== 16 bytes in 1 blocks are possibly lost in loss record 188 of 377
==2443640==    at 0x7056899: malloc (in /mnt/c/Users/guido/ghq/projects/rustdom/.tools/valgrind/usr/libexec/valgrind/vgpreload_memcheck-amd64-linux.so)
==2443640==    by 0x22E8FC22: _RNvXs0_NvMs_NtNtCs6i54tJFfzR_5alloc3ffi5c_strNtBa_7CString3newReNtB5_11SpecNewImpl13spec_new_impl (in /mnt/c/Users/guido/ghq/projects/rustdom/dist/rustdom.node)
==2443640==    by 0x22E3A8DF: _RNvMs2_NtNtCs4QMHp0v7l6B_4napi9js_values15object_propertyNtB5_8Property14with_utf8_name (in /mnt/c/Users/guido/ghq/projects/rustdom/dist/rustdom.node)
==2443640==    by 0x22DEFC1C: _RNvNvNvNvNtNtNtCs45HKutVyWu4_7rustdom3dom19event_state_binding37___napi_impl_helper_NativeEventState_442___napi_register__NativeEventState_impl_1011__18___CTOR_PRIVATE_REF14___ctor_private (in /mnt/c/Users/guido/ghq/projects/rustdom/dist/rustdom.node)
==2443640==    by 0x681447D: call_init.part.0 (dl-init.c:70)
==2443640==    by 0x6814567: call_init (dl-init.c:33)
==2443640==    by 0x6814567: _dl_init (dl-init.c:117)
==2443640==    by 0x7522BB4: _dl_catch_exception (dl-error-skeleton.c:182)
==2443640==    by 0x681BFF5: dl_open_worker (dl-open.c:808)
==2443640==    by 0x681BFF5: dl_open_worker (dl-open.c:771)
==2443640==    by 0x7522B57: _dl_catch_exception (dl-error-skeleton.c:208)
==2443640==    by 0x681C34D: _dl_open (dl-open.c:883)
==2443640==    by 0x743E5FB: dlopen_doit (dlopen.c:56)
==2443640==    by 0x7522B57: _dl_catch_exception (dl-error-skeleton.c:208)
==2443640== 
==2443640== 16 bytes in 1 blocks are possibly lost in loss record 189 of 377
==2443640==    at 0x7056899: malloc (in /mnt/c/Users/guido/ghq/projects/rustdom/.tools/valgrind/usr/libexec/valgrind/vgpreload_memcheck-amd64-linux.so)
==2443640==    by 0x22E8FC22: _RNvXs0_NvMs_NtNtCs6i54tJFfzR_5alloc3ffi5c_strNtBa_7CString3newReNtB5_11SpecNewImpl13spec_new_impl (in /mnt/c/Users/guido/ghq/projects/rustdom/dist/rustdom.node)
==2443640==    by 0x22E3A8DF: _RNvMs2_NtNtCs4QMHp0v7l6B_4napi9js_values15object_propertyNtB5_8Property14with_utf8_name (in /mnt/c/Users/guido/ghq/projects/rustdom/dist/rustdom.node)
==2443640==    by 0x22DF013A: _RNvNvNvNvNtNtNtCs45HKutVyWu4_7rustdom3dom19event_state_binding37___napi_impl_helper_NativeEventState_442___napi_register__NativeEventState_impl_1011__18___CTOR_PRIVATE_REF14___ctor_private (in /mnt/c/Users/guido/ghq/projects/rustdom/dist/rustdom.node)
==2443640==    by 0x681447D: call_init.part.0 (dl-init.c:70)
==2443640==    by 0x6814567: call_init (dl-init.c:33)
==2443640==    by 0x6814567: _dl_init (dl-init.c:117)
==2443640==    by 0x7522BB4: _dl_catch_exception (dl-error-skeleton.c:182)
==2443640==    by 0x681BFF5: dl_open_worker (dl-open.c:808)
==2443640==    by 0x681BFF5: dl_open_worker (dl-open.c:771)
==2443640==    by 0x7522B57: _dl_catch_exception (dl-error-skeleton.c:208)
==2443640==    by 0x681C34D: _dl_open (dl-open.c:883)
==2443640==    by 0x743E5FB: dlopen_doit (dlopen.c:56)
==2443640==    by 0x7522B57: _dl_catch_exception (dl-error-skeleton.c:208)
==2443640== 
==2443640== 16 bytes in 1 blocks are possibly lost in loss record 190 of 377
==2443640==    at 0x7056899: malloc (in /mnt/c/Users/guido/ghq/projects/rustdom/.tools/valgrind/usr/libexec/valgrind/vgpreload_memcheck-amd64-linux.so)
==2443640==    by 0x22E8FC22: _RNvXs0_NvMs_NtNtCs6i54tJFfzR_5alloc3ffi5c_strNtBa_7CString3newReNtB5_11SpecNewImpl13spec_new_impl (in /mnt/c/Users/guido/ghq/projects/rustdom/dist/rustdom.node)
==2443640==    by 0x22E3A8DF: _RNvMs2_NtNtCs4QMHp0v7l6B_4napi9js_values15object_propertyNtB5_8Property14with_utf8_name (in /mnt/c/Users/guido/ghq/projects/rustdom/dist/rustdom.node)
==2443640==    by 0x22DF4916: _RNvNvNvNvNtNtNtCs45HKutVyWu4_7rustdom3dom19range_state_binding33___napi_impl_helper_NativeRange_1037___napi_register__NativeRange_impl_1951__18___CTOR_PRIVATE_REF14___ctor_private (in /mnt/c/Users/guido/ghq/projects/rustdom/dist/rustdom.node)
==2443640==    by 0x681447D: call_init.part.0 (dl-init.c:70)
==2443640==    by 0x6814567: call_init (dl-init.c:33)
==2443640==    by 0x6814567: _dl_init (dl-init.c:117)
==2443640==    by 0x7522BB4: _dl_catch_exception (dl-error-skeleton.c:182)
==2443640==    by 0x681BFF5: dl_open_worker (dl-open.c:808)
==2443640==    by 0x681BFF5: dl_open_worker (dl-open.c:771)
==2443640==    by 0x7522B57: _dl_catch_exception (dl-error-skeleton.c:208)
==2443640==    by 0x681C34D: _dl_open (dl-open.c:883)
==2443640==    by 0x743E5FB: dlopen_doit (dlopen.c:56)
==2443640==    by 0x7522B57: _dl_catch_exception (dl-error-skeleton.c:208)
==2443640== 
==2443640== 16 bytes in 1 blocks are possibly lost in loss record 191 of 377
==2443640==    at 0x7056899: malloc (in /mnt/c/Users/guido/ghq/projects/rustdom/.tools/valgrind/usr/libexec/valgrind/vgpreload_memcheck-amd64-linux.so)
==2443640==    by 0x22E8FC22: _RNvXs0_NvMs_NtNtCs6i54tJFfzR_5alloc3ffi5c_strNtBa_7CString3newReNtB5_11SpecNewImpl13spec_new_impl (in /mnt/c/Users/guido/ghq/projects/rustdom/dist/rustdom.node)
==2443640==    by 0x22E3A8DF: _RNvMs2_NtNtCs4QMHp0v7l6B_4napi9js_values15object_propertyNtB5_8Property14with_utf8_name (in /mnt/c/Users/guido/ghq/projects/rustdom/dist/rustdom.node)
==2443640==    by 0x22DFB51E: _RNvNvNvNvNtNtNtCs45HKutVyWu4_7rustdom3dom23mutation_record_binding41___napi_impl_helper_NativeMutationRecord_646___napi_register__NativeMutationRecord_impl_1321__18___CTOR_PRIVATE_REF14___ctor_private (in /mnt/c/Users/guido/ghq/projects/rustdom/dist/rustdom.node)
==2443640==    by 0x681447D: call_init.part.0 (dl-init.c:70)
==2443640==    by 0x6814567: call_init (dl-init.c:33)
==2443640==    by 0x6814567: _dl_init (dl-init.c:117)
==2443640==    by 0x7522BB4: _dl_catch_exception (dl-error-skeleton.c:182)
==2443640==    by 0x681BFF5: dl_open_worker (dl-open.c:808)
==2443640==    by 0x681BFF5: dl_open_worker (dl-open.c:771)
==2443640==    by 0x7522B57: _dl_catch_exception (dl-error-skeleton.c:208)
==2443640==    by 0x681C34D: _dl_open (dl-open.c:883)
==2443640==    by 0x743E5FB: dlopen_doit (dlopen.c:56)
==2443640==    by 0x7522B57: _dl_catch_exception (dl-error-skeleton.c:208)
==2443640== 
==2443640== 16 bytes in 1 blocks are possibly lost in loss record 192 of 377
==2443640==    at 0x7056899: malloc (in /mnt/c/Users/guido/ghq/projects/rustdom/.tools/valgrind/usr/libexec/valgrind/vgpreload_memcheck-amd64-linux.so)
==2443640==    by 0x22E8FC22: _RNvXs0_NvMs_NtNtCs6i54tJFfzR_5alloc3ffi5c_strNtBa_7CString3newReNtB5_11SpecNewImpl13spec_new_impl (in /mnt/c/Users/guido/ghq/projects/rustdom/dist/rustdom.node)
==2443640==    by 0x22E3A8DF: _RNvMs2_NtNtCs4QMHp0v7l6B_4napi9js_values15object_propertyNtB5_8Property14with_utf8_name (in /mnt/c/Users/guido/ghq/projects/rustdom/dist/rustdom.node)
==2443640==    by 0x22DFDBBB: _RNvNvNvNvNtNtNtCs45HKutVyWu4_7rustdom3dom4tree32___napi_impl_helper_NativeTree_1436___napi_register__NativeTree_impl_2671__18___CTOR_PRIVATE_REF14___ctor_private (in /mnt/c/Users/guido/ghq/projects/rustdom/dist/rustdom.node)
==2443640==    by 0x681447D: call_init.part.0 (dl-init.c:70)
==2443640==    by 0x6814567: call_init (dl-init.c:33)
==2443640==    by 0x6814567: _dl_init (dl-init.c:117)
==2443640==    by 0x7522BB4: _dl_catch_exception (dl-error-skeleton.c:182)
==2443640==    by 0x681BFF5: dl_open_worker (dl-open.c:808)
==2443640==    by 0x681BFF5: dl_open_worker (dl-open.c:771)
==2443640==    by 0x7522B57: _dl_catch_exception (dl-error-skeleton.c:208)
==2443640==    by 0x681C34D: _dl_open (dl-open.c:883)
==2443640==    by 0x743E5FB: dlopen_doit (dlopen.c:56)
==2443640==    by 0x7522B57: _dl_catch_exception (dl-error-skeleton.c:208)
==2443640== 
==2443640== 16 bytes in 1 blocks are possibly lost in loss record 193 of 377
==2443640==    at 0x7056899: malloc (in /mnt/c/Users/guido/ghq/projects/rustdom/.tools/valgrind/usr/libexec/valgrind/vgpreload_memcheck-amd64-linux.so)
==2443640==    by 0x22E8FC22: _RNvXs0_NvMs_NtNtCs6i54tJFfzR_5alloc3ffi5c_strNtBa_7CString3newReNtB5_11SpecNewImpl13spec_new_impl (in /mnt/c/Users/guido/ghq/projects/rustdom/dist/rustdom.node)
==2443640==    by 0x22E3A8DF: _RNvMs2_NtNtCs4QMHp0v7l6B_4napi9js_values15object_propertyNtB5_8Property14with_utf8_name (in /mnt/c/Users/guido/ghq/projects/rustdom/dist/rustdom.node)
==2443640==    by 0x22DFDCAB: _RNvNvNvNvNtNtNtCs45HKutVyWu4_7rustdom3dom4tree32___napi_impl_helper_NativeTree_1436___napi_register__NativeTree_impl_2671__18___CTOR_PRIVATE_REF14___ctor_private (in /mnt/c/Users/guido/ghq/projects/rustdom/dist/rustdom.node)
==2443640==    by 0x681447D: call_init.part.0 (dl-init.c:70)
==2443640==    by 0x6814567: call_init (dl-init.c:33)
==2443640==    by 0x6814567: _dl_init (dl-init.c:117)
==2443640==    by 0x7522BB4: _dl_catch_exception (dl-error-skeleton.c:182)
==2443640==    by 0x681BFF5: dl_open_worker (dl-open.c:808)
==2443640==    by 0x681BFF5: dl_open_worker (dl-open.c:771)
==2443640==    by 0x7522B57: _dl_catch_exception (dl-error-skeleton.c:208)
==2443640==    by 0x681C34D: _dl_open (dl-open.c:883)
==2443640==    by 0x743E5FB: dlopen_doit (dlopen.c:56)
==2443640==    by 0x7522B57: _dl_catch_exception (dl-error-skeleton.c:208)
==2443640== 
==2443640== 16 bytes in 1 blocks are possibly lost in loss record 194 of 377
==2443640==    at 0x7056899: malloc (in /mnt/c/Users/guido/ghq/projects/rustdom/.tools/valgrind/usr/libexec/valgrind/vgpreload_memcheck-amd64-linux.so)
==2443640==    by 0x22E8FC22: _RNvXs0_NvMs_NtNtCs6i54tJFfzR_5alloc3ffi5c_strNtBa_7CString3newReNtB5_11SpecNewImpl13spec_new_impl (in /mnt/c/Users/guido/ghq/projects/rustdom/dist/rustdom.node)
==2443640==    by 0x22E3A8DF: _RNvMs2_NtNtCs4QMHp0v7l6B_4napi9js_values15object_propertyNtB5_8Property14with_utf8_name (in /mnt/c/Users/guido/ghq/projects/rustdom/dist/rustdom.node)
==2443640==    by 0x22DFDDA1: _RNvNvNvNvNtNtNtCs45HKutVyWu4_7rustdom3dom4tree32___napi_impl_helper_NativeTree_1436___napi_register__NativeTree_impl_2671__18___CTOR_PRIVATE_REF14___ctor_private (in /mnt/c/Users/guido/ghq/projects/rustdom/dist/rustdom.node)
==2443640==    by 0x681447D: call_init.part.0 (dl-init.c:70)
==2443640==    by 0x6814567: call_init (dl-init.c:33)
==2443640==    by 0x6814567: _dl_init (dl-init.c:117)
==2443640==    by 0x7522BB4: _dl_catch_exception (dl-error-skeleton.c:182)
==2443640==    by 0x681BFF5: dl_open_worker (dl-open.c:808)
==2443640==    by 0x681BFF5: dl_open_worker (dl-open.c:771)
==2443640==    by 0x7522B57: _dl_catch_exception (dl-error-skeleton.c:208)
==2443640==    by 0x681C34D: _dl_open (dl-open.c:883)
==2443640==    by 0x743E5FB: dlopen_doit (dlopen.c:56)
==2443640==    by 0x7522B57: _dl_catch_exception (dl-error-skeleton.c:208)
==2443640== 
==2443640== 16 bytes in 1 blocks are possibly lost in loss record 195 of 377
==2443640==    at 0x7056899: malloc (in /mnt/c/Users/guido/ghq/projects/rustdom/.tools/valgrind/usr/libexec/valgrind/vgpreload_memcheck-amd64-linux.so)
==2443640==    by 0x22E8FC22: _RNvXs0_NvMs_NtNtCs6i54tJFfzR_5alloc3ffi5c_strNtBa_7CString3newReNtB5_11SpecNewImpl13spec_new_impl (in /mnt/c/Users/guido/ghq/projects/rustdom/dist/rustdom.node)
==2443640==    by 0x22E3A8DF: _RNvMs2_NtNtCs4QMHp0v7l6B_4napi9js_values15object_propertyNtB5_8Property14with_utf8_name (in /mnt/c/Users/guido/ghq/projects/rustdom/dist/rustdom.node)
==2443640==    by 0x22DFE3C5: _RNvNvNvNvNtNtNtCs45HKutVyWu4_7rustdom3dom4tree32___napi_impl_helper_NativeTree_1436___napi_register__NativeTree_impl_2671__18___CTOR_PRIVATE_REF14___ctor_private (in /mnt/c/Users/guido/ghq/projects/rustdom/dist/rustdom.node)
==2443640==    by 0x681447D: call_init.part.0 (dl-init.c:70)
==2443640==    by 0x6814567: call_init (dl-init.c:33)
==2443640==    by 0x6814567: _dl_init (dl-init.c:117)
==2443640==    by 0x7522BB4: _dl_catch_exception (dl-error-skeleton.c:182)
==2443640==    by 0x681BFF5: dl_open_worker (dl-open.c:808)
==2443640==    by 0x681BFF5: dl_open_worker (dl-open.c:771)
==2443640==    by 0x7522B57: _dl_catch_exception (dl-error-skeleton.c:208)
==2443640==    by 0x681C34D: _dl_open (dl-open.c:883)
==2443640==    by 0x743E5FB: dlopen_doit (dlopen.c:56)
==2443640==    by 0x7522B57: _dl_catch_exception (dl-error-skeleton.c:208)
==2443640== 
==2443640== 16 bytes in 1 blocks are possibly lost in loss record 196 of 377
==2443640==    at 0x7056899: malloc (in /mnt/c/Users/guido/ghq/projects/rustdom/.tools/valgrind/usr/libexec/valgrind/vgpreload_memcheck-amd64-linux.so)
==2443640==    by 0x22E8FC22: _RNvXs0_NvMs_NtNtCs6i54tJFfzR_5alloc3ffi5c_strNtBa_7CString3newReNtB5_11SpecNewImpl13spec_new_impl (in /mnt/c/Users/guido/ghq/projects/rustdom/dist/rustdom.node)
==2443640==    by 0x22E3A8DF: _RNvMs2_NtNtCs4QMHp0v7l6B_4napi9js_values15object_propertyNtB5_8Property14with_utf8_name (in /mnt/c/Users/guido/ghq/projects/rustdom/dist/rustdom.node)
==2443640==    by 0x22DFE4CB: _RNvNvNvNvNtNtNtCs45HKutVyWu4_7rustdom3dom4tree32___napi_impl_helper_NativeTree_1436___napi_register__NativeTree_impl_2671__18___CTOR_PRIVATE_REF14___ctor_private (in /mnt/c/Users/guido/ghq/projects/rustdom/dist/rustdom.node)
==2443640==    by 0x681447D: call_init.part.0 (dl-init.c:70)
==2443640==    by 0x6814567: call_init (dl-init.c:33)
==2443640==    by 0x6814567: _dl_init (dl-init.c:117)
==2443640==    by 0x7522BB4: _dl_catch_exception (dl-error-skeleton.c:182)
==2443640==    by 0x681BFF5: dl_open_worker (dl-open.c:808)
==2443640==    by 0x681BFF5: dl_open_worker (dl-open.c:771)
==2443640==    by 0x7522B57: _dl_catch_exception (dl-error-skeleton.c:208)
==2443640==    by 0x681C34D: _dl_open (dl-open.c:883)
==2443640==    by 0x743E5FB: dlopen_doit (dlopen.c:56)
==2443640==    by 0x7522B57: _dl_catch_exception (dl-error-skeleton.c:208)
==2443640== 
==2443640== 16 bytes in 1 blocks are possibly lost in loss record 197 of 377
==2443640==    at 0x7056899: malloc (in /mnt/c/Users/guido/ghq/projects/rustdom/.tools/valgrind/usr/libexec/valgrind/vgpreload_memcheck-amd64-linux.so)
==2443640==    by 0x22E8FC22: _RNvXs0_NvMs_NtNtCs6i54tJFfzR_5alloc3ffi5c_strNtBa_7CString3newReNtB5_11SpecNewImpl13spec_new_impl (in /mnt/c/Users/guido/ghq/projects/rustdom/dist/rustdom.node)
==2443640==    by 0x22E3A8DF: _RNvMs2_NtNtCs4QMHp0v7l6B_4napi9js_values15object_propertyNtB5_8Property14with_utf8_name (in /mnt/c/Users/guido/ghq/projects/rustdom/dist/rustdom.node)
==2443640==    by 0x22DD70A4: _RNvNvNtNtNtCs45HKutVyWu4_7rustdom3dom4tree32___napi_impl_helper_NativeTree_1536___napi_register__NativeTree_impl_40020___ctor_private_inner (in /mnt/c/Users/guido/ghq/projects/rustdom/dist/rustdom.node)
==2443640==    by 0x22DFFF35: _RNvNvNvNvNtNtNtCs45HKutVyWu4_7rustdom3dom4tree32___napi_impl_helper_NativeTree_1536___napi_register__NativeTree_impl_4001__18___CTOR_PRIVATE_REF14___ctor_private (in /mnt/c/Users/guido/ghq/projects/rustdom/dist/rustdom.node)
==2443640==    by 0x681447D: call_init.part.0 (dl-init.c:70)
==2443640==    by 0x6814567: call_init (dl-init.c:33)
==2443640==    by 0x6814567: _dl_init (dl-init.c:117)
==2443640==    by 0x7522BB4: _dl_catch_exception (dl-error-skeleton.c:182)
==2443640==    by 0x681BFF5: dl_open_worker (dl-open.c:808)
==2443640==    by 0x681BFF5: dl_open_worker (dl-open.c:771)
==2443640==    by 0x7522B57: _dl_catch_exception (dl-error-skeleton.c:208)
==2443640==    by 0x681C34D: _dl_open (dl-open.c:883)
==2443640==    by 0x743E5FB: dlopen_doit (dlopen.c:56)
==2443640== 
==2443640== 16 bytes in 1 blocks are possibly lost in loss record 198 of 377
==2443640==    at 0x7056899: malloc (in /mnt/c/Users/guido/ghq/projects/rustdom/.tools/valgrind/usr/libexec/valgrind/vgpreload_memcheck-amd64-linux.so)
==2443640==    by 0x22E8FC22: _RNvXs0_NvMs_NtNtCs6i54tJFfzR_5alloc3ffi5c_strNtBa_7CString3newReNtB5_11SpecNewImpl13spec_new_impl (in /mnt/c/Users/guido/ghq/projects/rustdom/dist/rustdom.node)
==2443640==    by 0x22E3A8DF: _RNvMs2_NtNtCs4QMHp0v7l6B_4napi9js_values15object_propertyNtB5_8Property14with_utf8_name (in /mnt/c/Users/guido/ghq/projects/rustdom/dist/rustdom.node)
==2443640==    by 0x22DD73B6: _RNvNvNtNtNtCs45HKutVyWu4_7rustdom3dom4tree32___napi_impl_helper_NativeTree_1536___napi_register__NativeTree_impl_40020___ctor_private_inner (in /mnt/c/Users/guido/ghq/projects/rustdom/dist/rustdom.node)
==2443640==    by 0x22DFFF35: _RNvNvNvNvNtNtNtCs45HKutVyWu4_7rustdom3dom4tree32___napi_impl_helper_NativeTree_1536___napi_register__NativeTree_impl_4001__18___CTOR_PRIVATE_REF14___ctor_private (in /mnt/c/Users/guido/ghq/projects/rustdom/dist/rustdom.node)
==2443640==    by 0x681447D: call_init.part.0 (dl-init.c:70)
==2443640==    by 0x6814567: call_init (dl-init.c:33)
==2443640==    by 0x6814567: _dl_init (dl-init.c:117)
==2443640==    by 0x7522BB4: _dl_catch_exception (dl-error-skeleton.c:182)
==2443640==    by 0x681BFF5: dl_open_worker (dl-open.c:808)
==2443640==    by 0x681BFF5: dl_open_worker (dl-open.c:771)
==2443640==    by 0x7522B57: _dl_catch_exception (dl-error-skeleton.c:208)
==2443640==    by 0x681C34D: _dl_open (dl-open.c:883)
==2443640==    by 0x743E5FB: dlopen_doit (dlopen.c:56)
==2443640== 
==2443640== 16 bytes in 1 blocks are possibly lost in loss record 199 of 377
==2443640==    at 0x7056899: malloc (in /mnt/c/Users/guido/ghq/projects/rustdom/.tools/valgrind/usr/libexec/valgrind/vgpreload_memcheck-amd64-linux.so)
==2443640==    by 0x22E8FC22: _RNvXs0_NvMs_NtNtCs6i54tJFfzR_5alloc3ffi5c_strNtBa_7CString3newReNtB5_11SpecNewImpl13spec_new_impl (in /mnt/c/Users/guido/ghq/projects/rustdom/dist/rustdom.node)
==2443640==    by 0x22E3A8DF: _RNvMs2_NtNtCs4QMHp0v7l6B_4napi9js_values15object_propertyNtB5_8Property14with_utf8_name (in /mnt/c/Users/guido/ghq/projects/rustdom/dist/rustdom.node)
==2443640==    by 0x22DD7BE6: _RNvNvNtNtNtCs45HKutVyWu4_7rustdom3dom4tree32___napi_impl_helper_NativeTree_1536___napi_register__NativeTree_impl_40020___ctor_private_inner (in /mnt/c/Users/guido/ghq/projects/rustdom/dist/rustdom.node)
==2443640==    by 0x22DFFF35: _RNvNvNvNvNtNtNtCs45HKutVyWu4_7rustdom3dom4tree32___napi_impl_helper_NativeTree_1536___napi_register__NativeTree_impl_4001__18___CTOR_PRIVATE_REF14___ctor_private (in /mnt/c/Users/guido/ghq/projects/rustdom/dist/rustdom.node)
==2443640==    by 0x681447D: call_init.part.0 (dl-init.c:70)
==2443640==    by 0x6814567: call_init (dl-init.c:33)
==2443640==    by 0x6814567: _dl_init (dl-init.c:117)
==2443640==    by 0x7522BB4: _dl_catch_exception (dl-error-skeleton.c:182)
==2443640==    by 0x681BFF5: dl_open_worker (dl-open.c:808)
==2443640==    by 0x681BFF5: dl_open_worker (dl-open.c:771)
==2443640==    by 0x7522B57: _dl_catch_exception (dl-error-skeleton.c:208)
==2443640==    by 0x681C34D: _dl_open (dl-open.c:883)
==2443640==    by 0x743E5FB: dlopen_doit (dlopen.c:56)
==2443640== 
==2443640== 16 bytes in 1 blocks are possibly lost in loss record 200 of 377
==2443640==    at 0x7056899: malloc (in /mnt/c/Users/guido/ghq/projects/rustdom/.tools/valgrind/usr/libexec/valgrind/vgpreload_memcheck-amd64-linux.so)
==2443640==    by 0x22E8FC22: _RNvXs0_NvMs_NtNtCs6i54tJFfzR_5alloc3ffi5c_strNtBa_7CString3newReNtB5_11SpecNewImpl13spec_new_impl (in /mnt/c/Users/guido/ghq/projects/rustdom/dist/rustdom.node)
==2443640==    by 0x22E3A8DF: _RNvMs2_NtNtCs4QMHp0v7l6B_4napi9js_values15object_propertyNtB5_8Property14with_utf8_name (in /mnt/c/Users/guido/ghq/projects/rustdom/dist/rustdom.node)
==2443640==    by 0x22DD7CEC: _RNvNvNtNtNtCs45HKutVyWu4_7rustdom3dom4tree32___napi_impl_helper_NativeTree_1536___napi_register__NativeTree_impl_40020___ctor_private_inner (in /mnt/c/Users/guido/ghq/projects/rustdom/dist/rustdom.node)
==2443640==    by 0x22DFFF35: _RNvNvNvNvNtNtNtCs45HKutVyWu4_7rustdom3dom4tree32___napi_impl_helper_NativeTree_1536___napi_register__NativeTree_impl_4001__18___CTOR_PRIVATE_REF14___ctor_private (in /mnt/c/Users/guido/ghq/projects/rustdom/dist/rustdom.node)
==2443640==    by 0x681447D: call_init.part.0 (dl-init.c:70)
==2443640==    by 0x6814567: call_init (dl-init.c:33)
==2443640==    by 0x6814567: _dl_init (dl-init.c:117)
==2443640==    by 0x7522BB4: _dl_catch_exception (dl-error-skeleton.c:182)
==2443640==    by 0x681BFF5: dl_open_worker (dl-open.c:808)
==2443640==    by 0x681BFF5: dl_open_worker (dl-open.c:771)
==2443640==    by 0x7522B57: _dl_catch_exception (dl-error-skeleton.c:208)
==2443640==    by 0x681C34D: _dl_open (dl-open.c:883)
==2443640==    by 0x743E5FB: dlopen_doit (dlopen.c:56)
==2443640== 
==2443640== 16 bytes in 1 blocks are possibly lost in loss record 201 of 377
==2443640==    at 0x7056899: malloc (in /mnt/c/Users/guido/ghq/projects/rustdom/.tools/valgrind/usr/libexec/valgrind/vgpreload_memcheck-amd64-linux.so)
==2443640==    by 0x22E8FC22: _RNvXs0_NvMs_NtNtCs6i54tJFfzR_5alloc3ffi5c_strNtBa_7CString3newReNtB5_11SpecNewImpl13spec_new_impl (in /mnt/c/Users/guido/ghq/projects/rustdom/dist/rustdom.node)
==2443640==    by 0x22E3A8DF: _RNvMs2_NtNtCs4QMHp0v7l6B_4napi9js_values15object_propertyNtB5_8Property14with_utf8_name (in /mnt/c/Users/guido/ghq/projects/rustdom/dist/rustdom.node)
==2443640==    by 0x22DD927B: _RNvNvNtNtNtCs45HKutVyWu4_7rustdom3dom4tree32___napi_impl_helper_NativeTree_1536___napi_register__NativeTree_impl_40020___ctor_private_inner (in /mnt/c/Users/guido/ghq/projects/rustdom/dist/rustdom.node)
==2443640==    by 0x22DFFF35: _RNvNvNvNvNtNtNtCs45HKutVyWu4_7rustdom3dom4tree32___napi_impl_helper_NativeTree_1536___napi_register__NativeTree_impl_4001__18___CTOR_PRIVATE_REF14___ctor_private (in /mnt/c/Users/guido/ghq/projects/rustdom/dist/rustdom.node)
==2443640==    by 0x681447D: call_init.part.0 (dl-init.c:70)
==2443640==    by 0x6814567: call_init (dl-init.c:33)
==2443640==    by 0x6814567: _dl_init (dl-init.c:117)
==2443640==    by 0x7522BB4: _dl_catch_exception (dl-error-skeleton.c:182)
==2443640==    by 0x681BFF5: dl_open_worker (dl-open.c:808)
==2443640==    by 0x681BFF5: dl_open_worker (dl-open.c:771)
==2443640==    by 0x7522B57: _dl_catch_exception (dl-error-skeleton.c:208)
==2443640==    by 0x681C34D: _dl_open (dl-open.c:883)
==2443640==    by 0x743E5FB: dlopen_doit (dlopen.c:56)
==2443640== 
==2443640== 16 bytes in 1 blocks are possibly lost in loss record 202 of 377
==2443640==    at 0x7056899: malloc (in /mnt/c/Users/guido/ghq/projects/rustdom/.tools/valgrind/usr/libexec/valgrind/vgpreload_memcheck-amd64-linux.so)
==2443640==    by 0x22E8FC22: _RNvXs0_NvMs_NtNtCs6i54tJFfzR_5alloc3ffi5c_strNtBa_7CString3newReNtB5_11SpecNewImpl13spec_new_impl (in /mnt/c/Users/guido/ghq/projects/rustdom/dist/rustdom.node)
==2443640==    by 0x22E3A8DF: _RNvMs2_NtNtCs4QMHp0v7l6B_4napi9js_values15object_propertyNtB5_8Property14with_utf8_name (in /mnt/c/Users/guido/ghq/projects/rustdom/dist/rustdom.node)
==2443640==    by 0x22DD9381: _RNvNvNtNtNtCs45HKutVyWu4_7rustdom3dom4tree32___napi_impl_helper_NativeTree_1536___napi_register__NativeTree_impl_40020___ctor_private_inner (in /mnt/c/Users/guido/ghq/projects/rustdom/dist/rustdom.node)
==2443640==    by 0x22DFFF35: _RNvNvNvNvNtNtNtCs45HKutVyWu4_7rustdom3dom4tree32___napi_impl_helper_NativeTree_1536___napi_register__NativeTree_impl_4001__18___CTOR_PRIVATE_REF14___ctor_private (in /mnt/c/Users/guido/ghq/projects/rustdom/dist/rustdom.node)
==2443640==    by 0x681447D: call_init.part.0 (dl-init.c:70)
==2443640==    by 0x6814567: call_init (dl-init.c:33)
==2443640==    by 0x6814567: _dl_init (dl-init.c:117)
==2443640==    by 0x7522BB4: _dl_catch_exception (dl-error-skeleton.c:182)
==2443640==    by 0x681BFF5: dl_open_worker (dl-open.c:808)
==2443640==    by 0x681BFF5: dl_open_worker (dl-open.c:771)
==2443640==    by 0x7522B57: _dl_catch_exception (dl-error-skeleton.c:208)
==2443640==    by 0x681C34D: _dl_open (dl-open.c:883)
==2443640==    by 0x743E5FB: dlopen_doit (dlopen.c:56)
==2443640== 
==2443640== 16 bytes in 1 blocks are possibly lost in loss record 203 of 377
==2443640==    at 0x7056899: malloc (in /mnt/c/Users/guido/ghq/projects/rustdom/.tools/valgrind/usr/libexec/valgrind/vgpreload_memcheck-amd64-linux.so)
==2443640==    by 0x22E8FC22: _RNvXs0_NvMs_NtNtCs6i54tJFfzR_5alloc3ffi5c_strNtBa_7CString3newReNtB5_11SpecNewImpl13spec_new_impl (in /mnt/c/Users/guido/ghq/projects/rustdom/dist/rustdom.node)
==2443640==    by 0x22E3A8DF: _RNvMs2_NtNtCs4QMHp0v7l6B_4napi9js_values15object_propertyNtB5_8Property14with_utf8_name (in /mnt/c/Users/guido/ghq/projects/rustdom/dist/rustdom.node)
==2443640==    by 0x22DDB441: _RNvNvNtNtNtCs45HKutVyWu4_7rustdom3dom4tree32___napi_impl_helper_NativeTree_1536___napi_register__NativeTree_impl_40020___ctor_private_inner (in /mnt/c/Users/guido/ghq/projects/rustdom/dist/rustdom.node)
==2443640==    by 0x22DFFF35: _RNvNvNvNvNtNtNtCs45HKutVyWu4_7rustdom3dom4tree32___napi_impl_helper_NativeTree_1536___napi_register__NativeTree_impl_4001__18___CTOR_PRIVATE_REF14___ctor_private (in /mnt/c/Users/guido/ghq/projects/rustdom/dist/rustdom.node)
==2443640==    by 0x681447D: call_init.part.0 (dl-init.c:70)
==2443640==    by 0x6814567: call_init (dl-init.c:33)
==2443640==    by 0x6814567: _dl_init (dl-init.c:117)
==2443640==    by 0x7522BB4: _dl_catch_exception (dl-error-skeleton.c:182)
==2443640==    by 0x681BFF5: dl_open_worker (dl-open.c:808)
==2443640==    by 0x681BFF5: dl_open_worker (dl-open.c:771)
==2443640==    by 0x7522B57: _dl_catch_exception (dl-error-skeleton.c:208)
==2443640==    by 0x681C34D: _dl_open (dl-open.c:883)
==2443640==    by 0x743E5FB: dlopen_doit (dlopen.c:56)
==2443640== 
==2443640== 16 bytes in 1 blocks are possibly lost in loss record 204 of 377
==2443640==    at 0x7056899: malloc (in /mnt/c/Users/guido/ghq/projects/rustdom/.tools/valgrind/usr/libexec/valgrind/vgpreload_memcheck-amd64-linux.so)
==2443640==    by 0x22E8FC22: _RNvXs0_NvMs_NtNtCs6i54tJFfzR_5alloc3ffi5c_strNtBa_7CString3newReNtB5_11SpecNewImpl13spec_new_impl (in /mnt/c/Users/guido/ghq/projects/rustdom/dist/rustdom.node)
==2443640==    by 0x22E3A8DF: _RNvMs2_NtNtCs4QMHp0v7l6B_4napi9js_values15object_propertyNtB5_8Property14with_utf8_name (in /mnt/c/Users/guido/ghq/projects/rustdom/dist/rustdom.node)
==2443640==    by 0x22DDC9BF: _RNvNvNtNtNtCs45HKutVyWu4_7rustdom3dom4tree32___napi_impl_helper_NativeTree_1536___napi_register__NativeTree_impl_40020___ctor_private_inner (in /mnt/c/Users/guido/ghq/projects/rustdom/dist/rustdom.node)
==2443640==    by 0x22DFFF35: _RNvNvNvNvNtNtNtCs45HKutVyWu4_7rustdom3dom4tree32___napi_impl_helper_NativeTree_1536___napi_register__NativeTree_impl_4001__18___CTOR_PRIVATE_REF14___ctor_private (in /mnt/c/Users/guido/ghq/projects/rustdom/dist/rustdom.node)
==2443640==    by 0x681447D: call_init.part.0 (dl-init.c:70)
==2443640==    by 0x6814567: call_init (dl-init.c:33)
==2443640==    by 0x6814567: _dl_init (dl-init.c:117)
==2443640==    by 0x7522BB4: _dl_catch_exception (dl-error-skeleton.c:182)
==2443640==    by 0x681BFF5: dl_open_worker (dl-open.c:808)
==2443640==    by 0x681BFF5: dl_open_worker (dl-open.c:771)
==2443640==    by 0x7522B57: _dl_catch_exception (dl-error-skeleton.c:208)
==2443640==    by 0x681C34D: _dl_open (dl-open.c:883)
==2443640==    by 0x743E5FB: dlopen_doit (dlopen.c:56)
==2443640== 
==2443640== 16 bytes in 1 blocks are possibly lost in loss record 205 of 377
==2443640==    at 0x7056899: malloc (in /mnt/c/Users/guido/ghq/projects/rustdom/.tools/valgrind/usr/libexec/valgrind/vgpreload_memcheck-amd64-linux.so)
==2443640==    by 0x22E8FC22: _RNvXs0_NvMs_NtNtCs6i54tJFfzR_5alloc3ffi5c_strNtBa_7CString3newReNtB5_11SpecNewImpl13spec_new_impl (in /mnt/c/Users/guido/ghq/projects/rustdom/dist/rustdom.node)
==2443640==    by 0x22E3A8DF: _RNvMs2_NtNtCs4QMHp0v7l6B_4napi9js_values15object_propertyNtB5_8Property14with_utf8_name (in /mnt/c/Users/guido/ghq/projects/rustdom/dist/rustdom.node)
==2443640==    by 0x22DDE043: _RNvNvNtNtNtCs45HKutVyWu4_7rustdom3dom4tree32___napi_impl_helper_NativeTree_1536___napi_register__NativeTree_impl_40020___ctor_private_inner (in /mnt/c/Users/guido/ghq/projects/rustdom/dist/rustdom.node)
==2443640==    by 0x22DFFF35: _RNvNvNvNvNtNtNtCs45HKutVyWu4_7rustdom3dom4tree32___napi_impl_helper_NativeTree_1536___napi_register__NativeTree_impl_4001__18___CTOR_PRIVATE_REF14___ctor_private (in /mnt/c/Users/guido/ghq/projects/rustdom/dist/rustdom.node)
==2443640==    by 0x681447D: call_init.part.0 (dl-init.c:70)
==2443640==    by 0x6814567: call_init (dl-init.c:33)
==2443640==    by 0x6814567: _dl_init (dl-init.c:117)
==2443640==    by 0x7522BB4: _dl_catch_exception (dl-error-skeleton.c:182)
==2443640==    by 0x681BFF5: dl_open_worker (dl-open.c:808)
==2443640==    by 0x681BFF5: dl_open_worker (dl-open.c:771)
==2443640==    by 0x7522B57: _dl_catch_exception (dl-error-skeleton.c:208)
==2443640==    by 0x681C34D: _dl_open (dl-open.c:883)
==2443640==    by 0x743E5FB: dlopen_doit (dlopen.c:56)
==2443640== 
==2443640== 16 bytes in 1 blocks are possibly lost in loss record 206 of 377
==2443640==    at 0x7056899: malloc (in /mnt/c/Users/guido/ghq/projects/rustdom/.tools/valgrind/usr/libexec/valgrind/vgpreload_memcheck-amd64-linux.so)
==2443640==    by 0x22E8FC22: _RNvXs0_NvMs_NtNtCs6i54tJFfzR_5alloc3ffi5c_strNtBa_7CString3newReNtB5_11SpecNewImpl13spec_new_impl (in /mnt/c/Users/guido/ghq/projects/rustdom/dist/rustdom.node)
==2443640==    by 0x22E3A8DF: _RNvMs2_NtNtCs4QMHp0v7l6B_4napi9js_values15object_propertyNtB5_8Property14with_utf8_name (in /mnt/c/Users/guido/ghq/projects/rustdom/dist/rustdom.node)
==2443640==    by 0x22DDE149: _RNvNvNtNtNtCs45HKutVyWu4_7rustdom3dom4tree32___napi_impl_helper_NativeTree_1536___napi_register__NativeTree_impl_40020___ctor_private_inner (in /mnt/c/Users/guido/ghq/projects/rustdom/dist/rustdom.node)
==2443640==    by 0x22DFFF35: _RNvNvNvNvNtNtNtCs45HKutVyWu4_7rustdom3dom4tree32___napi_impl_helper_NativeTree_1536___napi_register__NativeTree_impl_4001__18___CTOR_PRIVATE_REF14___ctor_private (in /mnt/c/Users/guido/ghq/projects/rustdom/dist/rustdom.node)
==2443640==    by 0x681447D: call_init.part.0 (dl-init.c:70)
==2443640==    by 0x6814567: call_init (dl-init.c:33)
==2443640==    by 0x6814567: _dl_init (dl-init.c:117)
==2443640==    by 0x7522BB4: _dl_catch_exception (dl-error-skeleton.c:182)
==2443640==    by 0x681BFF5: dl_open_worker (dl-open.c:808)
==2443640==    by 0x681BFF5: dl_open_worker (dl-open.c:771)
==2443640==    by 0x7522B57: _dl_catch_exception (dl-error-skeleton.c:208)
==2443640==    by 0x681C34D: _dl_open (dl-open.c:883)
==2443640==    by 0x743E5FB: dlopen_doit (dlopen.c:56)
==2443640== 
==2443640== 16 bytes in 1 blocks are possibly lost in loss record 207 of 377
==2443640==    at 0x7056899: malloc (in /mnt/c/Users/guido/ghq/projects/rustdom/.tools/valgrind/usr/libexec/valgrind/vgpreload_memcheck-amd64-linux.so)
==2443640==    by 0x22E8FC22: _RNvXs0_NvMs_NtNtCs6i54tJFfzR_5alloc3ffi5c_strNtBa_7CString3newReNtB5_11SpecNewImpl13spec_new_impl (in /mnt/c/Users/guido/ghq/projects/rustdom/dist/rustdom.node)
==2443640==    by 0x22E3A8DF: _RNvMs2_NtNtCs4QMHp0v7l6B_4napi9js_values15object_propertyNtB5_8Property14with_utf8_name (in /mnt/c/Users/guido/ghq/projects/rustdom/dist/rustdom.node)
==2443640==    by 0x22DDEF9D: _RNvNvNtNtNtCs45HKutVyWu4_7rustdom3dom4tree32___napi_impl_helper_NativeTree_1536___napi_register__NativeTree_impl_40020___ctor_private_inner (in /mnt/c/Users/guido/ghq/projects/rustdom/dist/rustdom.node)
==2443640==    by 0x22DFFF35: _RNvNvNvNvNtNtNtCs45HKutVyWu4_7rustdom3dom4tree32___napi_impl_helper_NativeTree_1536___napi_register__NativeTree_impl_4001__18___CTOR_PRIVATE_REF14___ctor_private (in /mnt/c/Users/guido/ghq/projects/rustdom/dist/rustdom.node)
==2443640==    by 0x681447D: call_init.part.0 (dl-init.c:70)
==2443640==    by 0x6814567: call_init (dl-init.c:33)
==2443640==    by 0x6814567: _dl_init (dl-init.c:117)
==2443640==    by 0x7522BB4: _dl_catch_exception (dl-error-skeleton.c:182)
==2443640==    by 0x681BFF5: dl_open_worker (dl-open.c:808)
==2443640==    by 0x681BFF5: dl_open_worker (dl-open.c:771)
==2443640==    by 0x7522B57: _dl_catch_exception (dl-error-skeleton.c:208)
==2443640==    by 0x681C34D: _dl_open (dl-open.c:883)
==2443640==    by 0x743E5FB: dlopen_doit (dlopen.c:56)
==2443640== 
==2443640== 16 bytes in 1 blocks are possibly lost in loss record 208 of 377
==2443640==    at 0x7056899: malloc (in /mnt/c/Users/guido/ghq/projects/rustdom/.tools/valgrind/usr/libexec/valgrind/vgpreload_memcheck-amd64-linux.so)
==2443640==    by 0x22E8FC22: _RNvXs0_NvMs_NtNtCs6i54tJFfzR_5alloc3ffi5c_strNtBa_7CString3newReNtB5_11SpecNewImpl13spec_new_impl (in /mnt/c/Users/guido/ghq/projects/rustdom/dist/rustdom.node)
==2443640==    by 0x22E3A8DF: _RNvMs2_NtNtCs4QMHp0v7l6B_4napi9js_values15object_propertyNtB5_8Property14with_utf8_name (in /mnt/c/Users/guido/ghq/projects/rustdom/dist/rustdom.node)
==2443640==    by 0x22DDF1A9: _RNvNvNtNtNtCs45HKutVyWu4_7rustdom3dom4tree32___napi_impl_helper_NativeTree_1536___napi_register__NativeTree_impl_40020___ctor_private_inner (in /mnt/c/Users/guido/ghq/projects/rustdom/dist/rustdom.node)
==2443640==    by 0x22DFFF35: _RNvNvNvNvNtNtNtCs45HKutVyWu4_7rustdom3dom4tree32___napi_impl_helper_NativeTree_1536___napi_register__NativeTree_impl_4001__18___CTOR_PRIVATE_REF14___ctor_private (in /mnt/c/Users/guido/ghq/projects/rustdom/dist/rustdom.node)
==2443640==    by 0x681447D: call_init.part.0 (dl-init.c:70)
==2443640==    by 0x6814567: call_init (dl-init.c:33)
==2443640==    by 0x6814567: _dl_init (dl-init.c:117)
==2443640==    by 0x7522BB4: _dl_catch_exception (dl-error-skeleton.c:182)
==2443640==    by 0x681BFF5: dl_open_worker (dl-open.c:808)
==2443640==    by 0x681BFF5: dl_open_worker (dl-open.c:771)
==2443640==    by 0x7522B57: _dl_catch_exception (dl-error-skeleton.c:208)
==2443640==    by 0x681C34D: _dl_open (dl-open.c:883)
==2443640==    by 0x743E5FB: dlopen_doit (dlopen.c:56)
==2443640== 
==2443640== 16 bytes in 1 blocks are possibly lost in loss record 209 of 377
==2443640==    at 0x7056899: malloc (in /mnt/c/Users/guido/ghq/projects/rustdom/.tools/valgrind/usr/libexec/valgrind/vgpreload_memcheck-amd64-linux.so)
==2443640==    by 0x22E8FC22: _RNvXs0_NvMs_NtNtCs6i54tJFfzR_5alloc3ffi5c_strNtBa_7CString3newReNtB5_11SpecNewImpl13spec_new_impl (in /mnt/c/Users/guido/ghq/projects/rustdom/dist/rustdom.node)
==2443640==    by 0x22E3A8DF: _RNvMs2_NtNtCs4QMHp0v7l6B_4napi9js_values15object_propertyNtB5_8Property14with_utf8_name (in /mnt/c/Users/guido/ghq/projects/rustdom/dist/rustdom.node)
==2443640==    by 0x22E00372: _RNvNvNvNvNtNtNtCs45HKutVyWu4_7rustdom3xml7binding37___napi_impl_helper_NativeXmlParser_2041___napi_register__NativeXmlParser_impl_4511__18___CTOR_PRIVATE_REF14___ctor_private (in /mnt/c/Users/guido/ghq/projects/rustdom/dist/rustdom.node)
==2443640==    by 0x681447D: call_init.part.0 (dl-init.c:70)
==2443640==    by 0x6814567: call_init (dl-init.c:33)
==2443640==    by 0x6814567: _dl_init (dl-init.c:117)
==2443640==    by 0x7522BB4: _dl_catch_exception (dl-error-skeleton.c:182)
==2443640==    by 0x681BFF5: dl_open_worker (dl-open.c:808)
==2443640==    by 0x681BFF5: dl_open_worker (dl-open.c:771)
==2443640==    by 0x7522B57: _dl_catch_exception (dl-error-skeleton.c:208)
==2443640==    by 0x681C34D: _dl_open (dl-open.c:883)
==2443640==    by 0x743E5FB: dlopen_doit (dlopen.c:56)
==2443640==    by 0x7522B57: _dl_catch_exception (dl-error-skeleton.c:208)
==2443640== 
==2443640== 17 bytes in 1 blocks are still reachable in loss record 210 of 377
==2443640==    at 0x7056899: malloc (in /mnt/c/Users/guido/ghq/projects/rustdom/.tools/valgrind/usr/libexec/valgrind/vgpreload_memcheck-amd64-linux.so)
==2443640==    by 0x25F45D7: init_entry(char const*, char const*, UErrorCode*) (in /mnt/c/Users/guido/ghq/projects/rustdom/.tools/node/bin/node)
==2443640==    by 0x25F50A9: ures_openDirect_78 (in /mnt/c/Users/guido/ghq/projects/rustdom/.tools/node/bin/node)
==2443640==    by 0x2016DC1: ulocdata_getCLDRVersion_78 (in /mnt/c/Users/guido/ghq/projects/rustdom/.tools/node/bin/node)
==2443640==    by 0x91DD57: node::Metadata::Versions::InitializeIntlVersions() (in /mnt/c/Users/guido/ghq/projects/rustdom/.tools/node/bin/node)
==2443640==    by 0x849289: node::InitializeNodeWithArgsInternal(std::vector<std::__cxx11::basic_string<char, std::char_traits<char>, std::allocator<char> >, std::allocator<std::__cxx11::basic_string<char, std::char_traits<char>, std::allocator<char> > > >*, std::vector<std::__cxx11::basic_string<char, std::char_traits<char>, std::allocator<char> >, std::allocator<std::__cxx11::basic_string<char, std::char_traits<char>, std::allocator<char> > > >*, std::vector<std::__cxx11::basic_string<char, std::char_traits<char>, std::allocator<char> >, std::allocator<std::__cxx11::basic_string<char, std::char_traits<char>, std::allocator<char> > > >*, node::ProcessInitializationFlags::Flags) (in /mnt/c/Users/guido/ghq/projects/rustdom/.tools/node/bin/node)
==2443640==    by 0x84A57E: node::InitializeOncePerProcessInternal(std::vector<std::__cxx11::basic_string<char, std::char_traits<char>, std::allocator<char> >, std::allocator<std::__cxx11::basic_string<char, std::char_traits<char>, std::allocator<char> > > > const&, node::ProcessInitializationFlags::Flags) (in /mnt/c/Users/guido/ghq/projects/rustdom/.tools/node/bin/node)
==2443640==    by 0x84CAEB: node::Start(int, char**) (in /mnt/c/Users/guido/ghq/projects/rustdom/.tools/node/bin/node)
==2443640==    by 0x73D7D8F: (below main) (libc_start_call_main.h:58)
==2443640== 
==2443640== 17 bytes in 1 blocks are possibly lost in loss record 211 of 377
==2443640==    at 0x7056899: malloc (in /mnt/c/Users/guido/ghq/projects/rustdom/.tools/valgrind/usr/libexec/valgrind/vgpreload_memcheck-amd64-linux.so)
==2443640==    by 0x22E8FC22: _RNvXs0_NvMs_NtNtCs6i54tJFfzR_5alloc3ffi5c_strNtBa_7CString3newReNtB5_11SpecNewImpl13spec_new_impl (in /mnt/c/Users/guido/ghq/projects/rustdom/dist/rustdom.node)
==2443640==    by 0x22E3A8DF: _RNvMs2_NtNtCs4QMHp0v7l6B_4napi9js_values15object_propertyNtB5_8Property14with_utf8_name (in /mnt/c/Users/guido/ghq/projects/rustdom/dist/rustdom.node)
==2443640==    by 0x22DEF4F2: _RNvNvNvNvNtNtNtCs45HKutVyWu4_7rustdom3dom19event_state_binding37___napi_impl_helper_NativeEventState_442___napi_register__NativeEventState_impl_1011__18___CTOR_PRIVATE_REF14___ctor_private (in /mnt/c/Users/guido/ghq/projects/rustdom/dist/rustdom.node)
==2443640==    by 0x681447D: call_init.part.0 (dl-init.c:70)
==2443640==    by 0x6814567: call_init (dl-init.c:33)
==2443640==    by 0x6814567: _dl_init (dl-init.c:117)
==2443640==    by 0x7522BB4: _dl_catch_exception (dl-error-skeleton.c:182)
==2443640==    by 0x681BFF5: dl_open_worker (dl-open.c:808)
==2443640==    by 0x681BFF5: dl_open_worker (dl-open.c:771)
==2443640==    by 0x7522B57: _dl_catch_exception (dl-error-skeleton.c:208)
==2443640==    by 0x681C34D: _dl_open (dl-open.c:883)
==2443640==    by 0x743E5FB: dlopen_doit (dlopen.c:56)
==2443640==    by 0x7522B57: _dl_catch_exception (dl-error-skeleton.c:208)
==2443640== 
==2443640== 17 bytes in 1 blocks are possibly lost in loss record 212 of 377
==2443640==    at 0x7056899: malloc (in /mnt/c/Users/guido/ghq/projects/rustdom/.tools/valgrind/usr/libexec/valgrind/vgpreload_memcheck-amd64-linux.so)
==2443640==    by 0x22E8FC22: _RNvXs0_NvMs_NtNtCs6i54tJFfzR_5alloc3ffi5c_strNtBa_7CString3newReNtB5_11SpecNewImpl13spec_new_impl (in /mnt/c/Users/guido/ghq/projects/rustdom/dist/rustdom.node)
==2443640==    by 0x22E3A8DF: _RNvMs2_NtNtCs4QMHp0v7l6B_4napi9js_values15object_propertyNtB5_8Property14with_utf8_name (in /mnt/c/Users/guido/ghq/projects/rustdom/dist/rustdom.node)
==2443640==    by 0x22DF4604: _RNvNvNvNvNtNtNtCs45HKutVyWu4_7rustdom3dom19range_state_binding33___napi_impl_helper_NativeRange_1037___napi_register__NativeRange_impl_1951__18___CTOR_PRIVATE_REF14___ctor_private (in /mnt/c/Users/guido/ghq/projects/rustdom/dist/rustdom.node)
==2443640==    by 0x681447D: call_init.part.0 (dl-init.c:70)
==2443640==    by 0x6814567: call_init (dl-init.c:33)
==2443640==    by 0x6814567: _dl_init (dl-init.c:117)
==2443640==    by 0x7522BB4: _dl_catch_exception (dl-error-skeleton.c:182)
==2443640==    by 0x681BFF5: dl_open_worker (dl-open.c:808)
==2443640==    by 0x681BFF5: dl_open_worker (dl-open.c:771)
==2443640==    by 0x7522B57: _dl_catch_exception (dl-error-skeleton.c:208)
==2443640==    by 0x681C34D: _dl_open (dl-open.c:883)
==2443640==    by 0x743E5FB: dlopen_doit (dlopen.c:56)
==2443640==    by 0x7522B57: _dl_catch_exception (dl-error-skeleton.c:208)
==2443640== 
==2443640== 17 bytes in 1 blocks are possibly lost in loss record 213 of 377
==2443640==    at 0x7056899: malloc (in /mnt/c/Users/guido/ghq/projects/rustdom/.tools/valgrind/usr/libexec/valgrind/vgpreload_memcheck-amd64-linux.so)
==2443640==    by 0x22E8FC22: _RNvXs0_NvMs_NtNtCs6i54tJFfzR_5alloc3ffi5c_strNtBa_7CString3newReNtB5_11SpecNewImpl13spec_new_impl (in /mnt/c/Users/guido/ghq/projects/rustdom/dist/rustdom.node)
==2443640==    by 0x22E3A8DF: _RNvMs2_NtNtCs4QMHp0v7l6B_4napi9js_values15object_propertyNtB5_8Property14with_utf8_name (in /mnt/c/Users/guido/ghq/projects/rustdom/dist/rustdom.node)
==2443640==    by 0x22DD906F: _RNvNvNtNtNtCs45HKutVyWu4_7rustdom3dom4tree32___napi_impl_helper_NativeTree_1536___napi_register__NativeTree_impl_40020___ctor_private_inner (in /mnt/c/Users/guido/ghq/projects/rustdom/dist/rustdom.node)
==2443640==    by 0x22DFFF35: _RNvNvNvNvNtNtNtCs45HKutVyWu4_7rustdom3dom4tree32___napi_impl_helper_NativeTree_1536___napi_register__NativeTree_impl_4001__18___CTOR_PRIVATE_REF14___ctor_private (in /mnt/c/Users/guido/ghq/projects/rustdom/dist/rustdom.node)
==2443640==    by 0x681447D: call_init.part.0 (dl-init.c:70)
==2443640==    by 0x6814567: call_init (dl-init.c:33)
==2443640==    by 0x6814567: _dl_init (dl-init.c:117)
==2443640==    by 0x7522BB4: _dl_catch_exception (dl-error-skeleton.c:182)
==2443640==    by 0x681BFF5: dl_open_worker (dl-open.c:808)
==2443640==    by 0x681BFF5: dl_open_worker (dl-open.c:771)
==2443640==    by 0x7522B57: _dl_catch_exception (dl-error-skeleton.c:208)
==2443640==    by 0x681C34D: _dl_open (dl-open.c:883)
==2443640==    by 0x743E5FB: dlopen_doit (dlopen.c:56)
==2443640== 
==2443640== 17 bytes in 1 blocks are possibly lost in loss record 214 of 377
==2443640==    at 0x7056899: malloc (in /mnt/c/Users/guido/ghq/projects/rustdom/.tools/valgrind/usr/libexec/valgrind/vgpreload_memcheck-amd64-linux.so)
==2443640==    by 0x22E8FC22: _RNvXs0_NvMs_NtNtCs6i54tJFfzR_5alloc3ffi5c_strNtBa_7CString3newReNtB5_11SpecNewImpl13spec_new_impl (in /mnt/c/Users/guido/ghq/projects/rustdom/dist/rustdom.node)
==2443640==    by 0x22E3A8DF: _RNvMs2_NtNtCs4QMHp0v7l6B_4napi9js_values15object_propertyNtB5_8Property14with_utf8_name (in /mnt/c/Users/guido/ghq/projects/rustdom/dist/rustdom.node)
==2443640==    by 0x22DDAA05: _RNvNvNtNtNtCs45HKutVyWu4_7rustdom3dom4tree32___napi_impl_helper_NativeTree_1536___napi_register__NativeTree_impl_40020___ctor_private_inner (in /mnt/c/Users/guido/ghq/projects/rustdom/dist/rustdom.node)
==2443640==    by 0x22DFFF35: _RNvNvNvNvNtNtNtCs45HKutVyWu4_7rustdom3dom4tree32___napi_impl_helper_NativeTree_1536___napi_register__NativeTree_impl_4001__18___CTOR_PRIVATE_REF14___ctor_private (in /mnt/c/Users/guido/ghq/projects/rustdom/dist/rustdom.node)
==2443640==    by 0x681447D: call_init.part.0 (dl-init.c:70)
==2443640==    by 0x6814567: call_init (dl-init.c:33)
==2443640==    by 0x6814567: _dl_init (dl-init.c:117)
==2443640==    by 0x7522BB4: _dl_catch_exception (dl-error-skeleton.c:182)
==2443640==    by 0x681BFF5: dl_open_worker (dl-open.c:808)
==2443640==    by 0x681BFF5: dl_open_worker (dl-open.c:771)
==2443640==    by 0x7522B57: _dl_catch_exception (dl-error-skeleton.c:208)
==2443640==    by 0x681C34D: _dl_open (dl-open.c:883)
==2443640==    by 0x743E5FB: dlopen_doit (dlopen.c:56)
==2443640== 
==2443640== 17 bytes in 1 blocks are possibly lost in loss record 215 of 377
==2443640==    at 0x7056899: malloc (in /mnt/c/Users/guido/ghq/projects/rustdom/.tools/valgrind/usr/libexec/valgrind/vgpreload_memcheck-amd64-linux.so)
==2443640==    by 0x22E8FC22: _RNvXs0_NvMs_NtNtCs6i54tJFfzR_5alloc3ffi5c_strNtBa_7CString3newReNtB5_11SpecNewImpl13spec_new_impl (in /mnt/c/Users/guido/ghq/projects/rustdom/dist/rustdom.node)
==2443640==    by 0x22E3A8DF: _RNvMs2_NtNtCs4QMHp0v7l6B_4napi9js_values15object_propertyNtB5_8Property14with_utf8_name (in /mnt/c/Users/guido/ghq/projects/rustdom/dist/rustdom.node)
==2443640==    by 0x22DDBB6B: _RNvNvNtNtNtCs45HKutVyWu4_7rustdom3dom4tree32___napi_impl_helper_NativeTree_1536___napi_register__NativeTree_impl_40020___ctor_private_inner (in /mnt/c/Users/guido/ghq/projects/rustdom/dist/rustdom.node)
==2443640==    by 0x22DFFF35: _RNvNvNvNvNtNtNtCs45HKutVyWu4_7rustdom3dom4tree32___napi_impl_helper_NativeTree_1536___napi_register__NativeTree_impl_4001__18___CTOR_PRIVATE_REF14___ctor_private (in /mnt/c/Users/guido/ghq/projects/rustdom/dist/rustdom.node)
==2443640==    by 0x681447D: call_init.part.0 (dl-init.c:70)
==2443640==    by 0x6814567: call_init (dl-init.c:33)
==2443640==    by 0x6814567: _dl_init (dl-init.c:117)
==2443640==    by 0x7522BB4: _dl_catch_exception (dl-error-skeleton.c:182)
==2443640==    by 0x681BFF5: dl_open_worker (dl-open.c:808)
==2443640==    by 0x681BFF5: dl_open_worker (dl-open.c:771)
==2443640==    by 0x7522B57: _dl_catch_exception (dl-error-skeleton.c:208)
==2443640==    by 0x681C34D: _dl_open (dl-open.c:883)
==2443640==    by 0x743E5FB: dlopen_doit (dlopen.c:56)
==2443640== 
==2443640== 17 bytes in 1 blocks are possibly lost in loss record 216 of 377
==2443640==    at 0x7056899: malloc (in /mnt/c/Users/guido/ghq/projects/rustdom/.tools/valgrind/usr/libexec/valgrind/vgpreload_memcheck-amd64-linux.so)
==2443640==    by 0x22E8FC22: _RNvXs0_NvMs_NtNtCs6i54tJFfzR_5alloc3ffi5c_strNtBa_7CString3newReNtB5_11SpecNewImpl13spec_new_impl (in /mnt/c/Users/guido/ghq/projects/rustdom/dist/rustdom.node)
==2443640==    by 0x22E3A8DF: _RNvMs2_NtNtCs4QMHp0v7l6B_4napi9js_values15object_propertyNtB5_8Property14with_utf8_name (in /mnt/c/Users/guido/ghq/projects/rustdom/dist/rustdom.node)
==2443640==    by 0x22DDCAC5: _RNvNvNtNtNtCs45HKutVyWu4_7rustdom3dom4tree32___napi_impl_helper_NativeTree_1536___napi_register__NativeTree_impl_40020___ctor_private_inner (in /mnt/c/Users/guido/ghq/projects/rustdom/dist/rustdom.node)
==2443640==    by 0x22DFFF35: _RNvNvNvNvNtNtNtCs45HKutVyWu4_7rustdom3dom4tree32___napi_impl_helper_NativeTree_1536___napi_register__NativeTree_impl_4001__18___CTOR_PRIVATE_REF14___ctor_private (in /mnt/c/Users/guido/ghq/projects/rustdom/dist/rustdom.node)
==2443640==    by 0x681447D: call_init.part.0 (dl-init.c:70)
==2443640==    by 0x6814567: call_init (dl-init.c:33)
==2443640==    by 0x6814567: _dl_init (dl-init.c:117)
==2443640==    by 0x7522BB4: _dl_catch_exception (dl-error-skeleton.c:182)
==2443640==    by 0x681BFF5: dl_open_worker (dl-open.c:808)
==2443640==    by 0x681BFF5: dl_open_worker (dl-open.c:771)
==2443640==    by 0x7522B57: _dl_catch_exception (dl-error-skeleton.c:208)
==2443640==    by 0x681C34D: _dl_open (dl-open.c:883)
==2443640==    by 0x743E5FB: dlopen_doit (dlopen.c:56)
==2443640== 
==2443640== 17 bytes in 1 blocks are possibly lost in loss record 217 of 377
==2443640==    at 0x7056899: malloc (in /mnt/c/Users/guido/ghq/projects/rustdom/.tools/valgrind/usr/libexec/valgrind/vgpreload_memcheck-amd64-linux.so)
==2443640==    by 0x22E8FC22: _RNvXs0_NvMs_NtNtCs6i54tJFfzR_5alloc3ffi5c_strNtBa_7CString3newReNtB5_11SpecNewImpl13spec_new_impl (in /mnt/c/Users/guido/ghq/projects/rustdom/dist/rustdom.node)
==2443640==    by 0x22E3A8DF: _RNvMs2_NtNtCs4QMHp0v7l6B_4napi9js_values15object_propertyNtB5_8Property14with_utf8_name (in /mnt/c/Users/guido/ghq/projects/rustdom/dist/rustdom.node)
==2443640==    by 0x22DDD501: _RNvNvNtNtNtCs45HKutVyWu4_7rustdom3dom4tree32___napi_impl_helper_NativeTree_1536___napi_register__NativeTree_impl_40020___ctor_private_inner (in /mnt/c/Users/guido/ghq/projects/rustdom/dist/rustdom.node)
==2443640==    by 0x22DFFF35: _RNvNvNvNvNtNtNtCs45HKutVyWu4_7rustdom3dom4tree32___napi_impl_helper_NativeTree_1536___napi_register__NativeTree_impl_4001__18___CTOR_PRIVATE_REF14___ctor_private (in /mnt/c/Users/guido/ghq/projects/rustdom/dist/rustdom.node)
==2443640==    by 0x681447D: call_init.part.0 (dl-init.c:70)
==2443640==    by 0x6814567: call_init (dl-init.c:33)
==2443640==    by 0x6814567: _dl_init (dl-init.c:117)
==2443640==    by 0x7522BB4: _dl_catch_exception (dl-error-skeleton.c:182)
==2443640==    by 0x681BFF5: dl_open_worker (dl-open.c:808)
==2443640==    by 0x681BFF5: dl_open_worker (dl-open.c:771)
==2443640==    by 0x7522B57: _dl_catch_exception (dl-error-skeleton.c:208)
==2443640==    by 0x681C34D: _dl_open (dl-open.c:883)
==2443640==    by 0x743E5FB: dlopen_doit (dlopen.c:56)
==2443640== 
==2443640== 18 bytes in 1 blocks are still reachable in loss record 218 of 377
==2443640==    at 0x7056899: malloc (in /mnt/c/Users/guido/ghq/projects/rustdom/.tools/valgrind/usr/libexec/valgrind/vgpreload_memcheck-amd64-linux.so)
==2443640==    by 0x25A0438: uprv_getDefaultLocaleID_78 (in /mnt/c/Users/guido/ghq/projects/rustdom/.tools/node/bin/node)
==2443640==    by 0x25B5F34: icu_78::locale_set_default_internal(char const*, UErrorCode&) (in /mnt/c/Users/guido/ghq/projects/rustdom/.tools/node/bin/node)
==2443640==    by 0x25B626E: icu_78::Locale::Locale() (in /mnt/c/Users/guido/ghq/projects/rustdom/.tools/node/bin/node)
==2443640==    by 0xD88FD2: v8::internal::Isolate::DefaultLocale[abi:cxx11]() (in /mnt/c/Users/guido/ghq/projects/rustdom/.tools/node/bin/node)
==2443640==    by 0xD894E3: v8::internal::LocalIsolate::LocalIsolate(v8::internal::Isolate*, v8::internal::ThreadKind) (in /mnt/c/Users/guido/ghq/projects/rustdom/.tools/node/bin/node)
==2443640==    by 0xD86CA7: v8::internal::Isolate::Init(v8::internal::SnapshotData*, v8::internal::SnapshotData*, v8::internal::SnapshotData*, bool) (in /mnt/c/Users/guido/ghq/projects/rustdom/.tools/node/bin/node)
==2443640==    by 0x1362D42: v8::internal::Snapshot::Initialize(v8::internal::Isolate*) (in /mnt/c/Users/guido/ghq/projects/rustdom/.tools/node/bin/node)
==2443640==    by 0xBD9905: v8::Isolate::Initialize(v8::Isolate*, v8::Isolate::CreateParams const&) (in /mnt/c/Users/guido/ghq/projects/rustdom/.tools/node/bin/node)
==2443640==    by 0x78D60F: node::NewIsolate(v8::Isolate::CreateParams*, uv_loop_s*, node::MultiIsolatePlatform*, node::SnapshotData const*, node::IsolateSettings const&) (in /mnt/c/Users/guido/ghq/projects/rustdom/.tools/node/bin/node)
==2443640==    by 0x90ED28: node::NodeMainInstance::NodeMainInstance(node::SnapshotData const*, uv_loop_s*, node::MultiIsolatePlatform*, std::vector<std::__cxx11::basic_string<char, std::char_traits<char>, std::allocator<char> >, std::allocator<std::__cxx11::basic_string<char, std::char_traits<char>, std::allocator<char> > > > const&, std::vector<std::__cxx11::basic_string<char, std::char_traits<char>, std::allocator<char> >, std::allocator<std::__cxx11::basic_string<char, std::char_traits<char>, std::allocator<char> > > > const&) (in /mnt/c/Users/guido/ghq/projects/rustdom/.tools/node/bin/node)
==2443640==    by 0x84CE55: node::Start(int, char**) (in /mnt/c/Users/guido/ghq/projects/rustdom/.tools/node/bin/node)
==2443640== 
==2443640== 18 bytes in 1 blocks are possibly lost in loss record 219 of 377
==2443640==    at 0x7056899: malloc (in /mnt/c/Users/guido/ghq/projects/rustdom/.tools/valgrind/usr/libexec/valgrind/vgpreload_memcheck-amd64-linux.so)
==2443640==    by 0x22E8FC22: _RNvXs0_NvMs_NtNtCs6i54tJFfzR_5alloc3ffi5c_strNtBa_7CString3newReNtB5_11SpecNewImpl13spec_new_impl (in /mnt/c/Users/guido/ghq/projects/rustdom/dist/rustdom.node)
==2443640==    by 0x22E3A8DF: _RNvMs2_NtNtCs4QMHp0v7l6B_4napi9js_values15object_propertyNtB5_8Property14with_utf8_name (in /mnt/c/Users/guido/ghq/projects/rustdom/dist/rustdom.node)
==2443640==    by 0x22DEEAEB: _RNvNvNvNvNtNtNtCs45HKutVyWu4_7rustdom3dom19event_state_binding37___napi_impl_helper_NativeEventState_442___napi_register__NativeEventState_impl_1011__18___CTOR_PRIVATE_REF14___ctor_private (in /mnt/c/Users/guido/ghq/projects/rustdom/dist/rustdom.node)
==2443640==    by 0x681447D: call_init.part.0 (dl-init.c:70)
==2443640==    by 0x6814567: call_init (dl-init.c:33)
==2443640==    by 0x6814567: _dl_init (dl-init.c:117)
==2443640==    by 0x7522BB4: _dl_catch_exception (dl-error-skeleton.c:182)
==2443640==    by 0x681BFF5: dl_open_worker (dl-open.c:808)
==2443640==    by 0x681BFF5: dl_open_worker (dl-open.c:771)
==2443640==    by 0x7522B57: _dl_catch_exception (dl-error-skeleton.c:208)
==2443640==    by 0x681C34D: _dl_open (dl-open.c:883)
==2443640==    by 0x743E5FB: dlopen_doit (dlopen.c:56)
==2443640==    by 0x7522B57: _dl_catch_exception (dl-error-skeleton.c:208)
==2443640== 
==2443640== 18 bytes in 1 blocks are possibly lost in loss record 220 of 377
==2443640==    at 0x7056899: malloc (in /mnt/c/Users/guido/ghq/projects/rustdom/.tools/valgrind/usr/libexec/valgrind/vgpreload_memcheck-amd64-linux.so)
==2443640==    by 0x22E8FC22: _RNvXs0_NvMs_NtNtCs6i54tJFfzR_5alloc3ffi5c_strNtBa_7CString3newReNtB5_11SpecNewImpl13spec_new_impl (in /mnt/c/Users/guido/ghq/projects/rustdom/dist/rustdom.node)
==2443640==    by 0x22E3A8DF: _RNvMs2_NtNtCs4QMHp0v7l6B_4napi9js_values15object_propertyNtB5_8Property14with_utf8_name (in /mnt/c/Users/guido/ghq/projects/rustdom/dist/rustdom.node)
==2443640==    by 0x22DF39BB: _RNvNvNvNvNtNtNtCs45HKutVyWu4_7rustdom3dom19range_state_binding33___napi_impl_helper_NativeRange_1037___napi_register__NativeRange_impl_1951__18___CTOR_PRIVATE_REF14___ctor_private (in /mnt/c/Users/guido/ghq/projects/rustdom/dist/rustdom.node)
==2443640==    by 0x681447D: call_init.part.0 (dl-init.c:70)
==2443640==    by 0x6814567: call_init (dl-init.c:33)
==2443640==    by 0x6814567: _dl_init (dl-init.c:117)
==2443640==    by 0x7522BB4: _dl_catch_exception (dl-error-skeleton.c:182)
==2443640==    by 0x681BFF5: dl_open_worker (dl-open.c:808)
==2443640==    by 0x681BFF5: dl_open_worker (dl-open.c:771)
==2443640==    by 0x7522B57: _dl_catch_exception (dl-error-skeleton.c:208)
==2443640==    by 0x681C34D: _dl_open (dl-open.c:883)
==2443640==    by 0x743E5FB: dlopen_doit (dlopen.c:56)
==2443640==    by 0x7522B57: _dl_catch_exception (dl-error-skeleton.c:208)
==2443640== 
==2443640== 18 bytes in 1 blocks are possibly lost in loss record 221 of 377
==2443640==    at 0x7056899: malloc (in /mnt/c/Users/guido/ghq/projects/rustdom/.tools/valgrind/usr/libexec/valgrind/vgpreload_memcheck-amd64-linux.so)
==2443640==    by 0x22E8FC22: _RNvXs0_NvMs_NtNtCs6i54tJFfzR_5alloc3ffi5c_strNtBa_7CString3newReNtB5_11SpecNewImpl13spec_new_impl (in /mnt/c/Users/guido/ghq/projects/rustdom/dist/rustdom.node)
==2443640==    by 0x22E3A8DF: _RNvMs2_NtNtCs4QMHp0v7l6B_4napi9js_values15object_propertyNtB5_8Property14with_utf8_name (in /mnt/c/Users/guido/ghq/projects/rustdom/dist/rustdom.node)
==2443640==    by 0x22DF3AB1: _RNvNvNvNvNtNtNtCs45HKutVyWu4_7rustdom3dom19range_state_binding33___napi_impl_helper_NativeRange_1037___napi_register__NativeRange_impl_1951__18___CTOR_PRIVATE_REF14___ctor_private (in /mnt/c/Users/guido/ghq/projects/rustdom/dist/rustdom.node)
==2443640==    by 0x681447D: call_init.part.0 (dl-init.c:70)
==2443640==    by 0x6814567: call_init (dl-init.c:33)
==2443640==    by 0x6814567: _dl_init (dl-init.c:117)
==2443640==    by 0x7522BB4: _dl_catch_exception (dl-error-skeleton.c:182)
==2443640==    by 0x681BFF5: dl_open_worker (dl-open.c:808)
==2443640==    by 0x681BFF5: dl_open_worker (dl-open.c:771)
==2443640==    by 0x7522B57: _dl_catch_exception (dl-error-skeleton.c:208)
==2443640==    by 0x681C34D: _dl_open (dl-open.c:883)
==2443640==    by 0x743E5FB: dlopen_doit (dlopen.c:56)
==2443640==    by 0x7522B57: _dl_catch_exception (dl-error-skeleton.c:208)
==2443640== 
==2443640== 18 bytes in 1 blocks are possibly lost in loss record 222 of 377
==2443640==    at 0x7056899: malloc (in /mnt/c/Users/guido/ghq/projects/rustdom/.tools/valgrind/usr/libexec/valgrind/vgpreload_memcheck-amd64-linux.so)
==2443640==    by 0x22E8FC22: _RNvXs0_NvMs_NtNtCs6i54tJFfzR_5alloc3ffi5c_strNtBa_7CString3newReNtB5_11SpecNewImpl13spec_new_impl (in /mnt/c/Users/guido/ghq/projects/rustdom/dist/rustdom.node)
==2443640==    by 0x22E3A8DF: _RNvMs2_NtNtCs4QMHp0v7l6B_4napi9js_values15object_propertyNtB5_8Property14with_utf8_name (in /mnt/c/Users/guido/ghq/projects/rustdom/dist/rustdom.node)
==2443640==    by 0x22DF43F8: _RNvNvNvNvNtNtNtCs45HKutVyWu4_7rustdom3dom19range_state_binding33___napi_impl_helper_NativeRange_1037___napi_register__NativeRange_impl_1951__18___CTOR_PRIVATE_REF14___ctor_private (in /mnt/c/Users/guido/ghq/projects/rustdom/dist/rustdom.node)
==2443640==    by 0x681447D: call_init.part.0 (dl-init.c:70)
==2443640==    by 0x6814567: call_init (dl-init.c:33)
==2443640==    by 0x6814567: _dl_init (dl-init.c:117)
==2443640==    by 0x7522BB4: _dl_catch_exception (dl-error-skeleton.c:182)
==2443640==    by 0x681BFF5: dl_open_worker (dl-open.c:808)
==2443640==    by 0x681BFF5: dl_open_worker (dl-open.c:771)
==2443640==    by 0x7522B57: _dl_catch_exception (dl-error-skeleton.c:208)
==2443640==    by 0x681C34D: _dl_open (dl-open.c:883)
==2443640==    by 0x743E5FB: dlopen_doit (dlopen.c:56)
==2443640==    by 0x7522B57: _dl_catch_exception (dl-error-skeleton.c:208)
==2443640== 
==2443640== 18 bytes in 1 blocks are possibly lost in loss record 223 of 377
==2443640==    at 0x7056899: malloc (in /mnt/c/Users/guido/ghq/projects/rustdom/.tools/valgrind/usr/libexec/valgrind/vgpreload_memcheck-amd64-linux.so)
==2443640==    by 0x22E8FC22: _RNvXs0_NvMs_NtNtCs6i54tJFfzR_5alloc3ffi5c_strNtBa_7CString3newReNtB5_11SpecNewImpl13spec_new_impl (in /mnt/c/Users/guido/ghq/projects/rustdom/dist/rustdom.node)
==2443640==    by 0x22E3A8DF: _RNvMs2_NtNtCs4QMHp0v7l6B_4napi9js_values15object_propertyNtB5_8Property14with_utf8_name (in /mnt/c/Users/guido/ghq/projects/rustdom/dist/rustdom.node)
==2443640==    by 0x22DF9C58: _RNvNvNvNvNtNtNtCs45HKutVyWu4_7rustdom3dom23event_listeners_binding43___napi_impl_helper_NativeListenerRegistry_347___napi_register__NativeListenerRegistry_impl_661__18___CTOR_PRIVATE_REF14___ctor_private (in /mnt/c/Users/guido/ghq/projects/rustdom/dist/rustdom.node)
==2443640==    by 0x681447D: call_init.part.0 (dl-init.c:70)
==2443640==    by 0x6814567: call_init (dl-init.c:33)
==2443640==    by 0x6814567: _dl_init (dl-init.c:117)
==2443640==    by 0x7522BB4: _dl_catch_exception (dl-error-skeleton.c:182)
==2443640==    by 0x681BFF5: dl_open_worker (dl-open.c:808)
==2443640==    by 0x681BFF5: dl_open_worker (dl-open.c:771)
==2443640==    by 0x7522B57: _dl_catch_exception (dl-error-skeleton.c:208)
==2443640==    by 0x681C34D: _dl_open (dl-open.c:883)
==2443640==    by 0x743E5FB: dlopen_doit (dlopen.c:56)
==2443640==    by 0x7522B57: _dl_catch_exception (dl-error-skeleton.c:208)
==2443640== 
==2443640== 18 bytes in 1 blocks are possibly lost in loss record 224 of 377
==2443640==    at 0x7056899: malloc (in /mnt/c/Users/guido/ghq/projects/rustdom/.tools/valgrind/usr/libexec/valgrind/vgpreload_memcheck-amd64-linux.so)
==2443640==    by 0x22E8FC22: _RNvXs0_NvMs_NtNtCs6i54tJFfzR_5alloc3ffi5c_strNtBa_7CString3newReNtB5_11SpecNewImpl13spec_new_impl (in /mnt/c/Users/guido/ghq/projects/rustdom/dist/rustdom.node)
==2443640==    by 0x22E3A8DF: _RNvMs2_NtNtCs4QMHp0v7l6B_4napi9js_values15object_propertyNtB5_8Property14with_utf8_name (in /mnt/c/Users/guido/ghq/projects/rustdom/dist/rustdom.node)
==2443640==    by 0x22DF9F6A: _RNvNvNvNvNtNtNtCs45HKutVyWu4_7rustdom3dom23event_listeners_binding43___napi_impl_helper_NativeListenerRegistry_347___napi_register__NativeListenerRegistry_impl_661__18___CTOR_PRIVATE_REF14___ctor_private (in /mnt/c/Users/guido/ghq/projects/rustdom/dist/rustdom.node)
==2443640==    by 0x681447D: call_init.part.0 (dl-init.c:70)
==2443640==    by 0x6814567: call_init (dl-init.c:33)
==2443640==    by 0x6814567: _dl_init (dl-init.c:117)
==2443640==    by 0x7522BB4: _dl_catch_exception (dl-error-skeleton.c:182)
==2443640==    by 0x681BFF5: dl_open_worker (dl-open.c:808)
==2443640==    by 0x681BFF5: dl_open_worker (dl-open.c:771)
==2443640==    by 0x7522B57: _dl_catch_exception (dl-error-skeleton.c:208)
==2443640==    by 0x681C34D: _dl_open (dl-open.c:883)
==2443640==    by 0x743E5FB: dlopen_doit (dlopen.c:56)
==2443640==    by 0x7522B57: _dl_catch_exception (dl-error-skeleton.c:208)
==2443640== 
==2443640== 18 bytes in 1 blocks are possibly lost in loss record 225 of 377
==2443640==    at 0x7056899: malloc (in /mnt/c/Users/guido/ghq/projects/rustdom/.tools/valgrind/usr/libexec/valgrind/vgpreload_memcheck-amd64-linux.so)
==2443640==    by 0x22E8FC22: _RNvXs0_NvMs_NtNtCs6i54tJFfzR_5alloc3ffi5c_strNtBa_7CString3newReNtB5_11SpecNewImpl13spec_new_impl (in /mnt/c/Users/guido/ghq/projects/rustdom/dist/rustdom.node)
==2443640==    by 0x22E3A8DF: _RNvMs2_NtNtCs4QMHp0v7l6B_4napi9js_values15object_propertyNtB5_8Property14with_utf8_name (in /mnt/c/Users/guido/ghq/projects/rustdom/dist/rustdom.node)
==2443640==    by 0x22DFA11B: _RNvNvNvNvNtNtNtCs45HKutVyWu4_7rustdom3dom23event_listeners_binding43___napi_impl_helper_NativeListenerRegistry_347___napi_register__NativeListenerRegistry_impl_661__18___CTOR_PRIVATE_REF14___ctor_private (in /mnt/c/Users/guido/ghq/projects/rustdom/dist/rustdom.node)
==2443640==    by 0x681447D: call_init.part.0 (dl-init.c:70)
==2443640==    by 0x6814567: call_init (dl-init.c:33)
==2443640==    by 0x6814567: _dl_init (dl-init.c:117)
==2443640==    by 0x7522BB4: _dl_catch_exception (dl-error-skeleton.c:182)
==2443640==    by 0x681BFF5: dl_open_worker (dl-open.c:808)
==2443640==    by 0x681BFF5: dl_open_worker (dl-open.c:771)
==2443640==    by 0x7522B57: _dl_catch_exception (dl-error-skeleton.c:208)
==2443640==    by 0x681C34D: _dl_open (dl-open.c:883)
==2443640==    by 0x743E5FB: dlopen_doit (dlopen.c:56)
==2443640==    by 0x7522B57: _dl_catch_exception (dl-error-skeleton.c:208)
==2443640== 
==2443640== 18 bytes in 1 blocks are possibly lost in loss record 226 of 377
==2443640==    at 0x7056899: malloc (in /mnt/c/Users/guido/ghq/projects/rustdom/.tools/valgrind/usr/libexec/valgrind/vgpreload_memcheck-amd64-linux.so)
==2443640==    by 0x22E8FC22: _RNvXs0_NvMs_NtNtCs6i54tJFfzR_5alloc3ffi5c_strNtBa_7CString3newReNtB5_11SpecNewImpl13spec_new_impl (in /mnt/c/Users/guido/ghq/projects/rustdom/dist/rustdom.node)
==2443640==    by 0x22E3A8DF: _RNvMs2_NtNtCs4QMHp0v7l6B_4napi9js_values15object_propertyNtB5_8Property14with_utf8_name (in /mnt/c/Users/guido/ghq/projects/rustdom/dist/rustdom.node)
==2443640==    by 0x22DFDFAD: _RNvNvNvNvNtNtNtCs45HKutVyWu4_7rustdom3dom4tree32___napi_impl_helper_NativeTree_1436___napi_register__NativeTree_impl_2671__18___CTOR_PRIVATE_REF14___ctor_private (in /mnt/c/Users/guido/ghq/projects/rustdom/dist/rustdom.node)
==2443640==    by 0x681447D: call_init.part.0 (dl-init.c:70)
==2443640==    by 0x6814567: call_init (dl-init.c:33)
==2443640==    by 0x6814567: _dl_init (dl-init.c:117)
==2443640==    by 0x7522BB4: _dl_catch_exception (dl-error-skeleton.c:182)
==2443640==    by 0x681BFF5: dl_open_worker (dl-open.c:808)
==2443640==    by 0x681BFF5: dl_open_worker (dl-open.c:771)
==2443640==    by 0x7522B57: _dl_catch_exception (dl-error-skeleton.c:208)
==2443640==    by 0x681C34D: _dl_open (dl-open.c:883)
==2443640==    by 0x743E5FB: dlopen_doit (dlopen.c:56)
==2443640==    by 0x7522B57: _dl_catch_exception (dl-error-skeleton.c:208)
==2443640== 
==2443640== 18 bytes in 1 blocks are possibly lost in loss record 227 of 377
==2443640==    at 0x7056899: malloc (in /mnt/c/Users/guido/ghq/projects/rustdom/.tools/valgrind/usr/libexec/valgrind/vgpreload_memcheck-amd64-linux.so)
==2443640==    by 0x22E8FC22: _RNvXs0_NvMs_NtNtCs6i54tJFfzR_5alloc3ffi5c_strNtBa_7CString3newReNtB5_11SpecNewImpl13spec_new_impl (in /mnt/c/Users/guido/ghq/projects/rustdom/dist/rustdom.node)
==2443640==    by 0x22E3A8DF: _RNvMs2_NtNtCs4QMHp0v7l6B_4napi9js_values15object_propertyNtB5_8Property14with_utf8_name (in /mnt/c/Users/guido/ghq/projects/rustdom/dist/rustdom.node)
==2443640==    by 0x22DFE1B9: _RNvNvNvNvNtNtNtCs45HKutVyWu4_7rustdom3dom4tree32___napi_impl_helper_NativeTree_1436___napi_register__NativeTree_impl_2671__18___CTOR_PRIVATE_REF14___ctor_private (in /mnt/c/Users/guido/ghq/projects/rustdom/dist/rustdom.node)
==2443640==    by 0x681447D: call_init.part.0 (dl-init.c:70)
==2443640==    by 0x6814567: call_init (dl-init.c:33)
==2443640==    by 0x6814567: _dl_init (dl-init.c:117)
==2443640==    by 0x7522BB4: _dl_catch_exception (dl-error-skeleton.c:182)
==2443640==    by 0x681BFF5: dl_open_worker (dl-open.c:808)
==2443640==    by 0x681BFF5: dl_open_worker (dl-open.c:771)
==2443640==    by 0x7522B57: _dl_catch_exception (dl-error-skeleton.c:208)
==2443640==    by 0x681C34D: _dl_open (dl-open.c:883)
==2443640==    by 0x743E5FB: dlopen_doit (dlopen.c:56)
==2443640==    by 0x7522B57: _dl_catch_exception (dl-error-skeleton.c:208)
==2443640== 
==2443640== 18 bytes in 1 blocks are possibly lost in loss record 228 of 377
==2443640==    at 0x7056899: malloc (in /mnt/c/Users/guido/ghq/projects/rustdom/.tools/valgrind/usr/libexec/valgrind/vgpreload_memcheck-amd64-linux.so)
==2443640==    by 0x22E8FC22: _RNvXs0_NvMs_NtNtCs6i54tJFfzR_5alloc3ffi5c_strNtBa_7CString3newReNtB5_11SpecNewImpl13spec_new_impl (in /mnt/c/Users/guido/ghq/projects/rustdom/dist/rustdom.node)
==2443640==    by 0x22E3A8DF: _RNvMs2_NtNtCs4QMHp0v7l6B_4napi9js_values15object_propertyNtB5_8Property14with_utf8_name (in /mnt/c/Users/guido/ghq/projects/rustdom/dist/rustdom.node)
==2443640==    by 0x22DD71AA: _RNvNvNtNtNtCs45HKutVyWu4_7rustdom3dom4tree32___napi_impl_helper_NativeTree_1536___napi_register__NativeTree_impl_40020___ctor_private_inner (in /mnt/c/Users/guido/ghq/projects/rustdom/dist/rustdom.node)
==2443640==    by 0x22DFFF35: _RNvNvNvNvNtNtNtCs45HKutVyWu4_7rustdom3dom4tree32___napi_impl_helper_NativeTree_1536___napi_register__NativeTree_impl_4001__18___CTOR_PRIVATE_REF14___ctor_private (in /mnt/c/Users/guido/ghq/projects/rustdom/dist/rustdom.node)
==2443640==    by 0x681447D: call_init.part.0 (dl-init.c:70)
==2443640==    by 0x6814567: call_init (dl-init.c:33)
==2443640==    by 0x6814567: _dl_init (dl-init.c:117)
==2443640==    by 0x7522BB4: _dl_catch_exception (dl-error-skeleton.c:182)
==2443640==    by 0x681BFF5: dl_open_worker (dl-open.c:808)
==2443640==    by 0x681BFF5: dl_open_worker (dl-open.c:771)
==2443640==    by 0x7522B57: _dl_catch_exception (dl-error-skeleton.c:208)
==2443640==    by 0x681C34D: _dl_open (dl-open.c:883)
==2443640==    by 0x743E5FB: dlopen_doit (dlopen.c:56)
==2443640== 
==2443640== 18 bytes in 1 blocks are possibly lost in loss record 229 of 377
==2443640==    at 0x7056899: malloc (in /mnt/c/Users/guido/ghq/projects/rustdom/.tools/valgrind/usr/libexec/valgrind/vgpreload_memcheck-amd64-linux.so)
==2443640==    by 0x22E8FC22: _RNvXs0_NvMs_NtNtCs6i54tJFfzR_5alloc3ffi5c_strNtBa_7CString3newReNtB5_11SpecNewImpl13spec_new_impl (in /mnt/c/Users/guido/ghq/projects/rustdom/dist/rustdom.node)
==2443640==    by 0x22E3A8DF: _RNvMs2_NtNtCs4QMHp0v7l6B_4napi9js_values15object_propertyNtB5_8Property14with_utf8_name (in /mnt/c/Users/guido/ghq/projects/rustdom/dist/rustdom.node)
==2443640==    by 0x22DD8427: _RNvNvNtNtNtCs45HKutVyWu4_7rustdom3dom4tree32___napi_impl_helper_NativeTree_1536___napi_register__NativeTree_impl_40020___ctor_private_inner (in /mnt/c/Users/guido/ghq/projects/rustdom/dist/rustdom.node)
==2443640==    by 0x22DFFF35: _RNvNvNvNvNtNtNtCs45HKutVyWu4_7rustdom3dom4tree32___napi_impl_helper_NativeTree_1536___napi_register__NativeTree_impl_4001__18___CTOR_PRIVATE_REF14___ctor_private (in /mnt/c/Users/guido/ghq/projects/rustdom/dist/rustdom.node)
==2443640==    by 0x681447D: call_init.part.0 (dl-init.c:70)
==2443640==    by 0x6814567: call_init (dl-init.c:33)
==2443640==    by 0x6814567: _dl_init (dl-init.c:117)
==2443640==    by 0x7522BB4: _dl_catch_exception (dl-error-skeleton.c:182)
==2443640==    by 0x681BFF5: dl_open_worker (dl-open.c:808)
==2443640==    by 0x681BFF5: dl_open_worker (dl-open.c:771)
==2443640==    by 0x7522B57: _dl_catch_exception (dl-error-skeleton.c:208)
==2443640==    by 0x681C34D: _dl_open (dl-open.c:883)
==2443640==    by 0x743E5FB: dlopen_doit (dlopen.c:56)
==2443640== 
==2443640== 18 bytes in 1 blocks are possibly lost in loss record 230 of 377
==2443640==    at 0x7056899: malloc (in /mnt/c/Users/guido/ghq/projects/rustdom/.tools/valgrind/usr/libexec/valgrind/vgpreload_memcheck-amd64-linux.so)
==2443640==    by 0x22E8FC22: _RNvXs0_NvMs_NtNtCs6i54tJFfzR_5alloc3ffi5c_strNtBa_7CString3newReNtB5_11SpecNewImpl13spec_new_impl (in /mnt/c/Users/guido/ghq/projects/rustdom/dist/rustdom.node)
==2443640==    by 0x22E3A8DF: _RNvMs2_NtNtCs4QMHp0v7l6B_4napi9js_values15object_propertyNtB5_8Property14with_utf8_name (in /mnt/c/Users/guido/ghq/projects/rustdom/dist/rustdom.node)
==2443640==    by 0x22DD883F: _RNvNvNtNtNtCs45HKutVyWu4_7rustdom3dom4tree32___napi_impl_helper_NativeTree_1536___napi_register__NativeTree_impl_40020___ctor_private_inner (in /mnt/c/Users/guido/ghq/projects/rustdom/dist/rustdom.node)
==2443640==    by 0x22DFFF35: _RNvNvNvNvNtNtNtCs45HKutVyWu4_7rustdom3dom4tree32___napi_impl_helper_NativeTree_1536___napi_register__NativeTree_impl_4001__18___CTOR_PRIVATE_REF14___ctor_private (in /mnt/c/Users/guido/ghq/projects/rustdom/dist/rustdom.node)
==2443640==    by 0x681447D: call_init.part.0 (dl-init.c:70)
==2443640==    by 0x6814567: call_init (dl-init.c:33)
==2443640==    by 0x6814567: _dl_init (dl-init.c:117)
==2443640==    by 0x7522BB4: _dl_catch_exception (dl-error-skeleton.c:182)
==2443640==    by 0x681BFF5: dl_open_worker (dl-open.c:808)
==2443640==    by 0x681BFF5: dl_open_worker (dl-open.c:771)
==2443640==    by 0x7522B57: _dl_catch_exception (dl-error-skeleton.c:208)
==2443640==    by 0x681C34D: _dl_open (dl-open.c:883)
==2443640==    by 0x743E5FB: dlopen_doit (dlopen.c:56)
==2443640== 
==2443640== 18 bytes in 1 blocks are possibly lost in loss record 231 of 377
==2443640==    at 0x7056899: malloc (in /mnt/c/Users/guido/ghq/projects/rustdom/.tools/valgrind/usr/libexec/valgrind/vgpreload_memcheck-amd64-linux.so)
==2443640==    by 0x22E8FC22: _RNvXs0_NvMs_NtNtCs6i54tJFfzR_5alloc3ffi5c_strNtBa_7CString3newReNtB5_11SpecNewImpl13spec_new_impl (in /mnt/c/Users/guido/ghq/projects/rustdom/dist/rustdom.node)
==2443640==    by 0x22E3A8DF: _RNvMs2_NtNtCs4QMHp0v7l6B_4napi9js_values15object_propertyNtB5_8Property14with_utf8_name (in /mnt/c/Users/guido/ghq/projects/rustdom/dist/rustdom.node)
==2443640==    by 0x22DDB64D: _RNvNvNtNtNtCs45HKutVyWu4_7rustdom3dom4tree32___napi_impl_helper_NativeTree_1536___napi_register__NativeTree_impl_40020___ctor_private_inner (in /mnt/c/Users/guido/ghq/projects/rustdom/dist/rustdom.node)
==2443640==    by 0x22DFFF35: _RNvNvNvNvNtNtNtCs45HKutVyWu4_7rustdom3dom4tree32___napi_impl_helper_NativeTree_1536___napi_register__NativeTree_impl_4001__18___CTOR_PRIVATE_REF14___ctor_private (in /mnt/c/Users/guido/ghq/projects/rustdom/dist/rustdom.node)
==2443640==    by 0x681447D: call_init.part.0 (dl-init.c:70)
==2443640==    by 0x6814567: call_init (dl-init.c:33)
==2443640==    by 0x6814567: _dl_init (dl-init.c:117)
==2443640==    by 0x7522BB4: _dl_catch_exception (dl-error-skeleton.c:182)
==2443640==    by 0x681BFF5: dl_open_worker (dl-open.c:808)
==2443640==    by 0x681BFF5: dl_open_worker (dl-open.c:771)
==2443640==    by 0x7522B57: _dl_catch_exception (dl-error-skeleton.c:208)
==2443640==    by 0x681C34D: _dl_open (dl-open.c:883)
==2443640==    by 0x743E5FB: dlopen_doit (dlopen.c:56)
==2443640== 
==2443640== 18 bytes in 1 blocks are possibly lost in loss record 232 of 377
==2443640==    at 0x7056899: malloc (in /mnt/c/Users/guido/ghq/projects/rustdom/.tools/valgrind/usr/libexec/valgrind/vgpreload_memcheck-amd64-linux.so)
==2443640==    by 0x22E8FC22: _RNvXs0_NvMs_NtNtCs6i54tJFfzR_5alloc3ffi5c_strNtBa_7CString3newReNtB5_11SpecNewImpl13spec_new_impl (in /mnt/c/Users/guido/ghq/projects/rustdom/dist/rustdom.node)
==2443640==    by 0x22E3A8DF: _RNvMs2_NtNtCs4QMHp0v7l6B_4napi9js_values15object_propertyNtB5_8Property14with_utf8_name (in /mnt/c/Users/guido/ghq/projects/rustdom/dist/rustdom.node)
==2443640==    by 0x22DDBA65: _RNvNvNtNtNtCs45HKutVyWu4_7rustdom3dom4tree32___napi_impl_helper_NativeTree_1536___napi_register__NativeTree_impl_40020___ctor_private_inner (in /mnt/c/Users/guido/ghq/projects/rustdom/dist/rustdom.node)
==2443640==    by 0x22DFFF35: _RNvNvNvNvNtNtNtCs45HKutVyWu4_7rustdom3dom4tree32___napi_impl_helper_NativeTree_1536___napi_register__NativeTree_impl_4001__18___CTOR_PRIVATE_REF14___ctor_private (in /mnt/c/Users/guido/ghq/projects/rustdom/dist/rustdom.node)
==2443640==    by 0x681447D: call_init.part.0 (dl-init.c:70)
==2443640==    by 0x6814567: call_init (dl-init.c:33)
==2443640==    by 0x6814567: _dl_init (dl-init.c:117)
==2443640==    by 0x7522BB4: _dl_catch_exception (dl-error-skeleton.c:182)
==2443640==    by 0x681BFF5: dl_open_worker (dl-open.c:808)
==2443640==    by 0x681BFF5: dl_open_worker (dl-open.c:771)
==2443640==    by 0x7522B57: _dl_catch_exception (dl-error-skeleton.c:208)
==2443640==    by 0x681C34D: _dl_open (dl-open.c:883)
==2443640==    by 0x743E5FB: dlopen_doit (dlopen.c:56)
==2443640== 
==2443640== 18 bytes in 1 blocks are possibly lost in loss record 233 of 377
==2443640==    at 0x7056899: malloc (in /mnt/c/Users/guido/ghq/projects/rustdom/.tools/valgrind/usr/libexec/valgrind/vgpreload_memcheck-amd64-linux.so)
==2443640==    by 0x22E8FC22: _RNvXs0_NvMs_NtNtCs6i54tJFfzR_5alloc3ffi5c_strNtBa_7CString3newReNtB5_11SpecNewImpl13spec_new_impl (in /mnt/c/Users/guido/ghq/projects/rustdom/dist/rustdom.node)
==2443640==    by 0x22E3A8DF: _RNvMs2_NtNtCs4QMHp0v7l6B_4napi9js_values15object_propertyNtB5_8Property14with_utf8_name (in /mnt/c/Users/guido/ghq/projects/rustdom/dist/rustdom.node)
==2443640==    by 0x22DDD3FB: _RNvNvNtNtNtCs45HKutVyWu4_7rustdom3dom4tree32___napi_impl_helper_NativeTree_1536___napi_register__NativeTree_impl_40020___ctor_private_inner (in /mnt/c/Users/guido/ghq/projects/rustdom/dist/rustdom.node)
==2443640==    by 0x22DFFF35: _RNvNvNvNvNtNtNtCs45HKutVyWu4_7rustdom3dom4tree32___napi_impl_helper_NativeTree_1536___napi_register__NativeTree_impl_4001__18___CTOR_PRIVATE_REF14___ctor_private (in /mnt/c/Users/guido/ghq/projects/rustdom/dist/rustdom.node)
==2443640==    by 0x681447D: call_init.part.0 (dl-init.c:70)
==2443640==    by 0x6814567: call_init (dl-init.c:33)
==2443640==    by 0x6814567: _dl_init (dl-init.c:117)
==2443640==    by 0x7522BB4: _dl_catch_exception (dl-error-skeleton.c:182)
==2443640==    by 0x681BFF5: dl_open_worker (dl-open.c:808)
==2443640==    by 0x681BFF5: dl_open_worker (dl-open.c:771)
==2443640==    by 0x7522B57: _dl_catch_exception (dl-error-skeleton.c:208)
==2443640==    by 0x681C34D: _dl_open (dl-open.c:883)
==2443640==    by 0x743E5FB: dlopen_doit (dlopen.c:56)
==2443640== 
==2443640== 18 bytes in 1 blocks are possibly lost in loss record 234 of 377
==2443640==    at 0x7056899: malloc (in /mnt/c/Users/guido/ghq/projects/rustdom/.tools/valgrind/usr/libexec/valgrind/vgpreload_memcheck-amd64-linux.so)
==2443640==    by 0x22E8FC22: _RNvXs0_NvMs_NtNtCs6i54tJFfzR_5alloc3ffi5c_strNtBa_7CString3newReNtB5_11SpecNewImpl13spec_new_impl (in /mnt/c/Users/guido/ghq/projects/rustdom/dist/rustdom.node)
==2443640==    by 0x22E3A8DF: _RNvMs2_NtNtCs4QMHp0v7l6B_4napi9js_values15object_propertyNtB5_8Property14with_utf8_name (in /mnt/c/Users/guido/ghq/projects/rustdom/dist/rustdom.node)
==2443640==    by 0x22DDDF3D: _RNvNvNtNtNtCs45HKutVyWu4_7rustdom3dom4tree32___napi_impl_helper_NativeTree_1536___napi_register__NativeTree_impl_40020___ctor_private_inner (in /mnt/c/Users/guido/ghq/projects/rustdom/dist/rustdom.node)
==2443640==    by 0x22DFFF35: _RNvNvNvNvNtNtNtCs45HKutVyWu4_7rustdom3dom4tree32___napi_impl_helper_NativeTree_1536___napi_register__NativeTree_impl_4001__18___CTOR_PRIVATE_REF14___ctor_private (in /mnt/c/Users/guido/ghq/projects/rustdom/dist/rustdom.node)
==2443640==    by 0x681447D: call_init.part.0 (dl-init.c:70)
==2443640==    by 0x6814567: call_init (dl-init.c:33)
==2443640==    by 0x6814567: _dl_init (dl-init.c:117)
==2443640==    by 0x7522BB4: _dl_catch_exception (dl-error-skeleton.c:182)
==2443640==    by 0x681BFF5: dl_open_worker (dl-open.c:808)
==2443640==    by 0x681BFF5: dl_open_worker (dl-open.c:771)
==2443640==    by 0x7522B57: _dl_catch_exception (dl-error-skeleton.c:208)
==2443640==    by 0x681C34D: _dl_open (dl-open.c:883)
==2443640==    by 0x743E5FB: dlopen_doit (dlopen.c:56)
==2443640== 
==2443640== 18 bytes in 1 blocks are possibly lost in loss record 235 of 377
==2443640==    at 0x7056899: malloc (in /mnt/c/Users/guido/ghq/projects/rustdom/.tools/valgrind/usr/libexec/valgrind/vgpreload_memcheck-amd64-linux.so)
==2443640==    by 0x22E8FC22: _RNvXs0_NvMs_NtNtCs6i54tJFfzR_5alloc3ffi5c_strNtBa_7CString3newReNtB5_11SpecNewImpl13spec_new_impl (in /mnt/c/Users/guido/ghq/projects/rustdom/dist/rustdom.node)
==2443640==    by 0x22E3A8DF: _RNvMs2_NtNtCs4QMHp0v7l6B_4napi9js_values15object_propertyNtB5_8Property14with_utf8_name (in /mnt/c/Users/guido/ghq/projects/rustdom/dist/rustdom.node)
==2443640==    by 0x22DDE24F: _RNvNvNtNtNtCs45HKutVyWu4_7rustdom3dom4tree32___napi_impl_helper_NativeTree_1536___napi_register__NativeTree_impl_40020___ctor_private_inner (in /mnt/c/Users/guido/ghq/projects/rustdom/dist/rustdom.node)
==2443640==    by 0x22DFFF35: _RNvNvNvNvNtNtNtCs45HKutVyWu4_7rustdom3dom4tree32___napi_impl_helper_NativeTree_1536___napi_register__NativeTree_impl_4001__18___CTOR_PRIVATE_REF14___ctor_private (in /mnt/c/Users/guido/ghq/projects/rustdom/dist/rustdom.node)
==2443640==    by 0x681447D: call_init.part.0 (dl-init.c:70)
==2443640==    by 0x6814567: call_init (dl-init.c:33)
==2443640==    by 0x6814567: _dl_init (dl-init.c:117)
==2443640==    by 0x7522BB4: _dl_catch_exception (dl-error-skeleton.c:182)
==2443640==    by 0x681BFF5: dl_open_worker (dl-open.c:808)
==2443640==    by 0x681BFF5: dl_open_worker (dl-open.c:771)
==2443640==    by 0x7522B57: _dl_catch_exception (dl-error-skeleton.c:208)
==2443640==    by 0x681C34D: _dl_open (dl-open.c:883)
==2443640==    by 0x743E5FB: dlopen_doit (dlopen.c:56)
==2443640== 
==2443640== 19 bytes in 1 blocks are possibly lost in loss record 236 of 377
==2443640==    at 0x7056899: malloc (in /mnt/c/Users/guido/ghq/projects/rustdom/.tools/valgrind/usr/libexec/valgrind/vgpreload_memcheck-amd64-linux.so)
==2443640==    by 0x22E8FC22: _RNvXs0_NvMs_NtNtCs6i54tJFfzR_5alloc3ffi5c_strNtBa_7CString3newReNtB5_11SpecNewImpl13spec_new_impl (in /mnt/c/Users/guido/ghq/projects/rustdom/dist/rustdom.node)
==2443640==    by 0x22E3A8DF: _RNvMs2_NtNtCs4QMHp0v7l6B_4napi9js_values15object_propertyNtB5_8Property14with_utf8_name (in /mnt/c/Users/guido/ghq/projects/rustdom/dist/rustdom.node)
==2443640==    by 0x22DEF0DA: _RNvNvNvNvNtNtNtCs45HKutVyWu4_7rustdom3dom19event_state_binding37___napi_impl_helper_NativeEventState_442___napi_register__NativeEventState_impl_1011__18___CTOR_PRIVATE_REF14___ctor_private (in /mnt/c/Users/guido/ghq/projects/rustdom/dist/rustdom.node)
==2443640==    by 0x681447D: call_init.part.0 (dl-init.c:70)
==2443640==    by 0x6814567: call_init (dl-init.c:33)
==2443640==    by 0x6814567: _dl_init (dl-init.c:117)
==2443640==    by 0x7522BB4: _dl_catch_exception (dl-error-skeleton.c:182)
==2443640==    by 0x681BFF5: dl_open_worker (dl-open.c:808)
==2443640==    by 0x681BFF5: dl_open_worker (dl-open.c:771)
==2443640==    by 0x7522B57: _dl_catch_exception (dl-error-skeleton.c:208)
==2443640==    by 0x681C34D: _dl_open (dl-open.c:883)
==2443640==    by 0x743E5FB: dlopen_doit (dlopen.c:56)
==2443640==    by 0x7522B57: _dl_catch_exception (dl-error-skeleton.c:208)
==2443640== 
==2443640== 19 bytes in 1 blocks are possibly lost in loss record 237 of 377
==2443640==    at 0x7056899: malloc (in /mnt/c/Users/guido/ghq/projects/rustdom/.tools/valgrind/usr/libexec/valgrind/vgpreload_memcheck-amd64-linux.so)
==2443640==    by 0x22E8FC22: _RNvXs0_NvMs_NtNtCs6i54tJFfzR_5alloc3ffi5c_strNtBa_7CString3newReNtB5_11SpecNewImpl13spec_new_impl (in /mnt/c/Users/guido/ghq/projects/rustdom/dist/rustdom.node)
==2443640==    by 0x22E3A8DF: _RNvMs2_NtNtCs4QMHp0v7l6B_4napi9js_values15object_propertyNtB5_8Property14with_utf8_name (in /mnt/c/Users/guido/ghq/projects/rustdom/dist/rustdom.node)
==2443640==    by 0x22DF02DB: _RNvNvNvNvNtNtNtCs45HKutVyWu4_7rustdom3dom19event_state_binding37___napi_impl_helper_NativeEventState_442___napi_register__NativeEventState_impl_1011__18___CTOR_PRIVATE_REF14___ctor_private (in /mnt/c/Users/guido/ghq/projects/rustdom/dist/rustdom.node)
==2443640==    by 0x681447D: call_init.part.0 (dl-init.c:70)
==2443640==    by 0x6814567: call_init (dl-init.c:33)
==2443640==    by 0x6814567: _dl_init (dl-init.c:117)
==2443640==    by 0x7522BB4: _dl_catch_exception (dl-error-skeleton.c:182)
==2443640==    by 0x681BFF5: dl_open_worker (dl-open.c:808)
==2443640==    by 0x681BFF5: dl_open_worker (dl-open.c:771)
==2443640==    by 0x7522B57: _dl_catch_exception (dl-error-skeleton.c:208)
==2443640==    by 0x681C34D: _dl_open (dl-open.c:883)
==2443640==    by 0x743E5FB: dlopen_doit (dlopen.c:56)
==2443640==    by 0x7522B57: _dl_catch_exception (dl-error-skeleton.c:208)
==2443640== 
==2443640== 19 bytes in 1 blocks are possibly lost in loss record 238 of 377
==2443640==    at 0x7056899: malloc (in /mnt/c/Users/guido/ghq/projects/rustdom/.tools/valgrind/usr/libexec/valgrind/vgpreload_memcheck-amd64-linux.so)
==2443640==    by 0x22E8FC22: _RNvXs0_NvMs_NtNtCs6i54tJFfzR_5alloc3ffi5c_strNtBa_7CString3newReNtB5_11SpecNewImpl13spec_new_impl (in /mnt/c/Users/guido/ghq/projects/rustdom/dist/rustdom.node)
==2443640==    by 0x22E3A8DF: _RNvMs2_NtNtCs4QMHp0v7l6B_4napi9js_values15object_propertyNtB5_8Property14with_utf8_name (in /mnt/c/Users/guido/ghq/projects/rustdom/dist/rustdom.node)
==2443640==    by 0x22DF38CB: _RNvNvNvNvNtNtNtCs45HKutVyWu4_7rustdom3dom19range_state_binding33___napi_impl_helper_NativeRange_1037___napi_register__NativeRange_impl_1951__18___CTOR_PRIVATE_REF14___ctor_private (in /mnt/c/Users/guido/ghq/projects/rustdom/dist/rustdom.node)
==2443640==    by 0x681447D: call_init.part.0 (dl-init.c:70)
==2443640==    by 0x6814567: call_init (dl-init.c:33)
==2443640==    by 0x6814567: _dl_init (dl-init.c:117)
==2443640==    by 0x7522BB4: _dl_catch_exception (dl-error-skeleton.c:182)
==2443640==    by 0x681BFF5: dl_open_worker (dl-open.c:808)
==2443640==    by 0x681BFF5: dl_open_worker (dl-open.c:771)
==2443640==    by 0x7522B57: _dl_catch_exception (dl-error-skeleton.c:208)
==2443640==    by 0x681C34D: _dl_open (dl-open.c:883)
==2443640==    by 0x743E5FB: dlopen_doit (dlopen.c:56)
==2443640==    by 0x7522B57: _dl_catch_exception (dl-error-skeleton.c:208)
==2443640== 
==2443640== 19 bytes in 1 blocks are possibly lost in loss record 239 of 377
==2443640==    at 0x7056899: malloc (in /mnt/c/Users/guido/ghq/projects/rustdom/.tools/valgrind/usr/libexec/valgrind/vgpreload_memcheck-amd64-linux.so)
==2443640==    by 0x22E8FC22: _RNvXs0_NvMs_NtNtCs6i54tJFfzR_5alloc3ffi5c_strNtBa_7CString3newReNtB5_11SpecNewImpl13spec_new_impl (in /mnt/c/Users/guido/ghq/projects/rustdom/dist/rustdom.node)
==2443640==    by 0x22E3A8DF: _RNvMs2_NtNtCs4QMHp0v7l6B_4napi9js_values15object_propertyNtB5_8Property14with_utf8_name (in /mnt/c/Users/guido/ghq/projects/rustdom/dist/rustdom.node)
==2443640==    by 0x22DFAFF0: _RNvNvNvNvNtNtNtCs45HKutVyWu4_7rustdom3dom23mutation_record_binding41___napi_impl_helper_NativeMutationRecord_646___napi_register__NativeMutationRecord_impl_1321__18___CTOR_PRIVATE_REF14___ctor_private (in /mnt/c/Users/guido/ghq/projects/rustdom/dist/rustdom.node)
==2443640==    by 0x681447D: call_init.part.0 (dl-init.c:70)
==2443640==    by 0x6814567: call_init (dl-init.c:33)
==2443640==    by 0x6814567: _dl_init (dl-init.c:117)
==2443640==    by 0x7522BB4: _dl_catch_exception (dl-error-skeleton.c:182)
==2443640==    by 0x681BFF5: dl_open_worker (dl-open.c:808)
==2443640==    by 0x681BFF5: dl_open_worker (dl-open.c:771)
==2443640==    by 0x7522B57: _dl_catch_exception (dl-error-skeleton.c:208)
==2443640==    by 0x681C34D: _dl_open (dl-open.c:883)
==2443640==    by 0x743E5FB: dlopen_doit (dlopen.c:56)
==2443640==    by 0x7522B57: _dl_catch_exception (dl-error-skeleton.c:208)
==2443640== 
==2443640== 19 bytes in 1 blocks are possibly lost in loss record 240 of 377
==2443640==    at 0x7056899: malloc (in /mnt/c/Users/guido/ghq/projects/rustdom/.tools/valgrind/usr/libexec/valgrind/vgpreload_memcheck-amd64-linux.so)
==2443640==    by 0x22E8FC22: _RNvXs0_NvMs_NtNtCs6i54tJFfzR_5alloc3ffi5c_strNtBa_7CString3newReNtB5_11SpecNewImpl13spec_new_impl (in /mnt/c/Users/guido/ghq/projects/rustdom/dist/rustdom.node)
==2443640==    by 0x22E3A8DF: _RNvMs2_NtNtCs4QMHp0v7l6B_4napi9js_values15object_propertyNtB5_8Property14with_utf8_name (in /mnt/c/Users/guido/ghq/projects/rustdom/dist/rustdom.node)
==2443640==    by 0x22DFD192: _RNvNvNvNvNtNtNtCs45HKutVyWu4_7rustdom3dom25observer_delivery_binding43___napi_impl_helper_NativeObserverDelivery_748___napi_register__NativeObserverDelivery_impl_1451__18___CTOR_PRIVATE_REF14___ctor_private (in /mnt/c/Users/guido/ghq/projects/rustdom/dist/rustdom.node)
==2443640==    by 0x681447D: call_init.part.0 (dl-init.c:70)
==2443640==    by 0x6814567: call_init (dl-init.c:33)
==2443640==    by 0x6814567: _dl_init (dl-init.c:117)
==2443640==    by 0x7522BB4: _dl_catch_exception (dl-error-skeleton.c:182)
==2443640==    by 0x681BFF5: dl_open_worker (dl-open.c:808)
==2443640==    by 0x681BFF5: dl_open_worker (dl-open.c:771)
==2443640==    by 0x7522B57: _dl_catch_exception (dl-error-skeleton.c:208)
==2443640==    by 0x681C34D: _dl_open (dl-open.c:883)
==2443640==    by 0x743E5FB: dlopen_doit (dlopen.c:56)
==2443640==    by 0x7522B57: _dl_catch_exception (dl-error-skeleton.c:208)
==2443640== 
==2443640== 19 bytes in 1 blocks are possibly lost in loss record 241 of 377
==2443640==    at 0x7056899: malloc (in /mnt/c/Users/guido/ghq/projects/rustdom/.tools/valgrind/usr/libexec/valgrind/vgpreload_memcheck-amd64-linux.so)
==2443640==    by 0x22E8FC22: _RNvXs0_NvMs_NtNtCs6i54tJFfzR_5alloc3ffi5c_strNtBa_7CString3newReNtB5_11SpecNewImpl13spec_new_impl (in /mnt/c/Users/guido/ghq/projects/rustdom/dist/rustdom.node)
==2443640==    by 0x22E3A8DF: _RNvMs2_NtNtCs4QMHp0v7l6B_4napi9js_values15object_propertyNtB5_8Property14with_utf8_name (in /mnt/c/Users/guido/ghq/projects/rustdom/dist/rustdom.node)
==2443640==    by 0x22DFE8E3: _RNvNvNvNvNtNtNtCs45HKutVyWu4_7rustdom3dom4tree32___napi_impl_helper_NativeTree_1436___napi_register__NativeTree_impl_2671__18___CTOR_PRIVATE_REF14___ctor_private (in /mnt/c/Users/guido/ghq/projects/rustdom/dist/rustdom.node)
==2443640==    by 0x681447D: call_init.part.0 (dl-init.c:70)
==2443640==    by 0x6814567: call_init (dl-init.c:33)
==2443640==    by 0x6814567: _dl_init (dl-init.c:117)
==2443640==    by 0x7522BB4: _dl_catch_exception (dl-error-skeleton.c:182)
==2443640==    by 0x681BFF5: dl_open_worker (dl-open.c:808)
==2443640==    by 0x681BFF5: dl_open_worker (dl-open.c:771)
==2443640==    by 0x7522B57: _dl_catch_exception (dl-error-skeleton.c:208)
==2443640==    by 0x681C34D: _dl_open (dl-open.c:883)
==2443640==    by 0x743E5FB: dlopen_doit (dlopen.c:56)
==2443640==    by 0x7522B57: _dl_catch_exception (dl-error-skeleton.c:208)
==2443640== 
==2443640== 19 bytes in 1 blocks are possibly lost in loss record 242 of 377
==2443640==    at 0x7056899: malloc (in /mnt/c/Users/guido/ghq/projects/rustdom/.tools/valgrind/usr/libexec/valgrind/vgpreload_memcheck-amd64-linux.so)
==2443640==    by 0x22E8FC22: _RNvXs0_NvMs_NtNtCs6i54tJFfzR_5alloc3ffi5c_strNtBa_7CString3newReNtB5_11SpecNewImpl13spec_new_impl (in /mnt/c/Users/guido/ghq/projects/rustdom/dist/rustdom.node)
==2443640==    by 0x22E3A8DF: _RNvMs2_NtNtCs4QMHp0v7l6B_4napi9js_values15object_propertyNtB5_8Property14with_utf8_name (in /mnt/c/Users/guido/ghq/projects/rustdom/dist/rustdom.node)
==2443640==    by 0x22DD820A: _RNvNvNtNtNtCs45HKutVyWu4_7rustdom3dom4tree32___napi_impl_helper_NativeTree_1536___napi_register__NativeTree_impl_40020___ctor_private_inner (in /mnt/c/Users/guido/ghq/projects/rustdom/dist/rustdom.node)
==2443640==    by 0x22DFFF35: _RNvNvNvNvNtNtNtCs45HKutVyWu4_7rustdom3dom4tree32___napi_impl_helper_NativeTree_1536___napi_register__NativeTree_impl_4001__18___CTOR_PRIVATE_REF14___ctor_private (in /mnt/c/Users/guido/ghq/projects/rustdom/dist/rustdom.node)
==2443640==    by 0x681447D: call_init.part.0 (dl-init.c:70)
==2443640==    by 0x6814567: call_init (dl-init.c:33)
==2443640==    by 0x6814567: _dl_init (dl-init.c:117)
==2443640==    by 0x7522BB4: _dl_catch_exception (dl-error-skeleton.c:182)
==2443640==    by 0x681BFF5: dl_open_worker (dl-open.c:808)
==2443640==    by 0x681BFF5: dl_open_worker (dl-open.c:771)
==2443640==    by 0x7522B57: _dl_catch_exception (dl-error-skeleton.c:208)
==2443640==    by 0x681C34D: _dl_open (dl-open.c:883)
==2443640==    by 0x743E5FB: dlopen_doit (dlopen.c:56)
==2443640== 
==2443640== 19 bytes in 1 blocks are possibly lost in loss record 243 of 377
==2443640==    at 0x7056899: malloc (in /mnt/c/Users/guido/ghq/projects/rustdom/.tools/valgrind/usr/libexec/valgrind/vgpreload_memcheck-amd64-linux.so)
==2443640==    by 0x22E8FC22: _RNvXs0_NvMs_NtNtCs6i54tJFfzR_5alloc3ffi5c_strNtBa_7CString3newReNtB5_11SpecNewImpl13spec_new_impl (in /mnt/c/Users/guido/ghq/projects/rustdom/dist/rustdom.node)
==2443640==    by 0x22E3A8DF: _RNvMs2_NtNtCs4QMHp0v7l6B_4napi9js_values15object_propertyNtB5_8Property14with_utf8_name (in /mnt/c/Users/guido/ghq/projects/rustdom/dist/rustdom.node)
==2443640==    by 0x22DD9DBD: _RNvNvNtNtNtCs45HKutVyWu4_7rustdom3dom4tree32___napi_impl_helper_NativeTree_1536___napi_register__NativeTree_impl_40020___ctor_private_inner (in /mnt/c/Users/guido/ghq/projects/rustdom/dist/rustdom.node)
==2443640==    by 0x22DFFF35: _RNvNvNvNvNtNtNtCs45HKutVyWu4_7rustdom3dom4tree32___napi_impl_helper_NativeTree_1536___napi_register__NativeTree_impl_4001__18___CTOR_PRIVATE_REF14___ctor_private (in /mnt/c/Users/guido/ghq/projects/rustdom/dist/rustdom.node)
==2443640==    by 0x681447D: call_init.part.0 (dl-init.c:70)
==2443640==    by 0x6814567: call_init (dl-init.c:33)
==2443640==    by 0x6814567: _dl_init (dl-init.c:117)
==2443640==    by 0x7522BB4: _dl_catch_exception (dl-error-skeleton.c:182)
==2443640==    by 0x681BFF5: dl_open_worker (dl-open.c:808)
==2443640==    by 0x681BFF5: dl_open_worker (dl-open.c:771)
==2443640==    by 0x7522B57: _dl_catch_exception (dl-error-skeleton.c:208)
==2443640==    by 0x681C34D: _dl_open (dl-open.c:883)
==2443640==    by 0x743E5FB: dlopen_doit (dlopen.c:56)
==2443640== 
==2443640== 19 bytes in 1 blocks are possibly lost in loss record 244 of 377
==2443640==    at 0x7056899: malloc (in /mnt/c/Users/guido/ghq/projects/rustdom/.tools/valgrind/usr/libexec/valgrind/vgpreload_memcheck-amd64-linux.so)
==2443640==    by 0x22E8FC22: _RNvXs0_NvMs_NtNtCs6i54tJFfzR_5alloc3ffi5c_strNtBa_7CString3newReNtB5_11SpecNewImpl13spec_new_impl (in /mnt/c/Users/guido/ghq/projects/rustdom/dist/rustdom.node)
==2443640==    by 0x22E3A8DF: _RNvMs2_NtNtCs4QMHp0v7l6B_4napi9js_values15object_propertyNtB5_8Property14with_utf8_name (in /mnt/c/Users/guido/ghq/projects/rustdom/dist/rustdom.node)
==2443640==    by 0x22DDA1D5: _RNvNvNtNtNtCs45HKutVyWu4_7rustdom3dom4tree32___napi_impl_helper_NativeTree_1536___napi_register__NativeTree_impl_40020___ctor_private_inner (in /mnt/c/Users/guido/ghq/projects/rustdom/dist/rustdom.node)
==2443640==    by 0x22DFFF35: _RNvNvNvNvNtNtNtCs45HKutVyWu4_7rustdom3dom4tree32___napi_impl_helper_NativeTree_1536___napi_register__NativeTree_impl_4001__18___CTOR_PRIVATE_REF14___ctor_private (in /mnt/c/Users/guido/ghq/projects/rustdom/dist/rustdom.node)
==2443640==    by 0x681447D: call_init.part.0 (dl-init.c:70)
==2443640==    by 0x6814567: call_init (dl-init.c:33)
==2443640==    by 0x6814567: _dl_init (dl-init.c:117)
==2443640==    by 0x7522BB4: _dl_catch_exception (dl-error-skeleton.c:182)
==2443640==    by 0x681BFF5: dl_open_worker (dl-open.c:808)
==2443640==    by 0x681BFF5: dl_open_worker (dl-open.c:771)
==2443640==    by 0x7522B57: _dl_catch_exception (dl-error-skeleton.c:208)
==2443640==    by 0x681C34D: _dl_open (dl-open.c:883)
==2443640==    by 0x743E5FB: dlopen_doit (dlopen.c:56)
==2443640== 
==2443640== 19 bytes in 1 blocks are possibly lost in loss record 245 of 377
==2443640==    at 0x7056899: malloc (in /mnt/c/Users/guido/ghq/projects/rustdom/.tools/valgrind/usr/libexec/valgrind/vgpreload_memcheck-amd64-linux.so)
==2443640==    by 0x22E8FC22: _RNvXs0_NvMs_NtNtCs6i54tJFfzR_5alloc3ffi5c_strNtBa_7CString3newReNtB5_11SpecNewImpl13spec_new_impl (in /mnt/c/Users/guido/ghq/projects/rustdom/dist/rustdom.node)
==2443640==    by 0x22E3A8DF: _RNvMs2_NtNtCs4QMHp0v7l6B_4napi9js_values15object_propertyNtB5_8Property14with_utf8_name (in /mnt/c/Users/guido/ghq/projects/rustdom/dist/rustdom.node)
==2443640==    by 0x22DDA8FF: _RNvNvNtNtNtCs45HKutVyWu4_7rustdom3dom4tree32___napi_impl_helper_NativeTree_1536___napi_register__NativeTree_impl_40020___ctor_private_inner (in /mnt/c/Users/guido/ghq/projects/rustdom/dist/rustdom.node)
==2443640==    by 0x22DFFF35: _RNvNvNvNvNtNtNtCs45HKutVyWu4_7rustdom3dom4tree32___napi_impl_helper_NativeTree_1536___napi_register__NativeTree_impl_4001__18___CTOR_PRIVATE_REF14___ctor_private (in /mnt/c/Users/guido/ghq/projects/rustdom/dist/rustdom.node)
==2443640==    by 0x681447D: call_init.part.0 (dl-init.c:70)
==2443640==    by 0x6814567: call_init (dl-init.c:33)
==2443640==    by 0x6814567: _dl_init (dl-init.c:117)
==2443640==    by 0x7522BB4: _dl_catch_exception (dl-error-skeleton.c:182)
==2443640==    by 0x681BFF5: dl_open_worker (dl-open.c:808)
==2443640==    by 0x681BFF5: dl_open_worker (dl-open.c:771)
==2443640==    by 0x7522B57: _dl_catch_exception (dl-error-skeleton.c:208)
==2443640==    by 0x681C34D: _dl_open (dl-open.c:883)
==2443640==    by 0x743E5FB: dlopen_doit (dlopen.c:56)
==2443640== 
==2443640== 19 bytes in 1 blocks are possibly lost in loss record 246 of 377
==2443640==    at 0x7056899: malloc (in /mnt/c/Users/guido/ghq/projects/rustdom/.tools/valgrind/usr/libexec/valgrind/vgpreload_memcheck-amd64-linux.so)
==2443640==    by 0x22E8FC22: _RNvXs0_NvMs_NtNtCs6i54tJFfzR_5alloc3ffi5c_strNtBa_7CString3newReNtB5_11SpecNewImpl13spec_new_impl (in /mnt/c/Users/guido/ghq/projects/rustdom/dist/rustdom.node)
==2443640==    by 0x22E3A8DF: _RNvMs2_NtNtCs4QMHp0v7l6B_4napi9js_values15object_propertyNtB5_8Property14with_utf8_name (in /mnt/c/Users/guido/ghq/projects/rustdom/dist/rustdom.node)
==2443640==    by 0x22DDBE7D: _RNvNvNtNtNtCs45HKutVyWu4_7rustdom3dom4tree32___napi_impl_helper_NativeTree_1536___napi_register__NativeTree_impl_40020___ctor_private_inner (in /mnt/c/Users/guido/ghq/projects/rustdom/dist/rustdom.node)
==2443640==    by 0x22DFFF35: _RNvNvNvNvNtNtNtCs45HKutVyWu4_7rustdom3dom4tree32___napi_impl_helper_NativeTree_1536___napi_register__NativeTree_impl_4001__18___CTOR_PRIVATE_REF14___ctor_private (in /mnt/c/Users/guido/ghq/projects/rustdom/dist/rustdom.node)
==2443640==    by 0x681447D: call_init.part.0 (dl-init.c:70)
==2443640==    by 0x6814567: call_init (dl-init.c:33)
==2443640==    by 0x6814567: _dl_init (dl-init.c:117)
==2443640==    by 0x7522BB4: _dl_catch_exception (dl-error-skeleton.c:182)
==2443640==    by 0x681BFF5: dl_open_worker (dl-open.c:808)
==2443640==    by 0x681BFF5: dl_open_worker (dl-open.c:771)
==2443640==    by 0x7522B57: _dl_catch_exception (dl-error-skeleton.c:208)
==2443640==    by 0x681C34D: _dl_open (dl-open.c:883)
==2443640==    by 0x743E5FB: dlopen_doit (dlopen.c:56)
==2443640== 
==2443640== 19 bytes in 1 blocks are possibly lost in loss record 247 of 377
==2443640==    at 0x7056899: malloc (in /mnt/c/Users/guido/ghq/projects/rustdom/.tools/valgrind/usr/libexec/valgrind/vgpreload_memcheck-amd64-linux.so)
==2443640==    by 0x22E8FC22: _RNvXs0_NvMs_NtNtCs6i54tJFfzR_5alloc3ffi5c_strNtBa_7CString3newReNtB5_11SpecNewImpl13spec_new_impl (in /mnt/c/Users/guido/ghq/projects/rustdom/dist/rustdom.node)
==2443640==    by 0x22E3A8DF: _RNvMs2_NtNtCs4QMHp0v7l6B_4napi9js_values15object_propertyNtB5_8Property14with_utf8_name (in /mnt/c/Users/guido/ghq/projects/rustdom/dist/rustdom.node)
==2443640==    by 0x22DDC18F: _RNvNvNtNtNtCs45HKutVyWu4_7rustdom3dom4tree32___napi_impl_helper_NativeTree_1536___napi_register__NativeTree_impl_40020___ctor_private_inner (in /mnt/c/Users/guido/ghq/projects/rustdom/dist/rustdom.node)
==2443640==    by 0x22DFFF35: _RNvNvNvNvNtNtNtCs45HKutVyWu4_7rustdom3dom4tree32___napi_impl_helper_NativeTree_1536___napi_register__NativeTree_impl_4001__18___CTOR_PRIVATE_REF14___ctor_private (in /mnt/c/Users/guido/ghq/projects/rustdom/dist/rustdom.node)
==2443640==    by 0x681447D: call_init.part.0 (dl-init.c:70)
==2443640==    by 0x6814567: call_init (dl-init.c:33)
==2443640==    by 0x6814567: _dl_init (dl-init.c:117)
==2443640==    by 0x7522BB4: _dl_catch_exception (dl-error-skeleton.c:182)
==2443640==    by 0x681BFF5: dl_open_worker (dl-open.c:808)
==2443640==    by 0x681BFF5: dl_open_worker (dl-open.c:771)
==2443640==    by 0x7522B57: _dl_catch_exception (dl-error-skeleton.c:208)
==2443640==    by 0x681C34D: _dl_open (dl-open.c:883)
==2443640==    by 0x743E5FB: dlopen_doit (dlopen.c:56)
==2443640== 
==2443640== 19 bytes in 1 blocks are possibly lost in loss record 248 of 377
==2443640==    at 0x7056899: malloc (in /mnt/c/Users/guido/ghq/projects/rustdom/.tools/valgrind/usr/libexec/valgrind/vgpreload_memcheck-amd64-linux.so)
==2443640==    by 0x22E8FC22: _RNvXs0_NvMs_NtNtCs6i54tJFfzR_5alloc3ffi5c_strNtBa_7CString3newReNtB5_11SpecNewImpl13spec_new_impl (in /mnt/c/Users/guido/ghq/projects/rustdom/dist/rustdom.node)
==2443640==    by 0x22E3A8DF: _RNvMs2_NtNtCs4QMHp0v7l6B_4napi9js_values15object_propertyNtB5_8Property14with_utf8_name (in /mnt/c/Users/guido/ghq/projects/rustdom/dist/rustdom.node)
==2443640==    by 0x22DDC5A7: _RNvNvNtNtNtCs45HKutVyWu4_7rustdom3dom4tree32___napi_impl_helper_NativeTree_1536___napi_register__NativeTree_impl_40020___ctor_private_inner (in /mnt/c/Users/guido/ghq/projects/rustdom/dist/rustdom.node)
==2443640==    by 0x22DFFF35: _RNvNvNvNvNtNtNtCs45HKutVyWu4_7rustdom3dom4tree32___napi_impl_helper_NativeTree_1536___napi_register__NativeTree_impl_4001__18___CTOR_PRIVATE_REF14___ctor_private (in /mnt/c/Users/guido/ghq/projects/rustdom/dist/rustdom.node)
==2443640==    by 0x681447D: call_init.part.0 (dl-init.c:70)
==2443640==    by 0x6814567: call_init (dl-init.c:33)
==2443640==    by 0x6814567: _dl_init (dl-init.c:117)
==2443640==    by 0x7522BB4: _dl_catch_exception (dl-error-skeleton.c:182)
==2443640==    by 0x681BFF5: dl_open_worker (dl-open.c:808)
==2443640==    by 0x681BFF5: dl_open_worker (dl-open.c:771)
==2443640==    by 0x7522B57: _dl_catch_exception (dl-error-skeleton.c:208)
==2443640==    by 0x681C34D: _dl_open (dl-open.c:883)
==2443640==    by 0x743E5FB: dlopen_doit (dlopen.c:56)
==2443640== 
==2443640== 19 bytes in 1 blocks are possibly lost in loss record 249 of 377
==2443640==    at 0x7056899: malloc (in /mnt/c/Users/guido/ghq/projects/rustdom/.tools/valgrind/usr/libexec/valgrind/vgpreload_memcheck-amd64-linux.so)
==2443640==    by 0x22E8FC22: _RNvXs0_NvMs_NtNtCs6i54tJFfzR_5alloc3ffi5c_strNtBa_7CString3newReNtB5_11SpecNewImpl13spec_new_impl (in /mnt/c/Users/guido/ghq/projects/rustdom/dist/rustdom.node)
==2443640==    by 0x22E3A8DF: _RNvMs2_NtNtCs4QMHp0v7l6B_4napi9js_values15object_propertyNtB5_8Property14with_utf8_name (in /mnt/c/Users/guido/ghq/projects/rustdom/dist/rustdom.node)
==2443640==    by 0x22DDD0E9: _RNvNvNtNtNtCs45HKutVyWu4_7rustdom3dom4tree32___napi_impl_helper_NativeTree_1536___napi_register__NativeTree_impl_40020___ctor_private_inner (in /mnt/c/Users/guido/ghq/projects/rustdom/dist/rustdom.node)
==2443640==    by 0x22DFFF35: _RNvNvNvNvNtNtNtCs45HKutVyWu4_7rustdom3dom4tree32___napi_impl_helper_NativeTree_1536___napi_register__NativeTree_impl_4001__18___CTOR_PRIVATE_REF14___ctor_private (in /mnt/c/Users/guido/ghq/projects/rustdom/dist/rustdom.node)
==2443640==    by 0x681447D: call_init.part.0 (dl-init.c:70)
==2443640==    by 0x6814567: call_init (dl-init.c:33)
==2443640==    by 0x6814567: _dl_init (dl-init.c:117)
==2443640==    by 0x7522BB4: _dl_catch_exception (dl-error-skeleton.c:182)
==2443640==    by 0x681BFF5: dl_open_worker (dl-open.c:808)
==2443640==    by 0x681BFF5: dl_open_worker (dl-open.c:771)
==2443640==    by 0x7522B57: _dl_catch_exception (dl-error-skeleton.c:208)
==2443640==    by 0x681C34D: _dl_open (dl-open.c:883)
==2443640==    by 0x743E5FB: dlopen_doit (dlopen.c:56)
==2443640== 
==2443640== 19 bytes in 1 blocks are possibly lost in loss record 250 of 377
==2443640==    at 0x7056899: malloc (in /mnt/c/Users/guido/ghq/projects/rustdom/.tools/valgrind/usr/libexec/valgrind/vgpreload_memcheck-amd64-linux.so)
==2443640==    by 0x22E8FC22: _RNvXs0_NvMs_NtNtCs6i54tJFfzR_5alloc3ffi5c_strNtBa_7CString3newReNtB5_11SpecNewImpl13spec_new_impl (in /mnt/c/Users/guido/ghq/projects/rustdom/dist/rustdom.node)
==2443640==    by 0x22E3A8DF: _RNvMs2_NtNtCs4QMHp0v7l6B_4napi9js_values15object_propertyNtB5_8Property14with_utf8_name (in /mnt/c/Users/guido/ghq/projects/rustdom/dist/rustdom.node)
==2443640==    by 0x22DDD813: _RNvNvNtNtNtCs45HKutVyWu4_7rustdom3dom4tree32___napi_impl_helper_NativeTree_1536___napi_register__NativeTree_impl_40020___ctor_private_inner (in /mnt/c/Users/guido/ghq/projects/rustdom/dist/rustdom.node)
==2443640==    by 0x22DFFF35: _RNvNvNvNvNtNtNtCs45HKutVyWu4_7rustdom3dom4tree32___napi_impl_helper_NativeTree_1536___napi_register__NativeTree_impl_4001__18___CTOR_PRIVATE_REF14___ctor_private (in /mnt/c/Users/guido/ghq/projects/rustdom/dist/rustdom.node)
==2443640==    by 0x681447D: call_init.part.0 (dl-init.c:70)
==2443640==    by 0x6814567: call_init (dl-init.c:33)
==2443640==    by 0x6814567: _dl_init (dl-init.c:117)
==2443640==    by 0x7522BB4: _dl_catch_exception (dl-error-skeleton.c:182)
==2443640==    by 0x681BFF5: dl_open_worker (dl-open.c:808)
==2443640==    by 0x681BFF5: dl_open_worker (dl-open.c:771)
==2443640==    by 0x7522B57: _dl_catch_exception (dl-error-skeleton.c:208)
==2443640==    by 0x681C34D: _dl_open (dl-open.c:883)
==2443640==    by 0x743E5FB: dlopen_doit (dlopen.c:56)
==2443640== 
==2443640== 19 bytes in 1 blocks are possibly lost in loss record 251 of 377
==2443640==    at 0x7056899: malloc (in /mnt/c/Users/guido/ghq/projects/rustdom/.tools/valgrind/usr/libexec/valgrind/vgpreload_memcheck-amd64-linux.so)
==2443640==    by 0x22E8FC22: _RNvXs0_NvMs_NtNtCs6i54tJFfzR_5alloc3ffi5c_strNtBa_7CString3newReNtB5_11SpecNewImpl13spec_new_impl (in /mnt/c/Users/guido/ghq/projects/rustdom/dist/rustdom.node)
==2443640==    by 0x22E3A8DF: _RNvMs2_NtNtCs4QMHp0v7l6B_4napi9js_values15object_propertyNtB5_8Property14with_utf8_name (in /mnt/c/Users/guido/ghq/projects/rustdom/dist/rustdom.node)
==2443640==    by 0x22DDE45B: _RNvNvNtNtNtCs45HKutVyWu4_7rustdom3dom4tree32___napi_impl_helper_NativeTree_1536___napi_register__NativeTree_impl_40020___ctor_private_inner (in /mnt/c/Users/guido/ghq/projects/rustdom/dist/rustdom.node)
==2443640==    by 0x22DFFF35: _RNvNvNvNvNtNtNtCs45HKutVyWu4_7rustdom3dom4tree32___napi_impl_helper_NativeTree_1536___napi_register__NativeTree_impl_4001__18___CTOR_PRIVATE_REF14___ctor_private (in /mnt/c/Users/guido/ghq/projects/rustdom/dist/rustdom.node)
==2443640==    by 0x681447D: call_init.part.0 (dl-init.c:70)
==2443640==    by 0x6814567: call_init (dl-init.c:33)
==2443640==    by 0x6814567: _dl_init (dl-init.c:117)
==2443640==    by 0x7522BB4: _dl_catch_exception (dl-error-skeleton.c:182)
==2443640==    by 0x681BFF5: dl_open_worker (dl-open.c:808)
==2443640==    by 0x681BFF5: dl_open_worker (dl-open.c:771)
==2443640==    by 0x7522B57: _dl_catch_exception (dl-error-skeleton.c:208)
==2443640==    by 0x681C34D: _dl_open (dl-open.c:883)
==2443640==    by 0x743E5FB: dlopen_doit (dlopen.c:56)
==2443640== 
==2443640== 19 bytes in 1 blocks are possibly lost in loss record 252 of 377
==2443640==    at 0x7056899: malloc (in /mnt/c/Users/guido/ghq/projects/rustdom/.tools/valgrind/usr/libexec/valgrind/vgpreload_memcheck-amd64-linux.so)
==2443640==    by 0x22E8FC22: _RNvXs0_NvMs_NtNtCs6i54tJFfzR_5alloc3ffi5c_strNtBa_7CString3newReNtB5_11SpecNewImpl13spec_new_impl (in /mnt/c/Users/guido/ghq/projects/rustdom/dist/rustdom.node)
==2443640==    by 0x22E3A8DF: _RNvMs2_NtNtCs4QMHp0v7l6B_4napi9js_values15object_propertyNtB5_8Property14with_utf8_name (in /mnt/c/Users/guido/ghq/projects/rustdom/dist/rustdom.node)
==2443640==    by 0x22DDE667: _RNvNvNtNtNtCs45HKutVyWu4_7rustdom3dom4tree32___napi_impl_helper_NativeTree_1536___napi_register__NativeTree_impl_40020___ctor_private_inner (in /mnt/c/Users/guido/ghq/projects/rustdom/dist/rustdom.node)
==2443640==    by 0x22DFFF35: _RNvNvNvNvNtNtNtCs45HKutVyWu4_7rustdom3dom4tree32___napi_impl_helper_NativeTree_1536___napi_register__NativeTree_impl_4001__18___CTOR_PRIVATE_REF14___ctor_private (in /mnt/c/Users/guido/ghq/projects/rustdom/dist/rustdom.node)
==2443640==    by 0x681447D: call_init.part.0 (dl-init.c:70)
==2443640==    by 0x6814567: call_init (dl-init.c:33)
==2443640==    by 0x6814567: _dl_init (dl-init.c:117)
==2443640==    by 0x7522BB4: _dl_catch_exception (dl-error-skeleton.c:182)
==2443640==    by 0x681BFF5: dl_open_worker (dl-open.c:808)
==2443640==    by 0x681BFF5: dl_open_worker (dl-open.c:771)
==2443640==    by 0x7522B57: _dl_catch_exception (dl-error-skeleton.c:208)
==2443640==    by 0x681C34D: _dl_open (dl-open.c:883)
==2443640==    by 0x743E5FB: dlopen_doit (dlopen.c:56)
==2443640== 
==2443640== 20 bytes in 1 blocks are possibly lost in loss record 253 of 377
==2443640==    at 0x7056899: malloc (in /mnt/c/Users/guido/ghq/projects/rustdom/.tools/valgrind/usr/libexec/valgrind/vgpreload_memcheck-amd64-linux.so)
==2443640==    by 0x22E8FC22: _RNvXs0_NvMs_NtNtCs6i54tJFfzR_5alloc3ffi5c_strNtBa_7CString3newReNtB5_11SpecNewImpl13spec_new_impl (in /mnt/c/Users/guido/ghq/projects/rustdom/dist/rustdom.node)
==2443640==    by 0x22E3A8DF: _RNvMs2_NtNtCs4QMHp0v7l6B_4napi9js_values15object_propertyNtB5_8Property14with_utf8_name (in /mnt/c/Users/guido/ghq/projects/rustdom/dist/rustdom.node)
==2443640==    by 0x22DF42F2: _RNvNvNvNvNtNtNtCs45HKutVyWu4_7rustdom3dom19range_state_binding33___napi_impl_helper_NativeRange_1037___napi_register__NativeRange_impl_1951__18___CTOR_PRIVATE_REF14___ctor_private (in /mnt/c/Users/guido/ghq/projects/rustdom/dist/rustdom.node)
==2443640==    by 0x681447D: call_init.part.0 (dl-init.c:70)
==2443640==    by 0x6814567: call_init (dl-init.c:33)
==2443640==    by 0x6814567: _dl_init (dl-init.c:117)
==2443640==    by 0x7522BB4: _dl_catch_exception (dl-error-skeleton.c:182)
==2443640==    by 0x681BFF5: dl_open_worker (dl-open.c:808)
==2443640==    by 0x681BFF5: dl_open_worker (dl-open.c:771)
==2443640==    by 0x7522B57: _dl_catch_exception (dl-error-skeleton.c:208)
==2443640==    by 0x681C34D: _dl_open (dl-open.c:883)
==2443640==    by 0x743E5FB: dlopen_doit (dlopen.c:56)
==2443640==    by 0x7522B57: _dl_catch_exception (dl-error-skeleton.c:208)
==2443640== 
==2443640== 20 bytes in 1 blocks are possibly lost in loss record 254 of 377
==2443640==    at 0x7056899: malloc (in /mnt/c/Users/guido/ghq/projects/rustdom/.tools/valgrind/usr/libexec/valgrind/vgpreload_memcheck-amd64-linux.so)
==2443640==    by 0x22E8FC22: _RNvXs0_NvMs_NtNtCs6i54tJFfzR_5alloc3ffi5c_strNtBa_7CString3newReNtB5_11SpecNewImpl13spec_new_impl (in /mnt/c/Users/guido/ghq/projects/rustdom/dist/rustdom.node)
==2443640==    by 0x22E3A8DF: _RNvMs2_NtNtCs4QMHp0v7l6B_4napi9js_values15object_propertyNtB5_8Property14with_utf8_name (in /mnt/c/Users/guido/ghq/projects/rustdom/dist/rustdom.node)
==2443640==    by 0x22DFEAEF: _RNvNvNvNvNtNtNtCs45HKutVyWu4_7rustdom3dom4tree32___napi_impl_helper_NativeTree_1436___napi_register__NativeTree_impl_2671__18___CTOR_PRIVATE_REF14___ctor_private (in /mnt/c/Users/guido/ghq/projects/rustdom/dist/rustdom.node)
==2443640==    by 0x681447D: call_init.part.0 (dl-init.c:70)
==2443640==    by 0x6814567: call_init (dl-init.c:33)
==2443640==    by 0x6814567: _dl_init (dl-init.c:117)
==2443640==    by 0x7522BB4: _dl_catch_exception (dl-error-skeleton.c:182)
==2443640==    by 0x681BFF5: dl_open_worker (dl-open.c:808)
==2443640==    by 0x681BFF5: dl_open_worker (dl-open.c:771)
==2443640==    by 0x7522B57: _dl_catch_exception (dl-error-skeleton.c:208)
==2443640==    by 0x681C34D: _dl_open (dl-open.c:883)
==2443640==    by 0x743E5FB: dlopen_doit (dlopen.c:56)
==2443640==    by 0x7522B57: _dl_catch_exception (dl-error-skeleton.c:208)
==2443640== 
==2443640== 20 bytes in 1 blocks are possibly lost in loss record 255 of 377
==2443640==    at 0x7056899: malloc (in /mnt/c/Users/guido/ghq/projects/rustdom/.tools/valgrind/usr/libexec/valgrind/vgpreload_memcheck-amd64-linux.so)
==2443640==    by 0x22E8FC22: _RNvXs0_NvMs_NtNtCs6i54tJFfzR_5alloc3ffi5c_strNtBa_7CString3newReNtB5_11SpecNewImpl13spec_new_impl (in /mnt/c/Users/guido/ghq/projects/rustdom/dist/rustdom.node)
==2443640==    by 0x22E3A8DF: _RNvMs2_NtNtCs4QMHp0v7l6B_4napi9js_values15object_propertyNtB5_8Property14with_utf8_name (in /mnt/c/Users/guido/ghq/projects/rustdom/dist/rustdom.node)
==2443640==    by 0x22DD9487: _RNvNvNtNtNtCs45HKutVyWu4_7rustdom3dom4tree32___napi_impl_helper_NativeTree_1536___napi_register__NativeTree_impl_40020___ctor_private_inner (in /mnt/c/Users/guido/ghq/projects/rustdom/dist/rustdom.node)
==2443640==    by 0x22DFFF35: _RNvNvNvNvNtNtNtCs45HKutVyWu4_7rustdom3dom4tree32___napi_impl_helper_NativeTree_1536___napi_register__NativeTree_impl_4001__18___CTOR_PRIVATE_REF14___ctor_private (in /mnt/c/Users/guido/ghq/projects/rustdom/dist/rustdom.node)
==2443640==    by 0x681447D: call_init.part.0 (dl-init.c:70)
==2443640==    by 0x6814567: call_init (dl-init.c:33)
==2443640==    by 0x6814567: _dl_init (dl-init.c:117)
==2443640==    by 0x7522BB4: _dl_catch_exception (dl-error-skeleton.c:182)
==2443640==    by 0x681BFF5: dl_open_worker (dl-open.c:808)
==2443640==    by 0x681BFF5: dl_open_worker (dl-open.c:771)
==2443640==    by 0x7522B57: _dl_catch_exception (dl-error-skeleton.c:208)
==2443640==    by 0x681C34D: _dl_open (dl-open.c:883)
==2443640==    by 0x743E5FB: dlopen_doit (dlopen.c:56)
==2443640== 
==2443640== 20 bytes in 1 blocks are possibly lost in loss record 256 of 377
==2443640==    at 0x7056899: malloc (in /mnt/c/Users/guido/ghq/projects/rustdom/.tools/valgrind/usr/libexec/valgrind/vgpreload_memcheck-amd64-linux.so)
==2443640==    by 0x22E8FC22: _RNvXs0_NvMs_NtNtCs6i54tJFfzR_5alloc3ffi5c_strNtBa_7CString3newReNtB5_11SpecNewImpl13spec_new_impl (in /mnt/c/Users/guido/ghq/projects/rustdom/dist/rustdom.node)
==2443640==    by 0x22E3A8DF: _RNvMs2_NtNtCs4QMHp0v7l6B_4napi9js_values15object_propertyNtB5_8Property14with_utf8_name (in /mnt/c/Users/guido/ghq/projects/rustdom/dist/rustdom.node)
==2443640==    by 0x22DDBF83: _RNvNvNtNtNtCs45HKutVyWu4_7rustdom3dom4tree32___napi_impl_helper_NativeTree_1536___napi_register__NativeTree_impl_40020___ctor_private_inner (in /mnt/c/Users/guido/ghq/projects/rustdom/dist/rustdom.node)
==2443640==    by 0x22DFFF35: _RNvNvNvNvNtNtNtCs45HKutVyWu4_7rustdom3dom4tree32___napi_impl_helper_NativeTree_1536___napi_register__NativeTree_impl_4001__18___CTOR_PRIVATE_REF14___ctor_private (in /mnt/c/Users/guido/ghq/projects/rustdom/dist/rustdom.node)
==2443640==    by 0x681447D: call_init.part.0 (dl-init.c:70)
==2443640==    by 0x6814567: call_init (dl-init.c:33)
==2443640==    by 0x6814567: _dl_init (dl-init.c:117)
==2443640==    by 0x7522BB4: _dl_catch_exception (dl-error-skeleton.c:182)
==2443640==    by 0x681BFF5: dl_open_worker (dl-open.c:808)
==2443640==    by 0x681BFF5: dl_open_worker (dl-open.c:771)
==2443640==    by 0x7522B57: _dl_catch_exception (dl-error-skeleton.c:208)
==2443640==    by 0x681C34D: _dl_open (dl-open.c:883)
==2443640==    by 0x743E5FB: dlopen_doit (dlopen.c:56)
==2443640== 
==2443640== 20 bytes in 1 blocks are possibly lost in loss record 257 of 377
==2443640==    at 0x7056899: malloc (in /mnt/c/Users/guido/ghq/projects/rustdom/.tools/valgrind/usr/libexec/valgrind/vgpreload_memcheck-amd64-linux.so)
==2443640==    by 0x22E8FC22: _RNvXs0_NvMs_NtNtCs6i54tJFfzR_5alloc3ffi5c_strNtBa_7CString3newReNtB5_11SpecNewImpl13spec_new_impl (in /mnt/c/Users/guido/ghq/projects/rustdom/dist/rustdom.node)
==2443640==    by 0x22E3A8DF: _RNvMs2_NtNtCs4QMHp0v7l6B_4napi9js_values15object_propertyNtB5_8Property14with_utf8_name (in /mnt/c/Users/guido/ghq/projects/rustdom/dist/rustdom.node)
==2443640==    by 0x22DDC39B: _RNvNvNtNtNtCs45HKutVyWu4_7rustdom3dom4tree32___napi_impl_helper_NativeTree_1536___napi_register__NativeTree_impl_40020___ctor_private_inner (in /mnt/c/Users/guido/ghq/projects/rustdom/dist/rustdom.node)
==2443640==    by 0x22DFFF35: _RNvNvNvNvNtNtNtCs45HKutVyWu4_7rustdom3dom4tree32___napi_impl_helper_NativeTree_1536___napi_register__NativeTree_impl_4001__18___CTOR_PRIVATE_REF14___ctor_private (in /mnt/c/Users/guido/ghq/projects/rustdom/dist/rustdom.node)
==2443640==    by 0x681447D: call_init.part.0 (dl-init.c:70)
==2443640==    by 0x6814567: call_init (dl-init.c:33)
==2443640==    by 0x6814567: _dl_init (dl-init.c:117)
==2443640==    by 0x7522BB4: _dl_catch_exception (dl-error-skeleton.c:182)
==2443640==    by 0x681BFF5: dl_open_worker (dl-open.c:808)
==2443640==    by 0x681BFF5: dl_open_worker (dl-open.c:771)
==2443640==    by 0x7522B57: _dl_catch_exception (dl-error-skeleton.c:208)
==2443640==    by 0x681C34D: _dl_open (dl-open.c:883)
==2443640==    by 0x743E5FB: dlopen_doit (dlopen.c:56)
==2443640== 
==2443640== 20 bytes in 1 blocks are possibly lost in loss record 258 of 377
==2443640==    at 0x7056899: malloc (in /mnt/c/Users/guido/ghq/projects/rustdom/.tools/valgrind/usr/libexec/valgrind/vgpreload_memcheck-amd64-linux.so)
==2443640==    by 0x22E8FC22: _RNvXs0_NvMs_NtNtCs6i54tJFfzR_5alloc3ffi5c_strNtBa_7CString3newReNtB5_11SpecNewImpl13spec_new_impl (in /mnt/c/Users/guido/ghq/projects/rustdom/dist/rustdom.node)
==2443640==    by 0x22E3A8DF: _RNvMs2_NtNtCs4QMHp0v7l6B_4napi9js_values15object_propertyNtB5_8Property14with_utf8_name (in /mnt/c/Users/guido/ghq/projects/rustdom/dist/rustdom.node)
==2443640==    by 0x22DDE355: _RNvNvNtNtNtCs45HKutVyWu4_7rustdom3dom4tree32___napi_impl_helper_NativeTree_1536___napi_register__NativeTree_impl_40020___ctor_private_inner (in /mnt/c/Users/guido/ghq/projects/rustdom/dist/rustdom.node)
==2443640==    by 0x22DFFF35: _RNvNvNvNvNtNtNtCs45HKutVyWu4_7rustdom3dom4tree32___napi_impl_helper_NativeTree_1536___napi_register__NativeTree_impl_4001__18___CTOR_PRIVATE_REF14___ctor_private (in /mnt/c/Users/guido/ghq/projects/rustdom/dist/rustdom.node)
==2443640==    by 0x681447D: call_init.part.0 (dl-init.c:70)
==2443640==    by 0x6814567: call_init (dl-init.c:33)
==2443640==    by 0x6814567: _dl_init (dl-init.c:117)
==2443640==    by 0x7522BB4: _dl_catch_exception (dl-error-skeleton.c:182)
==2443640==    by 0x681BFF5: dl_open_worker (dl-open.c:808)
==2443640==    by 0x681BFF5: dl_open_worker (dl-open.c:771)
==2443640==    by 0x7522B57: _dl_catch_exception (dl-error-skeleton.c:208)
==2443640==    by 0x681C34D: _dl_open (dl-open.c:883)
==2443640==    by 0x743E5FB: dlopen_doit (dlopen.c:56)
==2443640== 
==2443640== 20 bytes in 1 blocks are possibly lost in loss record 259 of 377
==2443640==    at 0x7056899: malloc (in /mnt/c/Users/guido/ghq/projects/rustdom/.tools/valgrind/usr/libexec/valgrind/vgpreload_memcheck-amd64-linux.so)
==2443640==    by 0x22E8FC22: _RNvXs0_NvMs_NtNtCs6i54tJFfzR_5alloc3ffi5c_strNtBa_7CString3newReNtB5_11SpecNewImpl13spec_new_impl (in /mnt/c/Users/guido/ghq/projects/rustdom/dist/rustdom.node)
==2443640==    by 0x22E3A8DF: _RNvMs2_NtNtCs4QMHp0v7l6B_4napi9js_values15object_propertyNtB5_8Property14with_utf8_name (in /mnt/c/Users/guido/ghq/projects/rustdom/dist/rustdom.node)
==2443640==    by 0x22DDEE97: _RNvNvNtNtNtCs45HKutVyWu4_7rustdom3dom4tree32___napi_impl_helper_NativeTree_1536___napi_register__NativeTree_impl_40020___ctor_private_inner (in /mnt/c/Users/guido/ghq/projects/rustdom/dist/rustdom.node)
==2443640==    by 0x22DFFF35: _RNvNvNvNvNtNtNtCs45HKutVyWu4_7rustdom3dom4tree32___napi_impl_helper_NativeTree_1536___napi_register__NativeTree_impl_4001__18___CTOR_PRIVATE_REF14___ctor_private (in /mnt/c/Users/guido/ghq/projects/rustdom/dist/rustdom.node)
==2443640==    by 0x681447D: call_init.part.0 (dl-init.c:70)
==2443640==    by 0x6814567: call_init (dl-init.c:33)
==2443640==    by 0x6814567: _dl_init (dl-init.c:117)
==2443640==    by 0x7522BB4: _dl_catch_exception (dl-error-skeleton.c:182)
==2443640==    by 0x681BFF5: dl_open_worker (dl-open.c:808)
==2443640==    by 0x681BFF5: dl_open_worker (dl-open.c:771)
==2443640==    by 0x7522B57: _dl_catch_exception (dl-error-skeleton.c:208)
==2443640==    by 0x681C34D: _dl_open (dl-open.c:883)
==2443640==    by 0x743E5FB: dlopen_doit (dlopen.c:56)
==2443640== 
==2443640== 21 bytes in 1 blocks are possibly lost in loss record 260 of 377
==2443640==    at 0x7056899: malloc (in /mnt/c/Users/guido/ghq/projects/rustdom/.tools/valgrind/usr/libexec/valgrind/vgpreload_memcheck-amd64-linux.so)
==2443640==    by 0x22E8FC22: _RNvXs0_NvMs_NtNtCs6i54tJFfzR_5alloc3ffi5c_strNtBa_7CString3newReNtB5_11SpecNewImpl13spec_new_impl (in /mnt/c/Users/guido/ghq/projects/rustdom/dist/rustdom.node)
==2443640==    by 0x22E3A8DF: _RNvMs2_NtNtCs4QMHp0v7l6B_4napi9js_values15object_propertyNtB5_8Property14with_utf8_name (in /mnt/c/Users/guido/ghq/projects/rustdom/dist/rustdom.node)
==2443640==    by 0x22DF44FE: _RNvNvNvNvNtNtNtCs45HKutVyWu4_7rustdom3dom19range_state_binding33___napi_impl_helper_NativeRange_1037___napi_register__NativeRange_impl_1951__18___CTOR_PRIVATE_REF14___ctor_private (in /mnt/c/Users/guido/ghq/projects/rustdom/dist/rustdom.node)
==2443640==    by 0x681447D: call_init.part.0 (dl-init.c:70)
==2443640==    by 0x6814567: call_init (dl-init.c:33)
==2443640==    by 0x6814567: _dl_init (dl-init.c:117)
==2443640==    by 0x7522BB4: _dl_catch_exception (dl-error-skeleton.c:182)
==2443640==    by 0x681BFF5: dl_open_worker (dl-open.c:808)
==2443640==    by 0x681BFF5: dl_open_worker (dl-open.c:771)
==2443640==    by 0x7522B57: _dl_catch_exception (dl-error-skeleton.c:208)
==2443640==    by 0x681C34D: _dl_open (dl-open.c:883)
==2443640==    by 0x743E5FB: dlopen_doit (dlopen.c:56)
==2443640==    by 0x7522B57: _dl_catch_exception (dl-error-skeleton.c:208)
==2443640== 
==2443640== 21 bytes in 1 blocks are possibly lost in loss record 261 of 377
==2443640==    at 0x7056899: malloc (in /mnt/c/Users/guido/ghq/projects/rustdom/.tools/valgrind/usr/libexec/valgrind/vgpreload_memcheck-amd64-linux.so)
==2443640==    by 0x22E8FC22: _RNvXs0_NvMs_NtNtCs6i54tJFfzR_5alloc3ffi5c_strNtBa_7CString3newReNtB5_11SpecNewImpl13spec_new_impl (in /mnt/c/Users/guido/ghq/projects/rustdom/dist/rustdom.node)
==2443640==    by 0x22E3A8DF: _RNvMs2_NtNtCs4QMHp0v7l6B_4napi9js_values15object_propertyNtB5_8Property14with_utf8_name (in /mnt/c/Users/guido/ghq/projects/rustdom/dist/rustdom.node)
==2443640==    by 0x22DFE9E9: _RNvNvNvNvNtNtNtCs45HKutVyWu4_7rustdom3dom4tree32___napi_impl_helper_NativeTree_1436___napi_register__NativeTree_impl_2671__18___CTOR_PRIVATE_REF14___ctor_private (in /mnt/c/Users/guido/ghq/projects/rustdom/dist/rustdom.node)
==2443640==    by 0x681447D: call_init.part.0 (dl-init.c:70)
==2443640==    by 0x6814567: call_init (dl-init.c:33)
==2443640==    by 0x6814567: _dl_init (dl-init.c:117)
==2443640==    by 0x7522BB4: _dl_catch_exception (dl-error-skeleton.c:182)
==2443640==    by 0x681BFF5: dl_open_worker (dl-open.c:808)
==2443640==    by 0x681BFF5: dl_open_worker (dl-open.c:771)
==2443640==    by 0x7522B57: _dl_catch_exception (dl-error-skeleton.c:208)
==2443640==    by 0x681C34D: _dl_open (dl-open.c:883)
==2443640==    by 0x743E5FB: dlopen_doit (dlopen.c:56)
==2443640==    by 0x7522B57: _dl_catch_exception (dl-error-skeleton.c:208)
==2443640== 
==2443640== 21 bytes in 1 blocks are possibly lost in loss record 262 of 377
==2443640==    at 0x7056899: malloc (in /mnt/c/Users/guido/ghq/projects/rustdom/.tools/valgrind/usr/libexec/valgrind/vgpreload_memcheck-amd64-linux.so)
==2443640==    by 0x22E8FC22: _RNvXs0_NvMs_NtNtCs6i54tJFfzR_5alloc3ffi5c_strNtBa_7CString3newReNtB5_11SpecNewImpl13spec_new_impl (in /mnt/c/Users/guido/ghq/projects/rustdom/dist/rustdom.node)
==2443640==    by 0x22E3A8DF: _RNvMs2_NtNtCs4QMHp0v7l6B_4napi9js_values15object_propertyNtB5_8Property14with_utf8_name (in /mnt/c/Users/guido/ghq/projects/rustdom/dist/rustdom.node)
==2443640==    by 0x22DD74BC: _RNvNvNtNtNtCs45HKutVyWu4_7rustdom3dom4tree32___napi_impl_helper_NativeTree_1536___napi_register__NativeTree_impl_40020___ctor_private_inner (in /mnt/c/Users/guido/ghq/projects/rustdom/dist/rustdom.node)
==2443640==    by 0x22DFFF35: _RNvNvNvNvNtNtNtCs45HKutVyWu4_7rustdom3dom4tree32___napi_impl_helper_NativeTree_1536___napi_register__NativeTree_impl_4001__18___CTOR_PRIVATE_REF14___ctor_private (in /mnt/c/Users/guido/ghq/projects/rustdom/dist/rustdom.node)
==2443640==    by 0x681447D: call_init.part.0 (dl-init.c:70)
==2443640==    by 0x6814567: call_init (dl-init.c:33)
==2443640==    by 0x6814567: _dl_init (dl-init.c:117)
==2443640==    by 0x7522BB4: _dl_catch_exception (dl-error-skeleton.c:182)
==2443640==    by 0x681BFF5: dl_open_worker (dl-open.c:808)
==2443640==    by 0x681BFF5: dl_open_worker (dl-open.c:771)
==2443640==    by 0x7522B57: _dl_catch_exception (dl-error-skeleton.c:208)
==2443640==    by 0x681C34D: _dl_open (dl-open.c:883)
==2443640==    by 0x743E5FB: dlopen_doit (dlopen.c:56)
==2443640== 
==2443640== 21 bytes in 1 blocks are possibly lost in loss record 263 of 377
==2443640==    at 0x7056899: malloc (in /mnt/c/Users/guido/ghq/projects/rustdom/.tools/valgrind/usr/libexec/valgrind/vgpreload_memcheck-amd64-linux.so)
==2443640==    by 0x22E8FC22: _RNvXs0_NvMs_NtNtCs6i54tJFfzR_5alloc3ffi5c_strNtBa_7CString3newReNtB5_11SpecNewImpl13spec_new_impl (in /mnt/c/Users/guido/ghq/projects/rustdom/dist/rustdom.node)
==2443640==    by 0x22E3A8DF: _RNvMs2_NtNtCs4QMHp0v7l6B_4napi9js_values15object_propertyNtB5_8Property14with_utf8_name (in /mnt/c/Users/guido/ghq/projects/rustdom/dist/rustdom.node)
==2443640==    by 0x22DDAD17: _RNvNvNtNtNtCs45HKutVyWu4_7rustdom3dom4tree32___napi_impl_helper_NativeTree_1536___napi_register__NativeTree_impl_40020___ctor_private_inner (in /mnt/c/Users/guido/ghq/projects/rustdom/dist/rustdom.node)
==2443640==    by 0x22DFFF35: _RNvNvNvNvNtNtNtCs45HKutVyWu4_7rustdom3dom4tree32___napi_impl_helper_NativeTree_1536___napi_register__NativeTree_impl_4001__18___CTOR_PRIVATE_REF14___ctor_private (in /mnt/c/Users/guido/ghq/projects/rustdom/dist/rustdom.node)
==2443640==    by 0x681447D: call_init.part.0 (dl-init.c:70)
==2443640==    by 0x6814567: call_init (dl-init.c:33)
==2443640==    by 0x6814567: _dl_init (dl-init.c:117)
==2443640==    by 0x7522BB4: _dl_catch_exception (dl-error-skeleton.c:182)
==2443640==    by 0x681BFF5: dl_open_worker (dl-open.c:808)
==2443640==    by 0x681BFF5: dl_open_worker (dl-open.c:771)
==2443640==    by 0x7522B57: _dl_catch_exception (dl-error-skeleton.c:208)
==2443640==    by 0x681C34D: _dl_open (dl-open.c:883)
==2443640==    by 0x743E5FB: dlopen_doit (dlopen.c:56)
==2443640== 
==2443640== 21 bytes in 1 blocks are possibly lost in loss record 264 of 377
==2443640==    at 0x7056899: malloc (in /mnt/c/Users/guido/ghq/projects/rustdom/.tools/valgrind/usr/libexec/valgrind/vgpreload_memcheck-amd64-linux.so)
==2443640==    by 0x22E8FC22: _RNvXs0_NvMs_NtNtCs6i54tJFfzR_5alloc3ffi5c_strNtBa_7CString3newReNtB5_11SpecNewImpl13spec_new_impl (in /mnt/c/Users/guido/ghq/projects/rustdom/dist/rustdom.node)
==2443640==    by 0x22E3A8DF: _RNvMs2_NtNtCs4QMHp0v7l6B_4napi9js_values15object_propertyNtB5_8Property14with_utf8_name (in /mnt/c/Users/guido/ghq/projects/rustdom/dist/rustdom.node)
==2443640==    by 0x22DDB547: _RNvNvNtNtNtCs45HKutVyWu4_7rustdom3dom4tree32___napi_impl_helper_NativeTree_1536___napi_register__NativeTree_impl_40020___ctor_private_inner (in /mnt/c/Users/guido/ghq/projects/rustdom/dist/rustdom.node)
==2443640==    by 0x22DFFF35: _RNvNvNvNvNtNtNtCs45HKutVyWu4_7rustdom3dom4tree32___napi_impl_helper_NativeTree_1536___napi_register__NativeTree_impl_4001__18___CTOR_PRIVATE_REF14___ctor_private (in /mnt/c/Users/guido/ghq/projects/rustdom/dist/rustdom.node)
==2443640==    by 0x681447D: call_init.part.0 (dl-init.c:70)
==2443640==    by 0x6814567: call_init (dl-init.c:33)
==2443640==    by 0x6814567: _dl_init (dl-init.c:117)
==2443640==    by 0x7522BB4: _dl_catch_exception (dl-error-skeleton.c:182)
==2443640==    by 0x681BFF5: dl_open_worker (dl-open.c:808)
==2443640==    by 0x681BFF5: dl_open_worker (dl-open.c:771)
==2443640==    by 0x7522B57: _dl_catch_exception (dl-error-skeleton.c:208)
==2443640==    by 0x681C34D: _dl_open (dl-open.c:883)
==2443640==    by 0x743E5FB: dlopen_doit (dlopen.c:56)
==2443640== 
==2443640== 21 bytes in 1 blocks are possibly lost in loss record 265 of 377
==2443640==    at 0x7056899: malloc (in /mnt/c/Users/guido/ghq/projects/rustdom/.tools/valgrind/usr/libexec/valgrind/vgpreload_memcheck-amd64-linux.so)
==2443640==    by 0x22E8FC22: _RNvXs0_NvMs_NtNtCs6i54tJFfzR_5alloc3ffi5c_strNtBa_7CString3newReNtB5_11SpecNewImpl13spec_new_impl (in /mnt/c/Users/guido/ghq/projects/rustdom/dist/rustdom.node)
==2443640==    by 0x22E3A8DF: _RNvMs2_NtNtCs4QMHp0v7l6B_4napi9js_values15object_propertyNtB5_8Property14with_utf8_name (in /mnt/c/Users/guido/ghq/projects/rustdom/dist/rustdom.node)
==2443640==    by 0x22DDBC71: _RNvNvNtNtNtCs45HKutVyWu4_7rustdom3dom4tree32___napi_impl_helper_NativeTree_1536___napi_register__NativeTree_impl_40020___ctor_private_inner (in /mnt/c/Users/guido/ghq/projects/rustdom/dist/rustdom.node)
==2443640==    by 0x22DFFF35: _RNvNvNvNvNtNtNtCs45HKutVyWu4_7rustdom3dom4tree32___napi_impl_helper_NativeTree_1536___napi_register__NativeTree_impl_4001__18___CTOR_PRIVATE_REF14___ctor_private (in /mnt/c/Users/guido/ghq/projects/rustdom/dist/rustdom.node)
==2443640==    by 0x681447D: call_init.part.0 (dl-init.c:70)
==2443640==    by 0x6814567: call_init (dl-init.c:33)
==2443640==    by 0x6814567: _dl_init (dl-init.c:117)
==2443640==    by 0x7522BB4: _dl_catch_exception (dl-error-skeleton.c:182)
==2443640==    by 0x681BFF5: dl_open_worker (dl-open.c:808)
==2443640==    by 0x681BFF5: dl_open_worker (dl-open.c:771)
==2443640==    by 0x7522B57: _dl_catch_exception (dl-error-skeleton.c:208)
==2443640==    by 0x681C34D: _dl_open (dl-open.c:883)
==2443640==    by 0x743E5FB: dlopen_doit (dlopen.c:56)
==2443640== 
==2443640== 21 bytes in 1 blocks are possibly lost in loss record 266 of 377
==2443640==    at 0x7056899: malloc (in /mnt/c/Users/guido/ghq/projects/rustdom/.tools/valgrind/usr/libexec/valgrind/vgpreload_memcheck-amd64-linux.so)
==2443640==    by 0x22E8FC22: _RNvXs0_NvMs_NtNtCs6i54tJFfzR_5alloc3ffi5c_strNtBa_7CString3newReNtB5_11SpecNewImpl13spec_new_impl (in /mnt/c/Users/guido/ghq/projects/rustdom/dist/rustdom.node)
==2443640==    by 0x22E3A8DF: _RNvMs2_NtNtCs4QMHp0v7l6B_4napi9js_values15object_propertyNtB5_8Property14with_utf8_name (in /mnt/c/Users/guido/ghq/projects/rustdom/dist/rustdom.node)
==2443640==    by 0x22DDBD77: _RNvNvNtNtNtCs45HKutVyWu4_7rustdom3dom4tree32___napi_impl_helper_NativeTree_1536___napi_register__NativeTree_impl_40020___ctor_private_inner (in /mnt/c/Users/guido/ghq/projects/rustdom/dist/rustdom.node)
==2443640==    by 0x22DFFF35: _RNvNvNvNvNtNtNtCs45HKutVyWu4_7rustdom3dom4tree32___napi_impl_helper_NativeTree_1536___napi_register__NativeTree_impl_4001__18___CTOR_PRIVATE_REF14___ctor_private (in /mnt/c/Users/guido/ghq/projects/rustdom/dist/rustdom.node)
==2443640==    by 0x681447D: call_init.part.0 (dl-init.c:70)
==2443640==    by 0x6814567: call_init (dl-init.c:33)
==2443640==    by 0x6814567: _dl_init (dl-init.c:117)
==2443640==    by 0x7522BB4: _dl_catch_exception (dl-error-skeleton.c:182)
==2443640==    by 0x681BFF5: dl_open_worker (dl-open.c:808)
==2443640==    by 0x681BFF5: dl_open_worker (dl-open.c:771)
==2443640==    by 0x7522B57: _dl_catch_exception (dl-error-skeleton.c:208)
==2443640==    by 0x681C34D: _dl_open (dl-open.c:883)
==2443640==    by 0x743E5FB: dlopen_doit (dlopen.c:56)
==2443640== 
==2443640== 21 bytes in 1 blocks are possibly lost in loss record 267 of 377
==2443640==    at 0x7056899: malloc (in /mnt/c/Users/guido/ghq/projects/rustdom/.tools/valgrind/usr/libexec/valgrind/vgpreload_memcheck-amd64-linux.so)
==2443640==    by 0x22E8FC22: _RNvXs0_NvMs_NtNtCs6i54tJFfzR_5alloc3ffi5c_strNtBa_7CString3newReNtB5_11SpecNewImpl13spec_new_impl (in /mnt/c/Users/guido/ghq/projects/rustdom/dist/rustdom.node)
==2443640==    by 0x22E3A8DF: _RNvMs2_NtNtCs4QMHp0v7l6B_4napi9js_values15object_propertyNtB5_8Property14with_utf8_name (in /mnt/c/Users/guido/ghq/projects/rustdom/dist/rustdom.node)
==2443640==    by 0x22DDCBCB: _RNvNvNtNtNtCs45HKutVyWu4_7rustdom3dom4tree32___napi_impl_helper_NativeTree_1536___napi_register__NativeTree_impl_40020___ctor_private_inner (in /mnt/c/Users/guido/ghq/projects/rustdom/dist/rustdom.node)
==2443640==    by 0x22DFFF35: _RNvNvNvNvNtNtNtCs45HKutVyWu4_7rustdom3dom4tree32___napi_impl_helper_NativeTree_1536___napi_register__NativeTree_impl_4001__18___CTOR_PRIVATE_REF14___ctor_private (in /mnt/c/Users/guido/ghq/projects/rustdom/dist/rustdom.node)
==2443640==    by 0x681447D: call_init.part.0 (dl-init.c:70)
==2443640==    by 0x6814567: call_init (dl-init.c:33)
==2443640==    by 0x6814567: _dl_init (dl-init.c:117)
==2443640==    by 0x7522BB4: _dl_catch_exception (dl-error-skeleton.c:182)
==2443640==    by 0x681BFF5: dl_open_worker (dl-open.c:808)
==2443640==    by 0x681BFF5: dl_open_worker (dl-open.c:771)
==2443640==    by 0x7522B57: _dl_catch_exception (dl-error-skeleton.c:208)
==2443640==    by 0x681C34D: _dl_open (dl-open.c:883)
==2443640==    by 0x743E5FB: dlopen_doit (dlopen.c:56)
==2443640== 
==2443640== 21 bytes in 1 blocks are possibly lost in loss record 268 of 377
==2443640==    at 0x7056899: malloc (in /mnt/c/Users/guido/ghq/projects/rustdom/.tools/valgrind/usr/libexec/valgrind/vgpreload_memcheck-amd64-linux.so)
==2443640==    by 0x22E8FC22: _RNvXs0_NvMs_NtNtCs6i54tJFfzR_5alloc3ffi5c_strNtBa_7CString3newReNtB5_11SpecNewImpl13spec_new_impl (in /mnt/c/Users/guido/ghq/projects/rustdom/dist/rustdom.node)
==2443640==    by 0x22E3A8DF: _RNvMs2_NtNtCs4QMHp0v7l6B_4napi9js_values15object_propertyNtB5_8Property14with_utf8_name (in /mnt/c/Users/guido/ghq/projects/rustdom/dist/rustdom.node)
==2443640==    by 0x22DDE979: _RNvNvNtNtNtCs45HKutVyWu4_7rustdom3dom4tree32___napi_impl_helper_NativeTree_1536___napi_register__NativeTree_impl_40020___ctor_private_inner (in /mnt/c/Users/guido/ghq/projects/rustdom/dist/rustdom.node)
==2443640==    by 0x22DFFF35: _RNvNvNvNvNtNtNtCs45HKutVyWu4_7rustdom3dom4tree32___napi_impl_helper_NativeTree_1536___napi_register__NativeTree_impl_4001__18___CTOR_PRIVATE_REF14___ctor_private (in /mnt/c/Users/guido/ghq/projects/rustdom/dist/rustdom.node)
==2443640==    by 0x681447D: call_init.part.0 (dl-init.c:70)
==2443640==    by 0x6814567: call_init (dl-init.c:33)
==2443640==    by 0x6814567: _dl_init (dl-init.c:117)
==2443640==    by 0x7522BB4: _dl_catch_exception (dl-error-skeleton.c:182)
==2443640==    by 0x681BFF5: dl_open_worker (dl-open.c:808)
==2443640==    by 0x681BFF5: dl_open_worker (dl-open.c:771)
==2443640==    by 0x7522B57: _dl_catch_exception (dl-error-skeleton.c:208)
==2443640==    by 0x681C34D: _dl_open (dl-open.c:883)
==2443640==    by 0x743E5FB: dlopen_doit (dlopen.c:56)
==2443640== 
==2443640== 21 bytes in 1 blocks are possibly lost in loss record 269 of 377
==2443640==    at 0x7056899: malloc (in /mnt/c/Users/guido/ghq/projects/rustdom/.tools/valgrind/usr/libexec/valgrind/vgpreload_memcheck-amd64-linux.so)
==2443640==    by 0x22E8FC22: _RNvXs0_NvMs_NtNtCs6i54tJFfzR_5alloc3ffi5c_strNtBa_7CString3newReNtB5_11SpecNewImpl13spec_new_impl (in /mnt/c/Users/guido/ghq/projects/rustdom/dist/rustdom.node)
==2443640==    by 0x22E3A8DF: _RNvMs2_NtNtCs4QMHp0v7l6B_4napi9js_values15object_propertyNtB5_8Property14with_utf8_name (in /mnt/c/Users/guido/ghq/projects/rustdom/dist/rustdom.node)
==2443640==    by 0x22DDF2AF: _RNvNvNtNtNtCs45HKutVyWu4_7rustdom3dom4tree32___napi_impl_helper_NativeTree_1536___napi_register__NativeTree_impl_40020___ctor_private_inner (in /mnt/c/Users/guido/ghq/projects/rustdom/dist/rustdom.node)
==2443640==    by 0x22DFFF35: _RNvNvNvNvNtNtNtCs45HKutVyWu4_7rustdom3dom4tree32___napi_impl_helper_NativeTree_1536___napi_register__NativeTree_impl_4001__18___CTOR_PRIVATE_REF14___ctor_private (in /mnt/c/Users/guido/ghq/projects/rustdom/dist/rustdom.node)
==2443640==    by 0x681447D: call_init.part.0 (dl-init.c:70)
==2443640==    by 0x6814567: call_init (dl-init.c:33)
==2443640==    by 0x6814567: _dl_init (dl-init.c:117)
==2443640==    by 0x7522BB4: _dl_catch_exception (dl-error-skeleton.c:182)
==2443640==    by 0x681BFF5: dl_open_worker (dl-open.c:808)
==2443640==    by 0x681BFF5: dl_open_worker (dl-open.c:771)
==2443640==    by 0x7522B57: _dl_catch_exception (dl-error-skeleton.c:208)
==2443640==    by 0x681C34D: _dl_open (dl-open.c:883)
==2443640==    by 0x743E5FB: dlopen_doit (dlopen.c:56)
==2443640== 
==2443640== 21 bytes in 1 blocks are possibly lost in loss record 270 of 377
==2443640==    at 0x7056899: malloc (in /mnt/c/Users/guido/ghq/projects/rustdom/.tools/valgrind/usr/libexec/valgrind/vgpreload_memcheck-amd64-linux.so)
==2443640==    by 0x22E8FC22: _RNvXs0_NvMs_NtNtCs6i54tJFfzR_5alloc3ffi5c_strNtBa_7CString3newReNtB5_11SpecNewImpl13spec_new_impl (in /mnt/c/Users/guido/ghq/projects/rustdom/dist/rustdom.node)
==2443640==    by 0x22E3A8DF: _RNvMs2_NtNtCs4QMHp0v7l6B_4napi9js_values15object_propertyNtB5_8Property14with_utf8_name (in /mnt/c/Users/guido/ghq/projects/rustdom/dist/rustdom.node)
==2443640==    by 0x22E0007B: _RNvNvNvNvNtNtNtCs45HKutVyWu4_7rustdom3xml7binding37___napi_impl_helper_NativeXmlParser_2041___napi_register__NativeXmlParser_impl_4511__18___CTOR_PRIVATE_REF14___ctor_private (in /mnt/c/Users/guido/ghq/projects/rustdom/dist/rustdom.node)
==2443640==    by 0x681447D: call_init.part.0 (dl-init.c:70)
==2443640==    by 0x6814567: call_init (dl-init.c:33)
==2443640==    by 0x6814567: _dl_init (dl-init.c:117)
==2443640==    by 0x7522BB4: _dl_catch_exception (dl-error-skeleton.c:182)
==2443640==    by 0x681BFF5: dl_open_worker (dl-open.c:808)
==2443640==    by 0x681BFF5: dl_open_worker (dl-open.c:771)
==2443640==    by 0x7522B57: _dl_catch_exception (dl-error-skeleton.c:208)
==2443640==    by 0x681C34D: _dl_open (dl-open.c:883)
==2443640==    by 0x743E5FB: dlopen_doit (dlopen.c:56)
==2443640==    by 0x7522B57: _dl_catch_exception (dl-error-skeleton.c:208)
==2443640== 
==2443640== 22 bytes in 1 blocks are possibly lost in loss record 271 of 377
==2443640==    at 0x7056899: malloc (in /mnt/c/Users/guido/ghq/projects/rustdom/.tools/valgrind/usr/libexec/valgrind/vgpreload_memcheck-amd64-linux.so)
==2443640==    by 0x22E8FC22: _RNvXs0_NvMs_NtNtCs6i54tJFfzR_5alloc3ffi5c_strNtBa_7CString3newReNtB5_11SpecNewImpl13spec_new_impl (in /mnt/c/Users/guido/ghq/projects/rustdom/dist/rustdom.node)
==2443640==    by 0x22E3A8DF: _RNvMs2_NtNtCs4QMHp0v7l6B_4napi9js_values15object_propertyNtB5_8Property14with_utf8_name (in /mnt/c/Users/guido/ghq/projects/rustdom/dist/rustdom.node)
==2443640==    by 0x22DD8945: _RNvNvNtNtNtCs45HKutVyWu4_7rustdom3dom4tree32___napi_impl_helper_NativeTree_1536___napi_register__NativeTree_impl_40020___ctor_private_inner (in /mnt/c/Users/guido/ghq/projects/rustdom/dist/rustdom.node)
==2443640==    by 0x22DFFF35: _RNvNvNvNvNtNtNtCs45HKutVyWu4_7rustdom3dom4tree32___napi_impl_helper_NativeTree_1536___napi_register__NativeTree_impl_4001__18___CTOR_PRIVATE_REF14___ctor_private (in /mnt/c/Users/guido/ghq/projects/rustdom/dist/rustdom.node)
==2443640==    by 0x681447D: call_init.part.0 (dl-init.c:70)
==2443640==    by 0x6814567: call_init (dl-init.c:33)
==2443640==    by 0x6814567: _dl_init (dl-init.c:117)
==2443640==    by 0x7522BB4: _dl_catch_exception (dl-error-skeleton.c:182)
==2443640==    by 0x681BFF5: dl_open_worker (dl-open.c:808)
==2443640==    by 0x681BFF5: dl_open_worker (dl-open.c:771)
==2443640==    by 0x7522B57: _dl_catch_exception (dl-error-skeleton.c:208)
==2443640==    by 0x681C34D: _dl_open (dl-open.c:883)
==2443640==    by 0x743E5FB: dlopen_doit (dlopen.c:56)
==2443640== 
==2443640== 22 bytes in 1 blocks are possibly lost in loss record 272 of 377
==2443640==    at 0x7056899: malloc (in /mnt/c/Users/guido/ghq/projects/rustdom/.tools/valgrind/usr/libexec/valgrind/vgpreload_memcheck-amd64-linux.so)
==2443640==    by 0x22E8FC22: _RNvXs0_NvMs_NtNtCs6i54tJFfzR_5alloc3ffi5c_strNtBa_7CString3newReNtB5_11SpecNewImpl13spec_new_impl (in /mnt/c/Users/guido/ghq/projects/rustdom/dist/rustdom.node)
==2443640==    by 0x22E3A8DF: _RNvMs2_NtNtCs4QMHp0v7l6B_4napi9js_values15object_propertyNtB5_8Property14with_utf8_name (in /mnt/c/Users/guido/ghq/projects/rustdom/dist/rustdom.node)
==2443640==    by 0x22DDAE1D: _RNvNvNtNtNtCs45HKutVyWu4_7rustdom3dom4tree32___napi_impl_helper_NativeTree_1536___napi_register__NativeTree_impl_40020___ctor_private_inner (in /mnt/c/Users/guido/ghq/projects/rustdom/dist/rustdom.node)
==2443640==    by 0x22DFFF35: _RNvNvNvNvNtNtNtCs45HKutVyWu4_7rustdom3dom4tree32___napi_impl_helper_NativeTree_1536___napi_register__NativeTree_impl_4001__18___CTOR_PRIVATE_REF14___ctor_private (in /mnt/c/Users/guido/ghq/projects/rustdom/dist/rustdom.node)
==2443640==    by 0x681447D: call_init.part.0 (dl-init.c:70)
==2443640==    by 0x6814567: call_init (dl-init.c:33)
==2443640==    by 0x6814567: _dl_init (dl-init.c:117)
==2443640==    by 0x7522BB4: _dl_catch_exception (dl-error-skeleton.c:182)
==2443640==    by 0x681BFF5: dl_open_worker (dl-open.c:808)
==2443640==    by 0x681BFF5: dl_open_worker (dl-open.c:771)
==2443640==    by 0x7522B57: _dl_catch_exception (dl-error-skeleton.c:208)
==2443640==    by 0x681C34D: _dl_open (dl-open.c:883)
==2443640==    by 0x743E5FB: dlopen_doit (dlopen.c:56)
==2443640== 
==2443640== 22 bytes in 1 blocks are possibly lost in loss record 273 of 377
==2443640==    at 0x7056899: malloc (in /mnt/c/Users/guido/ghq/projects/rustdom/.tools/valgrind/usr/libexec/valgrind/vgpreload_memcheck-amd64-linux.so)
==2443640==    by 0x22E8FC22: _RNvXs0_NvMs_NtNtCs6i54tJFfzR_5alloc3ffi5c_strNtBa_7CString3newReNtB5_11SpecNewImpl13spec_new_impl (in /mnt/c/Users/guido/ghq/projects/rustdom/dist/rustdom.node)
==2443640==    by 0x22E3A8DF: _RNvMs2_NtNtCs4QMHp0v7l6B_4napi9js_values15object_propertyNtB5_8Property14with_utf8_name (in /mnt/c/Users/guido/ghq/projects/rustdom/dist/rustdom.node)
==2443640==    by 0x22DDB95F: _RNvNvNtNtNtCs45HKutVyWu4_7rustdom3dom4tree32___napi_impl_helper_NativeTree_1536___napi_register__NativeTree_impl_40020___ctor_private_inner (in /mnt/c/Users/guido/ghq/projects/rustdom/dist/rustdom.node)
==2443640==    by 0x22DFFF35: _RNvNvNvNvNtNtNtCs45HKutVyWu4_7rustdom3dom4tree32___napi_impl_helper_NativeTree_1536___napi_register__NativeTree_impl_4001__18___CTOR_PRIVATE_REF14___ctor_private (in /mnt/c/Users/guido/ghq/projects/rustdom/dist/rustdom.node)
==2443640==    by 0x681447D: call_init.part.0 (dl-init.c:70)
==2443640==    by 0x6814567: call_init (dl-init.c:33)
==2443640==    by 0x6814567: _dl_init (dl-init.c:117)
==2443640==    by 0x7522BB4: _dl_catch_exception (dl-error-skeleton.c:182)
==2443640==    by 0x681BFF5: dl_open_worker (dl-open.c:808)
==2443640==    by 0x681BFF5: dl_open_worker (dl-open.c:771)
==2443640==    by 0x7522B57: _dl_catch_exception (dl-error-skeleton.c:208)
==2443640==    by 0x681C34D: _dl_open (dl-open.c:883)
==2443640==    by 0x743E5FB: dlopen_doit (dlopen.c:56)
==2443640== 
==2443640== 23 bytes in 1 blocks are possibly lost in loss record 274 of 377
==2443640==    at 0x7056899: malloc (in /mnt/c/Users/guido/ghq/projects/rustdom/.tools/valgrind/usr/libexec/valgrind/vgpreload_memcheck-amd64-linux.so)
==2443640==    by 0x22E8FC22: _RNvXs0_NvMs_NtNtCs6i54tJFfzR_5alloc3ffi5c_strNtBa_7CString3newReNtB5_11SpecNewImpl13spec_new_impl (in /mnt/c/Users/guido/ghq/projects/rustdom/dist/rustdom.node)
==2443640==    by 0x22E3A8DF: _RNvMs2_NtNtCs4QMHp0v7l6B_4napi9js_values15object_propertyNtB5_8Property14with_utf8_name (in /mnt/c/Users/guido/ghq/projects/rustdom/dist/rustdom.node)
==2443640==    by 0x22DD8C57: _RNvNvNtNtNtCs45HKutVyWu4_7rustdom3dom4tree32___napi_impl_helper_NativeTree_1536___napi_register__NativeTree_impl_40020___ctor_private_inner (in /mnt/c/Users/guido/ghq/projects/rustdom/dist/rustdom.node)
==2443640==    by 0x22DFFF35: _RNvNvNvNvNtNtNtCs45HKutVyWu4_7rustdom3dom4tree32___napi_impl_helper_NativeTree_1536___napi_register__NativeTree_impl_4001__18___CTOR_PRIVATE_REF14___ctor_private (in /mnt/c/Users/guido/ghq/projects/rustdom/dist/rustdom.node)
==2443640==    by 0x681447D: call_init.part.0 (dl-init.c:70)
==2443640==    by 0x6814567: call_init (dl-init.c:33)
==2443640==    by 0x6814567: _dl_init (dl-init.c:117)
==2443640==    by 0x7522BB4: _dl_catch_exception (dl-error-skeleton.c:182)
==2443640==    by 0x681BFF5: dl_open_worker (dl-open.c:808)
==2443640==    by 0x681BFF5: dl_open_worker (dl-open.c:771)
==2443640==    by 0x7522B57: _dl_catch_exception (dl-error-skeleton.c:208)
==2443640==    by 0x681C34D: _dl_open (dl-open.c:883)
==2443640==    by 0x743E5FB: dlopen_doit (dlopen.c:56)
==2443640== 
==2443640== 23 bytes in 1 blocks are possibly lost in loss record 275 of 377
==2443640==    at 0x7056899: malloc (in /mnt/c/Users/guido/ghq/projects/rustdom/.tools/valgrind/usr/libexec/valgrind/vgpreload_memcheck-amd64-linux.so)
==2443640==    by 0x22E8FC22: _RNvXs0_NvMs_NtNtCs6i54tJFfzR_5alloc3ffi5c_strNtBa_7CString3newReNtB5_11SpecNewImpl13spec_new_impl (in /mnt/c/Users/guido/ghq/projects/rustdom/dist/rustdom.node)
==2443640==    by 0x22E3A8DF: _RNvMs2_NtNtCs4QMHp0v7l6B_4napi9js_values15object_propertyNtB5_8Property14with_utf8_name (in /mnt/c/Users/guido/ghq/projects/rustdom/dist/rustdom.node)
==2443640==    by 0x22DD9799: _RNvNvNtNtNtCs45HKutVyWu4_7rustdom3dom4tree32___napi_impl_helper_NativeTree_1536___napi_register__NativeTree_impl_40020___ctor_private_inner (in /mnt/c/Users/guido/ghq/projects/rustdom/dist/rustdom.node)
==2443640==    by 0x22DFFF35: _RNvNvNvNvNtNtNtCs45HKutVyWu4_7rustdom3dom4tree32___napi_impl_helper_NativeTree_1536___napi_register__NativeTree_impl_4001__18___CTOR_PRIVATE_REF14___ctor_private (in /mnt/c/Users/guido/ghq/projects/rustdom/dist/rustdom.node)
==2443640==    by 0x681447D: call_init.part.0 (dl-init.c:70)
==2443640==    by 0x6814567: call_init (dl-init.c:33)
==2443640==    by 0x6814567: _dl_init (dl-init.c:117)
==2443640==    by 0x7522BB4: _dl_catch_exception (dl-error-skeleton.c:182)
==2443640==    by 0x681BFF5: dl_open_worker (dl-open.c:808)
==2443640==    by 0x681BFF5: dl_open_worker (dl-open.c:771)
==2443640==    by 0x7522B57: _dl_catch_exception (dl-error-skeleton.c:208)
==2443640==    by 0x681C34D: _dl_open (dl-open.c:883)
==2443640==    by 0x743E5FB: dlopen_doit (dlopen.c:56)
==2443640== 
==2443640== 23 bytes in 1 blocks are possibly lost in loss record 276 of 377
==2443640==    at 0x7056899: malloc (in /mnt/c/Users/guido/ghq/projects/rustdom/.tools/valgrind/usr/libexec/valgrind/vgpreload_memcheck-amd64-linux.so)
==2443640==    by 0x22E8FC22: _RNvXs0_NvMs_NtNtCs6i54tJFfzR_5alloc3ffi5c_strNtBa_7CString3newReNtB5_11SpecNewImpl13spec_new_impl (in /mnt/c/Users/guido/ghq/projects/rustdom/dist/rustdom.node)
==2443640==    by 0x22E3A8DF: _RNvMs2_NtNtCs4QMHp0v7l6B_4napi9js_values15object_propertyNtB5_8Property14with_utf8_name (in /mnt/c/Users/guido/ghq/projects/rustdom/dist/rustdom.node)
==2443640==    by 0x22DDB029: _RNvNvNtNtNtCs45HKutVyWu4_7rustdom3dom4tree32___napi_impl_helper_NativeTree_1536___napi_register__NativeTree_impl_40020___ctor_private_inner (in /mnt/c/Users/guido/ghq/projects/rustdom/dist/rustdom.node)
==2443640==    by 0x22DFFF35: _RNvNvNvNvNtNtNtCs45HKutVyWu4_7rustdom3dom4tree32___napi_impl_helper_NativeTree_1536___napi_register__NativeTree_impl_4001__18___CTOR_PRIVATE_REF14___ctor_private (in /mnt/c/Users/guido/ghq/projects/rustdom/dist/rustdom.node)
==2443640==    by 0x681447D: call_init.part.0 (dl-init.c:70)
==2443640==    by 0x6814567: call_init (dl-init.c:33)
==2443640==    by 0x6814567: _dl_init (dl-init.c:117)
==2443640==    by 0x7522BB4: _dl_catch_exception (dl-error-skeleton.c:182)
==2443640==    by 0x681BFF5: dl_open_worker (dl-open.c:808)
==2443640==    by 0x681BFF5: dl_open_worker (dl-open.c:771)
==2443640==    by 0x7522B57: _dl_catch_exception (dl-error-skeleton.c:208)
==2443640==    by 0x681C34D: _dl_open (dl-open.c:883)
==2443640==    by 0x743E5FB: dlopen_doit (dlopen.c:56)
==2443640== 
==2443640== 23 bytes in 1 blocks are possibly lost in loss record 277 of 377
==2443640==    at 0x7056899: malloc (in /mnt/c/Users/guido/ghq/projects/rustdom/.tools/valgrind/usr/libexec/valgrind/vgpreload_memcheck-amd64-linux.so)
==2443640==    by 0x22E8FC22: _RNvXs0_NvMs_NtNtCs6i54tJFfzR_5alloc3ffi5c_strNtBa_7CString3newReNtB5_11SpecNewImpl13spec_new_impl (in /mnt/c/Users/guido/ghq/projects/rustdom/dist/rustdom.node)
==2443640==    by 0x22E3A8DF: _RNvMs2_NtNtCs4QMHp0v7l6B_4napi9js_values15object_propertyNtB5_8Property14with_utf8_name (in /mnt/c/Users/guido/ghq/projects/rustdom/dist/rustdom.node)
==2443640==    by 0x22DDDC2B: _RNvNvNtNtNtCs45HKutVyWu4_7rustdom3dom4tree32___napi_impl_helper_NativeTree_1536___napi_register__NativeTree_impl_40020___ctor_private_inner (in /mnt/c/Users/guido/ghq/projects/rustdom/dist/rustdom.node)
==2443640==    by 0x22DFFF35: _RNvNvNvNvNtNtNtCs45HKutVyWu4_7rustdom3dom4tree32___napi_impl_helper_NativeTree_1536___napi_register__NativeTree_impl_4001__18___CTOR_PRIVATE_REF14___ctor_private (in /mnt/c/Users/guido/ghq/projects/rustdom/dist/rustdom.node)
==2443640==    by 0x681447D: call_init.part.0 (dl-init.c:70)
==2443640==    by 0x6814567: call_init (dl-init.c:33)
==2443640==    by 0x6814567: _dl_init (dl-init.c:117)
==2443640==    by 0x7522BB4: _dl_catch_exception (dl-error-skeleton.c:182)
==2443640==    by 0x681BFF5: dl_open_worker (dl-open.c:808)
==2443640==    by 0x681BFF5: dl_open_worker (dl-open.c:771)
==2443640==    by 0x7522B57: _dl_catch_exception (dl-error-skeleton.c:208)
==2443640==    by 0x681C34D: _dl_open (dl-open.c:883)
==2443640==    by 0x743E5FB: dlopen_doit (dlopen.c:56)
==2443640== 
==2443640== 23 bytes in 1 blocks are possibly lost in loss record 278 of 377
==2443640==    at 0x7056899: malloc (in /mnt/c/Users/guido/ghq/projects/rustdom/.tools/valgrind/usr/libexec/valgrind/vgpreload_memcheck-amd64-linux.so)
==2443640==    by 0x22E8FC22: _RNvXs0_NvMs_NtNtCs6i54tJFfzR_5alloc3ffi5c_strNtBa_7CString3newReNtB5_11SpecNewImpl13spec_new_impl (in /mnt/c/Users/guido/ghq/projects/rustdom/dist/rustdom.node)
==2443640==    by 0x22E3A8DF: _RNvMs2_NtNtCs4QMHp0v7l6B_4napi9js_values15object_propertyNtB5_8Property14with_utf8_name (in /mnt/c/Users/guido/ghq/projects/rustdom/dist/rustdom.node)
==2443640==    by 0x22DDE873: _RNvNvNtNtNtCs45HKutVyWu4_7rustdom3dom4tree32___napi_impl_helper_NativeTree_1536___napi_register__NativeTree_impl_40020___ctor_private_inner (in /mnt/c/Users/guido/ghq/projects/rustdom/dist/rustdom.node)
==2443640==    by 0x22DFFF35: _RNvNvNvNvNtNtNtCs45HKutVyWu4_7rustdom3dom4tree32___napi_impl_helper_NativeTree_1536___napi_register__NativeTree_impl_4001__18___CTOR_PRIVATE_REF14___ctor_private (in /mnt/c/Users/guido/ghq/projects/rustdom/dist/rustdom.node)
==2443640==    by 0x681447D: call_init.part.0 (dl-init.c:70)
==2443640==    by 0x6814567: call_init (dl-init.c:33)
==2443640==    by 0x6814567: _dl_init (dl-init.c:117)
==2443640==    by 0x7522BB4: _dl_catch_exception (dl-error-skeleton.c:182)
==2443640==    by 0x681BFF5: dl_open_worker (dl-open.c:808)
==2443640==    by 0x681BFF5: dl_open_worker (dl-open.c:771)
==2443640==    by 0x7522B57: _dl_catch_exception (dl-error-skeleton.c:208)
==2443640==    by 0x681C34D: _dl_open (dl-open.c:883)
==2443640==    by 0x743E5FB: dlopen_doit (dlopen.c:56)
==2443640== 
==2443640== 23 bytes in 1 blocks are possibly lost in loss record 279 of 377
==2443640==    at 0x7056899: malloc (in /mnt/c/Users/guido/ghq/projects/rustdom/.tools/valgrind/usr/libexec/valgrind/vgpreload_memcheck-amd64-linux.so)
==2443640==    by 0x22E8FC22: _RNvXs0_NvMs_NtNtCs6i54tJFfzR_5alloc3ffi5c_strNtBa_7CString3newReNtB5_11SpecNewImpl13spec_new_impl (in /mnt/c/Users/guido/ghq/projects/rustdom/dist/rustdom.node)
==2443640==    by 0x22E3A8DF: _RNvMs2_NtNtCs4QMHp0v7l6B_4napi9js_values15object_propertyNtB5_8Property14with_utf8_name (in /mnt/c/Users/guido/ghq/projects/rustdom/dist/rustdom.node)
==2443640==    by 0x22DDEA7F: _RNvNvNtNtNtCs45HKutVyWu4_7rustdom3dom4tree32___napi_impl_helper_NativeTree_1536___napi_register__NativeTree_impl_40020___ctor_private_inner (in /mnt/c/Users/guido/ghq/projects/rustdom/dist/rustdom.node)
==2443640==    by 0x22DFFF35: _RNvNvNvNvNtNtNtCs45HKutVyWu4_7rustdom3dom4tree32___napi_impl_helper_NativeTree_1536___napi_register__NativeTree_impl_4001__18___CTOR_PRIVATE_REF14___ctor_private (in /mnt/c/Users/guido/ghq/projects/rustdom/dist/rustdom.node)
==2443640==    by 0x681447D: call_init.part.0 (dl-init.c:70)
==2443640==    by 0x6814567: call_init (dl-init.c:33)
==2443640==    by 0x6814567: _dl_init (dl-init.c:117)
==2443640==    by 0x7522BB4: _dl_catch_exception (dl-error-skeleton.c:182)
==2443640==    by 0x681BFF5: dl_open_worker (dl-open.c:808)
==2443640==    by 0x681BFF5: dl_open_worker (dl-open.c:771)
==2443640==    by 0x7522B57: _dl_catch_exception (dl-error-skeleton.c:208)
==2443640==    by 0x681C34D: _dl_open (dl-open.c:883)
==2443640==    by 0x743E5FB: dlopen_doit (dlopen.c:56)
==2443640== 
==2443640== 24 bytes in 1 blocks are possibly lost in loss record 280 of 377
==2443640==    at 0x7056899: malloc (in /mnt/c/Users/guido/ghq/projects/rustdom/.tools/valgrind/usr/libexec/valgrind/vgpreload_memcheck-amd64-linux.so)
==2443640==    by 0x22E8FC22: _RNvXs0_NvMs_NtNtCs6i54tJFfzR_5alloc3ffi5c_strNtBa_7CString3newReNtB5_11SpecNewImpl13spec_new_impl (in /mnt/c/Users/guido/ghq/projects/rustdom/dist/rustdom.node)
==2443640==    by 0x22E3A8DF: _RNvMs2_NtNtCs4QMHp0v7l6B_4napi9js_values15object_propertyNtB5_8Property14with_utf8_name (in /mnt/c/Users/guido/ghq/projects/rustdom/dist/rustdom.node)
==2443640==    by 0x22DD7EF8: _RNvNvNtNtNtCs45HKutVyWu4_7rustdom3dom4tree32___napi_impl_helper_NativeTree_1536___napi_register__NativeTree_impl_40020___ctor_private_inner (in /mnt/c/Users/guido/ghq/projects/rustdom/dist/rustdom.node)
==2443640==    by 0x22DFFF35: _RNvNvNvNvNtNtNtCs45HKutVyWu4_7rustdom3dom4tree32___napi_impl_helper_NativeTree_1536___napi_register__NativeTree_impl_4001__18___CTOR_PRIVATE_REF14___ctor_private (in /mnt/c/Users/guido/ghq/projects/rustdom/dist/rustdom.node)
==2443640==    by 0x681447D: call_init.part.0 (dl-init.c:70)
==2443640==    by 0x6814567: call_init (dl-init.c:33)
==2443640==    by 0x6814567: _dl_init (dl-init.c:117)
==2443640==    by 0x7522BB4: _dl_catch_exception (dl-error-skeleton.c:182)
==2443640==    by 0x681BFF5: dl_open_worker (dl-open.c:808)
==2443640==    by 0x681BFF5: dl_open_worker (dl-open.c:771)
==2443640==    by 0x7522B57: _dl_catch_exception (dl-error-skeleton.c:208)
==2443640==    by 0x681C34D: _dl_open (dl-open.c:883)
==2443640==    by 0x743E5FB: dlopen_doit (dlopen.c:56)
==2443640== 
==2443640== 24 bytes in 1 blocks are possibly lost in loss record 281 of 377
==2443640==    at 0x7056899: malloc (in /mnt/c/Users/guido/ghq/projects/rustdom/.tools/valgrind/usr/libexec/valgrind/vgpreload_memcheck-amd64-linux.so)
==2443640==    by 0x22E8FC22: _RNvXs0_NvMs_NtNtCs6i54tJFfzR_5alloc3ffi5c_strNtBa_7CString3newReNtB5_11SpecNewImpl13spec_new_impl (in /mnt/c/Users/guido/ghq/projects/rustdom/dist/rustdom.node)
==2443640==    by 0x22E3A8DF: _RNvMs2_NtNtCs4QMHp0v7l6B_4napi9js_values15object_propertyNtB5_8Property14with_utf8_name (in /mnt/c/Users/guido/ghq/projects/rustdom/dist/rustdom.node)
==2443640==    by 0x22DD8104: _RNvNvNtNtNtCs45HKutVyWu4_7rustdom3dom4tree32___napi_impl_helper_NativeTree_1536___napi_register__NativeTree_impl_40020___ctor_private_inner (in /mnt/c/Users/guido/ghq/projects/rustdom/dist/rustdom.node)
==2443640==    by 0x22DFFF35: _RNvNvNvNvNtNtNtCs45HKutVyWu4_7rustdom3dom4tree32___napi_impl_helper_NativeTree_1536___napi_register__NativeTree_impl_4001__18___CTOR_PRIVATE_REF14___ctor_private (in /mnt/c/Users/guido/ghq/projects/rustdom/dist/rustdom.node)
==2443640==    by 0x681447D: call_init.part.0 (dl-init.c:70)
==2443640==    by 0x6814567: call_init (dl-init.c:33)
==2443640==    by 0x6814567: _dl_init (dl-init.c:117)
==2443640==    by 0x7522BB4: _dl_catch_exception (dl-error-skeleton.c:182)
==2443640==    by 0x681BFF5: dl_open_worker (dl-open.c:808)
==2443640==    by 0x681BFF5: dl_open_worker (dl-open.c:771)
==2443640==    by 0x7522B57: _dl_catch_exception (dl-error-skeleton.c:208)
==2443640==    by 0x681C34D: _dl_open (dl-open.c:883)
==2443640==    by 0x743E5FB: dlopen_doit (dlopen.c:56)
==2443640== 
==2443640== 24 bytes in 1 blocks are possibly lost in loss record 282 of 377
==2443640==    at 0x7056899: malloc (in /mnt/c/Users/guido/ghq/projects/rustdom/.tools/valgrind/usr/libexec/valgrind/vgpreload_memcheck-amd64-linux.so)
==2443640==    by 0x22E8FC22: _RNvXs0_NvMs_NtNtCs6i54tJFfzR_5alloc3ffi5c_strNtBa_7CString3newReNtB5_11SpecNewImpl13spec_new_impl (in /mnt/c/Users/guido/ghq/projects/rustdom/dist/rustdom.node)
==2443640==    by 0x22E3A8DF: _RNvMs2_NtNtCs4QMHp0v7l6B_4napi9js_values15object_propertyNtB5_8Property14with_utf8_name (in /mnt/c/Users/guido/ghq/projects/rustdom/dist/rustdom.node)
==2443640==    by 0x22DD9FC9: _RNvNvNtNtNtCs45HKutVyWu4_7rustdom3dom4tree32___napi_impl_helper_NativeTree_1536___napi_register__NativeTree_impl_40020___ctor_private_inner (in /mnt/c/Users/guido/ghq/projects/rustdom/dist/rustdom.node)
==2443640==    by 0x22DFFF35: _RNvNvNvNvNtNtNtCs45HKutVyWu4_7rustdom3dom4tree32___napi_impl_helper_NativeTree_1536___napi_register__NativeTree_impl_4001__18___CTOR_PRIVATE_REF14___ctor_private (in /mnt/c/Users/guido/ghq/projects/rustdom/dist/rustdom.node)
==2443640==    by 0x681447D: call_init.part.0 (dl-init.c:70)
==2443640==    by 0x6814567: call_init (dl-init.c:33)
==2443640==    by 0x6814567: _dl_init (dl-init.c:117)
==2443640==    by 0x7522BB4: _dl_catch_exception (dl-error-skeleton.c:182)
==2443640==    by 0x681BFF5: dl_open_worker (dl-open.c:808)
==2443640==    by 0x681BFF5: dl_open_worker (dl-open.c:771)
==2443640==    by 0x7522B57: _dl_catch_exception (dl-error-skeleton.c:208)
==2443640==    by 0x681C34D: _dl_open (dl-open.c:883)
==2443640==    by 0x743E5FB: dlopen_doit (dlopen.c:56)
==2443640== 
==2443640== 24 bytes in 1 blocks are possibly lost in loss record 283 of 377
==2443640==    at 0x7056899: malloc (in /mnt/c/Users/guido/ghq/projects/rustdom/.tools/valgrind/usr/libexec/valgrind/vgpreload_memcheck-amd64-linux.so)
==2443640==    by 0x22E8FC22: _RNvXs0_NvMs_NtNtCs6i54tJFfzR_5alloc3ffi5c_strNtBa_7CString3newReNtB5_11SpecNewImpl13spec_new_impl (in /mnt/c/Users/guido/ghq/projects/rustdom/dist/rustdom.node)
==2443640==    by 0x22E3A8DF: _RNvMs2_NtNtCs4QMHp0v7l6B_4napi9js_values15object_propertyNtB5_8Property14with_utf8_name (in /mnt/c/Users/guido/ghq/projects/rustdom/dist/rustdom.node)
==2443640==    by 0x22DDA7F9: _RNvNvNtNtNtCs45HKutVyWu4_7rustdom3dom4tree32___napi_impl_helper_NativeTree_1536___napi_register__NativeTree_impl_40020___ctor_private_inner (in /mnt/c/Users/guido/ghq/projects/rustdom/dist/rustdom.node)
==2443640==    by 0x22DFFF35: _RNvNvNvNvNtNtNtCs45HKutVyWu4_7rustdom3dom4tree32___napi_impl_helper_NativeTree_1536___napi_register__NativeTree_impl_4001__18___CTOR_PRIVATE_REF14___ctor_private (in /mnt/c/Users/guido/ghq/projects/rustdom/dist/rustdom.node)
==2443640==    by 0x681447D: call_init.part.0 (dl-init.c:70)
==2443640==    by 0x6814567: call_init (dl-init.c:33)
==2443640==    by 0x6814567: _dl_init (dl-init.c:117)
==2443640==    by 0x7522BB4: _dl_catch_exception (dl-error-skeleton.c:182)
==2443640==    by 0x681BFF5: dl_open_worker (dl-open.c:808)
==2443640==    by 0x681BFF5: dl_open_worker (dl-open.c:771)
==2443640==    by 0x7522B57: _dl_catch_exception (dl-error-skeleton.c:208)
==2443640==    by 0x681C34D: _dl_open (dl-open.c:883)
==2443640==    by 0x743E5FB: dlopen_doit (dlopen.c:56)
==2443640== 
==2443640== 24 bytes in 1 blocks are possibly lost in loss record 284 of 377
==2443640==    at 0x7056899: malloc (in /mnt/c/Users/guido/ghq/projects/rustdom/.tools/valgrind/usr/libexec/valgrind/vgpreload_memcheck-amd64-linux.so)
==2443640==    by 0x22E8FC22: _RNvXs0_NvMs_NtNtCs6i54tJFfzR_5alloc3ffi5c_strNtBa_7CString3newReNtB5_11SpecNewImpl13spec_new_impl (in /mnt/c/Users/guido/ghq/projects/rustdom/dist/rustdom.node)
==2443640==    by 0x22E3A8DF: _RNvMs2_NtNtCs4QMHp0v7l6B_4napi9js_values15object_propertyNtB5_8Property14with_utf8_name (in /mnt/c/Users/guido/ghq/projects/rustdom/dist/rustdom.node)
==2443640==    by 0x22DDC7B3: _RNvNvNtNtNtCs45HKutVyWu4_7rustdom3dom4tree32___napi_impl_helper_NativeTree_1536___napi_register__NativeTree_impl_40020___ctor_private_inner (in /mnt/c/Users/guido/ghq/projects/rustdom/dist/rustdom.node)
==2443640==    by 0x22DFFF35: _RNvNvNvNvNtNtNtCs45HKutVyWu4_7rustdom3dom4tree32___napi_impl_helper_NativeTree_1536___napi_register__NativeTree_impl_4001__18___CTOR_PRIVATE_REF14___ctor_private (in /mnt/c/Users/guido/ghq/projects/rustdom/dist/rustdom.node)
==2443640==    by 0x681447D: call_init.part.0 (dl-init.c:70)
==2443640==    by 0x6814567: call_init (dl-init.c:33)
==2443640==    by 0x6814567: _dl_init (dl-init.c:117)
==2443640==    by 0x7522BB4: _dl_catch_exception (dl-error-skeleton.c:182)
==2443640==    by 0x681BFF5: dl_open_worker (dl-open.c:808)
==2443640==    by 0x681BFF5: dl_open_worker (dl-open.c:771)
==2443640==    by 0x7522B57: _dl_catch_exception (dl-error-skeleton.c:208)
==2443640==    by 0x681C34D: _dl_open (dl-open.c:883)
==2443640==    by 0x743E5FB: dlopen_doit (dlopen.c:56)
==2443640== 
==2443640== 25 bytes in 1 blocks are possibly lost in loss record 285 of 377
==2443640==    at 0x7056899: malloc (in /mnt/c/Users/guido/ghq/projects/rustdom/.tools/valgrind/usr/libexec/valgrind/vgpreload_memcheck-amd64-linux.so)
==2443640==    by 0x22E8FC22: _RNvXs0_NvMs_NtNtCs6i54tJFfzR_5alloc3ffi5c_strNtBa_7CString3newReNtB5_11SpecNewImpl13spec_new_impl (in /mnt/c/Users/guido/ghq/projects/rustdom/dist/rustdom.node)
==2443640==    by 0x22E3A8DF: _RNvMs2_NtNtCs4QMHp0v7l6B_4napi9js_values15object_propertyNtB5_8Property14with_utf8_name (in /mnt/c/Users/guido/ghq/projects/rustdom/dist/rustdom.node)
==2443640==    by 0x22DF0034: _RNvNvNvNvNtNtNtCs45HKutVyWu4_7rustdom3dom19event_state_binding37___napi_impl_helper_NativeEventState_442___napi_register__NativeEventState_impl_1011__18___CTOR_PRIVATE_REF14___ctor_private (in /mnt/c/Users/guido/ghq/projects/rustdom/dist/rustdom.node)
==2443640==    by 0x681447D: call_init.part.0 (dl-init.c:70)
==2443640==    by 0x6814567: call_init (dl-init.c:33)
==2443640==    by 0x6814567: _dl_init (dl-init.c:117)
==2443640==    by 0x7522BB4: _dl_catch_exception (dl-error-skeleton.c:182)
==2443640==    by 0x681BFF5: dl_open_worker (dl-open.c:808)
==2443640==    by 0x681BFF5: dl_open_worker (dl-open.c:771)
==2443640==    by 0x7522B57: _dl_catch_exception (dl-error-skeleton.c:208)
==2443640==    by 0x681C34D: _dl_open (dl-open.c:883)
==2443640==    by 0x743E5FB: dlopen_doit (dlopen.c:56)
==2443640==    by 0x7522B57: _dl_catch_exception (dl-error-skeleton.c:208)
==2443640== 
==2443640== 25 bytes in 1 blocks are possibly lost in loss record 286 of 377
==2443640==    at 0x7056899: malloc (in /mnt/c/Users/guido/ghq/projects/rustdom/.tools/valgrind/usr/libexec/valgrind/vgpreload_memcheck-amd64-linux.so)
==2443640==    by 0x22E8FC22: _RNvXs0_NvMs_NtNtCs6i54tJFfzR_5alloc3ffi5c_strNtBa_7CString3newReNtB5_11SpecNewImpl13spec_new_impl (in /mnt/c/Users/guido/ghq/projects/rustdom/dist/rustdom.node)
==2443640==    by 0x22E3A8DF: _RNvMs2_NtNtCs4QMHp0v7l6B_4napi9js_values15object_propertyNtB5_8Property14with_utf8_name (in /mnt/c/Users/guido/ghq/projects/rustdom/dist/rustdom.node)
==2443640==    by 0x22DD6EA8: _RNvNvNtNtNtCs45HKutVyWu4_7rustdom3dom4tree32___napi_impl_helper_NativeTree_1536___napi_register__NativeTree_impl_40020___ctor_private_inner (in /mnt/c/Users/guido/ghq/projects/rustdom/dist/rustdom.node)
==2443640==    by 0x22DFFF35: _RNvNvNvNvNtNtNtCs45HKutVyWu4_7rustdom3dom4tree32___napi_impl_helper_NativeTree_1536___napi_register__NativeTree_impl_4001__18___CTOR_PRIVATE_REF14___ctor_private (in /mnt/c/Users/guido/ghq/projects/rustdom/dist/rustdom.node)
==2443640==    by 0x681447D: call_init.part.0 (dl-init.c:70)
==2443640==    by 0x6814567: call_init (dl-init.c:33)
==2443640==    by 0x6814567: _dl_init (dl-init.c:117)
==2443640==    by 0x7522BB4: _dl_catch_exception (dl-error-skeleton.c:182)
==2443640==    by 0x681BFF5: dl_open_worker (dl-open.c:808)
==2443640==    by 0x681BFF5: dl_open_worker (dl-open.c:771)
==2443640==    by 0x7522B57: _dl_catch_exception (dl-error-skeleton.c:208)
==2443640==    by 0x681C34D: _dl_open (dl-open.c:883)
==2443640==    by 0x743E5FB: dlopen_doit (dlopen.c:56)
==2443640== 
==2443640== 25 bytes in 1 blocks are possibly lost in loss record 287 of 377
==2443640==    at 0x7056899: malloc (in /mnt/c/Users/guido/ghq/projects/rustdom/.tools/valgrind/usr/libexec/valgrind/vgpreload_memcheck-amd64-linux.so)
==2443640==    by 0x22E8FC22: _RNvXs0_NvMs_NtNtCs6i54tJFfzR_5alloc3ffi5c_strNtBa_7CString3newReNtB5_11SpecNewImpl13spec_new_impl (in /mnt/c/Users/guido/ghq/projects/rustdom/dist/rustdom.node)
==2443640==    by 0x22E3A8DF: _RNvMs2_NtNtCs4QMHp0v7l6B_4napi9js_values15object_propertyNtB5_8Property14with_utf8_name (in /mnt/c/Users/guido/ghq/projects/rustdom/dist/rustdom.node)
==2443640==    by 0x22DD9693: _RNvNvNtNtNtCs45HKutVyWu4_7rustdom3dom4tree32___napi_impl_helper_NativeTree_1536___napi_register__NativeTree_impl_40020___ctor_private_inner (in /mnt/c/Users/guido/ghq/projects/rustdom/dist/rustdom.node)
==2443640==    by 0x22DFFF35: _RNvNvNvNvNtNtNtCs45HKutVyWu4_7rustdom3dom4tree32___napi_impl_helper_NativeTree_1536___napi_register__NativeTree_impl_4001__18___CTOR_PRIVATE_REF14___ctor_private (in /mnt/c/Users/guido/ghq/projects/rustdom/dist/rustdom.node)
==2443640==    by 0x681447D: call_init.part.0 (dl-init.c:70)
==2443640==    by 0x6814567: call_init (dl-init.c:33)
==2443640==    by 0x6814567: _dl_init (dl-init.c:117)
==2443640==    by 0x7522BB4: _dl_catch_exception (dl-error-skeleton.c:182)
==2443640==    by 0x681BFF5: dl_open_worker (dl-open.c:808)
==2443640==    by 0x681BFF5: dl_open_worker (dl-open.c:771)
==2443640==    by 0x7522B57: _dl_catch_exception (dl-error-skeleton.c:208)
==2443640==    by 0x681C34D: _dl_open (dl-open.c:883)
==2443640==    by 0x743E5FB: dlopen_doit (dlopen.c:56)
==2443640== 
==2443640== 25 bytes in 1 blocks are possibly lost in loss record 288 of 377
==2443640==    at 0x7056899: malloc (in /mnt/c/Users/guido/ghq/projects/rustdom/.tools/valgrind/usr/libexec/valgrind/vgpreload_memcheck-amd64-linux.so)
==2443640==    by 0x22E8FC22: _RNvXs0_NvMs_NtNtCs6i54tJFfzR_5alloc3ffi5c_strNtBa_7CString3newReNtB5_11SpecNewImpl13spec_new_impl (in /mnt/c/Users/guido/ghq/projects/rustdom/dist/rustdom.node)
==2443640==    by 0x22E3A8DF: _RNvMs2_NtNtCs4QMHp0v7l6B_4napi9js_values15object_propertyNtB5_8Property14with_utf8_name (in /mnt/c/Users/guido/ghq/projects/rustdom/dist/rustdom.node)
==2443640==    by 0x22DD989F: _RNvNvNtNtNtCs45HKutVyWu4_7rustdom3dom4tree32___napi_impl_helper_NativeTree_1536___napi_register__NativeTree_impl_40020___ctor_private_inner (in /mnt/c/Users/guido/ghq/projects/rustdom/dist/rustdom.node)
==2443640==    by 0x22DFFF35: _RNvNvNvNvNtNtNtCs45HKutVyWu4_7rustdom3dom4tree32___napi_impl_helper_NativeTree_1536___napi_register__NativeTree_impl_4001__18___CTOR_PRIVATE_REF14___ctor_private (in /mnt/c/Users/guido/ghq/projects/rustdom/dist/rustdom.node)
==2443640==    by 0x681447D: call_init.part.0 (dl-init.c:70)
==2443640==    by 0x6814567: call_init (dl-init.c:33)
==2443640==    by 0x6814567: _dl_init (dl-init.c:117)
==2443640==    by 0x7522BB4: _dl_catch_exception (dl-error-skeleton.c:182)
==2443640==    by 0x681BFF5: dl_open_worker (dl-open.c:808)
==2443640==    by 0x681BFF5: dl_open_worker (dl-open.c:771)
==2443640==    by 0x7522B57: _dl_catch_exception (dl-error-skeleton.c:208)
==2443640==    by 0x681C34D: _dl_open (dl-open.c:883)
==2443640==    by 0x743E5FB: dlopen_doit (dlopen.c:56)
==2443640== 
==2443640== 25 bytes in 1 blocks are possibly lost in loss record 289 of 377
==2443640==    at 0x7056899: malloc (in /mnt/c/Users/guido/ghq/projects/rustdom/.tools/valgrind/usr/libexec/valgrind/vgpreload_memcheck-amd64-linux.so)
==2443640==    by 0x22E8FC22: _RNvXs0_NvMs_NtNtCs6i54tJFfzR_5alloc3ffi5c_strNtBa_7CString3newReNtB5_11SpecNewImpl13spec_new_impl (in /mnt/c/Users/guido/ghq/projects/rustdom/dist/rustdom.node)
==2443640==    by 0x22E3A8DF: _RNvMs2_NtNtCs4QMHp0v7l6B_4napi9js_values15object_propertyNtB5_8Property14with_utf8_name (in /mnt/c/Users/guido/ghq/projects/rustdom/dist/rustdom.node)
==2443640==    by 0x22DDD70D: _RNvNvNtNtNtCs45HKutVyWu4_7rustdom3dom4tree32___napi_impl_helper_NativeTree_1536___napi_register__NativeTree_impl_40020___ctor_private_inner (in /mnt/c/Users/guido/ghq/projects/rustdom/dist/rustdom.node)
==2443640==    by 0x22DFFF35: _RNvNvNvNvNtNtNtCs45HKutVyWu4_7rustdom3dom4tree32___napi_impl_helper_NativeTree_1536___napi_register__NativeTree_impl_4001__18___CTOR_PRIVATE_REF14___ctor_private (in /mnt/c/Users/guido/ghq/projects/rustdom/dist/rustdom.node)
==2443640==    by 0x681447D: call_init.part.0 (dl-init.c:70)
==2443640==    by 0x6814567: call_init (dl-init.c:33)
==2443640==    by 0x6814567: _dl_init (dl-init.c:117)
==2443640==    by 0x7522BB4: _dl_catch_exception (dl-error-skeleton.c:182)
==2443640==    by 0x681BFF5: dl_open_worker (dl-open.c:808)
==2443640==    by 0x681BFF5: dl_open_worker (dl-open.c:771)
==2443640==    by 0x7522B57: _dl_catch_exception (dl-error-skeleton.c:208)
==2443640==    by 0x681C34D: _dl_open (dl-open.c:883)
==2443640==    by 0x743E5FB: dlopen_doit (dlopen.c:56)
==2443640== 
==2443640== 25 bytes in 1 blocks are possibly lost in loss record 290 of 377
==2443640==    at 0x7056899: malloc (in /mnt/c/Users/guido/ghq/projects/rustdom/.tools/valgrind/usr/libexec/valgrind/vgpreload_memcheck-amd64-linux.so)
==2443640==    by 0x22E8FC22: _RNvXs0_NvMs_NtNtCs6i54tJFfzR_5alloc3ffi5c_strNtBa_7CString3newReNtB5_11SpecNewImpl13spec_new_impl (in /mnt/c/Users/guido/ghq/projects/rustdom/dist/rustdom.node)
==2443640==    by 0x22E3A8DF: _RNvMs2_NtNtCs4QMHp0v7l6B_4napi9js_values15object_propertyNtB5_8Property14with_utf8_name (in /mnt/c/Users/guido/ghq/projects/rustdom/dist/rustdom.node)
==2443640==    by 0x22DDE561: _RNvNvNtNtNtCs45HKutVyWu4_7rustdom3dom4tree32___napi_impl_helper_NativeTree_1536___napi_register__NativeTree_impl_40020___ctor_private_inner (in /mnt/c/Users/guido/ghq/projects/rustdom/dist/rustdom.node)
==2443640==    by 0x22DFFF35: _RNvNvNvNvNtNtNtCs45HKutVyWu4_7rustdom3dom4tree32___napi_impl_helper_NativeTree_1536___napi_register__NativeTree_impl_4001__18___CTOR_PRIVATE_REF14___ctor_private (in /mnt/c/Users/guido/ghq/projects/rustdom/dist/rustdom.node)
==2443640==    by 0x681447D: call_init.part.0 (dl-init.c:70)
==2443640==    by 0x6814567: call_init (dl-init.c:33)
==2443640==    by 0x6814567: _dl_init (dl-init.c:117)
==2443640==    by 0x7522BB4: _dl_catch_exception (dl-error-skeleton.c:182)
==2443640==    by 0x681BFF5: dl_open_worker (dl-open.c:808)
==2443640==    by 0x681BFF5: dl_open_worker (dl-open.c:771)
==2443640==    by 0x7522B57: _dl_catch_exception (dl-error-skeleton.c:208)
==2443640==    by 0x681C34D: _dl_open (dl-open.c:883)
==2443640==    by 0x743E5FB: dlopen_doit (dlopen.c:56)
==2443640== 
==2443640== 26 bytes in 1 blocks are possibly lost in loss record 291 of 377
==2443640==    at 0x7056899: malloc (in /mnt/c/Users/guido/ghq/projects/rustdom/.tools/valgrind/usr/libexec/valgrind/vgpreload_memcheck-amd64-linux.so)
==2443640==    by 0x22E8FC22: _RNvXs0_NvMs_NtNtCs6i54tJFfzR_5alloc3ffi5c_strNtBa_7CString3newReNtB5_11SpecNewImpl13spec_new_impl (in /mnt/c/Users/guido/ghq/projects/rustdom/dist/rustdom.node)
==2443640==    by 0x22E3A8DF: _RNvMs2_NtNtCs4QMHp0v7l6B_4napi9js_values15object_propertyNtB5_8Property14with_utf8_name (in /mnt/c/Users/guido/ghq/projects/rustdom/dist/rustdom.node)
==2443640==    by 0x22DDA0CF: _RNvNvNtNtNtCs45HKutVyWu4_7rustdom3dom4tree32___napi_impl_helper_NativeTree_1536___napi_register__NativeTree_impl_40020___ctor_private_inner (in /mnt/c/Users/guido/ghq/projects/rustdom/dist/rustdom.node)
==2443640==    by 0x22DFFF35: _RNvNvNvNvNtNtNtCs45HKutVyWu4_7rustdom3dom4tree32___napi_impl_helper_NativeTree_1536___napi_register__NativeTree_impl_4001__18___CTOR_PRIVATE_REF14___ctor_private (in /mnt/c/Users/guido/ghq/projects/rustdom/dist/rustdom.node)
==2443640==    by 0x681447D: call_init.part.0 (dl-init.c:70)
==2443640==    by 0x6814567: call_init (dl-init.c:33)
==2443640==    by 0x6814567: _dl_init (dl-init.c:117)
==2443640==    by 0x7522BB4: _dl_catch_exception (dl-error-skeleton.c:182)
==2443640==    by 0x681BFF5: dl_open_worker (dl-open.c:808)
==2443640==    by 0x681BFF5: dl_open_worker (dl-open.c:771)
==2443640==    by 0x7522B57: _dl_catch_exception (dl-error-skeleton.c:208)
==2443640==    by 0x681C34D: _dl_open (dl-open.c:883)
==2443640==    by 0x743E5FB: dlopen_doit (dlopen.c:56)
==2443640== 
==2443640== 26 bytes in 1 blocks are possibly lost in loss record 292 of 377
==2443640==    at 0x7056899: malloc (in /mnt/c/Users/guido/ghq/projects/rustdom/.tools/valgrind/usr/libexec/valgrind/vgpreload_memcheck-amd64-linux.so)
==2443640==    by 0x22E8FC22: _RNvXs0_NvMs_NtNtCs6i54tJFfzR_5alloc3ffi5c_strNtBa_7CString3newReNtB5_11SpecNewImpl13spec_new_impl (in /mnt/c/Users/guido/ghq/projects/rustdom/dist/rustdom.node)
==2443640==    by 0x22E3A8DF: _RNvMs2_NtNtCs4QMHp0v7l6B_4napi9js_values15object_propertyNtB5_8Property14with_utf8_name (in /mnt/c/Users/guido/ghq/projects/rustdom/dist/rustdom.node)
==2443640==    by 0x22DDD919: _RNvNvNtNtNtCs45HKutVyWu4_7rustdom3dom4tree32___napi_impl_helper_NativeTree_1536___napi_register__NativeTree_impl_40020___ctor_private_inner (in /mnt/c/Users/guido/ghq/projects/rustdom/dist/rustdom.node)
==2443640==    by 0x22DFFF35: _RNvNvNvNvNtNtNtCs45HKutVyWu4_7rustdom3dom4tree32___napi_impl_helper_NativeTree_1536___napi_register__NativeTree_impl_4001__18___CTOR_PRIVATE_REF14___ctor_private (in /mnt/c/Users/guido/ghq/projects/rustdom/dist/rustdom.node)
==2443640==    by 0x681447D: call_init.part.0 (dl-init.c:70)
==2443640==    by 0x6814567: call_init (dl-init.c:33)
==2443640==    by 0x6814567: _dl_init (dl-init.c:117)
==2443640==    by 0x7522BB4: _dl_catch_exception (dl-error-skeleton.c:182)
==2443640==    by 0x681BFF5: dl_open_worker (dl-open.c:808)
==2443640==    by 0x681BFF5: dl_open_worker (dl-open.c:771)
==2443640==    by 0x7522B57: _dl_catch_exception (dl-error-skeleton.c:208)
==2443640==    by 0x681C34D: _dl_open (dl-open.c:883)
==2443640==    by 0x743E5FB: dlopen_doit (dlopen.c:56)
==2443640== 
==2443640== 27 bytes in 1 blocks are possibly lost in loss record 293 of 377
==2443640==    at 0x7056899: malloc (in /mnt/c/Users/guido/ghq/projects/rustdom/.tools/valgrind/usr/libexec/valgrind/vgpreload_memcheck-amd64-linux.so)
==2443640==    by 0x22E8FC22: _RNvXs0_NvMs_NtNtCs6i54tJFfzR_5alloc3ffi5c_strNtBa_7CString3newReNtB5_11SpecNewImpl13spec_new_impl (in /mnt/c/Users/guido/ghq/projects/rustdom/dist/rustdom.node)
==2443640==    by 0x22E3A8DF: _RNvMs2_NtNtCs4QMHp0v7l6B_4napi9js_values15object_propertyNtB5_8Property14with_utf8_name (in /mnt/c/Users/guido/ghq/projects/rustdom/dist/rustdom.node)
==2443640==    by 0x22DD8739: _RNvNvNtNtNtCs45HKutVyWu4_7rustdom3dom4tree32___napi_impl_helper_NativeTree_1536___napi_register__NativeTree_impl_40020___ctor_private_inner (in /mnt/c/Users/guido/ghq/projects/rustdom/dist/rustdom.node)
==2443640==    by 0x22DFFF35: _RNvNvNvNvNtNtNtCs45HKutVyWu4_7rustdom3dom4tree32___napi_impl_helper_NativeTree_1536___napi_register__NativeTree_impl_4001__18___CTOR_PRIVATE_REF14___ctor_private (in /mnt/c/Users/guido/ghq/projects/rustdom/dist/rustdom.node)
==2443640==    by 0x681447D: call_init.part.0 (dl-init.c:70)
==2443640==    by 0x6814567: call_init (dl-init.c:33)
==2443640==    by 0x6814567: _dl_init (dl-init.c:117)
==2443640==    by 0x7522BB4: _dl_catch_exception (dl-error-skeleton.c:182)
==2443640==    by 0x681BFF5: dl_open_worker (dl-open.c:808)
==2443640==    by 0x681BFF5: dl_open_worker (dl-open.c:771)
==2443640==    by 0x7522B57: _dl_catch_exception (dl-error-skeleton.c:208)
==2443640==    by 0x681C34D: _dl_open (dl-open.c:883)
==2443640==    by 0x743E5FB: dlopen_doit (dlopen.c:56)
==2443640== 
==2443640== 27 bytes in 1 blocks are possibly lost in loss record 294 of 377
==2443640==    at 0x7056899: malloc (in /mnt/c/Users/guido/ghq/projects/rustdom/.tools/valgrind/usr/libexec/valgrind/vgpreload_memcheck-amd64-linux.so)
==2443640==    by 0x22E8FC22: _RNvXs0_NvMs_NtNtCs6i54tJFfzR_5alloc3ffi5c_strNtBa_7CString3newReNtB5_11SpecNewImpl13spec_new_impl (in /mnt/c/Users/guido/ghq/projects/rustdom/dist/rustdom.node)
==2443640==    by 0x22E3A8DF: _RNvMs2_NtNtCs4QMHp0v7l6B_4napi9js_values15object_propertyNtB5_8Property14with_utf8_name (in /mnt/c/Users/guido/ghq/projects/rustdom/dist/rustdom.node)
==2443640==    by 0x22DDAC11: _RNvNvNtNtNtCs45HKutVyWu4_7rustdom3dom4tree32___napi_impl_helper_NativeTree_1536___napi_register__NativeTree_impl_40020___ctor_private_inner (in /mnt/c/Users/guido/ghq/projects/rustdom/dist/rustdom.node)
==2443640==    by 0x22DFFF35: _RNvNvNvNvNtNtNtCs45HKutVyWu4_7rustdom3dom4tree32___napi_impl_helper_NativeTree_1536___napi_register__NativeTree_impl_4001__18___CTOR_PRIVATE_REF14___ctor_private (in /mnt/c/Users/guido/ghq/projects/rustdom/dist/rustdom.node)
==2443640==    by 0x681447D: call_init.part.0 (dl-init.c:70)
==2443640==    by 0x6814567: call_init (dl-init.c:33)
==2443640==    by 0x6814567: _dl_init (dl-init.c:117)
==2443640==    by 0x7522BB4: _dl_catch_exception (dl-error-skeleton.c:182)
==2443640==    by 0x681BFF5: dl_open_worker (dl-open.c:808)
==2443640==    by 0x681BFF5: dl_open_worker (dl-open.c:771)
==2443640==    by 0x7522B57: _dl_catch_exception (dl-error-skeleton.c:208)
==2443640==    by 0x681C34D: _dl_open (dl-open.c:883)
==2443640==    by 0x743E5FB: dlopen_doit (dlopen.c:56)
==2443640== 
==2443640== 27 bytes in 1 blocks are possibly lost in loss record 295 of 377
==2443640==    at 0x7056899: malloc (in /mnt/c/Users/guido/ghq/projects/rustdom/.tools/valgrind/usr/libexec/valgrind/vgpreload_memcheck-amd64-linux.so)
==2443640==    by 0x22E8FC22: _RNvXs0_NvMs_NtNtCs6i54tJFfzR_5alloc3ffi5c_strNtBa_7CString3newReNtB5_11SpecNewImpl13spec_new_impl (in /mnt/c/Users/guido/ghq/projects/rustdom/dist/rustdom.node)
==2443640==    by 0x22E3A8DF: _RNvMs2_NtNtCs4QMHp0v7l6B_4napi9js_values15object_propertyNtB5_8Property14with_utf8_name (in /mnt/c/Users/guido/ghq/projects/rustdom/dist/rustdom.node)
==2443640==    by 0x22DDAF23: _RNvNvNtNtNtCs45HKutVyWu4_7rustdom3dom4tree32___napi_impl_helper_NativeTree_1536___napi_register__NativeTree_impl_40020___ctor_private_inner (in /mnt/c/Users/guido/ghq/projects/rustdom/dist/rustdom.node)
==2443640==    by 0x22DFFF35: _RNvNvNvNvNtNtNtCs45HKutVyWu4_7rustdom3dom4tree32___napi_impl_helper_NativeTree_1536___napi_register__NativeTree_impl_4001__18___CTOR_PRIVATE_REF14___ctor_private (in /mnt/c/Users/guido/ghq/projects/rustdom/dist/rustdom.node)
==2443640==    by 0x681447D: call_init.part.0 (dl-init.c:70)
==2443640==    by 0x6814567: call_init (dl-init.c:33)
==2443640==    by 0x6814567: _dl_init (dl-init.c:117)
==2443640==    by 0x7522BB4: _dl_catch_exception (dl-error-skeleton.c:182)
==2443640==    by 0x681BFF5: dl_open_worker (dl-open.c:808)
==2443640==    by 0x681BFF5: dl_open_worker (dl-open.c:771)
==2443640==    by 0x7522B57: _dl_catch_exception (dl-error-skeleton.c:208)
==2443640==    by 0x681C34D: _dl_open (dl-open.c:883)
==2443640==    by 0x743E5FB: dlopen_doit (dlopen.c:56)
==2443640== 
==2443640== 27 bytes in 1 blocks are possibly lost in loss record 296 of 377
==2443640==    at 0x7056899: malloc (in /mnt/c/Users/guido/ghq/projects/rustdom/.tools/valgrind/usr/libexec/valgrind/vgpreload_memcheck-amd64-linux.so)
==2443640==    by 0x22E8FC22: _RNvXs0_NvMs_NtNtCs6i54tJFfzR_5alloc3ffi5c_strNtBa_7CString3newReNtB5_11SpecNewImpl13spec_new_impl (in /mnt/c/Users/guido/ghq/projects/rustdom/dist/rustdom.node)
==2443640==    by 0x22E3A8DF: _RNvMs2_NtNtCs4QMHp0v7l6B_4napi9js_values15object_propertyNtB5_8Property14with_utf8_name (in /mnt/c/Users/guido/ghq/projects/rustdom/dist/rustdom.node)
==2443640==    by 0x22DDB753: _RNvNvNtNtNtCs45HKutVyWu4_7rustdom3dom4tree32___napi_impl_helper_NativeTree_1536___napi_register__NativeTree_impl_40020___ctor_private_inner (in /mnt/c/Users/guido/ghq/projects/rustdom/dist/rustdom.node)
==2443640==    by 0x22DFFF35: _RNvNvNvNvNtNtNtCs45HKutVyWu4_7rustdom3dom4tree32___napi_impl_helper_NativeTree_1536___napi_register__NativeTree_impl_4001__18___CTOR_PRIVATE_REF14___ctor_private (in /mnt/c/Users/guido/ghq/projects/rustdom/dist/rustdom.node)
==2443640==    by 0x681447D: call_init.part.0 (dl-init.c:70)
==2443640==    by 0x6814567: call_init (dl-init.c:33)
==2443640==    by 0x6814567: _dl_init (dl-init.c:117)
==2443640==    by 0x7522BB4: _dl_catch_exception (dl-error-skeleton.c:182)
==2443640==    by 0x681BFF5: dl_open_worker (dl-open.c:808)
==2443640==    by 0x681BFF5: dl_open_worker (dl-open.c:771)
==2443640==    by 0x7522B57: _dl_catch_exception (dl-error-skeleton.c:208)
==2443640==    by 0x681C34D: _dl_open (dl-open.c:883)
==2443640==    by 0x743E5FB: dlopen_doit (dlopen.c:56)
==2443640== 
==2443640== 28 bytes in 1 blocks are possibly lost in loss record 297 of 377
==2443640==    at 0x7056899: malloc (in /mnt/c/Users/guido/ghq/projects/rustdom/.tools/valgrind/usr/libexec/valgrind/vgpreload_memcheck-amd64-linux.so)
==2443640==    by 0x22E8FC22: _RNvXs0_NvMs_NtNtCs6i54tJFfzR_5alloc3ffi5c_strNtBa_7CString3newReNtB5_11SpecNewImpl13spec_new_impl (in /mnt/c/Users/guido/ghq/projects/rustdom/dist/rustdom.node)
==2443640==    by 0x22E3A8DF: _RNvMs2_NtNtCs4QMHp0v7l6B_4napi9js_values15object_propertyNtB5_8Property14with_utf8_name (in /mnt/c/Users/guido/ghq/projects/rustdom/dist/rustdom.node)
==2443640==    by 0x22DD9CB7: _RNvNvNtNtNtCs45HKutVyWu4_7rustdom3dom4tree32___napi_impl_helper_NativeTree_1536___napi_register__NativeTree_impl_40020___ctor_private_inner (in /mnt/c/Users/guido/ghq/projects/rustdom/dist/rustdom.node)
==2443640==    by 0x22DFFF35: _RNvNvNvNvNtNtNtCs45HKutVyWu4_7rustdom3dom4tree32___napi_impl_helper_NativeTree_1536___napi_register__NativeTree_impl_4001__18___CTOR_PRIVATE_REF14___ctor_private (in /mnt/c/Users/guido/ghq/projects/rustdom/dist/rustdom.node)
==2443640==    by 0x681447D: call_init.part.0 (dl-init.c:70)
==2443640==    by 0x6814567: call_init (dl-init.c:33)
==2443640==    by 0x6814567: _dl_init (dl-init.c:117)
==2443640==    by 0x7522BB4: _dl_catch_exception (dl-error-skeleton.c:182)
==2443640==    by 0x681BFF5: dl_open_worker (dl-open.c:808)
==2443640==    by 0x681BFF5: dl_open_worker (dl-open.c:771)
==2443640==    by 0x7522B57: _dl_catch_exception (dl-error-skeleton.c:208)
==2443640==    by 0x681C34D: _dl_open (dl-open.c:883)
==2443640==    by 0x743E5FB: dlopen_doit (dlopen.c:56)
==2443640== 
==2443640== 28 bytes in 1 blocks are possibly lost in loss record 298 of 377
==2443640==    at 0x7056899: malloc (in /mnt/c/Users/guido/ghq/projects/rustdom/.tools/valgrind/usr/libexec/valgrind/vgpreload_memcheck-amd64-linux.so)
==2443640==    by 0x22E8FC22: _RNvXs0_NvMs_NtNtCs6i54tJFfzR_5alloc3ffi5c_strNtBa_7CString3newReNtB5_11SpecNewImpl13spec_new_impl (in /mnt/c/Users/guido/ghq/projects/rustdom/dist/rustdom.node)
==2443640==    by 0x22E3A8DF: _RNvMs2_NtNtCs4QMHp0v7l6B_4napi9js_values15object_propertyNtB5_8Property14with_utf8_name (in /mnt/c/Users/guido/ghq/projects/rustdom/dist/rustdom.node)
==2443640==    by 0x22DDB235: _RNvNvNtNtNtCs45HKutVyWu4_7rustdom3dom4tree32___napi_impl_helper_NativeTree_1536___napi_register__NativeTree_impl_40020___ctor_private_inner (in /mnt/c/Users/guido/ghq/projects/rustdom/dist/rustdom.node)
==2443640==    by 0x22DFFF35: _RNvNvNvNvNtNtNtCs45HKutVyWu4_7rustdom3dom4tree32___napi_impl_helper_NativeTree_1536___napi_register__NativeTree_impl_4001__18___CTOR_PRIVATE_REF14___ctor_private (in /mnt/c/Users/guido/ghq/projects/rustdom/dist/rustdom.node)
==2443640==    by 0x681447D: call_init.part.0 (dl-init.c:70)
==2443640==    by 0x6814567: call_init (dl-init.c:33)
==2443640==    by 0x6814567: _dl_init (dl-init.c:117)
==2443640==    by 0x7522BB4: _dl_catch_exception (dl-error-skeleton.c:182)
==2443640==    by 0x681BFF5: dl_open_worker (dl-open.c:808)
==2443640==    by 0x681BFF5: dl_open_worker (dl-open.c:771)
==2443640==    by 0x7522B57: _dl_catch_exception (dl-error-skeleton.c:208)
==2443640==    by 0x681C34D: _dl_open (dl-open.c:883)
==2443640==    by 0x743E5FB: dlopen_doit (dlopen.c:56)
==2443640== 
==2443640== 28 bytes in 1 blocks are possibly lost in loss record 299 of 377
==2443640==    at 0x7056899: malloc (in /mnt/c/Users/guido/ghq/projects/rustdom/.tools/valgrind/usr/libexec/valgrind/vgpreload_memcheck-amd64-linux.so)
==2443640==    by 0x22E8FC22: _RNvXs0_NvMs_NtNtCs6i54tJFfzR_5alloc3ffi5c_strNtBa_7CString3newReNtB5_11SpecNewImpl13spec_new_impl (in /mnt/c/Users/guido/ghq/projects/rustdom/dist/rustdom.node)
==2443640==    by 0x22E3A8DF: _RNvMs2_NtNtCs4QMHp0v7l6B_4napi9js_values15object_propertyNtB5_8Property14with_utf8_name (in /mnt/c/Users/guido/ghq/projects/rustdom/dist/rustdom.node)
==2443640==    by 0x22DDC295: _RNvNvNtNtNtCs45HKutVyWu4_7rustdom3dom4tree32___napi_impl_helper_NativeTree_1536___napi_register__NativeTree_impl_40020___ctor_private_inner (in /mnt/c/Users/guido/ghq/projects/rustdom/dist/rustdom.node)
==2443640==    by 0x22DFFF35: _RNvNvNvNvNtNtNtCs45HKutVyWu4_7rustdom3dom4tree32___napi_impl_helper_NativeTree_1536___napi_register__NativeTree_impl_4001__18___CTOR_PRIVATE_REF14___ctor_private (in /mnt/c/Users/guido/ghq/projects/rustdom/dist/rustdom.node)
==2443640==    by 0x681447D: call_init.part.0 (dl-init.c:70)
==2443640==    by 0x6814567: call_init (dl-init.c:33)
==2443640==    by 0x6814567: _dl_init (dl-init.c:117)
==2443640==    by 0x7522BB4: _dl_catch_exception (dl-error-skeleton.c:182)
==2443640==    by 0x681BFF5: dl_open_worker (dl-open.c:808)
==2443640==    by 0x681BFF5: dl_open_worker (dl-open.c:771)
==2443640==    by 0x7522B57: _dl_catch_exception (dl-error-skeleton.c:208)
==2443640==    by 0x681C34D: _dl_open (dl-open.c:883)
==2443640==    by 0x743E5FB: dlopen_doit (dlopen.c:56)
==2443640== 
==2443640== 29 bytes in 1 blocks are possibly lost in loss record 300 of 377
==2443640==    at 0x7056899: malloc (in /mnt/c/Users/guido/ghq/projects/rustdom/.tools/valgrind/usr/libexec/valgrind/vgpreload_memcheck-amd64-linux.so)
==2443640==    by 0x22E8FC22: _RNvXs0_NvMs_NtNtCs6i54tJFfzR_5alloc3ffi5c_strNtBa_7CString3newReNtB5_11SpecNewImpl13spec_new_impl (in /mnt/c/Users/guido/ghq/projects/rustdom/dist/rustdom.node)
==2443640==    by 0x22E3A8DF: _RNvMs2_NtNtCs4QMHp0v7l6B_4napi9js_values15object_propertyNtB5_8Property14with_utf8_name (in /mnt/c/Users/guido/ghq/projects/rustdom/dist/rustdom.node)
==2443640==    by 0x22DDA3E1: _RNvNvNtNtNtCs45HKutVyWu4_7rustdom3dom4tree32___napi_impl_helper_NativeTree_1536___napi_register__NativeTree_impl_40020___ctor_private_inner (in /mnt/c/Users/guido/ghq/projects/rustdom/dist/rustdom.node)
==2443640==    by 0x22DFFF35: _RNvNvNvNvNtNtNtCs45HKutVyWu4_7rustdom3dom4tree32___napi_impl_helper_NativeTree_1536___napi_register__NativeTree_impl_4001__18___CTOR_PRIVATE_REF14___ctor_private (in /mnt/c/Users/guido/ghq/projects/rustdom/dist/rustdom.node)
==2443640==    by 0x681447D: call_init.part.0 (dl-init.c:70)
==2443640==    by 0x6814567: call_init (dl-init.c:33)
==2443640==    by 0x6814567: _dl_init (dl-init.c:117)
==2443640==    by 0x7522BB4: _dl_catch_exception (dl-error-skeleton.c:182)
==2443640==    by 0x681BFF5: dl_open_worker (dl-open.c:808)
==2443640==    by 0x681BFF5: dl_open_worker (dl-open.c:771)
==2443640==    by 0x7522B57: _dl_catch_exception (dl-error-skeleton.c:208)
==2443640==    by 0x681C34D: _dl_open (dl-open.c:883)
==2443640==    by 0x743E5FB: dlopen_doit (dlopen.c:56)
==2443640== 
==2443640== 29 bytes in 1 blocks are possibly lost in loss record 301 of 377
==2443640==    at 0x7056899: malloc (in /mnt/c/Users/guido/ghq/projects/rustdom/.tools/valgrind/usr/libexec/valgrind/vgpreload_memcheck-amd64-linux.so)
==2443640==    by 0x22E8FC22: _RNvXs0_NvMs_NtNtCs6i54tJFfzR_5alloc3ffi5c_strNtBa_7CString3newReNtB5_11SpecNewImpl13spec_new_impl (in /mnt/c/Users/guido/ghq/projects/rustdom/dist/rustdom.node)
==2443640==    by 0x22E3A8DF: _RNvMs2_NtNtCs4QMHp0v7l6B_4napi9js_values15object_propertyNtB5_8Property14with_utf8_name (in /mnt/c/Users/guido/ghq/projects/rustdom/dist/rustdom.node)
==2443640==    by 0x22DDC089: _RNvNvNtNtNtCs45HKutVyWu4_7rustdom3dom4tree32___napi_impl_helper_NativeTree_1536___napi_register__NativeTree_impl_40020___ctor_private_inner (in /mnt/c/Users/guido/ghq/projects/rustdom/dist/rustdom.node)
==2443640==    by 0x22DFFF35: _RNvNvNvNvNtNtNtCs45HKutVyWu4_7rustdom3dom4tree32___napi_impl_helper_NativeTree_1536___napi_register__NativeTree_impl_4001__18___CTOR_PRIVATE_REF14___ctor_private (in /mnt/c/Users/guido/ghq/projects/rustdom/dist/rustdom.node)
==2443640==    by 0x681447D: call_init.part.0 (dl-init.c:70)
==2443640==    by 0x6814567: call_init (dl-init.c:33)
==2443640==    by 0x6814567: _dl_init (dl-init.c:117)
==2443640==    by 0x7522BB4: _dl_catch_exception (dl-error-skeleton.c:182)
==2443640==    by 0x681BFF5: dl_open_worker (dl-open.c:808)
==2443640==    by 0x681BFF5: dl_open_worker (dl-open.c:771)
==2443640==    by 0x7522B57: _dl_catch_exception (dl-error-skeleton.c:208)
==2443640==    by 0x681C34D: _dl_open (dl-open.c:883)
==2443640==    by 0x743E5FB: dlopen_doit (dlopen.c:56)
==2443640== 
==2443640== 29 bytes in 1 blocks are possibly lost in loss record 302 of 377
==2443640==    at 0x7056899: malloc (in /mnt/c/Users/guido/ghq/projects/rustdom/.tools/valgrind/usr/libexec/valgrind/vgpreload_memcheck-amd64-linux.so)
==2443640==    by 0x22E8FC22: _RNvXs0_NvMs_NtNtCs6i54tJFfzR_5alloc3ffi5c_strNtBa_7CString3newReNtB5_11SpecNewImpl13spec_new_impl (in /mnt/c/Users/guido/ghq/projects/rustdom/dist/rustdom.node)
==2443640==    by 0x22E3A8DF: _RNvMs2_NtNtCs4QMHp0v7l6B_4napi9js_values15object_propertyNtB5_8Property14with_utf8_name (in /mnt/c/Users/guido/ghq/projects/rustdom/dist/rustdom.node)
==2443640==    by 0x22DDDB25: _RNvNvNtNtNtCs45HKutVyWu4_7rustdom3dom4tree32___napi_impl_helper_NativeTree_1536___napi_register__NativeTree_impl_40020___ctor_private_inner (in /mnt/c/Users/guido/ghq/projects/rustdom/dist/rustdom.node)
==2443640==    by 0x22DFFF35: _RNvNvNvNvNtNtNtCs45HKutVyWu4_7rustdom3dom4tree32___napi_impl_helper_NativeTree_1536___napi_register__NativeTree_impl_4001__18___CTOR_PRIVATE_REF14___ctor_private (in /mnt/c/Users/guido/ghq/projects/rustdom/dist/rustdom.node)
==2443640==    by 0x681447D: call_init.part.0 (dl-init.c:70)
==2443640==    by 0x6814567: call_init (dl-init.c:33)
==2443640==    by 0x6814567: _dl_init (dl-init.c:117)
==2443640==    by 0x7522BB4: _dl_catch_exception (dl-error-skeleton.c:182)
==2443640==    by 0x681BFF5: dl_open_worker (dl-open.c:808)
==2443640==    by 0x681BFF5: dl_open_worker (dl-open.c:771)
==2443640==    by 0x7522B57: _dl_catch_exception (dl-error-skeleton.c:208)
==2443640==    by 0x681C34D: _dl_open (dl-open.c:883)
==2443640==    by 0x743E5FB: dlopen_doit (dlopen.c:56)
==2443640== 
==2443640== 30 bytes in 1 blocks are possibly lost in loss record 303 of 377
==2443640==    at 0x7056899: malloc (in /mnt/c/Users/guido/ghq/projects/rustdom/.tools/valgrind/usr/libexec/valgrind/vgpreload_memcheck-amd64-linux.so)
==2443640==    by 0x22E8FC22: _RNvXs0_NvMs_NtNtCs6i54tJFfzR_5alloc3ffi5c_strNtBa_7CString3newReNtB5_11SpecNewImpl13spec_new_impl (in /mnt/c/Users/guido/ghq/projects/rustdom/dist/rustdom.node)
==2443640==    by 0x22E3A8DF: _RNvMs2_NtNtCs4QMHp0v7l6B_4napi9js_values15object_propertyNtB5_8Property14with_utf8_name (in /mnt/c/Users/guido/ghq/projects/rustdom/dist/rustdom.node)
==2443640==    by 0x22DD7FFE: _RNvNvNtNtNtCs45HKutVyWu4_7rustdom3dom4tree32___napi_impl_helper_NativeTree_1536___napi_register__NativeTree_impl_40020___ctor_private_inner (in /mnt/c/Users/guido/ghq/projects/rustdom/dist/rustdom.node)
==2443640==    by 0x22DFFF35: _RNvNvNvNvNtNtNtCs45HKutVyWu4_7rustdom3dom4tree32___napi_impl_helper_NativeTree_1536___napi_register__NativeTree_impl_4001__18___CTOR_PRIVATE_REF14___ctor_private (in /mnt/c/Users/guido/ghq/projects/rustdom/dist/rustdom.node)
==2443640==    by 0x681447D: call_init.part.0 (dl-init.c:70)
==2443640==    by 0x6814567: call_init (dl-init.c:33)
==2443640==    by 0x6814567: _dl_init (dl-init.c:117)
==2443640==    by 0x7522BB4: _dl_catch_exception (dl-error-skeleton.c:182)
==2443640==    by 0x681BFF5: dl_open_worker (dl-open.c:808)
==2443640==    by 0x681BFF5: dl_open_worker (dl-open.c:771)
==2443640==    by 0x7522B57: _dl_catch_exception (dl-error-skeleton.c:208)
==2443640==    by 0x681C34D: _dl_open (dl-open.c:883)
==2443640==    by 0x743E5FB: dlopen_doit (dlopen.c:56)
==2443640== 
==2443640== 30 bytes in 1 blocks are possibly lost in loss record 304 of 377
==2443640==    at 0x7056899: malloc (in /mnt/c/Users/guido/ghq/projects/rustdom/.tools/valgrind/usr/libexec/valgrind/vgpreload_memcheck-amd64-linux.so)
==2443640==    by 0x22E8FC22: _RNvXs0_NvMs_NtNtCs6i54tJFfzR_5alloc3ffi5c_strNtBa_7CString3newReNtB5_11SpecNewImpl13spec_new_impl (in /mnt/c/Users/guido/ghq/projects/rustdom/dist/rustdom.node)
==2443640==    by 0x22E3A8DF: _RNvMs2_NtNtCs4QMHp0v7l6B_4napi9js_values15object_propertyNtB5_8Property14with_utf8_name (in /mnt/c/Users/guido/ghq/projects/rustdom/dist/rustdom.node)
==2443640==    by 0x22DD958D: _RNvNvNtNtNtCs45HKutVyWu4_7rustdom3dom4tree32___napi_impl_helper_NativeTree_1536___napi_register__NativeTree_impl_40020___ctor_private_inner (in /mnt/c/Users/guido/ghq/projects/rustdom/dist/rustdom.node)
==2443640==    by 0x22DFFF35: _RNvNvNvNvNtNtNtCs45HKutVyWu4_7rustdom3dom4tree32___napi_impl_helper_NativeTree_1536___napi_register__NativeTree_impl_4001__18___CTOR_PRIVATE_REF14___ctor_private (in /mnt/c/Users/guido/ghq/projects/rustdom/dist/rustdom.node)
==2443640==    by 0x681447D: call_init.part.0 (dl-init.c:70)
==2443640==    by 0x6814567: call_init (dl-init.c:33)
==2443640==    by 0x6814567: _dl_init (dl-init.c:117)
==2443640==    by 0x7522BB4: _dl_catch_exception (dl-error-skeleton.c:182)
==2443640==    by 0x681BFF5: dl_open_worker (dl-open.c:808)
==2443640==    by 0x681BFF5: dl_open_worker (dl-open.c:771)
==2443640==    by 0x7522B57: _dl_catch_exception (dl-error-skeleton.c:208)
==2443640==    by 0x681C34D: _dl_open (dl-open.c:883)
==2443640==    by 0x743E5FB: dlopen_doit (dlopen.c:56)
==2443640== 
==2443640== 30 bytes in 1 blocks are possibly lost in loss record 305 of 377
==2443640==    at 0x7056899: malloc (in /mnt/c/Users/guido/ghq/projects/rustdom/.tools/valgrind/usr/libexec/valgrind/vgpreload_memcheck-amd64-linux.so)
==2443640==    by 0x22E8FC22: _RNvXs0_NvMs_NtNtCs6i54tJFfzR_5alloc3ffi5c_strNtBa_7CString3newReNtB5_11SpecNewImpl13spec_new_impl (in /mnt/c/Users/guido/ghq/projects/rustdom/dist/rustdom.node)
==2443640==    by 0x22E3A8DF: _RNvMs2_NtNtCs4QMHp0v7l6B_4napi9js_values15object_propertyNtB5_8Property14with_utf8_name (in /mnt/c/Users/guido/ghq/projects/rustdom/dist/rustdom.node)
==2443640==    by 0x22DDEB85: _RNvNvNtNtNtCs45HKutVyWu4_7rustdom3dom4tree32___napi_impl_helper_NativeTree_1536___napi_register__NativeTree_impl_40020___ctor_private_inner (in /mnt/c/Users/guido/ghq/projects/rustdom/dist/rustdom.node)
==2443640==    by 0x22DFFF35: _RNvNvNvNvNtNtNtCs45HKutVyWu4_7rustdom3dom4tree32___napi_impl_helper_NativeTree_1536___napi_register__NativeTree_impl_4001__18___CTOR_PRIVATE_REF14___ctor_private (in /mnt/c/Users/guido/ghq/projects/rustdom/dist/rustdom.node)
==2443640==    by 0x681447D: call_init.part.0 (dl-init.c:70)
==2443640==    by 0x6814567: call_init (dl-init.c:33)
==2443640==    by 0x6814567: _dl_init (dl-init.c:117)
==2443640==    by 0x7522BB4: _dl_catch_exception (dl-error-skeleton.c:182)
==2443640==    by 0x681BFF5: dl_open_worker (dl-open.c:808)
==2443640==    by 0x681BFF5: dl_open_worker (dl-open.c:771)
==2443640==    by 0x7522B57: _dl_catch_exception (dl-error-skeleton.c:208)
==2443640==    by 0x681C34D: _dl_open (dl-open.c:883)
==2443640==    by 0x743E5FB: dlopen_doit (dlopen.c:56)
==2443640== 
==2443640== 31 bytes in 1 blocks are possibly lost in loss record 306 of 377
==2443640==    at 0x7056899: malloc (in /mnt/c/Users/guido/ghq/projects/rustdom/.tools/valgrind/usr/libexec/valgrind/vgpreload_memcheck-amd64-linux.so)
==2443640==    by 0x22E8FC22: _RNvXs0_NvMs_NtNtCs6i54tJFfzR_5alloc3ffi5c_strNtBa_7CString3newReNtB5_11SpecNewImpl13spec_new_impl (in /mnt/c/Users/guido/ghq/projects/rustdom/dist/rustdom.node)
==2443640==    by 0x22E3A8DF: _RNvMs2_NtNtCs4QMHp0v7l6B_4napi9js_values15object_propertyNtB5_8Property14with_utf8_name (in /mnt/c/Users/guido/ghq/projects/rustdom/dist/rustdom.node)
==2443640==    by 0x22DDAB0B: _RNvNvNtNtNtCs45HKutVyWu4_7rustdom3dom4tree32___napi_impl_helper_NativeTree_1536___napi_register__NativeTree_impl_40020___ctor_private_inner (in /mnt/c/Users/guido/ghq/projects/rustdom/dist/rustdom.node)
==2443640==    by 0x22DFFF35: _RNvNvNvNvNtNtNtCs45HKutVyWu4_7rustdom3dom4tree32___napi_impl_helper_NativeTree_1536___napi_register__NativeTree_impl_4001__18___CTOR_PRIVATE_REF14___ctor_private (in /mnt/c/Users/guido/ghq/projects/rustdom/dist/rustdom.node)
==2443640==    by 0x681447D: call_init.part.0 (dl-init.c:70)
==2443640==    by 0x6814567: call_init (dl-init.c:33)
==2443640==    by 0x6814567: _dl_init (dl-init.c:117)
==2443640==    by 0x7522BB4: _dl_catch_exception (dl-error-skeleton.c:182)
==2443640==    by 0x681BFF5: dl_open_worker (dl-open.c:808)
==2443640==    by 0x681BFF5: dl_open_worker (dl-open.c:771)
==2443640==    by 0x7522B57: _dl_catch_exception (dl-error-skeleton.c:208)
==2443640==    by 0x681C34D: _dl_open (dl-open.c:883)
==2443640==    by 0x743E5FB: dlopen_doit (dlopen.c:56)
==2443640== 
==2443640== 33 bytes in 1 blocks are possibly lost in loss record 307 of 377
==2443640==    at 0x7056899: malloc (in /mnt/c/Users/guido/ghq/projects/rustdom/.tools/valgrind/usr/libexec/valgrind/vgpreload_memcheck-amd64-linux.so)
==2443640==    by 0x22E8FC22: _RNvXs0_NvMs_NtNtCs6i54tJFfzR_5alloc3ffi5c_strNtBa_7CString3newReNtB5_11SpecNewImpl13spec_new_impl (in /mnt/c/Users/guido/ghq/projects/rustdom/dist/rustdom.node)
==2443640==    by 0x22E3A8DF: _RNvMs2_NtNtCs4QMHp0v7l6B_4napi9js_values15object_propertyNtB5_8Property14with_utf8_name (in /mnt/c/Users/guido/ghq/projects/rustdom/dist/rustdom.node)
==2443640==    by 0x22DDCCD1: _RNvNvNtNtNtCs45HKutVyWu4_7rustdom3dom4tree32___napi_impl_helper_NativeTree_1536___napi_register__NativeTree_impl_40020___ctor_private_inner (in /mnt/c/Users/guido/ghq/projects/rustdom/dist/rustdom.node)
==2443640==    by 0x22DFFF35: _RNvNvNvNvNtNtNtCs45HKutVyWu4_7rustdom3dom4tree32___napi_impl_helper_NativeTree_1536___napi_register__NativeTree_impl_4001__18___CTOR_PRIVATE_REF14___ctor_private (in /mnt/c/Users/guido/ghq/projects/rustdom/dist/rustdom.node)
==2443640==    by 0x681447D: call_init.part.0 (dl-init.c:70)
==2443640==    by 0x6814567: call_init (dl-init.c:33)
==2443640==    by 0x6814567: _dl_init (dl-init.c:117)
==2443640==    by 0x7522BB4: _dl_catch_exception (dl-error-skeleton.c:182)
==2443640==    by 0x681BFF5: dl_open_worker (dl-open.c:808)
==2443640==    by 0x681BFF5: dl_open_worker (dl-open.c:771)
==2443640==    by 0x7522B57: _dl_catch_exception (dl-error-skeleton.c:208)
==2443640==    by 0x681C34D: _dl_open (dl-open.c:883)
==2443640==    by 0x743E5FB: dlopen_doit (dlopen.c:56)
==2443640== 
==2443640== 34 bytes in 1 blocks are possibly lost in loss record 308 of 377
==2443640==    at 0x7056899: malloc (in /mnt/c/Users/guido/ghq/projects/rustdom/.tools/valgrind/usr/libexec/valgrind/vgpreload_memcheck-amd64-linux.so)
==2443640==    by 0x22E8FC22: _RNvXs0_NvMs_NtNtCs6i54tJFfzR_5alloc3ffi5c_strNtBa_7CString3newReNtB5_11SpecNewImpl13spec_new_impl (in /mnt/c/Users/guido/ghq/projects/rustdom/dist/rustdom.node)
==2443640==    by 0x22E3A8DF: _RNvMs2_NtNtCs4QMHp0v7l6B_4napi9js_values15object_propertyNtB5_8Property14with_utf8_name (in /mnt/c/Users/guido/ghq/projects/rustdom/dist/rustdom.node)
==2443640==    by 0x22DD7AE0: _RNvNvNtNtNtCs45HKutVyWu4_7rustdom3dom4tree32___napi_impl_helper_NativeTree_1536___napi_register__NativeTree_impl_40020___ctor_private_inner (in /mnt/c/Users/guido/ghq/projects/rustdom/dist/rustdom.node)
==2443640==    by 0x22DFFF35: _RNvNvNvNvNtNtNtCs45HKutVyWu4_7rustdom3dom4tree32___napi_impl_helper_NativeTree_1536___napi_register__NativeTree_impl_4001__18___CTOR_PRIVATE_REF14___ctor_private (in /mnt/c/Users/guido/ghq/projects/rustdom/dist/rustdom.node)
==2443640==    by 0x681447D: call_init.part.0 (dl-init.c:70)
==2443640==    by 0x6814567: call_init (dl-init.c:33)
==2443640==    by 0x6814567: _dl_init (dl-init.c:117)
==2443640==    by 0x7522BB4: _dl_catch_exception (dl-error-skeleton.c:182)
==2443640==    by 0x681BFF5: dl_open_worker (dl-open.c:808)
==2443640==    by 0x681BFF5: dl_open_worker (dl-open.c:771)
==2443640==    by 0x7522B57: _dl_catch_exception (dl-error-skeleton.c:208)
==2443640==    by 0x681C34D: _dl_open (dl-open.c:883)
==2443640==    by 0x743E5FB: dlopen_doit (dlopen.c:56)
==2443640== 
==2443640== 38 bytes in 1 blocks are possibly lost in loss record 309 of 377
==2443640==    at 0x7056899: malloc (in /mnt/c/Users/guido/ghq/projects/rustdom/.tools/valgrind/usr/libexec/valgrind/vgpreload_memcheck-amd64-linux.so)
==2443640==    by 0x22E8FC22: _RNvXs0_NvMs_NtNtCs6i54tJFfzR_5alloc3ffi5c_strNtBa_7CString3newReNtB5_11SpecNewImpl13spec_new_impl (in /mnt/c/Users/guido/ghq/projects/rustdom/dist/rustdom.node)
==2443640==    by 0x22E3A8DF: _RNvMs2_NtNtCs4QMHp0v7l6B_4napi9js_values15object_propertyNtB5_8Property14with_utf8_name (in /mnt/c/Users/guido/ghq/projects/rustdom/dist/rustdom.node)
==2443640==    by 0x22DD99A5: _RNvNvNtNtNtCs45HKutVyWu4_7rustdom3dom4tree32___napi_impl_helper_NativeTree_1536___napi_register__NativeTree_impl_40020___ctor_private_inner (in /mnt/c/Users/guido/ghq/projects/rustdom/dist/rustdom.node)
==2443640==    by 0x22DFFF35: _RNvNvNvNvNtNtNtCs45HKutVyWu4_7rustdom3dom4tree32___napi_impl_helper_NativeTree_1536___napi_register__NativeTree_impl_4001__18___CTOR_PRIVATE_REF14___ctor_private (in /mnt/c/Users/guido/ghq/projects/rustdom/dist/rustdom.node)
==2443640==    by 0x681447D: call_init.part.0 (dl-init.c:70)
==2443640==    by 0x6814567: call_init (dl-init.c:33)
==2443640==    by 0x6814567: _dl_init (dl-init.c:117)
==2443640==    by 0x7522BB4: _dl_catch_exception (dl-error-skeleton.c:182)
==2443640==    by 0x681BFF5: dl_open_worker (dl-open.c:808)
==2443640==    by 0x681BFF5: dl_open_worker (dl-open.c:771)
==2443640==    by 0x7522B57: _dl_catch_exception (dl-error-skeleton.c:208)
==2443640==    by 0x681C34D: _dl_open (dl-open.c:883)
==2443640==    by 0x743E5FB: dlopen_doit (dlopen.c:56)
==2443640== 
==2443640== 40 bytes in 1 blocks are still reachable in loss record 310 of 377
==2443640==    at 0x7056899: malloc (in /mnt/c/Users/guido/ghq/projects/rustdom/.tools/valgrind/usr/libexec/valgrind/vgpreload_memcheck-amd64-linux.so)
==2443640==    by 0x25B5E99: icu_78::locale_set_default_internal(char const*, UErrorCode&) (in /mnt/c/Users/guido/ghq/projects/rustdom/.tools/node/bin/node)
==2443640==    by 0x25B626E: icu_78::Locale::Locale() (in /mnt/c/Users/guido/ghq/projects/rustdom/.tools/node/bin/node)
==2443640==    by 0xD88FD2: v8::internal::Isolate::DefaultLocale[abi:cxx11]() (in /mnt/c/Users/guido/ghq/projects/rustdom/.tools/node/bin/node)
==2443640==    by 0xD894E3: v8::internal::LocalIsolate::LocalIsolate(v8::internal::Isolate*, v8::internal::ThreadKind) (in /mnt/c/Users/guido/ghq/projects/rustdom/.tools/node/bin/node)
==2443640==    by 0xD86CA7: v8::internal::Isolate::Init(v8::internal::SnapshotData*, v8::internal::SnapshotData*, v8::internal::SnapshotData*, bool) (in /mnt/c/Users/guido/ghq/projects/rustdom/.tools/node/bin/node)
==2443640==    by 0x1362D42: v8::internal::Snapshot::Initialize(v8::internal::Isolate*) (in /mnt/c/Users/guido/ghq/projects/rustdom/.tools/node/bin/node)
==2443640==    by 0xBD9905: v8::Isolate::Initialize(v8::Isolate*, v8::Isolate::CreateParams const&) (in /mnt/c/Users/guido/ghq/projects/rustdom/.tools/node/bin/node)
==2443640==    by 0x78D60F: node::NewIsolate(v8::Isolate::CreateParams*, uv_loop_s*, node::MultiIsolatePlatform*, node::SnapshotData const*, node::IsolateSettings const&) (in /mnt/c/Users/guido/ghq/projects/rustdom/.tools/node/bin/node)
==2443640==    by 0x90ED28: node::NodeMainInstance::NodeMainInstance(node::SnapshotData const*, uv_loop_s*, node::MultiIsolatePlatform*, std::vector<std::__cxx11::basic_string<char, std::char_traits<char>, std::allocator<char> >, std::allocator<std::__cxx11::basic_string<char, std::char_traits<char>, std::allocator<char> > > > const&, std::vector<std::__cxx11::basic_string<char, std::char_traits<char>, std::allocator<char> >, std::allocator<std::__cxx11::basic_string<char, std::char_traits<char>, std::allocator<char> > > > const&) (in /mnt/c/Users/guido/ghq/projects/rustdom/.tools/node/bin/node)
==2443640==    by 0x84CE55: node::Start(int, char**) (in /mnt/c/Users/guido/ghq/projects/rustdom/.tools/node/bin/node)
==2443640==    by 0x73D7D8F: (below main) (libc_start_call_main.h:58)
==2443640== 
==2443640== 48 bytes in 1 blocks are still reachable in loss record 311 of 377
==2443640==    at 0x7057013: operator new(unsigned long) (in /mnt/c/Users/guido/ghq/projects/rustdom/.tools/valgrind/usr/libexec/valgrind/vgpreload_memcheck-amd64-linux.so)
==2443640==    by 0xCA93F9: v8::internal::ThreadIsolation::Initialize(v8::ThreadIsolatedAllocator*) (in /mnt/c/Users/guido/ghq/projects/rustdom/.tools/node/bin/node)
==2443640==    by 0xF72136: v8::internal::V8::Initialize() (in /mnt/c/Users/guido/ghq/projects/rustdom/.tools/node/bin/node)
==2443640==    by 0xBC8A1D: v8::V8::Initialize(int) (in /mnt/c/Users/guido/ghq/projects/rustdom/.tools/node/bin/node)
==2443640==    by 0x84B0A0: node::InitializeOncePerProcessInternal(std::vector<std::__cxx11::basic_string<char, std::char_traits<char>, std::allocator<char> >, std::allocator<std::__cxx11::basic_string<char, std::char_traits<char>, std::allocator<char> > > > const&, node::ProcessInitializationFlags::Flags) (in /mnt/c/Users/guido/ghq/projects/rustdom/.tools/node/bin/node)
==2443640==    by 0x84CAEB: node::Start(int, char**) (in /mnt/c/Users/guido/ghq/projects/rustdom/.tools/node/bin/node)
==2443640==    by 0x73D7D8F: (below main) (libc_start_call_main.h:58)
==2443640== 
==2443640== 56 bytes in 1 blocks are still reachable in loss record 312 of 377
==2443640==    at 0x7056899: malloc (in /mnt/c/Users/guido/ghq/projects/rustdom/.tools/valgrind/usr/libexec/valgrind/vgpreload_memcheck-amd64-linux.so)
==2443640==    by 0x25BEABB: UDataMemory_createNewInstance_78 (in /mnt/c/Users/guido/ghq/projects/rustdom/.tools/node/bin/node)
==2443640==    by 0x25F0E3B: setCommonICUData(UDataMemory*, signed char, UErrorCode*) [clone .isra.0] (in /mnt/c/Users/guido/ghq/projects/rustdom/.tools/node/bin/node)
==2443640==    by 0x25F1DFF: doLoadFromCommonData(signed char, char const*, char const*, char const*, char const*, char const*, char const*, char const*, signed char (*)(void*, char const*, char const*, UDataInfo const*), void*, UErrorCode*, UErrorCode*) [clone .constprop.0] (in /mnt/c/Users/guido/ghq/projects/rustdom/.tools/node/bin/node)
==2443640==    by 0x25F28E3: doOpenChoice(char const*, char const*, char const*, signed char (*)(void*, char const*, char const*, UDataInfo const*), void*, UErrorCode*) (in /mnt/c/Users/guido/ghq/projects/rustdom/.tools/node/bin/node)
==2443640==    by 0x25DF6DC: res_load_78 (in /mnt/c/Users/guido/ghq/projects/rustdom/.tools/node/bin/node)
==2443640==    by 0x25F452D: init_entry(char const*, char const*, UErrorCode*) (in /mnt/c/Users/guido/ghq/projects/rustdom/.tools/node/bin/node)
==2443640==    by 0x25F540A: ures_openDirectFillIn_78 (in /mnt/c/Users/guido/ghq/projects/rustdom/.tools/node/bin/node)
==2443640==    by 0x1FDF640: icu_78::TimeZone::getTZDataVersion(UErrorCode&) (in /mnt/c/Users/guido/ghq/projects/rustdom/.tools/node/bin/node)
==2443640==    by 0x91DD43: node::Metadata::Versions::InitializeIntlVersions() (in /mnt/c/Users/guido/ghq/projects/rustdom/.tools/node/bin/node)
==2443640==    by 0x849289: node::InitializeNodeWithArgsInternal(std::vector<std::__cxx11::basic_string<char, std::char_traits<char>, std::allocator<char> >, std::allocator<std::__cxx11::basic_string<char, std::char_traits<char>, std::allocator<char> > > >*, std::vector<std::__cxx11::basic_string<char, std::char_traits<char>, std::allocator<char> >, std::allocator<std::__cxx11::basic_string<char, std::char_traits<char>, std::allocator<char> > > >*, std::vector<std::__cxx11::basic_string<char, std::char_traits<char>, std::allocator<char> >, std::allocator<std::__cxx11::basic_string<char, std::char_traits<char>, std::allocator<char> > > >*, node::ProcessInitializationFlags::Flags) (in /mnt/c/Users/guido/ghq/projects/rustdom/.tools/node/bin/node)
==2443640==    by 0x84A57E: node::InitializeOncePerProcessInternal(std::vector<std::__cxx11::basic_string<char, std::char_traits<char>, std::allocator<char> >, std::allocator<std::__cxx11::basic_string<char, std::char_traits<char>, std::allocator<char> > > > const&, node::ProcessInitializationFlags::Flags) (in /mnt/c/Users/guido/ghq/projects/rustdom/.tools/node/bin/node)
==2443640== 
==2443640== 56 bytes in 1 blocks are still reachable in loss record 313 of 377
==2443640==    at 0x7056899: malloc (in /mnt/c/Users/guido/ghq/projects/rustdom/.tools/valgrind/usr/libexec/valgrind/vgpreload_memcheck-amd64-linux.so)
==2443640==    by 0x25BEABB: UDataMemory_createNewInstance_78 (in /mnt/c/Users/guido/ghq/projects/rustdom/.tools/node/bin/node)
==2443640==    by 0x25F1ADA: doLoadFromCommonData(signed char, char const*, char const*, char const*, char const*, char const*, char const*, char const*, signed char (*)(void*, char const*, char const*, UDataInfo const*), void*, UErrorCode*, UErrorCode*) [clone .constprop.0] (in /mnt/c/Users/guido/ghq/projects/rustdom/.tools/node/bin/node)
==2443640==    by 0x25F28E3: doOpenChoice(char const*, char const*, char const*, signed char (*)(void*, char const*, char const*, UDataInfo const*), void*, UErrorCode*) (in /mnt/c/Users/guido/ghq/projects/rustdom/.tools/node/bin/node)
==2443640==    by 0x25DF6DC: res_load_78 (in /mnt/c/Users/guido/ghq/projects/rustdom/.tools/node/bin/node)
==2443640==    by 0x25F452D: init_entry(char const*, char const*, UErrorCode*) (in /mnt/c/Users/guido/ghq/projects/rustdom/.tools/node/bin/node)
==2443640==    by 0x25F540A: ures_openDirectFillIn_78 (in /mnt/c/Users/guido/ghq/projects/rustdom/.tools/node/bin/node)
==2443640==    by 0x1FDF640: icu_78::TimeZone::getTZDataVersion(UErrorCode&) (in /mnt/c/Users/guido/ghq/projects/rustdom/.tools/node/bin/node)
==2443640==    by 0x91DD43: node::Metadata::Versions::InitializeIntlVersions() (in /mnt/c/Users/guido/ghq/projects/rustdom/.tools/node/bin/node)
==2443640==    by 0x849289: node::InitializeNodeWithArgsInternal(std::vector<std::__cxx11::basic_string<char, std::char_traits<char>, std::allocator<char> >, std::allocator<std::__cxx11::basic_string<char, std::char_traits<char>, std::allocator<char> > > >*, std::vector<std::__cxx11::basic_string<char, std::char_traits<char>, std::allocator<char> >, std::allocator<std::__cxx11::basic_string<char, std::char_traits<char>, std::allocator<char> > > >*, std::vector<std::__cxx11::basic_string<char, std::char_traits<char>, std::allocator<char> >, std::allocator<std::__cxx11::basic_string<char, std::char_traits<char>, std::allocator<char> > > >*, node::ProcessInitializationFlags::Flags) (in /mnt/c/Users/guido/ghq/projects/rustdom/.tools/node/bin/node)
==2443640==    by 0x84A57E: node::InitializeOncePerProcessInternal(std::vector<std::__cxx11::basic_string<char, std::char_traits<char>, std::allocator<char> >, std::allocator<std::__cxx11::basic_string<char, std::char_traits<char>, std::allocator<char> > > > const&, node::ProcessInitializationFlags::Flags) (in /mnt/c/Users/guido/ghq/projects/rustdom/.tools/node/bin/node)
==2443640==    by 0x84CAEB: node::Start(int, char**) (in /mnt/c/Users/guido/ghq/projects/rustdom/.tools/node/bin/node)
==2443640== 
==2443640== 56 bytes in 1 blocks are still reachable in loss record 314 of 377
==2443640==    at 0x7056899: malloc (in /mnt/c/Users/guido/ghq/projects/rustdom/.tools/valgrind/usr/libexec/valgrind/vgpreload_memcheck-amd64-linux.so)
==2443640==    by 0x25BEABB: UDataMemory_createNewInstance_78 (in /mnt/c/Users/guido/ghq/projects/rustdom/.tools/node/bin/node)
==2443640==    by 0x25F1ADA: doLoadFromCommonData(signed char, char const*, char const*, char const*, char const*, char const*, char const*, char const*, signed char (*)(void*, char const*, char const*, UDataInfo const*), void*, UErrorCode*, UErrorCode*) [clone .constprop.0] (in /mnt/c/Users/guido/ghq/projects/rustdom/.tools/node/bin/node)
==2443640==    by 0x25F28E3: doOpenChoice(char const*, char const*, char const*, signed char (*)(void*, char const*, char const*, UDataInfo const*), void*, UErrorCode*) (in /mnt/c/Users/guido/ghq/projects/rustdom/.tools/node/bin/node)
==2443640==    by 0x25DF6DC: res_load_78 (in /mnt/c/Users/guido/ghq/projects/rustdom/.tools/node/bin/node)
==2443640==    by 0x25F452D: init_entry(char const*, char const*, UErrorCode*) (in /mnt/c/Users/guido/ghq/projects/rustdom/.tools/node/bin/node)
==2443640==    by 0x25F50A9: ures_openDirect_78 (in /mnt/c/Users/guido/ghq/projects/rustdom/.tools/node/bin/node)
==2443640==    by 0x2016DC1: ulocdata_getCLDRVersion_78 (in /mnt/c/Users/guido/ghq/projects/rustdom/.tools/node/bin/node)
==2443640==    by 0x91DD57: node::Metadata::Versions::InitializeIntlVersions() (in /mnt/c/Users/guido/ghq/projects/rustdom/.tools/node/bin/node)
==2443640==    by 0x849289: node::InitializeNodeWithArgsInternal(std::vector<std::__cxx11::basic_string<char, std::char_traits<char>, std::allocator<char> >, std::allocator<std::__cxx11::basic_string<char, std::char_traits<char>, std::allocator<char> > > >*, std::vector<std::__cxx11::basic_string<char, std::char_traits<char>, std::allocator<char> >, std::allocator<std::__cxx11::basic_string<char, std::char_traits<char>, std::allocator<char> > > >*, std::vector<std::__cxx11::basic_string<char, std::char_traits<char>, std::allocator<char> >, std::allocator<std::__cxx11::basic_string<char, std::char_traits<char>, std::allocator<char> > > >*, node::ProcessInitializationFlags::Flags) (in /mnt/c/Users/guido/ghq/projects/rustdom/.tools/node/bin/node)
==2443640==    by 0x84A57E: node::InitializeOncePerProcessInternal(std::vector<std::__cxx11::basic_string<char, std::char_traits<char>, std::allocator<char> >, std::allocator<std::__cxx11::basic_string<char, std::char_traits<char>, std::allocator<char> > > > const&, node::ProcessInitializationFlags::Flags) (in /mnt/c/Users/guido/ghq/projects/rustdom/.tools/node/bin/node)
==2443640==    by 0x84CAEB: node::Start(int, char**) (in /mnt/c/Users/guido/ghq/projects/rustdom/.tools/node/bin/node)
==2443640== 
==2443640== 58 bytes in 1 blocks are still reachable in loss record 315 of 377
==2443640==    at 0x7056899: malloc (in /mnt/c/Users/guido/ghq/projects/rustdom/.tools/valgrind/usr/libexec/valgrind/vgpreload_memcheck-amd64-linux.so)
==2443640==    by 0x68351DF: malloc (rtld-malloc.h:56)
==2443640==    by 0x68351DF: strdup (strdup.c:42)
==2443640==    by 0x6818588: _dl_map_object (dl-load.c:2259)
==2443640==    by 0x681C9A8: dl_open_worker_begin (dl-open.c:534)
==2443640==    by 0x7522B57: _dl_catch_exception (dl-error-skeleton.c:208)
==2443640==    by 0x681BF99: dl_open_worker (dl-open.c:782)
==2443640==    by 0x7522B57: _dl_catch_exception (dl-error-skeleton.c:208)
==2443640==    by 0x681C34D: _dl_open (dl-open.c:883)
==2443640==    by 0x743E5FB: dlopen_doit (dlopen.c:56)
==2443640==    by 0x7522B57: _dl_catch_exception (dl-error-skeleton.c:208)
==2443640==    by 0x7522C22: _dl_catch_error (dl-error-skeleton.c:227)
==2443640==    by 0x743E0ED: _dlerror_run (dlerror.c:138)
==2443640== 
==2443640== 58 bytes in 1 blocks are still reachable in loss record 316 of 377
==2443640==    at 0x7056899: malloc (in /mnt/c/Users/guido/ghq/projects/rustdom/.tools/valgrind/usr/libexec/valgrind/vgpreload_memcheck-amd64-linux.so)
==2443640==    by 0x681BD20: malloc (rtld-malloc.h:56)
==2443640==    by 0x681BD20: _dl_new_object (dl-object.c:199)
==2443640==    by 0x6816C82: _dl_map_object_from_fd (dl-load.c:1063)
==2443640==    by 0x6818600: _dl_map_object (dl-load.c:2327)
==2443640==    by 0x681C9A8: dl_open_worker_begin (dl-open.c:534)
==2443640==    by 0x7522B57: _dl_catch_exception (dl-error-skeleton.c:208)
==2443640==    by 0x681BF99: dl_open_worker (dl-open.c:782)
==2443640==    by 0x7522B57: _dl_catch_exception (dl-error-skeleton.c:208)
==2443640==    by 0x681C34D: _dl_open (dl-open.c:883)
==2443640==    by 0x743E5FB: dlopen_doit (dlopen.c:56)
==2443640==    by 0x7522B57: _dl_catch_exception (dl-error-skeleton.c:208)
==2443640==    by 0x7522C22: _dl_catch_error (dl-error-skeleton.c:227)
==2443640== 
==2443640== 64 bytes in 1 blocks are still reachable in loss record 317 of 377
==2443640==    at 0x7056899: malloc (in /mnt/c/Users/guido/ghq/projects/rustdom/.tools/valgrind/usr/libexec/valgrind/vgpreload_memcheck-amd64-linux.so)
==2443640==    by 0x25A01C6: u_getTimeZoneFilesDirectory_78 (in /mnt/c/Users/guido/ghq/projects/rustdom/.tools/node/bin/node)
==2443640==    by 0x25F25F7: doOpenChoice(char const*, char const*, char const*, signed char (*)(void*, char const*, char const*, UDataInfo const*), void*, UErrorCode*) (in /mnt/c/Users/guido/ghq/projects/rustdom/.tools/node/bin/node)
==2443640==    by 0x25DF6DC: res_load_78 (in /mnt/c/Users/guido/ghq/projects/rustdom/.tools/node/bin/node)
==2443640==    by 0x25F452D: init_entry(char const*, char const*, UErrorCode*) (in /mnt/c/Users/guido/ghq/projects/rustdom/.tools/node/bin/node)
==2443640==    by 0x25F540A: ures_openDirectFillIn_78 (in /mnt/c/Users/guido/ghq/projects/rustdom/.tools/node/bin/node)
==2443640==    by 0x1FDF640: icu_78::TimeZone::getTZDataVersion(UErrorCode&) (in /mnt/c/Users/guido/ghq/projects/rustdom/.tools/node/bin/node)
==2443640==    by 0x91DD43: node::Metadata::Versions::InitializeIntlVersions() (in /mnt/c/Users/guido/ghq/projects/rustdom/.tools/node/bin/node)
==2443640==    by 0x849289: node::InitializeNodeWithArgsInternal(std::vector<std::__cxx11::basic_string<char, std::char_traits<char>, std::allocator<char> >, std::allocator<std::__cxx11::basic_string<char, std::char_traits<char>, std::allocator<char> > > >*, std::vector<std::__cxx11::basic_string<char, std::char_traits<char>, std::allocator<char> >, std::allocator<std::__cxx11::basic_string<char, std::char_traits<char>, std::allocator<char> > > >*, std::vector<std::__cxx11::basic_string<char, std::char_traits<char>, std::allocator<char> >, std::allocator<std::__cxx11::basic_string<char, std::char_traits<char>, std::allocator<char> > > >*, node::ProcessInitializationFlags::Flags) (in /mnt/c/Users/guido/ghq/projects/rustdom/.tools/node/bin/node)
==2443640==    by 0x84A57E: node::InitializeOncePerProcessInternal(std::vector<std::__cxx11::basic_string<char, std::char_traits<char>, std::allocator<char> >, std::allocator<std::__cxx11::basic_string<char, std::char_traits<char>, std::allocator<char> > > > const&, node::ProcessInitializationFlags::Flags) (in /mnt/c/Users/guido/ghq/projects/rustdom/.tools/node/bin/node)
==2443640==    by 0x84CAEB: node::Start(int, char**) (in /mnt/c/Users/guido/ghq/projects/rustdom/.tools/node/bin/node)
==2443640==    by 0x73D7D8F: (below main) (libc_start_call_main.h:58)
==2443640== 
==2443640== 64 bytes in 1 blocks are possibly lost in loss record 318 of 377
==2443640==    at 0x7057013: operator new(unsigned long) (in /mnt/c/Users/guido/ghq/projects/rustdom/.tools/valgrind/usr/libexec/valgrind/vgpreload_memcheck-amd64-linux.so)
==2443640==    by 0x858103: std::_Deque_base<void*, std::allocator<void*> >::_M_initialize_map(unsigned long) (in /mnt/c/Users/guido/ghq/projects/rustdom/.tools/node/bin/node)
==2443640==    by 0x8567DB: node::Environment::CloseHandle<uv_handle_s, v8impl::(anonymous namespace)::ThreadSafeFunction::CloseHandlesAndMaybeDelete(bool)::{lambda(uv_handle_s*)#1}>(uv_handle_s*, v8impl::(anonymous namespace)::ThreadSafeFunction::CloseHandlesAndMaybeDelete(bool)::{lambda(uv_handle_s*)#1})::{lambda(uv_handle_s*)#1}::_FUN(uv_handle_s*) (in /mnt/c/Users/guido/ghq/projects/rustdom/.tools/node/bin/node)
==2443640==    by 0x193776D: uv__finish_close (core.c:363)
==2443640==    by 0x193776D: uv__run_closing_handles (core.c:377)
==2443640==    by 0x193776D: uv_run (core.c:475)
==2443640==    by 0x7FDC47: node::Environment::CleanupHandles() (in /mnt/c/Users/guido/ghq/projects/rustdom/.tools/node/bin/node)
==2443640==    by 0x7FDD3C: node::Environment::RunCleanup() (in /mnt/c/Users/guido/ghq/projects/rustdom/.tools/node/bin/node)
==2443640==    by 0x790D28: node::FreeEnvironment(node::Environment*) (in /mnt/c/Users/guido/ghq/projects/rustdom/.tools/node/bin/node)
==2443640==    by 0x90F442: node::NodeMainInstance::Run() (in /mnt/c/Users/guido/ghq/projects/rustdom/.tools/node/bin/node)
==2443640==    by 0x84CE61: node::Start(int, char**) (in /mnt/c/Users/guido/ghq/projects/rustdom/.tools/node/bin/node)
==2443640==    by 0x73D7D8F: (below main) (libc_start_call_main.h:58)
==2443640== 
==2443640== 80 bytes in 1 blocks are still reachable in loss record 319 of 377
==2443640==    at 0x7056899: malloc (in /mnt/c/Users/guido/ghq/projects/rustdom/.tools/valgrind/usr/libexec/valgrind/vgpreload_memcheck-amd64-linux.so)
==2443640==    by 0x25AAAB2: uhash_open_78 (in /mnt/c/Users/guido/ghq/projects/rustdom/.tools/node/bin/node)
==2443640==    by 0x25F53A9: ures_openDirectFillIn_78 (in /mnt/c/Users/guido/ghq/projects/rustdom/.tools/node/bin/node)
==2443640==    by 0x1FDF640: icu_78::TimeZone::getTZDataVersion(UErrorCode&) (in /mnt/c/Users/guido/ghq/projects/rustdom/.tools/node/bin/node)
==2443640==    by 0x91DD43: node::Metadata::Versions::InitializeIntlVersions() (in /mnt/c/Users/guido/ghq/projects/rustdom/.tools/node/bin/node)
==2443640==    by 0x849289: node::InitializeNodeWithArgsInternal(std::vector<std::__cxx11::basic_string<char, std::char_traits<char>, std::allocator<char> >, std::allocator<std::__cxx11::basic_string<char, std::char_traits<char>, std::allocator<char> > > >*, std::vector<std::__cxx11::basic_string<char, std::char_traits<char>, std::allocator<char> >, std::allocator<std::__cxx11::basic_string<char, std::char_traits<char>, std::allocator<char> > > >*, std::vector<std::__cxx11::basic_string<char, std::char_traits<char>, std::allocator<char> >, std::allocator<std::__cxx11::basic_string<char, std::char_traits<char>, std::allocator<char> > > >*, node::ProcessInitializationFlags::Flags) (in /mnt/c/Users/guido/ghq/projects/rustdom/.tools/node/bin/node)
==2443640==    by 0x84A57E: node::InitializeOncePerProcessInternal(std::vector<std::__cxx11::basic_string<char, std::char_traits<char>, std::allocator<char> >, std::allocator<std::__cxx11::basic_string<char, std::char_traits<char>, std::allocator<char> > > > const&, node::ProcessInitializationFlags::Flags) (in /mnt/c/Users/guido/ghq/projects/rustdom/.tools/node/bin/node)
==2443640==    by 0x84CAEB: node::Start(int, char**) (in /mnt/c/Users/guido/ghq/projects/rustdom/.tools/node/bin/node)
==2443640==    by 0x73D7D8F: (below main) (libc_start_call_main.h:58)
==2443640== 
==2443640== 80 bytes in 1 blocks are still reachable in loss record 320 of 377
==2443640==    at 0x7056899: malloc (in /mnt/c/Users/guido/ghq/projects/rustdom/.tools/valgrind/usr/libexec/valgrind/vgpreload_memcheck-amd64-linux.so)
==2443640==    by 0x25AAAB2: uhash_open_78 (in /mnt/c/Users/guido/ghq/projects/rustdom/.tools/node/bin/node)
==2443640==    by 0x25B5F73: icu_78::locale_set_default_internal(char const*, UErrorCode&) (in /mnt/c/Users/guido/ghq/projects/rustdom/.tools/node/bin/node)
==2443640==    by 0x25B626E: icu_78::Locale::Locale() (in /mnt/c/Users/guido/ghq/projects/rustdom/.tools/node/bin/node)
==2443640==    by 0xD88FD2: v8::internal::Isolate::DefaultLocale[abi:cxx11]() (in /mnt/c/Users/guido/ghq/projects/rustdom/.tools/node/bin/node)
==2443640==    by 0xD894E3: v8::internal::LocalIsolate::LocalIsolate(v8::internal::Isolate*, v8::internal::ThreadKind) (in /mnt/c/Users/guido/ghq/projects/rustdom/.tools/node/bin/node)
==2443640==    by 0xD86CA7: v8::internal::Isolate::Init(v8::internal::SnapshotData*, v8::internal::SnapshotData*, v8::internal::SnapshotData*, bool) (in /mnt/c/Users/guido/ghq/projects/rustdom/.tools/node/bin/node)
==2443640==    by 0x1362D42: v8::internal::Snapshot::Initialize(v8::internal::Isolate*) (in /mnt/c/Users/guido/ghq/projects/rustdom/.tools/node/bin/node)
==2443640==    by 0xBD9905: v8::Isolate::Initialize(v8::Isolate*, v8::Isolate::CreateParams const&) (in /mnt/c/Users/guido/ghq/projects/rustdom/.tools/node/bin/node)
==2443640==    by 0x78D60F: node::NewIsolate(v8::Isolate::CreateParams*, uv_loop_s*, node::MultiIsolatePlatform*, node::SnapshotData const*, node::IsolateSettings const&) (in /mnt/c/Users/guido/ghq/projects/rustdom/.tools/node/bin/node)
==2443640==    by 0x90ED28: node::NodeMainInstance::NodeMainInstance(node::SnapshotData const*, uv_loop_s*, node::MultiIsolatePlatform*, std::vector<std::__cxx11::basic_string<char, std::char_traits<char>, std::allocator<char> >, std::allocator<std::__cxx11::basic_string<char, std::char_traits<char>, std::allocator<char> > > > const&, std::vector<std::__cxx11::basic_string<char, std::char_traits<char>, std::allocator<char> >, std::allocator<std::__cxx11::basic_string<char, std::char_traits<char>, std::allocator<char> > > > const&) (in /mnt/c/Users/guido/ghq/projects/rustdom/.tools/node/bin/node)
==2443640==    by 0x84CE55: node::Start(int, char**) (in /mnt/c/Users/guido/ghq/projects/rustdom/.tools/node/bin/node)
==2443640== 
==2443640== 116 bytes in 1 blocks are possibly lost in loss record 321 of 377
==2443640==    at 0x7056899: malloc (in /mnt/c/Users/guido/ghq/projects/rustdom/.tools/valgrind/usr/libexec/valgrind/vgpreload_memcheck-amd64-linux.so)
==2443640==    by 0x22CCD4E7: _RINvMsa_NtCsfBDUjroi3FF_9hashbrown3rawNtB6_13RawTableInner22fallible_with_capacityNtNtCs6i54tJFfzR_5alloc5alloc6GlobalECs45HKutVyWu4_7rustdom (in /mnt/c/Users/guido/ghq/projects/rustdom/dist/rustdom.node)
==2443640==    by 0x22CC6FF5: _RINvMs6_NtCsfBDUjroi3FF_9hashbrown3rawINtB6_8RawTableTjNtNtNtCs4QMHp0v7l6B_4napi15bindgen_runtime13native_borrow17NativeBorrowStateEE14reserve_rehashNCINvNtB8_3map11make_hasherjBR_NtNtNtCs9k3SxhrAWiO_3std4hash6random11RandomStateE0ECs45HKutVyWu4_7rustdom (in /mnt/c/Users/guido/ghq/projects/rustdom/dist/rustdom.node)
==2443640==    by 0x22CEAC30: _RINvNtNtCs4QMHp0v7l6B_4napi15bindgen_runtime13native_borrow33register_native_borrow_with_valueNtNtNtCs45HKutVyWu4_7rustdom3dom12blob_binding18NativeBlobMetadataEB1A_ (in /mnt/c/Users/guido/ghq/projects/rustdom/dist/rustdom.node)
==2443640==    by 0x22DA093B: _RNvNtNtNtCs45HKutVyWu4_7rustdom3dom19file_reader_binding42___napi_impl_helper_NativeFileReaderState_516begin_c_callback (in /mnt/c/Users/guido/ghq/projects/rustdom/dist/rustdom.node)
==2443640==    by 0x824270: v8impl::(anonymous namespace)::FunctionCallbackWrapper::Invoke(v8::FunctionCallbackInfo<v8::Value> const&) (in /mnt/c/Users/guido/ghq/projects/rustdom/.tools/node/bin/node)
==2443640==    by 0x196108C: Builtins_CallApiCallbackGeneric (in /mnt/c/Users/guido/ghq/projects/rustdom/.tools/node/bin/node)
==2443640==    by 0x195F653: Builtins_InterpreterEntryTrampoline (in /mnt/c/Users/guido/ghq/projects/rustdom/.tools/node/bin/node)
==2443640==    by 0x195F653: Builtins_InterpreterEntryTrampoline (in /mnt/c/Users/guido/ghq/projects/rustdom/.tools/node/bin/node)
==2443640==    by 0x195F653: Builtins_InterpreterEntryTrampoline (in /mnt/c/Users/guido/ghq/projects/rustdom/.tools/node/bin/node)
==2443640==    by 0x195F653: Builtins_InterpreterEntryTrampoline (in /mnt/c/Users/guido/ghq/projects/rustdom/.tools/node/bin/node)
==2443640==    by 0x195F653: Builtins_InterpreterEntryTrampoline (in /mnt/c/Users/guido/ghq/projects/rustdom/.tools/node/bin/node)
==2443640== 
==2443640== 120 bytes in 1 blocks are still reachable in loss record 322 of 377
==2443640==    at 0x7056899: malloc (in /mnt/c/Users/guido/ghq/projects/rustdom/.tools/valgrind/usr/libexec/valgrind/vgpreload_memcheck-amd64-linux.so)
==2443640==    by 0x25F4499: init_entry(char const*, char const*, UErrorCode*) (in /mnt/c/Users/guido/ghq/projects/rustdom/.tools/node/bin/node)
==2443640==    by 0x25F540A: ures_openDirectFillIn_78 (in /mnt/c/Users/guido/ghq/projects/rustdom/.tools/node/bin/node)
==2443640==    by 0x1FDF640: icu_78::TimeZone::getTZDataVersion(UErrorCode&) (in /mnt/c/Users/guido/ghq/projects/rustdom/.tools/node/bin/node)
==2443640==    by 0x91DD43: node::Metadata::Versions::InitializeIntlVersions() (in /mnt/c/Users/guido/ghq/projects/rustdom/.tools/node/bin/node)
==2443640==    by 0x849289: node::InitializeNodeWithArgsInternal(std::vector<std::__cxx11::basic_string<char, std::char_traits<char>, std::allocator<char> >, std::allocator<std::__cxx11::basic_string<char, std::char_traits<char>, std::allocator<char> > > >*, std::vector<std::__cxx11::basic_string<char, std::char_traits<char>, std::allocator<char> >, std::allocator<std::__cxx11::basic_string<char, std::char_traits<char>, std::allocator<char> > > >*, std::vector<std::__cxx11::basic_string<char, std::char_traits<char>, std::allocator<char> >, std::allocator<std::__cxx11::basic_string<char, std::char_traits<char>, std::allocator<char> > > >*, node::ProcessInitializationFlags::Flags) (in /mnt/c/Users/guido/ghq/projects/rustdom/.tools/node/bin/node)
==2443640==    by 0x84A57E: node::InitializeOncePerProcessInternal(std::vector<std::__cxx11::basic_string<char, std::char_traits<char>, std::allocator<char> >, std::allocator<std::__cxx11::basic_string<char, std::char_traits<char>, std::allocator<char> > > > const&, node::ProcessInitializationFlags::Flags) (in /mnt/c/Users/guido/ghq/projects/rustdom/.tools/node/bin/node)
==2443640==    by 0x84CAEB: node::Start(int, char**) (in /mnt/c/Users/guido/ghq/projects/rustdom/.tools/node/bin/node)
==2443640==    by 0x73D7D8F: (below main) (libc_start_call_main.h:58)
==2443640== 
==2443640== 120 bytes in 1 blocks are still reachable in loss record 323 of 377
==2443640==    at 0x7056899: malloc (in /mnt/c/Users/guido/ghq/projects/rustdom/.tools/valgrind/usr/libexec/valgrind/vgpreload_memcheck-amd64-linux.so)
==2443640==    by 0x25F4499: init_entry(char const*, char const*, UErrorCode*) (in /mnt/c/Users/guido/ghq/projects/rustdom/.tools/node/bin/node)
==2443640==    by 0x25F50A9: ures_openDirect_78 (in /mnt/c/Users/guido/ghq/projects/rustdom/.tools/node/bin/node)
==2443640==    by 0x2016DC1: ulocdata_getCLDRVersion_78 (in /mnt/c/Users/guido/ghq/projects/rustdom/.tools/node/bin/node)
==2443640==    by 0x91DD57: node::Metadata::Versions::InitializeIntlVersions() (in /mnt/c/Users/guido/ghq/projects/rustdom/.tools/node/bin/node)
==2443640==    by 0x849289: node::InitializeNodeWithArgsInternal(std::vector<std::__cxx11::basic_string<char, std::char_traits<char>, std::allocator<char> >, std::allocator<std::__cxx11::basic_string<char, std::char_traits<char>, std::allocator<char> > > >*, std::vector<std::__cxx11::basic_string<char, std::char_traits<char>, std::allocator<char> >, std::allocator<std::__cxx11::basic_string<char, std::char_traits<char>, std::allocator<char> > > >*, std::vector<std::__cxx11::basic_string<char, std::char_traits<char>, std::allocator<char> >, std::allocator<std::__cxx11::basic_string<char, std::char_traits<char>, std::allocator<char> > > >*, node::ProcessInitializationFlags::Flags) (in /mnt/c/Users/guido/ghq/projects/rustdom/.tools/node/bin/node)
==2443640==    by 0x84A57E: node::InitializeOncePerProcessInternal(std::vector<std::__cxx11::basic_string<char, std::char_traits<char>, std::allocator<char> >, std::allocator<std::__cxx11::basic_string<char, std::char_traits<char>, std::allocator<char> > > > const&, node::ProcessInitializationFlags::Flags) (in /mnt/c/Users/guido/ghq/projects/rustdom/.tools/node/bin/node)
==2443640==    by 0x84CAEB: node::Start(int, char**) (in /mnt/c/Users/guido/ghq/projects/rustdom/.tools/node/bin/node)
==2443640==    by 0x73D7D8F: (below main) (libc_start_call_main.h:58)
==2443640== 
==2443640== 128 bytes in 1 blocks are still reachable in loss record 324 of 377
==2443640==    at 0x7057013: operator new(unsigned long) (in /mnt/c/Users/guido/ghq/projects/rustdom/.tools/valgrind/usr/libexec/valgrind/vgpreload_memcheck-amd64-linux.so)
==2443640==    by 0x952B63: node::PerIsolatePlatformData::PerIsolatePlatformData(v8::Isolate*, uv_loop_s*, node::PlatformDebugLogLevel) (in /mnt/c/Users/guido/ghq/projects/rustdom/.tools/node/bin/node)
==2443640==    by 0x9563BC: node::NodePlatform::RegisterIsolate(v8::Isolate*, uv_loop_s*) (in /mnt/c/Users/guido/ghq/projects/rustdom/.tools/node/bin/node)
==2443640==    by 0x78D5C8: node::NewIsolate(v8::Isolate::CreateParams*, uv_loop_s*, node::MultiIsolatePlatform*, node::SnapshotData const*, node::IsolateSettings const&) (in /mnt/c/Users/guido/ghq/projects/rustdom/.tools/node/bin/node)
==2443640==    by 0x90ED28: node::NodeMainInstance::NodeMainInstance(node::SnapshotData const*, uv_loop_s*, node::MultiIsolatePlatform*, std::vector<std::__cxx11::basic_string<char, std::char_traits<char>, std::allocator<char> >, std::allocator<std::__cxx11::basic_string<char, std::char_traits<char>, std::allocator<char> > > > const&, std::vector<std::__cxx11::basic_string<char, std::char_traits<char>, std::allocator<char> >, std::allocator<std::__cxx11::basic_string<char, std::char_traits<char>, std::allocator<char> > > > const&) (in /mnt/c/Users/guido/ghq/projects/rustdom/.tools/node/bin/node)
==2443640==    by 0x84CE55: node::Start(int, char**) (in /mnt/c/Users/guido/ghq/projects/rustdom/.tools/node/bin/node)
==2443640==    by 0x73D7D8F: (below main) (libc_start_call_main.h:58)
==2443640== 
==2443640== 256 bytes in 1 blocks are still reachable in loss record 325 of 377
==2443640==    at 0x70567A9: malloc (in /mnt/c/Users/guido/ghq/projects/rustdom/.tools/valgrind/usr/libexec/valgrind/vgpreload_memcheck-amd64-linux.so)
==2443640==    by 0x1933EDA: uv__realloc (uv-common.c:98)
==2443640==    by 0x1933EDA: uv__reallocf (uv-common.c:106)
==2443640==    by 0x1938485: maybe_resize (core.c:890)
==2443640==    by 0x1938485: uv__io_start (core.c:926)
==2443640==    by 0x1938485: uv__io_init_start (core.c:961)
==2443640==    by 0x19437C0: uv__signal_loop_once_init (signal.c:274)
==2443640==    by 0x19437C0: uv__signal_loop_once_init (signal.c:261)
==2443640==    by 0x19437C0: uv_signal_init (signal.c:345)
==2443640==    by 0x1941267: uv__process_init (process.c:84)
==2443640==    by 0x193F1FF: uv_loop_init (loop.c:84)
==2443640==    by 0x19363C9: uv_default_loop (uv-common.c:849)
==2443640==    by 0x19363C9: uv_default_loop (uv-common.c:845)
==2443640==    by 0x84CBF6: node::Start(int, char**) (in /mnt/c/Users/guido/ghq/projects/rustdom/.tools/node/bin/node)
==2443640==    by 0x73D7D8F: (below main) (libc_start_call_main.h:58)
==2443640== 
==2443640== 276 bytes in 1 blocks are possibly lost in loss record 326 of 377
==2443640==    at 0x7056899: malloc (in /mnt/c/Users/guido/ghq/projects/rustdom/.tools/valgrind/usr/libexec/valgrind/vgpreload_memcheck-amd64-linux.so)
==2443640==    by 0x22E37977: _RINvMsa_NtCsfBDUjroi3FF_9hashbrown3rawNtB6_13RawTableInner22fallible_with_capacityNtNtCs6i54tJFfzR_5alloc5alloc6GlobalECs4QMHp0v7l6B_4napi (in /mnt/c/Users/guido/ghq/projects/rustdom/dist/rustdom.node)
==2443640==    by 0x22E361B5: _RINvMs6_NtCsfBDUjroi3FF_9hashbrown3rawINtB6_8RawTableTINtNtCsgxBkk5gSRhY_4core6option6OptionReENtNtNtCs4QMHp0v7l6B_4napi15bindgen_runtime15module_register17ClassRegistrationEE14reserve_rehashNCINvNtB8_3map11make_hasherBQ_B1v_NtCsip5QdaO9ESH_10rustc_hash13FxBuildHasherE0EB1B_ (in /mnt/c/Users/guido/ghq/projects/rustdom/dist/rustdom.node)
==2443640==    by 0x22E3E108: _RNvNtNtCs4QMHp0v7l6B_4napi15bindgen_runtime15module_register14register_class (in /mnt/c/Users/guido/ghq/projects/rustdom/dist/rustdom.node)
==2443640==    by 0x22DE9C60: _RNvNvNvNvNtNtNtCs45HKutVyWu4_7rustdom3dom12blob_binding33___napi_helper__NativeBlobMetadata45___napi_register__NativeBlobMetadata_struct_211__18___CTOR_PRIVATE_REF14___ctor_private (in /mnt/c/Users/guido/ghq/projects/rustdom/dist/rustdom.node)
==2443640==    by 0x681447D: call_init.part.0 (dl-init.c:70)
==2443640==    by 0x6814567: call_init (dl-init.c:33)
==2443640==    by 0x6814567: _dl_init (dl-init.c:117)
==2443640==    by 0x7522BB4: _dl_catch_exception (dl-error-skeleton.c:182)
==2443640==    by 0x681BFF5: dl_open_worker (dl-open.c:808)
==2443640==    by 0x681BFF5: dl_open_worker (dl-open.c:771)
==2443640==    by 0x7522B57: _dl_catch_exception (dl-error-skeleton.c:208)
==2443640==    by 0x681C34D: _dl_open (dl-open.c:883)
==2443640==    by 0x743E5FB: dlopen_doit (dlopen.c:56)
==2443640== 
==2443640== 276 bytes in 1 blocks are possibly lost in loss record 327 of 377
==2443640==    at 0x7056899: malloc (in /mnt/c/Users/guido/ghq/projects/rustdom/.tools/valgrind/usr/libexec/valgrind/vgpreload_memcheck-amd64-linux.so)
==2443640==    by 0x22E37977: _RINvMsa_NtCsfBDUjroi3FF_9hashbrown3rawNtB6_13RawTableInner22fallible_with_capacityNtNtCs6i54tJFfzR_5alloc5alloc6GlobalECs4QMHp0v7l6B_4napi (in /mnt/c/Users/guido/ghq/projects/rustdom/dist/rustdom.node)
==2443640==    by 0x22E361B5: _RINvMs6_NtCsfBDUjroi3FF_9hashbrown3rawINtB6_8RawTableTINtNtCsgxBkk5gSRhY_4core6option6OptionReENtNtNtCs4QMHp0v7l6B_4napi15bindgen_runtime15module_register17ClassRegistrationEE14reserve_rehashNCINvNtB8_3map11make_hasherBQ_B1v_NtCsip5QdaO9ESH_10rustc_hash13FxBuildHasherE0EB1B_ (in /mnt/c/Users/guido/ghq/projects/rustdom/dist/rustdom.node)
==2443640==    by 0x22E3E108: _RNvNtNtCs4QMHp0v7l6B_4napi15bindgen_runtime15module_register14register_class (in /mnt/c/Users/guido/ghq/projects/rustdom/dist/rustdom.node)
==2443640==    by 0x22DEA980: _RNvNvNvNvNtNtNtCs45HKutVyWu4_7rustdom3dom16dom_rect_binding28___napi_helper__NativeDomRect40___napi_register__NativeDomRect_struct_341__18___CTOR_PRIVATE_REF14___ctor_private (in /mnt/c/Users/guido/ghq/projects/rustdom/dist/rustdom.node)
==2443640==    by 0x681447D: call_init.part.0 (dl-init.c:70)
==2443640==    by 0x6814567: call_init (dl-init.c:33)
==2443640==    by 0x6814567: _dl_init (dl-init.c:117)
==2443640==    by 0x7522BB4: _dl_catch_exception (dl-error-skeleton.c:182)
==2443640==    by 0x681BFF5: dl_open_worker (dl-open.c:808)
==2443640==    by 0x681BFF5: dl_open_worker (dl-open.c:771)
==2443640==    by 0x7522B57: _dl_catch_exception (dl-error-skeleton.c:208)
==2443640==    by 0x681C34D: _dl_open (dl-open.c:883)
==2443640==    by 0x743E5FB: dlopen_doit (dlopen.c:56)
==2443640== 
==2443640== 276 bytes in 1 blocks are possibly lost in loss record 328 of 377
==2443640==    at 0x7056899: malloc (in /mnt/c/Users/guido/ghq/projects/rustdom/.tools/valgrind/usr/libexec/valgrind/vgpreload_memcheck-amd64-linux.so)
==2443640==    by 0x22E37977: _RINvMsa_NtCsfBDUjroi3FF_9hashbrown3rawNtB6_13RawTableInner22fallible_with_capacityNtNtCs6i54tJFfzR_5alloc5alloc6GlobalECs4QMHp0v7l6B_4napi (in /mnt/c/Users/guido/ghq/projects/rustdom/dist/rustdom.node)
==2443640==    by 0x22E361B5: _RINvMs6_NtCsfBDUjroi3FF_9hashbrown3rawINtB6_8RawTableTINtNtCsgxBkk5gSRhY_4core6option6OptionReENtNtNtCs4QMHp0v7l6B_4napi15bindgen_runtime15module_register17ClassRegistrationEE14reserve_rehashNCINvNtB8_3map11make_hasherBQ_B1v_NtCsip5QdaO9ESH_10rustc_hash13FxBuildHasherE0EB1B_ (in /mnt/c/Users/guido/ghq/projects/rustdom/dist/rustdom.node)
==2443640==    by 0x22E3E108: _RNvNtNtCs4QMHp0v7l6B_4napi15bindgen_runtime15module_register14register_class (in /mnt/c/Users/guido/ghq/projects/rustdom/dist/rustdom.node)
==2443640==    by 0x22DEC0E0: _RNvNvNvNvNtNtNtCs45HKutVyWu4_7rustdom3dom18token_list_binding29___napi_helper__NativeTokenSet42___napi_register__NativeTokenSet_struct_2141__18___CTOR_PRIVATE_REF14___ctor_private (in /mnt/c/Users/guido/ghq/projects/rustdom/dist/rustdom.node)
==2443640==    by 0x681447D: call_init.part.0 (dl-init.c:70)
==2443640==    by 0x6814567: call_init (dl-init.c:33)
==2443640==    by 0x6814567: _dl_init (dl-init.c:117)
==2443640==    by 0x7522BB4: _dl_catch_exception (dl-error-skeleton.c:182)
==2443640==    by 0x681BFF5: dl_open_worker (dl-open.c:808)
==2443640==    by 0x681BFF5: dl_open_worker (dl-open.c:771)
==2443640==    by 0x7522B57: _dl_catch_exception (dl-error-skeleton.c:208)
==2443640==    by 0x681C34D: _dl_open (dl-open.c:883)
==2443640==    by 0x743E5FB: dlopen_doit (dlopen.c:56)
==2443640== 
==2443640== 276 bytes in 1 blocks are possibly lost in loss record 329 of 377
==2443640==    at 0x7056899: malloc (in /mnt/c/Users/guido/ghq/projects/rustdom/.tools/valgrind/usr/libexec/valgrind/vgpreload_memcheck-amd64-linux.so)
==2443640==    by 0x22E37977: _RINvMsa_NtCsfBDUjroi3FF_9hashbrown3rawNtB6_13RawTableInner22fallible_with_capacityNtNtCs6i54tJFfzR_5alloc5alloc6GlobalECs4QMHp0v7l6B_4napi (in /mnt/c/Users/guido/ghq/projects/rustdom/dist/rustdom.node)
==2443640==    by 0x22E361B5: _RINvMs6_NtCsfBDUjroi3FF_9hashbrown3rawINtB6_8RawTableTINtNtCsgxBkk5gSRhY_4core6option6OptionReENtNtNtCs4QMHp0v7l6B_4napi15bindgen_runtime15module_register17ClassRegistrationEE14reserve_rehashNCINvNtB8_3map11make_hasherBQ_B1v_NtCsip5QdaO9ESH_10rustc_hash13FxBuildHasherE0EB1B_ (in /mnt/c/Users/guido/ghq/projects/rustdom/dist/rustdom.node)
==2443640==    by 0x22E3E108: _RNvNtNtCs4QMHp0v7l6B_4napi15bindgen_runtime15module_register14register_class (in /mnt/c/Users/guido/ghq/projects/rustdom/dist/rustdom.node)
==2443640==    by 0x22DEC140: _RNvNvNvNvNtNtNtCs45HKutVyWu4_7rustdom3dom18token_list_binding30___napi_helper__NativeTokenList43___napi_register__NativeTokenList_struct_2131__18___CTOR_PRIVATE_REF14___ctor_private (in /mnt/c/Users/guido/ghq/projects/rustdom/dist/rustdom.node)
==2443640==    by 0x681447D: call_init.part.0 (dl-init.c:70)
==2443640==    by 0x6814567: call_init (dl-init.c:33)
==2443640==    by 0x6814567: _dl_init (dl-init.c:117)
==2443640==    by 0x7522BB4: _dl_catch_exception (dl-error-skeleton.c:182)
==2443640==    by 0x681BFF5: dl_open_worker (dl-open.c:808)
==2443640==    by 0x681BFF5: dl_open_worker (dl-open.c:771)
==2443640==    by 0x7522B57: _dl_catch_exception (dl-error-skeleton.c:208)
==2443640==    by 0x681C34D: _dl_open (dl-open.c:883)
==2443640==    by 0x743E5FB: dlopen_doit (dlopen.c:56)
==2443640== 
==2443640== 276 bytes in 1 blocks are possibly lost in loss record 330 of 377
==2443640==    at 0x7056899: malloc (in /mnt/c/Users/guido/ghq/projects/rustdom/.tools/valgrind/usr/libexec/valgrind/vgpreload_memcheck-amd64-linux.so)
==2443640==    by 0x22E37977: _RINvMsa_NtCsfBDUjroi3FF_9hashbrown3rawNtB6_13RawTableInner22fallible_with_capacityNtNtCs6i54tJFfzR_5alloc5alloc6GlobalECs4QMHp0v7l6B_4napi (in /mnt/c/Users/guido/ghq/projects/rustdom/dist/rustdom.node)
==2443640==    by 0x22E361B5: _RINvMs6_NtCsfBDUjroi3FF_9hashbrown3rawINtB6_8RawTableTINtNtCsgxBkk5gSRhY_4core6option6OptionReENtNtNtCs4QMHp0v7l6B_4napi15bindgen_runtime15module_register17ClassRegistrationEE14reserve_rehashNCINvNtB8_3map11make_hasherBQ_B1v_NtCsip5QdaO9ESH_10rustc_hash13FxBuildHasherE0EB1B_ (in /mnt/c/Users/guido/ghq/projects/rustdom/dist/rustdom.node)
==2443640==    by 0x22E3E108: _RNvNtNtCs4QMHp0v7l6B_4napi15bindgen_runtime15module_register14register_class (in /mnt/c/Users/guido/ghq/projects/rustdom/dist/rustdom.node)
==2443640==    by 0x22DED030: _RNvNvNvNvNtNtNtCs45HKutVyWu4_7rustdom3dom19abort_state_binding31___napi_helper__NativeAbortState42___napi_register__NativeAbortState_struct_31__18___CTOR_PRIVATE_REF14___ctor_private (in /mnt/c/Users/guido/ghq/projects/rustdom/dist/rustdom.node)
==2443640==    by 0x681447D: call_init.part.0 (dl-init.c:70)
==2443640==    by 0x6814567: call_init (dl-init.c:33)
==2443640==    by 0x6814567: _dl_init (dl-init.c:117)
==2443640==    by 0x7522BB4: _dl_catch_exception (dl-error-skeleton.c:182)
==2443640==    by 0x681BFF5: dl_open_worker (dl-open.c:808)
==2443640==    by 0x681BFF5: dl_open_worker (dl-open.c:771)
==2443640==    by 0x7522B57: _dl_catch_exception (dl-error-skeleton.c:208)
==2443640==    by 0x681C34D: _dl_open (dl-open.c:883)
==2443640==    by 0x743E5FB: dlopen_doit (dlopen.c:56)
==2443640== 
==2443640== 276 bytes in 1 blocks are possibly lost in loss record 331 of 377
==2443640==    at 0x7056899: malloc (in /mnt/c/Users/guido/ghq/projects/rustdom/.tools/valgrind/usr/libexec/valgrind/vgpreload_memcheck-amd64-linux.so)
==2443640==    by 0x22E37977: _RINvMsa_NtCsfBDUjroi3FF_9hashbrown3rawNtB6_13RawTableInner22fallible_with_capacityNtNtCs6i54tJFfzR_5alloc5alloc6GlobalECs4QMHp0v7l6B_4napi (in /mnt/c/Users/guido/ghq/projects/rustdom/dist/rustdom.node)
==2443640==    by 0x22E361B5: _RINvMs6_NtCsfBDUjroi3FF_9hashbrown3rawINtB6_8RawTableTINtNtCsgxBkk5gSRhY_4core6option6OptionReENtNtNtCs4QMHp0v7l6B_4napi15bindgen_runtime15module_register17ClassRegistrationEE14reserve_rehashNCINvNtB8_3map11make_hasherBQ_B1v_NtCsip5QdaO9ESH_10rustc_hash13FxBuildHasherE0EB1B_ (in /mnt/c/Users/guido/ghq/projects/rustdom/dist/rustdom.node)
==2443640==    by 0x22E3E108: _RNvNtNtCs4QMHp0v7l6B_4napi15bindgen_runtime15module_register14register_class (in /mnt/c/Users/guido/ghq/projects/rustdom/dist/rustdom.node)
==2443640==    by 0x22DEEA00: _RNvNvNvNvNtNtNtCs45HKutVyWu4_7rustdom3dom19event_state_binding31___napi_helper__NativeEventState43___napi_register__NativeEventState_struct_721__18___CTOR_PRIVATE_REF14___ctor_private (in /mnt/c/Users/guido/ghq/projects/rustdom/dist/rustdom.node)
==2443640==    by 0x681447D: call_init.part.0 (dl-init.c:70)
==2443640==    by 0x6814567: call_init (dl-init.c:33)
==2443640==    by 0x6814567: _dl_init (dl-init.c:117)
==2443640==    by 0x7522BB4: _dl_catch_exception (dl-error-skeleton.c:182)
==2443640==    by 0x681BFF5: dl_open_worker (dl-open.c:808)
==2443640==    by 0x681BFF5: dl_open_worker (dl-open.c:771)
==2443640==    by 0x7522B57: _dl_catch_exception (dl-error-skeleton.c:208)
==2443640==    by 0x681C34D: _dl_open (dl-open.c:883)
==2443640==    by 0x743E5FB: dlopen_doit (dlopen.c:56)
==2443640== 
==2443640== 276 bytes in 1 blocks are possibly lost in loss record 332 of 377
==2443640==    at 0x7056899: malloc (in /mnt/c/Users/guido/ghq/projects/rustdom/.tools/valgrind/usr/libexec/valgrind/vgpreload_memcheck-amd64-linux.so)
==2443640==    by 0x22E37977: _RINvMsa_NtCsfBDUjroi3FF_9hashbrown3rawNtB6_13RawTableInner22fallible_with_capacityNtNtCs6i54tJFfzR_5alloc5alloc6GlobalECs4QMHp0v7l6B_4napi (in /mnt/c/Users/guido/ghq/projects/rustdom/dist/rustdom.node)
==2443640==    by 0x22E361B5: _RINvMs6_NtCsfBDUjroi3FF_9hashbrown3rawINtB6_8RawTableTINtNtCsgxBkk5gSRhY_4core6option6OptionReENtNtNtCs4QMHp0v7l6B_4napi15bindgen_runtime15module_register17ClassRegistrationEE14reserve_rehashNCINvNtB8_3map11make_hasherBQ_B1v_NtCsip5QdaO9ESH_10rustc_hash13FxBuildHasherE0EB1B_ (in /mnt/c/Users/guido/ghq/projects/rustdom/dist/rustdom.node)
==2443640==    by 0x22E3E108: _RNvNtNtCs4QMHp0v7l6B_4napi15bindgen_runtime15module_register14register_class (in /mnt/c/Users/guido/ghq/projects/rustdom/dist/rustdom.node)
==2443640==    by 0x22DF1FE0: _RNvNvNvNvNtNtNtCs45HKutVyWu4_7rustdom3dom19file_reader_binding36___napi_helper__NativeFileReaderState49___napi_register__NativeFileReaderState_struct_1041__18___CTOR_PRIVATE_REF14___ctor_private (in /mnt/c/Users/guido/ghq/projects/rustdom/dist/rustdom.node)
==2443640==    by 0x681447D: call_init.part.0 (dl-init.c:70)
==2443640==    by 0x6814567: call_init (dl-init.c:33)
==2443640==    by 0x6814567: _dl_init (dl-init.c:117)
==2443640==    by 0x7522BB4: _dl_catch_exception (dl-error-skeleton.c:182)
==2443640==    by 0x681BFF5: dl_open_worker (dl-open.c:808)
==2443640==    by 0x681BFF5: dl_open_worker (dl-open.c:771)
==2443640==    by 0x7522B57: _dl_catch_exception (dl-error-skeleton.c:208)
==2443640==    by 0x681C34D: _dl_open (dl-open.c:883)
==2443640==    by 0x743E5FB: dlopen_doit (dlopen.c:56)
==2443640== 
==2443640== 276 bytes in 1 blocks are possibly lost in loss record 333 of 377
==2443640==    at 0x7056899: malloc (in /mnt/c/Users/guido/ghq/projects/rustdom/.tools/valgrind/usr/libexec/valgrind/vgpreload_memcheck-amd64-linux.so)
==2443640==    by 0x22E37977: _RINvMsa_NtCsfBDUjroi3FF_9hashbrown3rawNtB6_13RawTableInner22fallible_with_capacityNtNtCs6i54tJFfzR_5alloc5alloc6GlobalECs4QMHp0v7l6B_4napi (in /mnt/c/Users/guido/ghq/projects/rustdom/dist/rustdom.node)
==2443640==    by 0x22E361B5: _RINvMs6_NtCsfBDUjroi3FF_9hashbrown3rawINtB6_8RawTableTINtNtCsgxBkk5gSRhY_4core6option6OptionReENtNtNtCs4QMHp0v7l6B_4napi15bindgen_runtime15module_register17ClassRegistrationEE14reserve_rehashNCINvNtB8_3map11make_hasherBQ_B1v_NtCsip5QdaO9ESH_10rustc_hash13FxBuildHasherE0EB1B_ (in /mnt/c/Users/guido/ghq/projects/rustdom/dist/rustdom.node)
==2443640==    by 0x22E3E108: _RNvNtNtCs4QMHp0v7l6B_4napi15bindgen_runtime15module_register14register_class (in /mnt/c/Users/guido/ghq/projects/rustdom/dist/rustdom.node)
==2443640==    by 0x22DF2F10: _RNvNvNvNvNtNtNtCs45HKutVyWu4_7rustdom3dom19range_clone_binding31___napi_helper__NativeRangeClone44___napi_register__NativeRangeClone_struct_1531__18___CTOR_PRIVATE_REF14___ctor_private (in /mnt/c/Users/guido/ghq/projects/rustdom/dist/rustdom.node)
==2443640==    by 0x681447D: call_init.part.0 (dl-init.c:70)
==2443640==    by 0x6814567: call_init (dl-init.c:33)
==2443640==    by 0x6814567: _dl_init (dl-init.c:117)
==2443640==    by 0x7522BB4: _dl_catch_exception (dl-error-skeleton.c:182)
==2443640==    by 0x681BFF5: dl_open_worker (dl-open.c:808)
==2443640==    by 0x681BFF5: dl_open_worker (dl-open.c:771)
==2443640==    by 0x7522B57: _dl_catch_exception (dl-error-skeleton.c:208)
==2443640==    by 0x681C34D: _dl_open (dl-open.c:883)
==2443640==    by 0x743E5FB: dlopen_doit (dlopen.c:56)
==2443640== 
==2443640== 276 bytes in 1 blocks are possibly lost in loss record 334 of 377
==2443640==    at 0x7056899: malloc (in /mnt/c/Users/guido/ghq/projects/rustdom/.tools/valgrind/usr/libexec/valgrind/vgpreload_memcheck-amd64-linux.so)
==2443640==    by 0x22E37977: _RINvMsa_NtCsfBDUjroi3FF_9hashbrown3rawNtB6_13RawTableInner22fallible_with_capacityNtNtCs6i54tJFfzR_5alloc5alloc6GlobalECs4QMHp0v7l6B_4napi (in /mnt/c/Users/guido/ghq/projects/rustdom/dist/rustdom.node)
==2443640==    by 0x22E361B5: _RINvMs6_NtCsfBDUjroi3FF_9hashbrown3rawINtB6_8RawTableTINtNtCsgxBkk5gSRhY_4core6option6OptionReENtNtNtCs4QMHp0v7l6B_4napi15bindgen_runtime15module_register17ClassRegistrationEE14reserve_rehashNCINvNtB8_3map11make_hasherBQ_B1v_NtCsip5QdaO9ESH_10rustc_hash13FxBuildHasherE0EB1B_ (in /mnt/c/Users/guido/ghq/projects/rustdom/dist/rustdom.node)
==2443640==    by 0x22E3E108: _RNvNtNtCs4QMHp0v7l6B_4napi15bindgen_runtime15module_register14register_class (in /mnt/c/Users/guido/ghq/projects/rustdom/dist/rustdom.node)
==2443640==    by 0x22DF37E0: _RNvNvNvNvNtNtNtCs45HKutVyWu4_7rustdom3dom19range_state_binding26___napi_helper__NativeRange39___napi_register__NativeRange_struct_1731__18___CTOR_PRIVATE_REF14___ctor_private (in /mnt/c/Users/guido/ghq/projects/rustdom/dist/rustdom.node)
==2443640==    by 0x681447D: call_init.part.0 (dl-init.c:70)
==2443640==    by 0x6814567: call_init (dl-init.c:33)
==2443640==    by 0x6814567: _dl_init (dl-init.c:117)
==2443640==    by 0x7522BB4: _dl_catch_exception (dl-error-skeleton.c:182)
==2443640==    by 0x681BFF5: dl_open_worker (dl-open.c:808)
==2443640==    by 0x681BFF5: dl_open_worker (dl-open.c:771)
==2443640==    by 0x7522B57: _dl_catch_exception (dl-error-skeleton.c:208)
==2443640==    by 0x681C34D: _dl_open (dl-open.c:883)
==2443640==    by 0x743E5FB: dlopen_doit (dlopen.c:56)
==2443640== 
==2443640== 276 bytes in 1 blocks are possibly lost in loss record 335 of 377
==2443640==    at 0x7056899: malloc (in /mnt/c/Users/guido/ghq/projects/rustdom/.tools/valgrind/usr/libexec/valgrind/vgpreload_memcheck-amd64-linux.so)
==2443640==    by 0x22E37977: _RINvMsa_NtCsfBDUjroi3FF_9hashbrown3rawNtB6_13RawTableInner22fallible_with_capacityNtNtCs6i54tJFfzR_5alloc5alloc6GlobalECs4QMHp0v7l6B_4napi (in /mnt/c/Users/guido/ghq/projects/rustdom/dist/rustdom.node)
==2443640==    by 0x22E361B5: _RINvMs6_NtCsfBDUjroi3FF_9hashbrown3rawINtB6_8RawTableTINtNtCsgxBkk5gSRhY_4core6option6OptionReENtNtNtCs4QMHp0v7l6B_4napi15bindgen_runtime15module_register17ClassRegistrationEE14reserve_rehashNCINvNtB8_3map11make_hasherBQ_B1v_NtCsip5QdaO9ESH_10rustc_hash13FxBuildHasherE0EB1B_ (in /mnt/c/Users/guido/ghq/projects/rustdom/dist/rustdom.node)
==2443640==    by 0x22E3E108: _RNvNtNtCs4QMHp0v7l6B_4napi15bindgen_runtime15module_register14register_class (in /mnt/c/Users/guido/ghq/projects/rustdom/dist/rustdom.node)
==2443640==    by 0x22DF6550: _RNvNvNvNvNtNtNtCs45HKutVyWu4_7rustdom3dom19tree_cursor_binding30___napi_helper__NativeTraversal43___napi_register__NativeTraversal_struct_4061__18___CTOR_PRIVATE_REF14___ctor_private (in /mnt/c/Users/guido/ghq/projects/rustdom/dist/rustdom.node)
==2443640==    by 0x681447D: call_init.part.0 (dl-init.c:70)
==2443640==    by 0x6814567: call_init (dl-init.c:33)
==2443640==    by 0x6814567: _dl_init (dl-init.c:117)
==2443640==    by 0x7522BB4: _dl_catch_exception (dl-error-skeleton.c:182)
==2443640==    by 0x681BFF5: dl_open_worker (dl-open.c:808)
==2443640==    by 0x681BFF5: dl_open_worker (dl-open.c:771)
==2443640==    by 0x7522B57: _dl_catch_exception (dl-error-skeleton.c:208)
==2443640==    by 0x681C34D: _dl_open (dl-open.c:883)
==2443640==    by 0x743E5FB: dlopen_doit (dlopen.c:56)
==2443640== 
==2443640== 276 bytes in 1 blocks are possibly lost in loss record 336 of 377
==2443640==    at 0x7056899: malloc (in /mnt/c/Users/guido/ghq/projects/rustdom/.tools/valgrind/usr/libexec/valgrind/vgpreload_memcheck-amd64-linux.so)
==2443640==    by 0x22E37977: _RINvMsa_NtCsfBDUjroi3FF_9hashbrown3rawNtB6_13RawTableInner22fallible_with_capacityNtNtCs6i54tJFfzR_5alloc5alloc6GlobalECs4QMHp0v7l6B_4napi (in /mnt/c/Users/guido/ghq/projects/rustdom/dist/rustdom.node)
==2443640==    by 0x22E361B5: _RINvMs6_NtCsfBDUjroi3FF_9hashbrown3rawINtB6_8RawTableTINtNtCsgxBkk5gSRhY_4core6option6OptionReENtNtNtCs4QMHp0v7l6B_4napi15bindgen_runtime15module_register17ClassRegistrationEE14reserve_rehashNCINvNtB8_3map11make_hasherBQ_B1v_NtCsip5QdaO9ESH_10rustc_hash13FxBuildHasherE0EB1B_ (in /mnt/c/Users/guido/ghq/projects/rustdom/dist/rustdom.node)
==2443640==    by 0x22E3E108: _RNvNtNtCs4QMHp0v7l6B_4napi15bindgen_runtime15module_register14register_class (in /mnt/c/Users/guido/ghq/projects/rustdom/dist/rustdom.node)
==2443640==    by 0x22DF7010: _RNvNvNvNvNtNtNtCs45HKutVyWu4_7rustdom3dom19tree_cursor_binding39___napi_helper__NativeTraversalOperation52___napi_register__NativeTraversalOperation_struct_4071__18___CTOR_PRIVATE_REF14___ctor_private (in /mnt/c/Users/guido/ghq/projects/rustdom/dist/rustdom.node)
==2443640==    by 0x681447D: call_init.part.0 (dl-init.c:70)
==2443640==    by 0x6814567: call_init (dl-init.c:33)
==2443640==    by 0x6814567: _dl_init (dl-init.c:117)
==2443640==    by 0x7522BB4: _dl_catch_exception (dl-error-skeleton.c:182)
==2443640==    by 0x681BFF5: dl_open_worker (dl-open.c:808)
==2443640==    by 0x681BFF5: dl_open_worker (dl-open.c:771)
==2443640==    by 0x7522B57: _dl_catch_exception (dl-error-skeleton.c:208)
==2443640==    by 0x681C34D: _dl_open (dl-open.c:883)
==2443640==    by 0x743E5FB: dlopen_doit (dlopen.c:56)
==2443640== 
==2443640== 276 bytes in 1 blocks are possibly lost in loss record 337 of 377
==2443640==    at 0x7056899: malloc (in /mnt/c/Users/guido/ghq/projects/rustdom/.tools/valgrind/usr/libexec/valgrind/vgpreload_memcheck-amd64-linux.so)
==2443640==    by 0x22E37977: _RINvMsa_NtCsfBDUjroi3FF_9hashbrown3rawNtB6_13RawTableInner22fallible_with_capacityNtNtCs6i54tJFfzR_5alloc5alloc6GlobalECs4QMHp0v7l6B_4napi (in /mnt/c/Users/guido/ghq/projects/rustdom/dist/rustdom.node)
==2443640==    by 0x22E361B5: _RINvMs6_NtCsfBDUjroi3FF_9hashbrown3rawINtB6_8RawTableTINtNtCsgxBkk5gSRhY_4core6option6OptionReENtNtNtCs4QMHp0v7l6B_4napi15bindgen_runtime15module_register17ClassRegistrationEE14reserve_rehashNCINvNtB8_3map11make_hasherBQ_B1v_NtCsip5QdaO9ESH_10rustc_hash13FxBuildHasherE0EB1B_ (in /mnt/c/Users/guido/ghq/projects/rustdom/dist/rustdom.node)
==2443640==    by 0x22E3E108: _RNvNtNtCs4QMHp0v7l6B_4napi15bindgen_runtime15module_register14register_class (in /mnt/c/Users/guido/ghq/projects/rustdom/dist/rustdom.node)
==2443640==    by 0x22DF7250: _RNvNvNvNvNtNtNtCs45HKutVyWu4_7rustdom3dom19web_storage_binding32___napi_helper__NativeStorageArea45___napi_register__NativeStorageArea_struct_4201__18___CTOR_PRIVATE_REF14___ctor_private (in /mnt/c/Users/guido/ghq/projects/rustdom/dist/rustdom.node)
==2443640==    by 0x681447D: call_init.part.0 (dl-init.c:70)
==2443640==    by 0x6814567: call_init (dl-init.c:33)
==2443640==    by 0x6814567: _dl_init (dl-init.c:117)
==2443640==    by 0x7522BB4: _dl_catch_exception (dl-error-skeleton.c:182)
==2443640==    by 0x681BFF5: dl_open_worker (dl-open.c:808)
==2443640==    by 0x681BFF5: dl_open_worker (dl-open.c:771)
==2443640==    by 0x7522B57: _dl_catch_exception (dl-error-skeleton.c:208)
==2443640==    by 0x681C34D: _dl_open (dl-open.c:883)
==2443640==    by 0x743E5FB: dlopen_doit (dlopen.c:56)
==2443640== 
==2443640== 276 bytes in 1 blocks are possibly lost in loss record 338 of 377
==2443640==    at 0x7056899: malloc (in /mnt/c/Users/guido/ghq/projects/rustdom/.tools/valgrind/usr/libexec/valgrind/vgpreload_memcheck-amd64-linux.so)
==2443640==    by 0x22E37977: _RINvMsa_NtCsfBDUjroi3FF_9hashbrown3rawNtB6_13RawTableInner22fallible_with_capacityNtNtCs6i54tJFfzR_5alloc5alloc6GlobalECs4QMHp0v7l6B_4napi (in /mnt/c/Users/guido/ghq/projects/rustdom/dist/rustdom.node)
==2443640==    by 0x22E361B5: _RINvMs6_NtCsfBDUjroi3FF_9hashbrown3rawINtB6_8RawTableTINtNtCsgxBkk5gSRhY_4core6option6OptionReENtNtNtCs4QMHp0v7l6B_4napi15bindgen_runtime15module_register17ClassRegistrationEE14reserve_rehashNCINvNtB8_3map11make_hasherBQ_B1v_NtCsip5QdaO9ESH_10rustc_hash13FxBuildHasherE0EB1B_ (in /mnt/c/Users/guido/ghq/projects/rustdom/dist/rustdom.node)
==2443640==    by 0x22E3E108: _RNvNtNtCs4QMHp0v7l6B_4napi15bindgen_runtime15module_register14register_class (in /mnt/c/Users/guido/ghq/projects/rustdom/dist/rustdom.node)
==2443640==    by 0x22DF72B0: _RNvNvNvNvNtNtNtCs45HKutVyWu4_7rustdom3dom19web_storage_binding37___napi_helper__NativeStorageKeyCursor50___napi_register__NativeStorageKeyCursor_struct_4341__18___CTOR_PRIVATE_REF14___ctor_private (in /mnt/c/Users/guido/ghq/projects/rustdom/dist/rustdom.node)
==2443640==    by 0x681447D: call_init.part.0 (dl-init.c:70)
==2443640==    by 0x6814567: call_init (dl-init.c:33)
==2443640==    by 0x6814567: _dl_init (dl-init.c:117)
==2443640==    by 0x7522BB4: _dl_catch_exception (dl-error-skeleton.c:182)
==2443640==    by 0x681BFF5: dl_open_worker (dl-open.c:808)
==2443640==    by 0x681BFF5: dl_open_worker (dl-open.c:771)
==2443640==    by 0x7522B57: _dl_catch_exception (dl-error-skeleton.c:208)
==2443640==    by 0x681C34D: _dl_open (dl-open.c:883)
==2443640==    by 0x743E5FB: dlopen_doit (dlopen.c:56)
==2443640== 
==2443640== 276 bytes in 1 blocks are possibly lost in loss record 339 of 377
==2443640==    at 0x7056899: malloc (in /mnt/c/Users/guido/ghq/projects/rustdom/.tools/valgrind/usr/libexec/valgrind/vgpreload_memcheck-amd64-linux.so)
==2443640==    by 0x22E37977: _RINvMsa_NtCsfBDUjroi3FF_9hashbrown3rawNtB6_13RawTableInner22fallible_with_capacityNtNtCs6i54tJFfzR_5alloc5alloc6GlobalECs4QMHp0v7l6B_4napi (in /mnt/c/Users/guido/ghq/projects/rustdom/dist/rustdom.node)
==2443640==    by 0x22E361B5: _RINvMs6_NtCsfBDUjroi3FF_9hashbrown3rawINtB6_8RawTableTINtNtCsgxBkk5gSRhY_4core6option6OptionReENtNtNtCs4QMHp0v7l6B_4napi15bindgen_runtime15module_register17ClassRegistrationEE14reserve_rehashNCINvNtB8_3map11make_hasherBQ_B1v_NtCsip5QdaO9ESH_10rustc_hash13FxBuildHasherE0EB1B_ (in /mnt/c/Users/guido/ghq/projects/rustdom/dist/rustdom.node)
==2443640==    by 0x22E3E108: _RNvNtNtCs4QMHp0v7l6B_4napi15bindgen_runtime15module_register14register_class (in /mnt/c/Users/guido/ghq/projects/rustdom/dist/rustdom.node)
==2443640==    by 0x22DF8EA0: _RNvNvNvNvNtNtNtCs45HKutVyWu4_7rustdom3dom21range_extract_binding33___napi_helper__NativeRangeExtract46___napi_register__NativeRangeExtract_struct_1611__18___CTOR_PRIVATE_REF14___ctor_private (in /mnt/c/Users/guido/ghq/projects/rustdom/dist/rustdom.node)
==2443640==    by 0x681447D: call_init.part.0 (dl-init.c:70)
==2443640==    by 0x6814567: call_init (dl-init.c:33)
==2443640==    by 0x6814567: _dl_init (dl-init.c:117)
==2443640==    by 0x7522BB4: _dl_catch_exception (dl-error-skeleton.c:182)
==2443640==    by 0x681BFF5: dl_open_worker (dl-open.c:808)
==2443640==    by 0x681BFF5: dl_open_worker (dl-open.c:771)
==2443640==    by 0x7522B57: _dl_catch_exception (dl-error-skeleton.c:208)
==2443640==    by 0x681C34D: _dl_open (dl-open.c:883)
==2443640==    by 0x743E5FB: dlopen_doit (dlopen.c:56)
==2443640== 
==2443640== 276 bytes in 1 blocks are possibly lost in loss record 340 of 377
==2443640==    at 0x7056899: malloc (in /mnt/c/Users/guido/ghq/projects/rustdom/.tools/valgrind/usr/libexec/valgrind/vgpreload_memcheck-amd64-linux.so)
==2443640==    by 0x22E37977: _RINvMsa_NtCsfBDUjroi3FF_9hashbrown3rawNtB6_13RawTableInner22fallible_with_capacityNtNtCs6i54tJFfzR_5alloc5alloc6GlobalECs4QMHp0v7l6B_4napi (in /mnt/c/Users/guido/ghq/projects/rustdom/dist/rustdom.node)
==2443640==    by 0x22E361B5: _RINvMs6_NtCsfBDUjroi3FF_9hashbrown3rawINtB6_8RawTableTINtNtCsgxBkk5gSRhY_4core6option6OptionReENtNtNtCs4QMHp0v7l6B_4napi15bindgen_runtime15module_register17ClassRegistrationEE14reserve_rehashNCINvNtB8_3map11make_hasherBQ_B1v_NtCsip5QdaO9ESH_10rustc_hash13FxBuildHasherE0EB1B_ (in /mnt/c/Users/guido/ghq/projects/rustdom/dist/rustdom.node)
==2443640==    by 0x22E3E108: _RNvNtNtCs4QMHp0v7l6B_4napi15bindgen_runtime15module_register14register_class (in /mnt/c/Users/guido/ghq/projects/rustdom/dist/rustdom.node)
==2443640==    by 0x22DF9770: _RNvNvNvNvNtNtNtCs45HKutVyWu4_7rustdom3dom23event_listeners_binding37___napi_helper__NativeListenerRegistry49___napi_register__NativeListenerRegistry_struct_551__18___CTOR_PRIVATE_REF14___ctor_private (in /mnt/c/Users/guido/ghq/projects/rustdom/dist/rustdom.node)
==2443640==    by 0x681447D: call_init.part.0 (dl-init.c:70)
==2443640==    by 0x6814567: call_init (dl-init.c:33)
==2443640==    by 0x6814567: _dl_init (dl-init.c:117)
==2443640==    by 0x7522BB4: _dl_catch_exception (dl-error-skeleton.c:182)
==2443640==    by 0x681BFF5: dl_open_worker (dl-open.c:808)
==2443640==    by 0x681BFF5: dl_open_worker (dl-open.c:771)
==2443640==    by 0x7522B57: _dl_catch_exception (dl-error-skeleton.c:208)
==2443640==    by 0x681C34D: _dl_open (dl-open.c:883)
==2443640==    by 0x743E5FB: dlopen_doit (dlopen.c:56)
==2443640== 
==2443640== 276 bytes in 1 blocks are possibly lost in loss record 341 of 377
==2443640==    at 0x7056899: malloc (in /mnt/c/Users/guido/ghq/projects/rustdom/.tools/valgrind/usr/libexec/valgrind/vgpreload_memcheck-amd64-linux.so)
==2443640==    by 0x22E37977: _RINvMsa_NtCsfBDUjroi3FF_9hashbrown3rawNtB6_13RawTableInner22fallible_with_capacityNtNtCs6i54tJFfzR_5alloc5alloc6GlobalECs4QMHp0v7l6B_4napi (in /mnt/c/Users/guido/ghq/projects/rustdom/dist/rustdom.node)
==2443640==    by 0x22E361B5: _RINvMs6_NtCsfBDUjroi3FF_9hashbrown3rawINtB6_8RawTableTINtNtCsgxBkk5gSRhY_4core6option6OptionReENtNtNtCs4QMHp0v7l6B_4napi15bindgen_runtime15module_register17ClassRegistrationEE14reserve_rehashNCINvNtB8_3map11make_hasherBQ_B1v_NtCsip5QdaO9ESH_10rustc_hash13FxBuildHasherE0EB1B_ (in /mnt/c/Users/guido/ghq/projects/rustdom/dist/rustdom.node)
==2443640==    by 0x22E3E108: _RNvNtNtCs4QMHp0v7l6B_4napi15bindgen_runtime15module_register14register_class (in /mnt/c/Users/guido/ghq/projects/rustdom/dist/rustdom.node)
==2443640==    by 0x22DFAD20: _RNvNvNvNvNtNtNtCs45HKutVyWu4_7rustdom3dom23mutation_record_binding35___napi_helper__NativeMutationRecord48___napi_register__NativeMutationRecord_struct_1201__18___CTOR_PRIVATE_REF14___ctor_private (in /mnt/c/Users/guido/ghq/projects/rustdom/dist/rustdom.node)
==2443640==    by 0x681447D: call_init.part.0 (dl-init.c:70)
==2443640==    by 0x6814567: call_init (dl-init.c:33)
==2443640==    by 0x6814567: _dl_init (dl-init.c:117)
==2443640==    by 0x7522BB4: _dl_catch_exception (dl-error-skeleton.c:182)
==2443640==    by 0x681BFF5: dl_open_worker (dl-open.c:808)
==2443640==    by 0x681BFF5: dl_open_worker (dl-open.c:771)
==2443640==    by 0x7522B57: _dl_catch_exception (dl-error-skeleton.c:208)
==2443640==    by 0x681C34D: _dl_open (dl-open.c:883)
==2443640==    by 0x743E5FB: dlopen_doit (dlopen.c:56)
==2443640== 
==2443640== 276 bytes in 1 blocks are possibly lost in loss record 342 of 377
==2443640==    at 0x7056899: malloc (in /mnt/c/Users/guido/ghq/projects/rustdom/.tools/valgrind/usr/libexec/valgrind/vgpreload_memcheck-amd64-linux.so)
==2443640==    by 0x22E37977: _RINvMsa_NtCsfBDUjroi3FF_9hashbrown3rawNtB6_13RawTableInner22fallible_with_capacityNtNtCs6i54tJFfzR_5alloc5alloc6GlobalECs4QMHp0v7l6B_4napi (in /mnt/c/Users/guido/ghq/projects/rustdom/dist/rustdom.node)
==2443640==    by 0x22E361B5: _RINvMs6_NtCsfBDUjroi3FF_9hashbrown3rawINtB6_8RawTableTINtNtCsgxBkk5gSRhY_4core6option6OptionReENtNtNtCs4QMHp0v7l6B_4napi15bindgen_runtime15module_register17ClassRegistrationEE14reserve_rehashNCINvNtB8_3map11make_hasherBQ_B1v_NtCsip5QdaO9ESH_10rustc_hash13FxBuildHasherE0EB1B_ (in /mnt/c/Users/guido/ghq/projects/rustdom/dist/rustdom.node)
==2443640==    by 0x22E3E108: _RNvNtNtCs4QMHp0v7l6B_4napi15bindgen_runtime15module_register14register_class (in /mnt/c/Users/guido/ghq/projects/rustdom/dist/rustdom.node)
==2443640==    by 0x22DFC4E0: _RNvNvNvNvNtNtNtCs45HKutVyWu4_7rustdom3dom23slot_assignment_binding41___napi_helper__NativeSlotAssignmentDriver54___napi_register__NativeSlotAssignmentDriver_struct_1991__18___CTOR_PRIVATE_REF14___ctor_private (in /mnt/c/Users/guido/ghq/projects/rustdom/dist/rustdom.node)
==2443640==    by 0x681447D: call_init.part.0 (dl-init.c:70)
==2443640==    by 0x6814567: call_init (dl-init.c:33)
==2443640==    by 0x6814567: _dl_init (dl-init.c:117)
==2443640==    by 0x7522BB4: _dl_catch_exception (dl-error-skeleton.c:182)
==2443640==    by 0x681BFF5: dl_open_worker (dl-open.c:808)
==2443640==    by 0x681BFF5: dl_open_worker (dl-open.c:771)
==2443640==    by 0x7522B57: _dl_catch_exception (dl-error-skeleton.c:208)
==2443640==    by 0x681C34D: _dl_open (dl-open.c:883)
==2443640==    by 0x743E5FB: dlopen_doit (dlopen.c:56)
==2443640== 
==2443640== 276 bytes in 1 blocks are possibly lost in loss record 343 of 377
==2443640==    at 0x7056899: malloc (in /mnt/c/Users/guido/ghq/projects/rustdom/.tools/valgrind/usr/libexec/valgrind/vgpreload_memcheck-amd64-linux.so)
==2443640==    by 0x22E37977: _RINvMsa_NtCsfBDUjroi3FF_9hashbrown3rawNtB6_13RawTableInner22fallible_with_capacityNtNtCs6i54tJFfzR_5alloc5alloc6GlobalECs4QMHp0v7l6B_4napi (in /mnt/c/Users/guido/ghq/projects/rustdom/dist/rustdom.node)
==2443640==    by 0x22E361B5: _RINvMs6_NtCsfBDUjroi3FF_9hashbrown3rawINtB6_8RawTableTINtNtCsgxBkk5gSRhY_4core6option6OptionReENtNtNtCs4QMHp0v7l6B_4napi15bindgen_runtime15module_register17ClassRegistrationEE14reserve_rehashNCINvNtB8_3map11make_hasherBQ_B1v_NtCsip5QdaO9ESH_10rustc_hash13FxBuildHasherE0EB1B_ (in /mnt/c/Users/guido/ghq/projects/rustdom/dist/rustdom.node)
==2443640==    by 0x22E3E108: _RNvNtNtCs4QMHp0v7l6B_4napi15bindgen_runtime15module_register14register_class (in /mnt/c/Users/guido/ghq/projects/rustdom/dist/rustdom.node)
==2443640==    by 0x22DFCDB0: _RNvNvNvNvNtNtNtCs45HKutVyWu4_7rustdom3dom25observer_delivery_binding37___napi_helper__NativeObserverDelivery50___napi_register__NativeObserverDelivery_struct_1381__18___CTOR_PRIVATE_REF14___ctor_private (in /mnt/c/Users/guido/ghq/projects/rustdom/dist/rustdom.node)
==2443640==    by 0x681447D: call_init.part.0 (dl-init.c:70)
==2443640==    by 0x6814567: call_init (dl-init.c:33)
==2443640==    by 0x6814567: _dl_init (dl-init.c:117)
==2443640==    by 0x7522BB4: _dl_catch_exception (dl-error-skeleton.c:182)
==2443640==    by 0x681BFF5: dl_open_worker (dl-open.c:808)
==2443640==    by 0x681BFF5: dl_open_worker (dl-open.c:771)
==2443640==    by 0x7522B57: _dl_catch_exception (dl-error-skeleton.c:208)
==2443640==    by 0x681C34D: _dl_open (dl-open.c:883)
==2443640==    by 0x743E5FB: dlopen_doit (dlopen.c:56)
==2443640== 
==2443640== 276 bytes in 1 blocks are possibly lost in loss record 344 of 377
==2443640==    at 0x7056899: malloc (in /mnt/c/Users/guido/ghq/projects/rustdom/.tools/valgrind/usr/libexec/valgrind/vgpreload_memcheck-amd64-linux.so)
==2443640==    by 0x22E37977: _RINvMsa_NtCsfBDUjroi3FF_9hashbrown3rawNtB6_13RawTableInner22fallible_with_capacityNtNtCs6i54tJFfzR_5alloc5alloc6GlobalECs4QMHp0v7l6B_4napi (in /mnt/c/Users/guido/ghq/projects/rustdom/dist/rustdom.node)
==2443640==    by 0x22E361B5: _RINvMs6_NtCsfBDUjroi3FF_9hashbrown3rawINtB6_8RawTableTINtNtCsgxBkk5gSRhY_4core6option6OptionReENtNtNtCs4QMHp0v7l6B_4napi15bindgen_runtime15module_register17ClassRegistrationEE14reserve_rehashNCINvNtB8_3map11make_hasherBQ_B1v_NtCsip5QdaO9ESH_10rustc_hash13FxBuildHasherE0EB1B_ (in /mnt/c/Users/guido/ghq/projects/rustdom/dist/rustdom.node)
==2443640==    by 0x22E3E108: _RNvNtNtCs4QMHp0v7l6B_4napi15bindgen_runtime15module_register14register_class (in /mnt/c/Users/guido/ghq/projects/rustdom/dist/rustdom.node)
==2443640==    by 0x22DFDAD0: _RNvNvNvNvNtNtNtCs45HKutVyWu4_7rustdom3dom4tree25___napi_helper__NativeTree38___napi_register__NativeTree_struct_2491__18___CTOR_PRIVATE_REF14___ctor_private (in /mnt/c/Users/guido/ghq/projects/rustdom/dist/rustdom.node)
==2443640==    by 0x681447D: call_init.part.0 (dl-init.c:70)
==2443640==    by 0x6814567: call_init (dl-init.c:33)
==2443640==    by 0x6814567: _dl_init (dl-init.c:117)
==2443640==    by 0x7522BB4: _dl_catch_exception (dl-error-skeleton.c:182)
==2443640==    by 0x681BFF5: dl_open_worker (dl-open.c:808)
==2443640==    by 0x681BFF5: dl_open_worker (dl-open.c:771)
==2443640==    by 0x7522B57: _dl_catch_exception (dl-error-skeleton.c:208)
==2443640==    by 0x681C34D: _dl_open (dl-open.c:883)
==2443640==    by 0x743E5FB: dlopen_doit (dlopen.c:56)
==2443640== 
==2443640== 276 bytes in 1 blocks are possibly lost in loss record 345 of 377
==2443640==    at 0x7056899: malloc (in /mnt/c/Users/guido/ghq/projects/rustdom/.tools/valgrind/usr/libexec/valgrind/vgpreload_memcheck-amd64-linux.so)
==2443640==    by 0x22E37977: _RINvMsa_NtCsfBDUjroi3FF_9hashbrown3rawNtB6_13RawTableInner22fallible_with_capacityNtNtCs6i54tJFfzR_5alloc5alloc6GlobalECs4QMHp0v7l6B_4napi (in /mnt/c/Users/guido/ghq/projects/rustdom/dist/rustdom.node)
==2443640==    by 0x22E361B5: _RINvMs6_NtCsfBDUjroi3FF_9hashbrown3rawINtB6_8RawTableTINtNtCsgxBkk5gSRhY_4core6option6OptionReENtNtNtCs4QMHp0v7l6B_4napi15bindgen_runtime15module_register17ClassRegistrationEE14reserve_rehashNCINvNtB8_3map11make_hasherBQ_B1v_NtCsip5QdaO9ESH_10rustc_hash13FxBuildHasherE0EB1B_ (in /mnt/c/Users/guido/ghq/projects/rustdom/dist/rustdom.node)
==2443640==    by 0x22E3E108: _RNvNtNtCs4QMHp0v7l6B_4napi15bindgen_runtime15module_register14register_class (in /mnt/c/Users/guido/ghq/projects/rustdom/dist/rustdom.node)
==2443640==    by 0x22DFFF90: _RNvNvNvNvNtNtNtCs45HKutVyWu4_7rustdom3xml7binding30___napi_helper__NativeXmlParser43___napi_register__NativeXmlParser_struct_4421__18___CTOR_PRIVATE_REF14___ctor_private (in /mnt/c/Users/guido/ghq/projects/rustdom/dist/rustdom.node)
==2443640==    by 0x681447D: call_init.part.0 (dl-init.c:70)
==2443640==    by 0x6814567: call_init (dl-init.c:33)
==2443640==    by 0x6814567: _dl_init (dl-init.c:117)
==2443640==    by 0x7522BB4: _dl_catch_exception (dl-error-skeleton.c:182)
==2443640==    by 0x681BFF5: dl_open_worker (dl-open.c:808)
==2443640==    by 0x681BFF5: dl_open_worker (dl-open.c:771)
==2443640==    by 0x7522B57: _dl_catch_exception (dl-error-skeleton.c:208)
==2443640==    by 0x681C34D: _dl_open (dl-open.c:883)
==2443640==    by 0x743E5FB: dlopen_doit (dlopen.c:56)
==2443640== 
==2443640== 304 bytes in 1 blocks are possibly lost in loss record 346 of 377
==2443640==    at 0x705BA83: calloc (in /mnt/c/Users/guido/ghq/projects/rustdom/.tools/valgrind/usr/libexec/valgrind/vgpreload_memcheck-amd64-linux.so)
==2443640==    by 0x68227D9: calloc (rtld-malloc.h:44)
==2443640==    by 0x68227D9: allocate_dtv (dl-tls.c:375)
==2443640==    by 0x68227D9: _dl_allocate_tls (dl-tls.c:634)
==2443640==    by 0x7443774: allocate_stack (allocatestack.c:430)
==2443640==    by 0x7443774: pthread_create@@GLIBC_2.34 (pthread_create.c:647)
==2443640==    by 0xA9B02A: node::inspector::Agent::Start(std::__cxx11::basic_string<char, std::char_traits<char>, std::allocator<char> > const&, node::DebugOptions const&, std::shared_ptr<node::ExclusiveAccess<node::HostPort, node::MutexBase<node::LibuvMutexTraits> > >, bool) (in /mnt/c/Users/guido/ghq/projects/rustdom/.tools/node/bin/node)
==2443640==    by 0x845DD2: node::Environment::InitializeInspector(std::unique_ptr<node::inspector::ParentInspectorHandle, std::default_delete<node::inspector::ParentInspectorHandle> >) (in /mnt/c/Users/guido/ghq/projects/rustdom/.tools/node/bin/node)
==2443640==    by 0x790EE5: node::CreateEnvironment(node::IsolateData*, v8::Local<v8::Context>, std::vector<std::__cxx11::basic_string<char, std::char_traits<char>, std::allocator<char> >, std::allocator<std::__cxx11::basic_string<char, std::char_traits<char>, std::allocator<char> > > > const&, std::vector<std::__cxx11::basic_string<char, std::char_traits<char>, std::allocator<char> >, std::allocator<std::__cxx11::basic_string<char, std::char_traits<char>, std::allocator<char> > > > const&, node::EnvironmentFlags::Flags, node::ThreadId, std::unique_ptr<node::InspectorParentHandle, std::default_delete<node::InspectorParentHandle> >, std::basic_string_view<char, std::char_traits<char> >) (in /mnt/c/Users/guido/ghq/projects/rustdom/.tools/node/bin/node)
==2443640==    by 0x7910D8: node::CreateEnvironment(node::IsolateData*, v8::Local<v8::Context>, std::vector<std::__cxx11::basic_string<char, std::char_traits<char>, std::allocator<char> >, std::allocator<std::__cxx11::basic_string<char, std::char_traits<char>, std::allocator<char> > > > const&, std::vector<std::__cxx11::basic_string<char, std::char_traits<char>, std::allocator<char> >, std::allocator<std::__cxx11::basic_string<char, std::char_traits<char>, std::allocator<char> > > > const&, node::EnvironmentFlags::Flags, node::ThreadId, std::unique_ptr<node::InspectorParentHandle, std::default_delete<node::InspectorParentHandle> >) (in /mnt/c/Users/guido/ghq/projects/rustdom/.tools/node/bin/node)
==2443640==    by 0x90F1FE: node::NodeMainInstance::CreateMainEnvironment(node::ExitCode*) (in /mnt/c/Users/guido/ghq/projects/rustdom/.tools/node/bin/node)
==2443640==    by 0x90F400: node::NodeMainInstance::Run() (in /mnt/c/Users/guido/ghq/projects/rustdom/.tools/node/bin/node)
==2443640==    by 0x84CE61: node::Start(int, char**) (in /mnt/c/Users/guido/ghq/projects/rustdom/.tools/node/bin/node)
==2443640==    by 0x73D7D8F: (below main) (libc_start_call_main.h:58)
==2443640== 
==2443640== 384 bytes in 1 blocks are still reachable in loss record 347 of 377
==2443640==    at 0x7056899: malloc (in /mnt/c/Users/guido/ghq/projects/rustdom/.tools/valgrind/usr/libexec/valgrind/vgpreload_memcheck-amd64-linux.so)
==2443640==    by 0x6821E4D: malloc (rtld-malloc.h:56)
==2443640==    by 0x6821E4D: allocate_dtv_entry (dl-tls.c:684)
==2443640==    by 0x6821E4D: allocate_and_init (dl-tls.c:709)
==2443640==    by 0x6821E4D: tls_get_addr_tail (dl-tls.c:907)
==2443640==    by 0x682620B: __tls_get_addr (tls_get_addr.S:55)
==2443640==    by 0x22E4627E: napi_register_module_v1 (in /mnt/c/Users/guido/ghq/projects/rustdom/dist/rustdom.node)
==2443640==    by 0x8520B8: napi_module_register_by_symbol(v8::Local<v8::Object>, v8::Local<v8::Value>, v8::Local<v8::Context>, napi_value__* (*)(napi_env__*, napi_value__*), int) (in /mnt/c/Users/guido/ghq/projects/rustdom/.tools/node/bin/node)
==2443640==    by 0x85B4BC: std::_Function_handler<bool (node::binding::DLib*), node::binding::DLOpen(v8::FunctionCallbackInfo<v8::Value> const&)::{lambda(node::binding::DLib*)#1}>::_M_invoke(std::_Any_data const&, node::binding::DLib*&&) (in /mnt/c/Users/guido/ghq/projects/rustdom/.tools/node/bin/node)
==2443640==    by 0x7FBE06: node::Environment::TryLoadAddon(char const*, int, std::function<bool (node::binding::DLib*)> const&) (in /mnt/c/Users/guido/ghq/projects/rustdom/.tools/node/bin/node)
==2443640==    by 0x859224: node::binding::DLOpen(v8::FunctionCallbackInfo<v8::Value> const&) (in /mnt/c/Users/guido/ghq/projects/rustdom/.tools/node/bin/node)
==2443640==    by 0x196108C: Builtins_CallApiCallbackGeneric (in /mnt/c/Users/guido/ghq/projects/rustdom/.tools/node/bin/node)
==2443640==    by 0x195F653: Builtins_InterpreterEntryTrampoline (in /mnt/c/Users/guido/ghq/projects/rustdom/.tools/node/bin/node)
==2443640==    by 0x195F653: Builtins_InterpreterEntryTrampoline (in /mnt/c/Users/guido/ghq/projects/rustdom/.tools/node/bin/node)
==2443640==    by 0x195F653: Builtins_InterpreterEntryTrampoline (in /mnt/c/Users/guido/ghq/projects/rustdom/.tools/node/bin/node)
==2443640== 
==2443640== 392 bytes in 1 blocks are possibly lost in loss record 348 of 377
==2443640==    at 0x7057013: operator new(unsigned long) (in /mnt/c/Users/guido/ghq/projects/rustdom/.tools/valgrind/usr/libexec/valgrind/vgpreload_memcheck-amd64-linux.so)
==2443640==    by 0x8562B7: napi_create_threadsafe_function (in /mnt/c/Users/guido/ghq/projects/rustdom/.tools/node/bin/node)
==2443640==    by 0x22E460AB: napi_register_module_v1 (in /mnt/c/Users/guido/ghq/projects/rustdom/dist/rustdom.node)
==2443640==    by 0x8520B8: napi_module_register_by_symbol(v8::Local<v8::Object>, v8::Local<v8::Value>, v8::Local<v8::Context>, napi_value__* (*)(napi_env__*, napi_value__*), int) (in /mnt/c/Users/guido/ghq/projects/rustdom/.tools/node/bin/node)
==2443640==    by 0x85B4BC: std::_Function_handler<bool (node::binding::DLib*), node::binding::DLOpen(v8::FunctionCallbackInfo<v8::Value> const&)::{lambda(node::binding::DLib*)#1}>::_M_invoke(std::_Any_data const&, node::binding::DLib*&&) (in /mnt/c/Users/guido/ghq/projects/rustdom/.tools/node/bin/node)
==2443640==    by 0x7FBE06: node::Environment::TryLoadAddon(char const*, int, std::function<bool (node::binding::DLib*)> const&) (in /mnt/c/Users/guido/ghq/projects/rustdom/.tools/node/bin/node)
==2443640==    by 0x859224: node::binding::DLOpen(v8::FunctionCallbackInfo<v8::Value> const&) (in /mnt/c/Users/guido/ghq/projects/rustdom/.tools/node/bin/node)
==2443640==    by 0x196108C: Builtins_CallApiCallbackGeneric (in /mnt/c/Users/guido/ghq/projects/rustdom/.tools/node/bin/node)
==2443640==    by 0x195F653: Builtins_InterpreterEntryTrampoline (in /mnt/c/Users/guido/ghq/projects/rustdom/.tools/node/bin/node)
==2443640==    by 0x195F653: Builtins_InterpreterEntryTrampoline (in /mnt/c/Users/guido/ghq/projects/rustdom/.tools/node/bin/node)
==2443640==    by 0x195F653: Builtins_InterpreterEntryTrampoline (in /mnt/c/Users/guido/ghq/projects/rustdom/.tools/node/bin/node)
==2443640==    by 0x195F653: Builtins_InterpreterEntryTrampoline (in /mnt/c/Users/guido/ghq/projects/rustdom/.tools/node/bin/node)
==2443640== 
==2443640== 416 bytes in 1 blocks are possibly lost in loss record 349 of 377
==2443640==    at 0x7056899: malloc (in /mnt/c/Users/guido/ghq/projects/rustdom/.tools/valgrind/usr/libexec/valgrind/vgpreload_memcheck-amd64-linux.so)
==2443640==    by 0x22E3B38C: _RNvMs5_NtCs6i54tJFfzR_5alloc7raw_vecNtB5_11RawVecInner11finish_growCs4QMHp0v7l6B_4napi (in /mnt/c/Users/guido/ghq/projects/rustdom/dist/rustdom.node)
==2443640==    by 0x22E38BAC: _RINvNvMs2_NtCs6i54tJFfzR_5alloc7raw_vecINtB8_11RawVecInnerpE7reserve21do_reserve_and_handleNtNtBa_5alloc6GlobalECs4QMHp0v7l6B_4napi (in /mnt/c/Users/guido/ghq/projects/rustdom/dist/rustdom.node)
==2443640==    by 0x22E3E0C2: _RNvNtNtCs4QMHp0v7l6B_4napi15bindgen_runtime15module_register14register_class (in /mnt/c/Users/guido/ghq/projects/rustdom/dist/rustdom.node)
==2443640==    by 0x22DEC73B: _RNvNvNvNvNtNtNtCs45HKutVyWu4_7rustdom3dom18token_list_binding36___napi_impl_helper_NativeTokenSet_1340___napi_register__NativeTokenSet_impl_2231__18___CTOR_PRIVATE_REF14___ctor_private (in /mnt/c/Users/guido/ghq/projects/rustdom/dist/rustdom.node)
==2443640==    by 0x681447D: call_init.part.0 (dl-init.c:70)
==2443640==    by 0x6814567: call_init (dl-init.c:33)
==2443640==    by 0x6814567: _dl_init (dl-init.c:117)
==2443640==    by 0x7522BB4: _dl_catch_exception (dl-error-skeleton.c:182)
==2443640==    by 0x681BFF5: dl_open_worker (dl-open.c:808)
==2443640==    by 0x681BFF5: dl_open_worker (dl-open.c:771)
==2443640==    by 0x7522B57: _dl_catch_exception (dl-error-skeleton.c:208)
==2443640==    by 0x681C34D: _dl_open (dl-open.c:883)
==2443640==    by 0x743E5FB: dlopen_doit (dlopen.c:56)
==2443640== 
==2443640== 416 bytes in 1 blocks are possibly lost in loss record 350 of 377
==2443640==    at 0x7056899: malloc (in /mnt/c/Users/guido/ghq/projects/rustdom/.tools/valgrind/usr/libexec/valgrind/vgpreload_memcheck-amd64-linux.so)
==2443640==    by 0x22E3B38C: _RNvMs5_NtCs6i54tJFfzR_5alloc7raw_vecNtB5_11RawVecInner11finish_growCs4QMHp0v7l6B_4napi (in /mnt/c/Users/guido/ghq/projects/rustdom/dist/rustdom.node)
==2443640==    by 0x22E38BAC: _RINvNvMs2_NtCs6i54tJFfzR_5alloc7raw_vecINtB8_11RawVecInnerpE7reserve21do_reserve_and_handleNtNtBa_5alloc6GlobalECs4QMHp0v7l6B_4napi (in /mnt/c/Users/guido/ghq/projects/rustdom/dist/rustdom.node)
==2443640==    by 0x22E3E0C2: _RNvNtNtCs4QMHp0v7l6B_4napi15bindgen_runtime15module_register14register_class (in /mnt/c/Users/guido/ghq/projects/rustdom/dist/rustdom.node)
==2443640==    by 0x22DECE17: _RNvNvNvNvNtNtNtCs45HKutVyWu4_7rustdom3dom18token_list_binding37___napi_impl_helper_NativeTokenList_1241___napi_register__NativeTokenList_impl_2181__18___CTOR_PRIVATE_REF14___ctor_private (in /mnt/c/Users/guido/ghq/projects/rustdom/dist/rustdom.node)
==2443640==    by 0x681447D: call_init.part.0 (dl-init.c:70)
==2443640==    by 0x6814567: call_init (dl-init.c:33)
==2443640==    by 0x6814567: _dl_init (dl-init.c:117)
==2443640==    by 0x7522BB4: _dl_catch_exception (dl-error-skeleton.c:182)
==2443640==    by 0x681BFF5: dl_open_worker (dl-open.c:808)
==2443640==    by 0x681BFF5: dl_open_worker (dl-open.c:771)
==2443640==    by 0x7522B57: _dl_catch_exception (dl-error-skeleton.c:208)
==2443640==    by 0x681C34D: _dl_open (dl-open.c:883)
==2443640==    by 0x743E5FB: dlopen_doit (dlopen.c:56)
==2443640== 
==2443640== 416 bytes in 1 blocks are possibly lost in loss record 351 of 377
==2443640==    at 0x7056899: malloc (in /mnt/c/Users/guido/ghq/projects/rustdom/.tools/valgrind/usr/libexec/valgrind/vgpreload_memcheck-amd64-linux.so)
==2443640==    by 0x22E3B38C: _RNvMs5_NtCs6i54tJFfzR_5alloc7raw_vecNtB5_11RawVecInner11finish_growCs4QMHp0v7l6B_4napi (in /mnt/c/Users/guido/ghq/projects/rustdom/dist/rustdom.node)
==2443640==    by 0x22E38BAC: _RINvNvMs2_NtCs6i54tJFfzR_5alloc7raw_vecINtB8_11RawVecInnerpE7reserve21do_reserve_and_handleNtNtBa_5alloc6GlobalECs4QMHp0v7l6B_4napi (in /mnt/c/Users/guido/ghq/projects/rustdom/dist/rustdom.node)
==2443640==    by 0x22E3E0C2: _RNvNtNtCs4QMHp0v7l6B_4napi15bindgen_runtime15module_register14register_class (in /mnt/c/Users/guido/ghq/projects/rustdom/dist/rustdom.node)
==2443640==    by 0x22DF352F: _RNvNvNvNvNtNtNtCs45HKutVyWu4_7rustdom3dom19range_clone_binding37___napi_impl_helper_NativeRangeClone_842___napi_register__NativeRangeClone_impl_1581__18___CTOR_PRIVATE_REF14___ctor_private (in /mnt/c/Users/guido/ghq/projects/rustdom/dist/rustdom.node)
==2443640==    by 0x681447D: call_init.part.0 (dl-init.c:70)
==2443640==    by 0x6814567: call_init (dl-init.c:33)
==2443640==    by 0x6814567: _dl_init (dl-init.c:117)
==2443640==    by 0x7522BB4: _dl_catch_exception (dl-error-skeleton.c:182)
==2443640==    by 0x681BFF5: dl_open_worker (dl-open.c:808)
==2443640==    by 0x681BFF5: dl_open_worker (dl-open.c:771)
==2443640==    by 0x7522B57: _dl_catch_exception (dl-error-skeleton.c:208)
==2443640==    by 0x681C34D: _dl_open (dl-open.c:883)
==2443640==    by 0x743E5FB: dlopen_doit (dlopen.c:56)
==2443640== 
==2443640== 416 bytes in 1 blocks are possibly lost in loss record 352 of 377
==2443640==    at 0x7056899: malloc (in /mnt/c/Users/guido/ghq/projects/rustdom/.tools/valgrind/usr/libexec/valgrind/vgpreload_memcheck-amd64-linux.so)
==2443640==    by 0x22E3B38C: _RNvMs5_NtCs6i54tJFfzR_5alloc7raw_vecNtB5_11RawVecInner11finish_growCs4QMHp0v7l6B_4napi (in /mnt/c/Users/guido/ghq/projects/rustdom/dist/rustdom.node)
==2443640==    by 0x22E38BAC: _RINvNvMs2_NtCs6i54tJFfzR_5alloc7raw_vecINtB8_11RawVecInnerpE7reserve21do_reserve_and_handleNtNtBa_5alloc6GlobalECs4QMHp0v7l6B_4napi (in /mnt/c/Users/guido/ghq/projects/rustdom/dist/rustdom.node)
==2443640==    by 0x22E3E0C2: _RNvNtNtCs4QMHp0v7l6B_4napi15bindgen_runtime15module_register14register_class (in /mnt/c/Users/guido/ghq/projects/rustdom/dist/rustdom.node)
==2443640==    by 0x22DF715A: _RNvNvNvNvNtNtNtCs45HKutVyWu4_7rustdom3dom19tree_cursor_binding46___napi_impl_helper_NativeTraversalOperation_1750___napi_register__NativeTraversalOperation_impl_4161__18___CTOR_PRIVATE_REF14___ctor_private (in /mnt/c/Users/guido/ghq/projects/rustdom/dist/rustdom.node)
==2443640==    by 0x681447D: call_init.part.0 (dl-init.c:70)
==2443640==    by 0x6814567: call_init (dl-init.c:33)
==2443640==    by 0x6814567: _dl_init (dl-init.c:117)
==2443640==    by 0x7522BB4: _dl_catch_exception (dl-error-skeleton.c:182)
==2443640==    by 0x681BFF5: dl_open_worker (dl-open.c:808)
==2443640==    by 0x681BFF5: dl_open_worker (dl-open.c:771)
==2443640==    by 0x7522B57: _dl_catch_exception (dl-error-skeleton.c:208)
==2443640==    by 0x681C34D: _dl_open (dl-open.c:883)
==2443640==    by 0x743E5FB: dlopen_doit (dlopen.c:56)
==2443640== 
==2443640== 416 bytes in 1 blocks are possibly lost in loss record 353 of 377
==2443640==    at 0x7056899: malloc (in /mnt/c/Users/guido/ghq/projects/rustdom/.tools/valgrind/usr/libexec/valgrind/vgpreload_memcheck-amd64-linux.so)
==2443640==    by 0x22E3B38C: _RNvMs5_NtCs6i54tJFfzR_5alloc7raw_vecNtB5_11RawVecInner11finish_growCs4QMHp0v7l6B_4napi (in /mnt/c/Users/guido/ghq/projects/rustdom/dist/rustdom.node)
==2443640==    by 0x22E38BAC: _RINvNvMs2_NtCs6i54tJFfzR_5alloc7raw_vecINtB8_11RawVecInnerpE7reserve21do_reserve_and_handleNtNtBa_5alloc6GlobalECs4QMHp0v7l6B_4napi (in /mnt/c/Users/guido/ghq/projects/rustdom/dist/rustdom.node)
==2443640==    by 0x22E3E0C2: _RNvNtNtCs4QMHp0v7l6B_4napi15bindgen_runtime15module_register14register_class (in /mnt/c/Users/guido/ghq/projects/rustdom/dist/rustdom.node)
==2443640==    by 0x22DF8DAA: _RNvNvNvNvNtNtNtCs45HKutVyWu4_7rustdom3dom19web_storage_binding44___napi_impl_helper_NativeStorageKeyCursor_1948___napi_register__NativeStorageKeyCursor_impl_4361__18___CTOR_PRIVATE_REF14___ctor_private (in /mnt/c/Users/guido/ghq/projects/rustdom/dist/rustdom.node)
==2443640==    by 0x681447D: call_init.part.0 (dl-init.c:70)
==2443640==    by 0x6814567: call_init (dl-init.c:33)
==2443640==    by 0x6814567: _dl_init (dl-init.c:117)
==2443640==    by 0x7522BB4: _dl_catch_exception (dl-error-skeleton.c:182)
==2443640==    by 0x681BFF5: dl_open_worker (dl-open.c:808)
==2443640==    by 0x681BFF5: dl_open_worker (dl-open.c:771)
==2443640==    by 0x7522B57: _dl_catch_exception (dl-error-skeleton.c:208)
==2443640==    by 0x681C34D: _dl_open (dl-open.c:883)
==2443640==    by 0x743E5FB: dlopen_doit (dlopen.c:56)
==2443640== 
==2443640== 416 bytes in 1 blocks are possibly lost in loss record 354 of 377
==2443640==    at 0x7056899: malloc (in /mnt/c/Users/guido/ghq/projects/rustdom/.tools/valgrind/usr/libexec/valgrind/vgpreload_memcheck-amd64-linux.so)
==2443640==    by 0x22E3B38C: _RNvMs5_NtCs6i54tJFfzR_5alloc7raw_vecNtB5_11RawVecInner11finish_growCs4QMHp0v7l6B_4napi (in /mnt/c/Users/guido/ghq/projects/rustdom/dist/rustdom.node)
==2443640==    by 0x22E38BAC: _RINvNvMs2_NtCs6i54tJFfzR_5alloc7raw_vecINtB8_11RawVecInnerpE7reserve21do_reserve_and_handleNtNtBa_5alloc6GlobalECs4QMHp0v7l6B_4napi (in /mnt/c/Users/guido/ghq/projects/rustdom/dist/rustdom.node)
==2443640==    by 0x22E3E0C2: _RNvNtNtCs4QMHp0v7l6B_4napi15bindgen_runtime15module_register14register_class (in /mnt/c/Users/guido/ghq/projects/rustdom/dist/rustdom.node)
==2443640==    by 0x22DF94BF: _RNvNvNvNvNtNtNtCs45HKutVyWu4_7rustdom3dom21range_extract_binding39___napi_impl_helper_NativeRangeExtract_944___napi_register__NativeRangeExtract_impl_1661__18___CTOR_PRIVATE_REF14___ctor_private (in /mnt/c/Users/guido/ghq/projects/rustdom/dist/rustdom.node)
==2443640==    by 0x681447D: call_init.part.0 (dl-init.c:70)
==2443640==    by 0x6814567: call_init (dl-init.c:33)
==2443640==    by 0x6814567: _dl_init (dl-init.c:117)
==2443640==    by 0x7522BB4: _dl_catch_exception (dl-error-skeleton.c:182)
==2443640==    by 0x681BFF5: dl_open_worker (dl-open.c:808)
==2443640==    by 0x681BFF5: dl_open_worker (dl-open.c:771)
==2443640==    by 0x7522B57: _dl_catch_exception (dl-error-skeleton.c:208)
==2443640==    by 0x681C34D: _dl_open (dl-open.c:883)
==2443640==    by 0x743E5FB: dlopen_doit (dlopen.c:56)
==2443640== 
==2443640== 416 bytes in 1 blocks are possibly lost in loss record 355 of 377
==2443640==    at 0x7056899: malloc (in /mnt/c/Users/guido/ghq/projects/rustdom/.tools/valgrind/usr/libexec/valgrind/vgpreload_memcheck-amd64-linux.so)
==2443640==    by 0x22E3B38C: _RNvMs5_NtCs6i54tJFfzR_5alloc7raw_vecNtB5_11RawVecInner11finish_growCs4QMHp0v7l6B_4napi (in /mnt/c/Users/guido/ghq/projects/rustdom/dist/rustdom.node)
==2443640==    by 0x22E38BAC: _RINvNvMs2_NtCs6i54tJFfzR_5alloc7raw_vecINtB8_11RawVecInnerpE7reserve21do_reserve_and_handleNtNtBa_5alloc6GlobalECs4QMHp0v7l6B_4napi (in /mnt/c/Users/guido/ghq/projects/rustdom/dist/rustdom.node)
==2443640==    by 0x22E3E0C2: _RNvNtNtCs4QMHp0v7l6B_4napi15bindgen_runtime15module_register14register_class (in /mnt/c/Users/guido/ghq/projects/rustdom/dist/rustdom.node)
==2443640==    by 0x22DFCAFF: _RNvNvNvNvNtNtNtCs45HKutVyWu4_7rustdom3dom23slot_assignment_binding48___napi_impl_helper_NativeSlotAssignmentDriver_1152___napi_register__NativeSlotAssignmentDriver_impl_2041__18___CTOR_PRIVATE_REF14___ctor_private (in /mnt/c/Users/guido/ghq/projects/rustdom/dist/rustdom.node)
==2443640==    by 0x681447D: call_init.part.0 (dl-init.c:70)
==2443640==    by 0x6814567: call_init (dl-init.c:33)
==2443640==    by 0x6814567: _dl_init (dl-init.c:117)
==2443640==    by 0x7522BB4: _dl_catch_exception (dl-error-skeleton.c:182)
==2443640==    by 0x681BFF5: dl_open_worker (dl-open.c:808)
==2443640==    by 0x681BFF5: dl_open_worker (dl-open.c:771)
==2443640==    by 0x7522B57: _dl_catch_exception (dl-error-skeleton.c:208)
==2443640==    by 0x681C34D: _dl_open (dl-open.c:883)
==2443640==    by 0x743E5FB: dlopen_doit (dlopen.c:56)
==2443640== 
==2443640== 432 bytes in 1 blocks are still reachable in loss record 356 of 377
==2443640==    at 0x705BA83: calloc (in /mnt/c/Users/guido/ghq/projects/rustdom/.tools/valgrind/usr/libexec/valgrind/vgpreload_memcheck-amd64-linux.so)
==2443640==    by 0x68242DC: calloc (rtld-malloc.h:44)
==2443640==    by 0x68242DC: _dl_check_map_versions (dl-version.c:273)
==2443640==    by 0x681CD13: dl_open_worker_begin (dl-open.c:600)
==2443640==    by 0x7522B57: _dl_catch_exception (dl-error-skeleton.c:208)
==2443640==    by 0x681BF99: dl_open_worker (dl-open.c:782)
==2443640==    by 0x7522B57: _dl_catch_exception (dl-error-skeleton.c:208)
==2443640==    by 0x681C34D: _dl_open (dl-open.c:883)
==2443640==    by 0x743E5FB: dlopen_doit (dlopen.c:56)
==2443640==    by 0x7522B57: _dl_catch_exception (dl-error-skeleton.c:208)
==2443640==    by 0x7522C22: _dl_catch_error (dl-error-skeleton.c:227)
==2443640==    by 0x743E0ED: _dlerror_run (dlerror.c:138)
==2443640==    by 0x743E687: dlopen_implementation (dlopen.c:71)
==2443640==    by 0x743E687: dlopen@@GLIBC_2.34 (dlopen.c:81)
==2443640== 
==2443640== 448 bytes in 1 blocks are still reachable in loss record 357 of 377
==2443640==    at 0x705BA83: calloc (in /mnt/c/Users/guido/ghq/projects/rustdom/.tools/valgrind/usr/libexec/valgrind/vgpreload_memcheck-amd64-linux.so)
==2443640==    by 0x193F014: uv_loop_init (loop.c:39)
==2443640==    by 0x19363C9: uv_default_loop (uv-common.c:849)
==2443640==    by 0x19363C9: uv_default_loop (uv-common.c:845)
==2443640==    by 0x84CBF6: node::Start(int, char**) (in /mnt/c/Users/guido/ghq/projects/rustdom/.tools/node/bin/node)
==2443640==    by 0x73D7D8F: (below main) (libc_start_call_main.h:58)
==2443640== 
==2443640== 504 bytes in 1 blocks are still reachable in loss record 358 of 377
==2443640==    at 0x7057013: operator new(unsigned long) (in /mnt/c/Users/guido/ghq/projects/rustdom/.tools/valgrind/usr/libexec/valgrind/vgpreload_memcheck-amd64-linux.so)
==2443640==    by 0x956380: node::NodePlatform::RegisterIsolate(v8::Isolate*, uv_loop_s*) (in /mnt/c/Users/guido/ghq/projects/rustdom/.tools/node/bin/node)
==2443640==    by 0x78D5C8: node::NewIsolate(v8::Isolate::CreateParams*, uv_loop_s*, node::MultiIsolatePlatform*, node::SnapshotData const*, node::IsolateSettings const&) (in /mnt/c/Users/guido/ghq/projects/rustdom/.tools/node/bin/node)
==2443640==    by 0x90ED28: node::NodeMainInstance::NodeMainInstance(node::SnapshotData const*, uv_loop_s*, node::MultiIsolatePlatform*, std::vector<std::__cxx11::basic_string<char, std::char_traits<char>, std::allocator<char> >, std::allocator<std::__cxx11::basic_string<char, std::char_traits<char>, std::allocator<char> > > > const&, std::vector<std::__cxx11::basic_string<char, std::char_traits<char>, std::allocator<char> >, std::allocator<std::__cxx11::basic_string<char, std::char_traits<char>, std::allocator<char> > > > const&) (in /mnt/c/Users/guido/ghq/projects/rustdom/.tools/node/bin/node)
==2443640==    by 0x84CE55: node::Start(int, char**) (in /mnt/c/Users/guido/ghq/projects/rustdom/.tools/node/bin/node)
==2443640==    by 0x73D7D8F: (below main) (libc_start_call_main.h:58)
==2443640== 
==2443640== 512 bytes in 1 blocks are possibly lost in loss record 359 of 377
==2443640==    at 0x7057013: operator new(unsigned long) (in /mnt/c/Users/guido/ghq/projects/rustdom/.tools/valgrind/usr/libexec/valgrind/vgpreload_memcheck-amd64-linux.so)
==2443640==    by 0x858135: std::_Deque_base<void*, std::allocator<void*> >::_M_initialize_map(unsigned long) (in /mnt/c/Users/guido/ghq/projects/rustdom/.tools/node/bin/node)
==2443640==    by 0x8567DB: node::Environment::CloseHandle<uv_handle_s, v8impl::(anonymous namespace)::ThreadSafeFunction::CloseHandlesAndMaybeDelete(bool)::{lambda(uv_handle_s*)#1}>(uv_handle_s*, v8impl::(anonymous namespace)::ThreadSafeFunction::CloseHandlesAndMaybeDelete(bool)::{lambda(uv_handle_s*)#1})::{lambda(uv_handle_s*)#1}::_FUN(uv_handle_s*) (in /mnt/c/Users/guido/ghq/projects/rustdom/.tools/node/bin/node)
==2443640==    by 0x193776D: uv__finish_close (core.c:363)
==2443640==    by 0x193776D: uv__run_closing_handles (core.c:377)
==2443640==    by 0x193776D: uv_run (core.c:475)
==2443640==    by 0x7FDC47: node::Environment::CleanupHandles() (in /mnt/c/Users/guido/ghq/projects/rustdom/.tools/node/bin/node)
==2443640==    by 0x7FDD3C: node::Environment::RunCleanup() (in /mnt/c/Users/guido/ghq/projects/rustdom/.tools/node/bin/node)
==2443640==    by 0x790D28: node::FreeEnvironment(node::Environment*) (in /mnt/c/Users/guido/ghq/projects/rustdom/.tools/node/bin/node)
==2443640==    by 0x90F442: node::NodeMainInstance::Run() (in /mnt/c/Users/guido/ghq/projects/rustdom/.tools/node/bin/node)
==2443640==    by 0x84CE61: node::Start(int, char**) (in /mnt/c/Users/guido/ghq/projects/rustdom/.tools/node/bin/node)
==2443640==    by 0x73D7D8F: (below main) (libc_start_call_main.h:58)
==2443640== 
==2443640== 520 bytes in 1 blocks are possibly lost in loss record 360 of 377
==2443640==    at 0x7056899: malloc (in /mnt/c/Users/guido/ghq/projects/rustdom/.tools/valgrind/usr/libexec/valgrind/vgpreload_memcheck-amd64-linux.so)
==2443640==    by 0x22E3B38C: _RNvMs5_NtCs6i54tJFfzR_5alloc7raw_vecNtB5_11RawVecInner11finish_growCs4QMHp0v7l6B_4napi (in /mnt/c/Users/guido/ghq/projects/rustdom/dist/rustdom.node)
==2443640==    by 0x22E38BAC: _RINvNvMs2_NtCs6i54tJFfzR_5alloc7raw_vecINtB8_11RawVecInnerpE7reserve21do_reserve_and_handleNtNtBa_5alloc6GlobalECs4QMHp0v7l6B_4napi (in /mnt/c/Users/guido/ghq/projects/rustdom/dist/rustdom.node)
==2443640==    by 0x22E3E0C2: _RNvNtNtCs4QMHp0v7l6B_4napi15bindgen_runtime15module_register14register_class (in /mnt/c/Users/guido/ghq/projects/rustdom/dist/rustdom.node)
==2443640==    by 0x22DF6CAF: _RNvNvNvNvNtNtNtCs45HKutVyWu4_7rustdom3dom19tree_cursor_binding37___napi_impl_helper_NativeTraversal_1641___napi_register__NativeTraversal_impl_4141__18___CTOR_PRIVATE_REF14___ctor_private (in /mnt/c/Users/guido/ghq/projects/rustdom/dist/rustdom.node)
==2443640==    by 0x681447D: call_init.part.0 (dl-init.c:70)
==2443640==    by 0x6814567: call_init (dl-init.c:33)
==2443640==    by 0x6814567: _dl_init (dl-init.c:117)
==2443640==    by 0x7522BB4: _dl_catch_exception (dl-error-skeleton.c:182)
==2443640==    by 0x681BFF5: dl_open_worker (dl-open.c:808)
==2443640==    by 0x681BFF5: dl_open_worker (dl-open.c:771)
==2443640==    by 0x7522B57: _dl_catch_exception (dl-error-skeleton.c:208)
==2443640==    by 0x681C34D: _dl_open (dl-open.c:883)
==2443640==    by 0x743E5FB: dlopen_doit (dlopen.c:56)
==2443640== 
==2443640== 624 bytes in 1 blocks are possibly lost in loss record 361 of 377
==2443640==    at 0x7056899: malloc (in /mnt/c/Users/guido/ghq/projects/rustdom/.tools/valgrind/usr/libexec/valgrind/vgpreload_memcheck-amd64-linux.so)
==2443640==    by 0x22E3B38C: _RNvMs5_NtCs6i54tJFfzR_5alloc7raw_vecNtB5_11RawVecInner11finish_growCs4QMHp0v7l6B_4napi (in /mnt/c/Users/guido/ghq/projects/rustdom/dist/rustdom.node)
==2443640==    by 0x22E38BAC: _RINvNvMs2_NtCs6i54tJFfzR_5alloc7raw_vecINtB8_11RawVecInnerpE7reserve21do_reserve_and_handleNtNtBa_5alloc6GlobalECs4QMHp0v7l6B_4napi (in /mnt/c/Users/guido/ghq/projects/rustdom/dist/rustdom.node)
==2443640==    by 0x22E3E0C2: _RNvNtNtCs4QMHp0v7l6B_4napi15bindgen_runtime15module_register14register_class (in /mnt/c/Users/guido/ghq/projects/rustdom/dist/rustdom.node)
==2443640==    by 0x22DEA58C: _RNvNvNvNvNtNtNtCs45HKutVyWu4_7rustdom3dom12blob_binding39___napi_impl_helper_NativeBlobMetadata_143___napi_register__NativeBlobMetadata_impl_281__18___CTOR_PRIVATE_REF14___ctor_private (in /mnt/c/Users/guido/ghq/projects/rustdom/dist/rustdom.node)
==2443640==    by 0x681447D: call_init.part.0 (dl-init.c:70)
==2443640==    by 0x6814567: call_init (dl-init.c:33)
==2443640==    by 0x6814567: _dl_init (dl-init.c:117)
==2443640==    by 0x7522BB4: _dl_catch_exception (dl-error-skeleton.c:182)
==2443640==    by 0x681BFF5: dl_open_worker (dl-open.c:808)
==2443640==    by 0x681BFF5: dl_open_worker (dl-open.c:771)
==2443640==    by 0x7522B57: _dl_catch_exception (dl-error-skeleton.c:208)
==2443640==    by 0x681C34D: _dl_open (dl-open.c:883)
==2443640==    by 0x743E5FB: dlopen_doit (dlopen.c:56)
==2443640== 
==2443640== 624 bytes in 1 blocks are possibly lost in loss record 362 of 377
==2443640==    at 0x7056899: malloc (in /mnt/c/Users/guido/ghq/projects/rustdom/.tools/valgrind/usr/libexec/valgrind/vgpreload_memcheck-amd64-linux.so)
==2443640==    by 0x22E3B38C: _RNvMs5_NtCs6i54tJFfzR_5alloc7raw_vecNtB5_11RawVecInner11finish_growCs4QMHp0v7l6B_4napi (in /mnt/c/Users/guido/ghq/projects/rustdom/dist/rustdom.node)
==2443640==    by 0x22E38BAC: _RINvNvMs2_NtCs6i54tJFfzR_5alloc7raw_vecINtB8_11RawVecInnerpE7reserve21do_reserve_and_handleNtNtBa_5alloc6GlobalECs4QMHp0v7l6B_4napi (in /mnt/c/Users/guido/ghq/projects/rustdom/dist/rustdom.node)
==2443640==    by 0x22E3E0C2: _RNvNtNtCs4QMHp0v7l6B_4napi15bindgen_runtime15module_register14register_class (in /mnt/c/Users/guido/ghq/projects/rustdom/dist/rustdom.node)
==2443640==    by 0x22DFD6E2: _RNvNvNvNvNtNtNtCs45HKutVyWu4_7rustdom3dom25observer_delivery_binding43___napi_impl_helper_NativeObserverDelivery_748___napi_register__NativeObserverDelivery_impl_1451__18___CTOR_PRIVATE_REF14___ctor_private (in /mnt/c/Users/guido/ghq/projects/rustdom/dist/rustdom.node)
==2443640==    by 0x681447D: call_init.part.0 (dl-init.c:70)
==2443640==    by 0x6814567: call_init (dl-init.c:33)
==2443640==    by 0x6814567: _dl_init (dl-init.c:117)
==2443640==    by 0x7522BB4: _dl_catch_exception (dl-error-skeleton.c:182)
==2443640==    by 0x681BFF5: dl_open_worker (dl-open.c:808)
==2443640==    by 0x681BFF5: dl_open_worker (dl-open.c:771)
==2443640==    by 0x7522B57: _dl_catch_exception (dl-error-skeleton.c:208)
==2443640==    by 0x681C34D: _dl_open (dl-open.c:883)
==2443640==    by 0x743E5FB: dlopen_doit (dlopen.c:56)
==2443640== 
==2443640== 728 bytes in 1 blocks are possibly lost in loss record 363 of 377
==2443640==    at 0x7056899: malloc (in /mnt/c/Users/guido/ghq/projects/rustdom/.tools/valgrind/usr/libexec/valgrind/vgpreload_memcheck-amd64-linux.so)
==2443640==    by 0x22E3B38C: _RNvMs5_NtCs6i54tJFfzR_5alloc7raw_vecNtB5_11RawVecInner11finish_growCs4QMHp0v7l6B_4napi (in /mnt/c/Users/guido/ghq/projects/rustdom/dist/rustdom.node)
==2443640==    by 0x22E38BAC: _RINvNvMs2_NtCs6i54tJFfzR_5alloc7raw_vecINtB8_11RawVecInnerpE7reserve21do_reserve_and_handleNtNtBa_5alloc6GlobalECs4QMHp0v7l6B_4napi (in /mnt/c/Users/guido/ghq/projects/rustdom/dist/rustdom.node)
==2443640==    by 0x22E3E0C2: _RNvNtNtCs4QMHp0v7l6B_4napi15bindgen_runtime15module_register14register_class (in /mnt/c/Users/guido/ghq/projects/rustdom/dist/rustdom.node)
==2443640==    by 0x22DF2AAF: _RNvNvNvNvNtNtNtCs45HKutVyWu4_7rustdom3dom19file_reader_binding42___napi_impl_helper_NativeFileReaderState_547___napi_register__NativeFileReaderState_impl_1121__18___CTOR_PRIVATE_REF14___ctor_private (in /mnt/c/Users/guido/ghq/projects/rustdom/dist/rustdom.node)
==2443640==    by 0x681447D: call_init.part.0 (dl-init.c:70)
==2443640==    by 0x6814567: call_init (dl-init.c:33)
==2443640==    by 0x6814567: _dl_init (dl-init.c:117)
==2443640==    by 0x7522BB4: _dl_catch_exception (dl-error-skeleton.c:182)
==2443640==    by 0x681BFF5: dl_open_worker (dl-open.c:808)
==2443640==    by 0x681BFF5: dl_open_worker (dl-open.c:771)
==2443640==    by 0x7522B57: _dl_catch_exception (dl-error-skeleton.c:208)
==2443640==    by 0x681C34D: _dl_open (dl-open.c:883)
==2443640==    by 0x743E5FB: dlopen_doit (dlopen.c:56)
==2443640== 
==2443640== 832 bytes in 1 blocks are possibly lost in loss record 364 of 377
==2443640==    at 0x7056899: malloc (in /mnt/c/Users/guido/ghq/projects/rustdom/.tools/valgrind/usr/libexec/valgrind/vgpreload_memcheck-amd64-linux.so)
==2443640==    by 0x22E3B38C: _RNvMs5_NtCs6i54tJFfzR_5alloc7raw_vecNtB5_11RawVecInner11finish_growCs4QMHp0v7l6B_4napi (in /mnt/c/Users/guido/ghq/projects/rustdom/dist/rustdom.node)
==2443640==    by 0x22E38BAC: _RINvNvMs2_NtCs6i54tJFfzR_5alloc7raw_vecINtB8_11RawVecInnerpE7reserve21do_reserve_and_handleNtNtBa_5alloc6GlobalECs4QMHp0v7l6B_4napi (in /mnt/c/Users/guido/ghq/projects/rustdom/dist/rustdom.node)
==2443640==    by 0x22E3E0C2: _RNvNtNtCs4QMHp0v7l6B_4napi15bindgen_runtime15module_register14register_class (in /mnt/c/Users/guido/ghq/projects/rustdom/dist/rustdom.node)
==2443640==    by 0x22E00BF6: _RNvNvNvNvNtNtNtCs45HKutVyWu4_7rustdom3xml7binding37___napi_impl_helper_NativeXmlParser_2041___napi_register__NativeXmlParser_impl_4511__18___CTOR_PRIVATE_REF14___ctor_private (in /mnt/c/Users/guido/ghq/projects/rustdom/dist/rustdom.node)
==2443640==    by 0x681447D: call_init.part.0 (dl-init.c:70)
==2443640==    by 0x6814567: call_init (dl-init.c:33)
==2443640==    by 0x6814567: _dl_init (dl-init.c:117)
==2443640==    by 0x7522BB4: _dl_catch_exception (dl-error-skeleton.c:182)
==2443640==    by 0x681BFF5: dl_open_worker (dl-open.c:808)
==2443640==    by 0x681BFF5: dl_open_worker (dl-open.c:771)
==2443640==    by 0x7522B57: _dl_catch_exception (dl-error-skeleton.c:208)
==2443640==    by 0x681C34D: _dl_open (dl-open.c:883)
==2443640==    by 0x743E5FB: dlopen_doit (dlopen.c:56)
==2443640== 
==2443640== 1,040 bytes in 1 blocks are possibly lost in loss record 365 of 377
==2443640==    at 0x7056899: malloc (in /mnt/c/Users/guido/ghq/projects/rustdom/.tools/valgrind/usr/libexec/valgrind/vgpreload_memcheck-amd64-linux.so)
==2443640==    by 0x22E3B38C: _RNvMs5_NtCs6i54tJFfzR_5alloc7raw_vecNtB5_11RawVecInner11finish_growCs4QMHp0v7l6B_4napi (in /mnt/c/Users/guido/ghq/projects/rustdom/dist/rustdom.node)
==2443640==    by 0x22E38BAC: _RINvNvMs2_NtCs6i54tJFfzR_5alloc7raw_vecINtB8_11RawVecInnerpE7reserve21do_reserve_and_handleNtNtBa_5alloc6GlobalECs4QMHp0v7l6B_4napi (in /mnt/c/Users/guido/ghq/projects/rustdom/dist/rustdom.node)
==2443640==    by 0x22E3E0C2: _RNvNtNtCs4QMHp0v7l6B_4napi15bindgen_runtime15module_register14register_class (in /mnt/c/Users/guido/ghq/projects/rustdom/dist/rustdom.node)
==2443640==    by 0x22DFA6FD: _RNvNvNvNvNtNtNtCs45HKutVyWu4_7rustdom3dom23event_listeners_binding43___napi_impl_helper_NativeListenerRegistry_347___napi_register__NativeListenerRegistry_impl_661__18___CTOR_PRIVATE_REF14___ctor_private (in /mnt/c/Users/guido/ghq/projects/rustdom/dist/rustdom.node)
==2443640==    by 0x681447D: call_init.part.0 (dl-init.c:70)
==2443640==    by 0x6814567: call_init (dl-init.c:33)
==2443640==    by 0x6814567: _dl_init (dl-init.c:117)
==2443640==    by 0x7522BB4: _dl_catch_exception (dl-error-skeleton.c:182)
==2443640==    by 0x681BFF5: dl_open_worker (dl-open.c:808)
==2443640==    by 0x681BFF5: dl_open_worker (dl-open.c:771)
==2443640==    by 0x7522B57: _dl_catch_exception (dl-error-skeleton.c:208)
==2443640==    by 0x681C34D: _dl_open (dl-open.c:883)
==2443640==    by 0x743E5FB: dlopen_doit (dlopen.c:56)
==2443640== 
==2443640== 1,144 bytes in 1 blocks are possibly lost in loss record 366 of 377
==2443640==    at 0x7056899: malloc (in /mnt/c/Users/guido/ghq/projects/rustdom/.tools/valgrind/usr/libexec/valgrind/vgpreload_memcheck-amd64-linux.so)
==2443640==    by 0x22E3B38C: _RNvMs5_NtCs6i54tJFfzR_5alloc7raw_vecNtB5_11RawVecInner11finish_growCs4QMHp0v7l6B_4napi (in /mnt/c/Users/guido/ghq/projects/rustdom/dist/rustdom.node)
==2443640==    by 0x22E38BAC: _RINvNvMs2_NtCs6i54tJFfzR_5alloc7raw_vecINtB8_11RawVecInnerpE7reserve21do_reserve_and_handleNtNtBa_5alloc6GlobalECs4QMHp0v7l6B_4napi (in /mnt/c/Users/guido/ghq/projects/rustdom/dist/rustdom.node)
==2443640==    by 0x22E3E0C2: _RNvNtNtCs4QMHp0v7l6B_4napi15bindgen_runtime15module_register14register_class (in /mnt/c/Users/guido/ghq/projects/rustdom/dist/rustdom.node)
==2443640==    by 0x22DEBA2A: _RNvNvNvNvNtNtNtCs45HKutVyWu4_7rustdom3dom16dom_rect_binding34___napi_impl_helper_NativeDomRect_238___napi_register__NativeDomRect_impl_501__18___CTOR_PRIVATE_REF14___ctor_private (in /mnt/c/Users/guido/ghq/projects/rustdom/dist/rustdom.node)
==2443640==    by 0x681447D: call_init.part.0 (dl-init.c:70)
==2443640==    by 0x6814567: call_init (dl-init.c:33)
==2443640==    by 0x6814567: _dl_init (dl-init.c:117)
==2443640==    by 0x7522BB4: _dl_catch_exception (dl-error-skeleton.c:182)
==2443640==    by 0x681BFF5: dl_open_worker (dl-open.c:808)
==2443640==    by 0x681BFF5: dl_open_worker (dl-open.c:771)
==2443640==    by 0x7522B57: _dl_catch_exception (dl-error-skeleton.c:208)
==2443640==    by 0x681C34D: _dl_open (dl-open.c:883)
==2443640==    by 0x743E5FB: dlopen_doit (dlopen.c:56)
==2443640== 
==2443640== 1,144 bytes in 1 blocks are possibly lost in loss record 367 of 377
==2443640==    at 0x7056899: malloc (in /mnt/c/Users/guido/ghq/projects/rustdom/.tools/valgrind/usr/libexec/valgrind/vgpreload_memcheck-amd64-linux.so)
==2443640==    by 0x22E3B38C: _RNvMs5_NtCs6i54tJFfzR_5alloc7raw_vecNtB5_11RawVecInner11finish_growCs4QMHp0v7l6B_4napi (in /mnt/c/Users/guido/ghq/projects/rustdom/dist/rustdom.node)
==2443640==    by 0x22E38BAC: _RINvNvMs2_NtCs6i54tJFfzR_5alloc7raw_vecINtB8_11RawVecInnerpE7reserve21do_reserve_and_handleNtNtBa_5alloc6GlobalECs4QMHp0v7l6B_4napi (in /mnt/c/Users/guido/ghq/projects/rustdom/dist/rustdom.node)
==2443640==    by 0x22E3E0C2: _RNvNtNtCs4QMHp0v7l6B_4napi15bindgen_runtime15module_register14register_class (in /mnt/c/Users/guido/ghq/projects/rustdom/dist/rustdom.node)
==2443640==    by 0x22DFBE2D: _RNvNvNvNvNtNtNtCs45HKutVyWu4_7rustdom3dom23mutation_record_binding41___napi_impl_helper_NativeMutationRecord_646___napi_register__NativeMutationRecord_impl_1321__18___CTOR_PRIVATE_REF14___ctor_private (in /mnt/c/Users/guido/ghq/projects/rustdom/dist/rustdom.node)
==2443640==    by 0x681447D: call_init.part.0 (dl-init.c:70)
==2443640==    by 0x6814567: call_init (dl-init.c:33)
==2443640==    by 0x6814567: _dl_init (dl-init.c:117)
==2443640==    by 0x7522BB4: _dl_catch_exception (dl-error-skeleton.c:182)
==2443640==    by 0x681BFF5: dl_open_worker (dl-open.c:808)
==2443640==    by 0x681BFF5: dl_open_worker (dl-open.c:771)
==2443640==    by 0x7522B57: _dl_catch_exception (dl-error-skeleton.c:208)
==2443640==    by 0x681C34D: _dl_open (dl-open.c:883)
==2443640==    by 0x743E5FB: dlopen_doit (dlopen.c:56)
==2443640== 
==2443640== 1,248 bytes in 1 blocks are possibly lost in loss record 368 of 377
==2443640==    at 0x7056899: malloc (in /mnt/c/Users/guido/ghq/projects/rustdom/.tools/valgrind/usr/libexec/valgrind/vgpreload_memcheck-amd64-linux.so)
==2443640==    by 0x22E3B38C: _RNvMs5_NtCs6i54tJFfzR_5alloc7raw_vecNtB5_11RawVecInner11finish_growCs4QMHp0v7l6B_4napi (in /mnt/c/Users/guido/ghq/projects/rustdom/dist/rustdom.node)
==2443640==    by 0x22E38BAC: _RINvNvMs2_NtCs6i54tJFfzR_5alloc7raw_vecINtB8_11RawVecInnerpE7reserve21do_reserve_and_handleNtNtBa_5alloc6GlobalECs4QMHp0v7l6B_4napi (in /mnt/c/Users/guido/ghq/projects/rustdom/dist/rustdom.node)
==2443640==    by 0x22E3E0C2: _RNvNtNtCs4QMHp0v7l6B_4napi15bindgen_runtime15module_register14register_class (in /mnt/c/Users/guido/ghq/projects/rustdom/dist/rustdom.node)
==2443640==    by 0x22DEE2C0: _RNvNvNvNvNtNtNtCs45HKutVyWu4_7rustdom3dom19abort_state_binding37___napi_impl_helper_NativeAbortState_041___napi_register__NativeAbortState_impl_181__18___CTOR_PRIVATE_REF14___ctor_private (in /mnt/c/Users/guido/ghq/projects/rustdom/dist/rustdom.node)
==2443640==    by 0x681447D: call_init.part.0 (dl-init.c:70)
==2443640==    by 0x6814567: call_init (dl-init.c:33)
==2443640==    by 0x6814567: _dl_init (dl-init.c:117)
==2443640==    by 0x7522BB4: _dl_catch_exception (dl-error-skeleton.c:182)
==2443640==    by 0x681BFF5: dl_open_worker (dl-open.c:808)
==2443640==    by 0x681BFF5: dl_open_worker (dl-open.c:771)
==2443640==    by 0x7522B57: _dl_catch_exception (dl-error-skeleton.c:208)
==2443640==    by 0x681C34D: _dl_open (dl-open.c:883)
==2443640==    by 0x743E5FB: dlopen_doit (dlopen.c:56)
==2443640== 
==2443640== 1,248 bytes in 1 blocks are possibly lost in loss record 369 of 377
==2443640==    at 0x7056899: malloc (in /mnt/c/Users/guido/ghq/projects/rustdom/.tools/valgrind/usr/libexec/valgrind/vgpreload_memcheck-amd64-linux.so)
==2443640==    by 0x22E3B38C: _RNvMs5_NtCs6i54tJFfzR_5alloc7raw_vecNtB5_11RawVecInner11finish_growCs4QMHp0v7l6B_4napi (in /mnt/c/Users/guido/ghq/projects/rustdom/dist/rustdom.node)
==2443640==    by 0x22E38BAC: _RINvNvMs2_NtCs6i54tJFfzR_5alloc7raw_vecINtB8_11RawVecInnerpE7reserve21do_reserve_and_handleNtNtBa_5alloc6GlobalECs4QMHp0v7l6B_4napi (in /mnt/c/Users/guido/ghq/projects/rustdom/dist/rustdom.node)
==2443640==    by 0x22E3E0C2: _RNvNtNtCs4QMHp0v7l6B_4napi15bindgen_runtime15module_register14register_class (in /mnt/c/Users/guido/ghq/projects/rustdom/dist/rustdom.node)
==2443640==    by 0x22DF8578: _RNvNvNvNvNtNtNtCs45HKutVyWu4_7rustdom3dom19web_storage_binding39___napi_impl_helper_NativeStorageArea_1843___napi_register__NativeStorageArea_impl_4331__18___CTOR_PRIVATE_REF14___ctor_private (in /mnt/c/Users/guido/ghq/projects/rustdom/dist/rustdom.node)
==2443640==    by 0x681447D: call_init.part.0 (dl-init.c:70)
==2443640==    by 0x6814567: call_init (dl-init.c:33)
==2443640==    by 0x6814567: _dl_init (dl-init.c:117)
==2443640==    by 0x7522BB4: _dl_catch_exception (dl-error-skeleton.c:182)
==2443640==    by 0x681BFF5: dl_open_worker (dl-open.c:808)
==2443640==    by 0x681BFF5: dl_open_worker (dl-open.c:771)
==2443640==    by 0x7522B57: _dl_catch_exception (dl-error-skeleton.c:208)
==2443640==    by 0x681C34D: _dl_open (dl-open.c:883)
==2443640==    by 0x743E5FB: dlopen_doit (dlopen.c:56)
==2443640== 
==2443640== 1,250 bytes in 1 blocks are still reachable in loss record 370 of 377
==2443640==    at 0x705BA83: calloc (in /mnt/c/Users/guido/ghq/projects/rustdom/.tools/valgrind/usr/libexec/valgrind/vgpreload_memcheck-amd64-linux.so)
==2443640==    by 0x681BA02: calloc (rtld-malloc.h:44)
==2443640==    by 0x681BA02: _dl_new_object (dl-object.c:92)
==2443640==    by 0x6816C82: _dl_map_object_from_fd (dl-load.c:1063)
==2443640==    by 0x6818600: _dl_map_object (dl-load.c:2327)
==2443640==    by 0x681C9A8: dl_open_worker_begin (dl-open.c:534)
==2443640==    by 0x7522B57: _dl_catch_exception (dl-error-skeleton.c:208)
==2443640==    by 0x681BF99: dl_open_worker (dl-open.c:782)
==2443640==    by 0x7522B57: _dl_catch_exception (dl-error-skeleton.c:208)
==2443640==    by 0x681C34D: _dl_open (dl-open.c:883)
==2443640==    by 0x743E5FB: dlopen_doit (dlopen.c:56)
==2443640==    by 0x7522B57: _dl_catch_exception (dl-error-skeleton.c:208)
==2443640==    by 0x7522C22: _dl_catch_error (dl-error-skeleton.c:227)
==2443640== 
==2443640== 1,584 bytes in 1 blocks are possibly lost in loss record 371 of 377
==2443640==    at 0x7056899: malloc (in /mnt/c/Users/guido/ghq/projects/rustdom/.tools/valgrind/usr/libexec/valgrind/vgpreload_memcheck-amd64-linux.so)
==2443640==    by 0x22E37977: _RINvMsa_NtCsfBDUjroi3FF_9hashbrown3rawNtB6_13RawTableInner22fallible_with_capacityNtNtCs6i54tJFfzR_5alloc5alloc6GlobalECs4QMHp0v7l6B_4napi (in /mnt/c/Users/guido/ghq/projects/rustdom/dist/rustdom.node)
==2443640==    by 0x22E36DB5: _RINvMs6_NtCsfBDUjroi3FF_9hashbrown3rawINtB6_8RawTableTNtNtCsgxBkk5gSRhY_4core3any6TypeIdINtNtNtNtCs9k3SxhrAWiO_3std11collections4hash3map7HashMapINtNtBU_6option6OptionReENtNtNtCs4QMHp0v7l6B_4napi15bindgen_runtime15module_register17ClassRegistrationNtCsip5QdaO9ESH_10rustc_hash13FxBuildHasherEEE14reserve_rehashNCINvNtB8_3map11make_hasherBQ_B1o_B3Y_E0EB2O_ (in /mnt/c/Users/guido/ghq/projects/rustdom/dist/rustdom.node)
==2443640==    by 0x22E3E18C: _RNvNtNtCs4QMHp0v7l6B_4napi15bindgen_runtime15module_register14register_class (in /mnt/c/Users/guido/ghq/projects/rustdom/dist/rustdom.node)
==2443640==    by 0x22DF9770: _RNvNvNvNvNtNtNtCs45HKutVyWu4_7rustdom3dom23event_listeners_binding37___napi_helper__NativeListenerRegistry49___napi_register__NativeListenerRegistry_struct_551__18___CTOR_PRIVATE_REF14___ctor_private (in /mnt/c/Users/guido/ghq/projects/rustdom/dist/rustdom.node)
==2443640==    by 0x681447D: call_init.part.0 (dl-init.c:70)
==2443640==    by 0x6814567: call_init (dl-init.c:33)
==2443640==    by 0x6814567: _dl_init (dl-init.c:117)
==2443640==    by 0x7522BB4: _dl_catch_exception (dl-error-skeleton.c:182)
==2443640==    by 0x681BFF5: dl_open_worker (dl-open.c:808)
==2443640==    by 0x681BFF5: dl_open_worker (dl-open.c:771)
==2443640==    by 0x7522B57: _dl_catch_exception (dl-error-skeleton.c:208)
==2443640==    by 0x681C34D: _dl_open (dl-open.c:883)
==2443640==    by 0x743E5FB: dlopen_doit (dlopen.c:56)
==2443640== 
==2443640== 2,184 bytes in 1 blocks are possibly lost in loss record 372 of 377
==2443640==    at 0x7056899: malloc (in /mnt/c/Users/guido/ghq/projects/rustdom/.tools/valgrind/usr/libexec/valgrind/vgpreload_memcheck-amd64-linux.so)
==2443640==    by 0x22E3B38C: _RNvMs5_NtCs6i54tJFfzR_5alloc7raw_vecNtB5_11RawVecInner11finish_growCs4QMHp0v7l6B_4napi (in /mnt/c/Users/guido/ghq/projects/rustdom/dist/rustdom.node)
==2443640==    by 0x22E38BAC: _RINvNvMs2_NtCs6i54tJFfzR_5alloc7raw_vecINtB8_11RawVecInnerpE7reserve21do_reserve_and_handleNtNtBa_5alloc6GlobalECs4QMHp0v7l6B_4napi (in /mnt/c/Users/guido/ghq/projects/rustdom/dist/rustdom.node)
==2443640==    by 0x22E3E0C2: _RNvNtNtCs4QMHp0v7l6B_4napi15bindgen_runtime15module_register14register_class (in /mnt/c/Users/guido/ghq/projects/rustdom/dist/rustdom.node)
==2443640==    by 0x22DF58B5: _RNvNvNvNvNtNtNtCs45HKutVyWu4_7rustdom3dom19range_state_binding33___napi_impl_helper_NativeRange_1037___napi_register__NativeRange_impl_1951__18___CTOR_PRIVATE_REF14___ctor_private (in /mnt/c/Users/guido/ghq/projects/rustdom/dist/rustdom.node)
==2443640==    by 0x681447D: call_init.part.0 (dl-init.c:70)
==2443640==    by 0x6814567: call_init (dl-init.c:33)
==2443640==    by 0x6814567: _dl_init (dl-init.c:117)
==2443640==    by 0x7522BB4: _dl_catch_exception (dl-error-skeleton.c:182)
==2443640==    by 0x681BFF5: dl_open_worker (dl-open.c:808)
==2443640==    by 0x681BFF5: dl_open_worker (dl-open.c:771)
==2443640==    by 0x7522B57: _dl_catch_exception (dl-error-skeleton.c:208)
==2443640==    by 0x681C34D: _dl_open (dl-open.c:883)
==2443640==    by 0x743E5FB: dlopen_doit (dlopen.c:56)
==2443640== 
==2443640== 2,560 bytes in 1 blocks are still reachable in loss record 373 of 377
==2443640==    at 0x705BCD3: realloc (in /mnt/c/Users/guido/ghq/projects/rustdom/.tools/valgrind/usr/libexec/valgrind/vgpreload_memcheck-amd64-linux.so)
==2443640==    by 0x22E3B36E: _RNvMs5_NtCs6i54tJFfzR_5alloc7raw_vecNtB5_11RawVecInner11finish_growCs4QMHp0v7l6B_4napi (in /mnt/c/Users/guido/ghq/projects/rustdom/dist/rustdom.node)
==2443640==    by 0x22E3B129: _RNvMs4_NtCs6i54tJFfzR_5alloc7raw_vecINtB5_6RawVecTINtNtCsgxBkk5gSRhY_4core6option6OptionReETB1o_FUONtNtCsb61mMDCNxTA_8napi_sys5types10napi_env__EINtNtBR_6result6ResultONtB1B_12napi_value__NtNtCs4QMHp0v7l6B_4napi5error5ErrorEEEE8grow_oneB34_ (in /mnt/c/Users/guido/ghq/projects/rustdom/dist/rustdom.node)
==2443640==    by 0x22E3E5F7: _RNvNtNtCs4QMHp0v7l6B_4napi15bindgen_runtime15module_register22register_module_export (in /mnt/c/Users/guido/ghq/projects/rustdom/dist/rustdom.node)
==2443640==    by 0x22DE9A7B: _RNvNvNvNvNtNtCs45HKutVyWu4_7rustdom3dom4tree38___napi_register__RangeDeletionKind_2431__18___CTOR_PRIVATE_REF14___ctor_private (in /mnt/c/Users/guido/ghq/projects/rustdom/dist/rustdom.node)
==2443640==    by 0x681447D: call_init.part.0 (dl-init.c:70)
==2443640==    by 0x6814567: call_init (dl-init.c:33)
==2443640==    by 0x6814567: _dl_init (dl-init.c:117)
==2443640==    by 0x7522BB4: _dl_catch_exception (dl-error-skeleton.c:182)
==2443640==    by 0x681BFF5: dl_open_worker (dl-open.c:808)
==2443640==    by 0x681BFF5: dl_open_worker (dl-open.c:771)
==2443640==    by 0x7522B57: _dl_catch_exception (dl-error-skeleton.c:208)
==2443640==    by 0x681C34D: _dl_open (dl-open.c:883)
==2443640==    by 0x743E5FB: dlopen_doit (dlopen.c:56)
==2443640== 
==2443640== 2,600 bytes in 1 blocks are possibly lost in loss record 374 of 377
==2443640==    at 0x7056899: malloc (in /mnt/c/Users/guido/ghq/projects/rustdom/.tools/valgrind/usr/libexec/valgrind/vgpreload_memcheck-amd64-linux.so)
==2443640==    by 0x22E3B38C: _RNvMs5_NtCs6i54tJFfzR_5alloc7raw_vecNtB5_11RawVecInner11finish_growCs4QMHp0v7l6B_4napi (in /mnt/c/Users/guido/ghq/projects/rustdom/dist/rustdom.node)
==2443640==    by 0x22E38BAC: _RINvNvMs2_NtCs6i54tJFfzR_5alloc7raw_vecINtB8_11RawVecInnerpE7reserve21do_reserve_and_handleNtNtBa_5alloc6GlobalECs4QMHp0v7l6B_4napi (in /mnt/c/Users/guido/ghq/projects/rustdom/dist/rustdom.node)
==2443640==    by 0x22E3E0C2: _RNvNtNtCs4QMHp0v7l6B_4napi15bindgen_runtime15module_register14register_class (in /mnt/c/Users/guido/ghq/projects/rustdom/dist/rustdom.node)
==2443640==    by 0x22DF10DC: _RNvNvNvNvNtNtNtCs45HKutVyWu4_7rustdom3dom19event_state_binding37___napi_impl_helper_NativeEventState_442___napi_register__NativeEventState_impl_1011__18___CTOR_PRIVATE_REF14___ctor_private (in /mnt/c/Users/guido/ghq/projects/rustdom/dist/rustdom.node)
==2443640==    by 0x681447D: call_init.part.0 (dl-init.c:70)
==2443640==    by 0x6814567: call_init (dl-init.c:33)
==2443640==    by 0x6814567: _dl_init (dl-init.c:117)
==2443640==    by 0x7522BB4: _dl_catch_exception (dl-error-skeleton.c:182)
==2443640==    by 0x681BFF5: dl_open_worker (dl-open.c:808)
==2443640==    by 0x681BFF5: dl_open_worker (dl-open.c:771)
==2443640==    by 0x7522B57: _dl_catch_exception (dl-error-skeleton.c:208)
==2443640==    by 0x681C34D: _dl_open (dl-open.c:883)
==2443640==    by 0x743E5FB: dlopen_doit (dlopen.c:56)
==2443640== 
==2443640== 3,048 bytes in 1 blocks are still reachable in loss record 375 of 377
==2443640==    at 0x7056899: malloc (in /mnt/c/Users/guido/ghq/projects/rustdom/.tools/valgrind/usr/libexec/valgrind/vgpreload_memcheck-amd64-linux.so)
==2443640==    by 0x25AAB04: uhash_open_78 (in /mnt/c/Users/guido/ghq/projects/rustdom/.tools/node/bin/node)
==2443640==    by 0x25F53A9: ures_openDirectFillIn_78 (in /mnt/c/Users/guido/ghq/projects/rustdom/.tools/node/bin/node)
==2443640==    by 0x1FDF640: icu_78::TimeZone::getTZDataVersion(UErrorCode&) (in /mnt/c/Users/guido/ghq/projects/rustdom/.tools/node/bin/node)
==2443640==    by 0x91DD43: node::Metadata::Versions::InitializeIntlVersions() (in /mnt/c/Users/guido/ghq/projects/rustdom/.tools/node/bin/node)
==2443640==    by 0x849289: node::InitializeNodeWithArgsInternal(std::vector<std::__cxx11::basic_string<char, std::char_traits<char>, std::allocator<char> >, std::allocator<std::__cxx11::basic_string<char, std::char_traits<char>, std::allocator<char> > > >*, std::vector<std::__cxx11::basic_string<char, std::char_traits<char>, std::allocator<char> >, std::allocator<std::__cxx11::basic_string<char, std::char_traits<char>, std::allocator<char> > > >*, std::vector<std::__cxx11::basic_string<char, std::char_traits<char>, std::allocator<char> >, std::allocator<std::__cxx11::basic_string<char, std::char_traits<char>, std::allocator<char> > > >*, node::ProcessInitializationFlags::Flags) (in /mnt/c/Users/guido/ghq/projects/rustdom/.tools/node/bin/node)
==2443640==    by 0x84A57E: node::InitializeOncePerProcessInternal(std::vector<std::__cxx11::basic_string<char, std::char_traits<char>, std::allocator<char> >, std::allocator<std::__cxx11::basic_string<char, std::char_traits<char>, std::allocator<char> > > > const&, node::ProcessInitializationFlags::Flags) (in /mnt/c/Users/guido/ghq/projects/rustdom/.tools/node/bin/node)
==2443640==    by 0x84CAEB: node::Start(int, char**) (in /mnt/c/Users/guido/ghq/projects/rustdom/.tools/node/bin/node)
==2443640==    by 0x73D7D8F: (below main) (libc_start_call_main.h:58)
==2443640== 
==2443640== 3,048 bytes in 1 blocks are still reachable in loss record 376 of 377
==2443640==    at 0x7056899: malloc (in /mnt/c/Users/guido/ghq/projects/rustdom/.tools/valgrind/usr/libexec/valgrind/vgpreload_memcheck-amd64-linux.so)
==2443640==    by 0x25AAB04: uhash_open_78 (in /mnt/c/Users/guido/ghq/projects/rustdom/.tools/node/bin/node)
==2443640==    by 0x25B5F73: icu_78::locale_set_default_internal(char const*, UErrorCode&) (in /mnt/c/Users/guido/ghq/projects/rustdom/.tools/node/bin/node)
==2443640==    by 0x25B626E: icu_78::Locale::Locale() (in /mnt/c/Users/guido/ghq/projects/rustdom/.tools/node/bin/node)
==2443640==    by 0xD88FD2: v8::internal::Isolate::DefaultLocale[abi:cxx11]() (in /mnt/c/Users/guido/ghq/projects/rustdom/.tools/node/bin/node)
==2443640==    by 0xD894E3: v8::internal::LocalIsolate::LocalIsolate(v8::internal::Isolate*, v8::internal::ThreadKind) (in /mnt/c/Users/guido/ghq/projects/rustdom/.tools/node/bin/node)
==2443640==    by 0xD86CA7: v8::internal::Isolate::Init(v8::internal::SnapshotData*, v8::internal::SnapshotData*, v8::internal::SnapshotData*, bool) (in /mnt/c/Users/guido/ghq/projects/rustdom/.tools/node/bin/node)
==2443640==    by 0x1362D42: v8::internal::Snapshot::Initialize(v8::internal::Isolate*) (in /mnt/c/Users/guido/ghq/projects/rustdom/.tools/node/bin/node)
==2443640==    by 0xBD9905: v8::Isolate::Initialize(v8::Isolate*, v8::Isolate::CreateParams const&) (in /mnt/c/Users/guido/ghq/projects/rustdom/.tools/node/bin/node)
==2443640==    by 0x78D60F: node::NewIsolate(v8::Isolate::CreateParams*, uv_loop_s*, node::MultiIsolatePlatform*, node::SnapshotData const*, node::IsolateSettings const&) (in /mnt/c/Users/guido/ghq/projects/rustdom/.tools/node/bin/node)
==2443640==    by 0x90ED28: node::NodeMainInstance::NodeMainInstance(node::SnapshotData const*, uv_loop_s*, node::MultiIsolatePlatform*, std::vector<std::__cxx11::basic_string<char, std::char_traits<char>, std::allocator<char> >, std::allocator<std::__cxx11::basic_string<char, std::char_traits<char>, std::allocator<char> > > > const&, std::vector<std::__cxx11::basic_string<char, std::char_traits<char>, std::allocator<char> >, std::allocator<std::__cxx11::basic_string<char, std::char_traits<char>, std::allocator<char> > > > const&) (in /mnt/c/Users/guido/ghq/projects/rustdom/.tools/node/bin/node)
==2443640==    by 0x84CE55: node::Start(int, char**) (in /mnt/c/Users/guido/ghq/projects/rustdom/.tools/node/bin/node)
==2443640== 
==2443640== 15,496 bytes in 1 blocks are possibly lost in loss record 377 of 377
==2443640==    at 0x705BCD3: realloc (in /mnt/c/Users/guido/ghq/projects/rustdom/.tools/valgrind/usr/libexec/valgrind/vgpreload_memcheck-amd64-linux.so)
==2443640==    by 0x22E3B36E: _RNvMs5_NtCs6i54tJFfzR_5alloc7raw_vecNtB5_11RawVecInner11finish_growCs4QMHp0v7l6B_4napi (in /mnt/c/Users/guido/ghq/projects/rustdom/dist/rustdom.node)
==2443640==    by 0x22E38BAC: _RINvNvMs2_NtCs6i54tJFfzR_5alloc7raw_vecINtB8_11RawVecInnerpE7reserve21do_reserve_and_handleNtNtBa_5alloc6GlobalECs4QMHp0v7l6B_4napi (in /mnt/c/Users/guido/ghq/projects/rustdom/dist/rustdom.node)
==2443640==    by 0x22E3E0C2: _RNvNtNtCs4QMHp0v7l6B_4napi15bindgen_runtime15module_register14register_class (in /mnt/c/Users/guido/ghq/projects/rustdom/dist/rustdom.node)
==2443640==    by 0x22DE3CF0: _RNvNvNtNtNtCs45HKutVyWu4_7rustdom3dom4tree32___napi_impl_helper_NativeTree_1536___napi_register__NativeTree_impl_40020___ctor_private_inner (in /mnt/c/Users/guido/ghq/projects/rustdom/dist/rustdom.node)
==2443640==    by 0x22DFFF35: _RNvNvNvNvNtNtNtCs45HKutVyWu4_7rustdom3dom4tree32___napi_impl_helper_NativeTree_1536___napi_register__NativeTree_impl_4001__18___CTOR_PRIVATE_REF14___ctor_private (in /mnt/c/Users/guido/ghq/projects/rustdom/dist/rustdom.node)
==2443640==    by 0x681447D: call_init.part.0 (dl-init.c:70)
==2443640==    by 0x6814567: call_init (dl-init.c:33)
==2443640==    by 0x6814567: _dl_init (dl-init.c:117)
==2443640==    by 0x7522BB4: _dl_catch_exception (dl-error-skeleton.c:182)
==2443640==    by 0x681BFF5: dl_open_worker (dl-open.c:808)
==2443640==    by 0x681BFF5: dl_open_worker (dl-open.c:771)
==2443640==    by 0x7522B57: _dl_catch_exception (dl-error-skeleton.c:208)
==2443640==    by 0x681C34D: _dl_open (dl-open.c:883)
==2443640== 
==2443640== LEAK SUMMARY:
==2443640==    definitely lost: 0 bytes in 0 blocks
==2443640==    indirectly lost: 0 bytes in 0 blocks
==2443640==      possibly lost: 45,226 bytes in 350 blocks
==2443640==    still reachable: 12,956 bytes in 27 blocks
==2443640==         suppressed: 0 bytes in 0 blocks
==2443640== 
==2443640== For lists of detected and suppressed errors, rerun with: -s
==2443640== ERROR SUMMARY: 0 errors from 0 contexts (suppressed: 323333 from 2)
